X1,Subject.ID,grade,classroom,class,relig,Question,Category,Sequence,Response,Gender,egoID,Attitudes_BadMarks,Attitudes_Boys,Attitudes_Girls,Attitudes_GoodMarks,Attitudes_Hindus,Attitudes_Muslims,Attitudes_MyCaste,Attitudes_MyLang,Attitudes_OtherCaste,Attitudes_OtherLang,Attitudes_Poor,Attitudes_Rich,CasteForced_CasteForced,CasteOpen_CasteOpen,Gender_Gender,Identification_Caste,Identification_Gender,Identification_Language,Identification_Marks,Identification_Religion,Identification_School,Language_Language,ReligFreq_Celebrate,ReligFreq_Pray,ReligFreq_Read,ReligFreq_ReligiousPlace,Religion_Religion,Religiosity_Religiosity,ResourceAlloc_Friend,ResourceAlloc_Krishna,ResourceAlloc_Mohammed,SchoolHarmony_BoyGirl,SchoolHarmony_HinduMuslim,SchoolHarmony_InterCaste,SchoolHarmony_People,SchoolHarmony_RichPoor,Wellbeing_EnoughFriends,Wellbeing_Happy,Wellbeing_Lonely,Wellbeing_OthersMean,altGender,altRelig,altIDcaste,altIDgend,altIDlang,altIDmarks,altIDrelig,altIDschool,altReligCelebrate,altReligPray,altReligRead,altReligPlace,altReligiosity,altResourceFriend,altResourceHindu,altResourceMuslim,altHarmGender,altHarmRelig,altHarmCaste,altHarmPeople,altHarmSES,allWellFriends,altWellHappy,altWellLonely,altWellOthersMean,altAttBoys,altAttGirls,altAttHindu,altAttMuslim,ownGender,ownRelig,classID,propMale,propHindu,propOther,classsize,internelEdge,ownGendAtt,othGendAtt,ownGendAdv,gradeCent,ownReligAdv
1,A0501,5,A,5A,Muslim,Enemies,Enemy1,2,5,M,1,2,7,2,5,5,7,7,3,5,7,1,2,6,NA,1,1,1,2,1,2,1,3,3,1,2,2,2,1,4,1,4,1,1,2,2,1,2,2,1,1,M,Hindu,1,2,2,2,1,1,4,1,4,1,1,4,4,4,2,1,1,1,1,1,1,2,2,7,6,7,6,1,0,A5,-0.112698181,-0.383883296,-0.617747154,-0.504486918,0.6262552247471905,7,2,1.183005165925335,-1.5,2
2,A0501,5,A,5A,Muslim,Enemies,Enemy2,2,7,M,1,2,7,2,5,5,7,7,3,5,7,1,2,6,NA,1,1,1,2,1,2,1,3,3,1,2,2,2,1,4,1,4,1,1,2,2,1,2,2,1,1,M,Hindu,3,3,1,2,2,1,1,3,2,1,2,4,2,1,3,1,2,2,2,1,1,2,2,7,1,NA,2,1,0,A5,-0.112698181,-0.383883296,-0.617747154,-0.504486918,0.6262552247471905,7,2,1.183005165925335,-1.5,2
3,A0501,5,A,5A,Muslim,Enemies,Enemy3,2,8,M,1,2,7,2,5,5,7,7,3,5,7,1,2,6,NA,1,1,1,2,1,2,1,3,3,1,2,2,2,1,4,1,4,1,1,2,2,1,2,2,1,1,M,Hindu,1,1,1,1,1,2,1,3,4,3,2,4,1,1,3,3,3,3,2,1,2,3,2,7,4,7,4,1,0,A5,-0.112698181,-0.383883296,-0.617747154,-0.504486918,0.6262552247471905,7,2,1.183005165925335,-1.5,2
4,A0501,5,A,5A,Muslim,Enemies,Enemy4,2,12,M,1,2,7,2,5,5,7,7,3,5,7,1,2,6,NA,1,1,1,2,1,2,1,3,3,1,2,2,2,1,4,1,4,1,1,2,2,1,2,2,1,1,M,Hindu,2,3,4,1,2,1,5,5,1,4,1,4,1,5,3,4,1,1,3,2,5,1,3,7,4,3,4,1,0,A5,-0.112698181,-0.383883296,-0.617747154,-0.504486918,0.6262552247471905,7,2,1.183005165925335,-1.5,2
5,A0501,5,A,5A,Muslim,Enemies,Enemy5,2,16,M,1,2,7,2,5,5,7,7,3,5,7,1,2,6,NA,1,1,1,2,1,2,1,3,3,1,2,2,2,1,4,1,4,1,1,2,2,1,2,2,1,1,M,Muslim,1,1,1,1,1,1,1,1,1,1,1,1,7,1,1,5,4,2,3,1,2,2,1,7,2,2,7,1,1,A5,-0.112698181,-0.383883296,-0.617747154,-0.504486918,0.6262552247471905,7,2,1.183005165925335,-1.5,2
6,A0501,5,A,5A,Muslim,Enemies,Enemy6,2,18,M,1,2,7,2,5,5,7,7,3,5,7,1,2,6,NA,1,1,1,2,1,2,1,3,3,1,2,2,2,1,4,1,4,1,1,2,2,1,2,2,1,1,M,Hindu,1,1,2,1,1,1,3,1,2,1,1,4,4,2,1,2,1,1,1,1,1,5,3,7,4,7,3,1,0,A5,-0.112698181,-0.383883296,-0.617747154,-0.504486918,0.6262552247471905,7,2,1.183005165925335,-1.5,2
7,A0501,5,A,5A,Muslim,Enemies,Enemy7,2,21,M,1,2,7,2,5,5,7,7,3,5,7,1,2,6,NA,1,1,1,2,1,2,1,3,3,1,2,2,2,1,4,1,4,1,1,2,2,1,2,2,1,1,M,Muslim,2,1,1,1,3,1,4,2,1,1,1,4,1,4,2,3,2,5,1,1,1,3,2,7,6,1,7,1,1,A5,-0.112698181,-0.383883296,-0.617747154,-0.504486918,0.6262552247471905,7,2,1.183005165925335,-1.5,2
8,A0503,5,A,5A,Muslim,Enemies,Enemy1,2,17,M,3,1,7,6,7,2,7,6,6,4,6,5,5,8,NA,1,1,1,1,1,2,1,2,4,1,1,1,2,3,4,4,4,3,1,1,1,1,1,3,3,1,M,Muslim,1,2,1,1,1,1,4,4,1,1,1,5,1,5,1,NA,1,1,2,1,1,1,5,6,6,6,7,1,1,A5,-0.112698181,-0.383883296,-0.617747154,-0.504486918,0.6262552247471905,7,6,-0.571172707,-1.5,5
9,A0504,5,A,5A,Hindu,Enemies,Enemy1,2,1,M,4,2,7,7,6,7,5,5,7,5,2,6,2,8,NA,1,3,2,3,1,1,1,1,2,1,1,5,1,1,4,5,7,1,1,2,1,1,1,5,1,3,M,Muslim,1,1,2,1,2,1,3,1,2,2,1,4,1,4,1,1,2,2,1,2,2,1,1,7,2,5,7,1,0,A5,-0.112698181,-0.383883296,-0.617747154,-0.504486918,0.6262552247471905,7,7,-1.009717175,-1.5,2
10,A0504,5,A,5A,Hindu,Enemies,Enemy2,2,22,M,4,2,7,7,6,7,5,5,7,5,2,6,2,8,NA,1,3,2,3,1,1,1,1,2,1,1,5,1,1,4,5,7,1,1,2,1,1,1,5,1,3,M,Hindu,2,3,1,1,2,1,3,1,1,5,1,4,7,7,2,2,2,2,1,2,2,1,3,7,6,7,6,1,1,A5,-0.112698181,-0.383883296,-0.617747154,-0.504486918,0.6262552247471905,7,7,-1.009717175,-1.5,2
11,A0504,5,A,5A,Hindu,Enemies,Enemy3,2,29,M,4,2,7,7,6,7,5,5,7,5,2,6,2,8,NA,1,3,2,3,1,1,1,1,2,1,1,5,1,1,4,5,7,1,1,2,1,1,1,5,1,3,M,Muslim,NA,3,NA,2,3,1,4,1,1,5,1,7,7,7,1,1,3,1,1,1,5,1,3,7,7,NA,7,1,0,A5,-0.112698181,-0.383883296,-0.617747154,-0.504486918,0.6262552247471905,7,7,-1.009717175,-1.5,2
12,A0504,5,A,5A,Hindu,Enemies,Enemy4,2,33,M,4,2,7,7,6,7,5,5,7,5,2,6,2,8,NA,1,3,2,3,1,1,1,1,2,1,1,5,1,1,4,5,7,1,1,2,1,1,1,5,1,3,M,Hindu,1,1,1,1,1,1,3,1,1,2,1,4,6,7,1,1,1,1,1,1,5,5,1,7,1,7,5,1,1,A5,-0.112698181,-0.383883296,-0.617747154,-0.504486918,0.6262552247471905,7,7,-1.009717175,-1.5,2
13,A0505,5,A,5A,Hindu,Enemies,Enemy1,2,6,M,5,5,7,6,6,7,6,7,7,6,7,7,6,3,NA,1,1,2,2,2,1,1,2,4,1,4,1,1,1,4,4,4,2,1,1,1,1,1,1,2,2,M,Hindu,1,1,1,1,1,1,4,1,3,1,1,7,7,7,3,1,1,1,1,1,1,5,3,7,7,6,6,1,1,A5,-0.112698181,-0.383883296,-0.617747154,-0.504486918,0.6262552247471905,7,6,-0.571172707,-1.5,1
14,A0505,5,A,5A,Hindu,Enemies,Enemy2,2,11,M,5,5,7,6,6,7,6,7,7,6,7,7,6,3,NA,1,1,2,2,2,1,1,2,4,1,4,1,1,1,4,4,4,2,1,1,1,1,1,1,2,2,M,Muslim,1,1,1,1,1,1,4,1,1,1,1,4,1,1,1,2,1,1,1,1,1,1,5,7,1,2,7,1,0,A5,-0.112698181,-0.383883296,-0.617747154,-0.504486918,0.6262552247471905,7,6,-0.571172707,-1.5,1
15,A0505,5,A,5A,Hindu,Enemies,Enemy3,2,17,M,5,5,7,6,6,7,6,7,7,6,7,7,6,3,NA,1,1,2,2,2,1,1,2,4,1,4,1,1,1,4,4,4,2,1,1,1,1,1,1,2,2,M,Muslim,1,2,1,1,1,1,4,4,1,1,1,5,1,5,1,NA,1,1,2,1,1,1,5,6,6,6,7,1,0,A5,-0.112698181,-0.383883296,-0.617747154,-0.504486918,0.6262552247471905,7,6,-0.571172707,-1.5,1
16,A0505,5,A,5A,Hindu,Enemies,Enemy4,2,32,M,5,5,7,6,6,7,6,7,7,6,7,7,6,3,NA,1,1,2,2,2,1,1,2,4,1,4,1,1,1,4,4,4,2,1,1,1,1,1,1,2,2,M,Muslim,1,1,1,1,1,1,2,1,1,1,1,4,1,7,5,1,1,1,1,1,3,3,5,7,1,5,7,1,0,A5,-0.112698181,-0.383883296,-0.617747154,-0.504486918,0.6262552247471905,7,6,-0.571172707,-1.5,1
17,A0506,5,A,5A,Hindu,Enemies,Enemy1,2,5,M,6,6,7,7,6,6,6,7,6,7,6,5,5,8,NA,1,1,1,1,1,1,1,4,4,1,3,1,1,1,7,7,7,3,1,1,1,1,1,1,5,3,M,Hindu,1,2,2,2,1,1,4,1,4,1,1,4,4,4,2,1,1,1,1,1,1,2,2,7,6,7,6,1,1,A5,-0.112698181,-0.383883296,-0.617747154,-0.504486918,0.6262552247471905,7,7,-1.009717175,-1.5,0
18,A0507,5,A,5A,Hindu,Enemies,Enemy1,2,1,M,7,5,7,1,6,NA,2,7,7,5,3,6,5,8,NA,1,3,3,1,2,2,1,2,1,3,2,1,1,2,4,2,1,3,1,2,2,2,1,1,2,2,M,Muslim,1,1,2,1,2,1,3,1,2,2,1,4,1,4,1,1,2,2,1,2,2,1,1,7,2,5,7,1,0,A5,-0.112698181,-0.383883296,-0.617747154,-0.504486918,0.6262552247471905,7,1,1.621549634144792,-1.5,NA
19,A0507,5,A,5A,Hindu,Enemies,Enemy2,2,2,M,7,5,7,1,6,NA,2,7,7,5,3,6,5,8,NA,1,3,3,1,2,2,1,2,1,3,2,1,1,2,4,2,1,3,1,2,2,2,1,1,2,2,M,Muslim,1,2,1,1,1,1,1,1,1,5,1,4,4,4,2,2,1,1,1,1,1,1,2,7,5,6,7,1,0,A5,-0.112698181,-0.383883296,-0.617747154,-0.504486918,0.6262552247471905,7,1,1.621549634144792,-1.5,NA
20,A0507,5,A,5A,Hindu,Enemies,Enemy3,2,3,M,7,5,7,1,6,NA,2,7,7,5,3,6,5,8,NA,1,3,3,1,2,2,1,2,1,3,2,1,1,2,4,2,1,3,1,2,2,2,1,1,2,2,M,Muslim,1,1,1,1,2,1,4,1,1,1,3,4,4,4,3,1,1,1,1,1,3,3,1,7,6,2,7,1,0,A5,-0.112698181,-0.383883296,-0.617747154,-0.504486918,0.6262552247471905,7,1,1.621549634144792,-1.5,NA
21,A0507,5,A,5A,Hindu,Enemies,Enemy4,2,10,M,7,5,7,1,6,NA,2,7,7,5,3,6,5,8,NA,1,3,3,1,2,2,1,2,1,3,2,1,1,2,4,2,1,3,1,2,2,2,1,1,2,2,M,Muslim,1,1,2,1,1,1,4,1,5,2,1,4,1,4,2,3,3,1,4,1,1,5,3,1,1,1,7,1,0,A5,-0.112698181,-0.383883296,-0.617747154,-0.504486918,0.6262552247471905,7,1,1.621549634144792,-1.5,NA
22,A0507,5,A,5A,Hindu,Enemies,Enemy5,2,11,M,7,5,7,1,6,NA,2,7,7,5,3,6,5,8,NA,1,3,3,1,2,2,1,2,1,3,2,1,1,2,4,2,1,3,1,2,2,2,1,1,2,2,M,Muslim,1,1,1,1,1,1,4,1,1,1,1,4,1,1,1,2,1,1,1,1,1,1,5,7,1,2,7,1,0,A5,-0.112698181,-0.383883296,-0.617747154,-0.504486918,0.6262552247471905,7,1,1.621549634144792,-1.5,NA
23,A0507,5,A,5A,Hindu,Enemies,Enemy6,2,25,M,7,5,7,1,6,NA,2,7,7,5,3,6,5,8,NA,1,3,3,1,2,2,1,2,1,3,2,1,1,2,4,2,1,3,1,2,2,2,1,1,2,2,M,Hindu,1,2,1,1,1,1,3,1,2,2,1,2,2,1,1,1,1,1,2,1,1,2,5,6,1,6,1,1,1,A5,-0.112698181,-0.383883296,-0.617747154,-0.504486918,0.6262552247471905,7,1,1.621549634144792,-1.5,NA
24,A0507,5,A,5A,Hindu,Enemies,Enemy7,2,38,M,7,5,7,1,6,NA,2,7,7,5,3,6,5,8,NA,1,3,3,1,2,2,1,2,1,3,2,1,1,2,4,2,1,3,1,2,2,2,1,1,2,2,M,Muslim,1,1,1,1,1,1,3,1,1,1,1,1,1,7,1,1,1,5,1,5,3,1,1,7,1,2,7,1,0,A5,-0.112698181,-0.383883296,-0.617747154,-0.504486918,0.6262552247471905,7,1,1.621549634144792,-1.5,NA
25,A0508,5,A,5A,Hindu,Enemies,Enemy1,2,11,M,8,4,7,4,7,7,4,7,7,4,5,4,4,8,NA,1,1,1,1,1,1,2,1,1,3,4,3,1,2,4,1,1,3,3,3,3,2,1,2,3,2,M,Muslim,1,1,1,1,1,1,4,1,1,1,1,4,1,1,1,2,1,1,1,1,1,1,5,7,1,2,7,1,0,A5,-0.112698181,-0.383883296,-0.617747154,-0.504486918,0.6262552247471905,7,4,0.30591622948642044,-1.5,3
26,A0508,5,A,5A,Hindu,Enemies,Enemy2,2,35,M,8,4,7,4,7,7,4,7,7,4,5,4,4,8,NA,1,1,1,1,1,1,2,1,1,3,4,3,1,2,4,1,1,3,3,3,3,2,1,2,3,2,M,NA,NA,NA,NA,NA,NA,NA,NA,NA,NA,NA,NA,NA,NA,NA,NA,NA,NA,NA,NA,NA,NA,NA,NA,NA,NA,NA,NA,1,NA,A5,-0.112698181,-0.383883296,-0.617747154,-0.504486918,0.6262552247471905,7,4,0.30591622948642044,-1.5,3
27,A0509,5,A,5A,Hindu,Enemies,Enemy1,2,1,M,9,2,6,2,3,7,1,6,6,5,3,3,3,8,NA,1,1,1,1,1,1,1,1,3,1,5,2,1,3,4,2,3,1,1,1,1,2,1,5,5,2,M,Muslim,1,1,2,1,2,1,3,1,2,2,1,4,1,4,1,1,2,2,1,2,2,1,1,7,2,5,7,1,0,A5,-0.112698181,-0.383883296,-0.617747154,-0.504486918,0.6262552247471905,6,2,0.7444606977058776,-1.5,6
28,A0509,5,A,5A,Hindu,Enemies,Enemy2,2,6,M,9,2,6,2,3,7,1,6,6,5,3,3,3,8,NA,1,1,1,1,1,1,1,1,3,1,5,2,1,3,4,2,3,1,1,1,1,2,1,5,5,2,M,Hindu,1,1,1,1,1,1,4,1,3,1,1,7,7,7,3,1,1,1,1,1,1,5,3,7,7,6,6,1,1,A5,-0.112698181,-0.383883296,-0.617747154,-0.504486918,0.6262552247471905,6,2,0.7444606977058776,-1.5,6
29,A0509,5,A,5A,Hindu,Enemies,Enemy3,2,8,M,9,2,6,2,3,7,1,6,6,5,3,3,3,8,NA,1,1,1,1,1,1,1,1,3,1,5,2,1,3,4,2,3,1,1,1,1,2,1,5,5,2,M,Hindu,1,1,1,1,1,2,1,3,4,3,2,4,1,1,3,3,3,3,2,1,2,3,2,7,4,7,4,1,1,A5,-0.112698181,-0.383883296,-0.617747154,-0.504486918,0.6262552247471905,6,2,0.7444606977058776,-1.5,6
30,A0509,5,A,5A,Hindu,Enemies,Enemy4,2,10,M,9,2,6,2,3,7,1,6,6,5,3,3,3,8,NA,1,1,1,1,1,1,1,1,3,1,5,2,1,3,4,2,3,1,1,1,1,2,1,5,5,2,M,Muslim,1,1,2,1,1,1,4,1,5,2,1,4,1,4,2,3,3,1,4,1,1,5,3,1,1,1,7,1,0,A5,-0.112698181,-0.383883296,-0.617747154,-0.504486918,0.6262552247471905,6,2,0.7444606977058776,-1.5,6
31,A0509,5,A,5A,Hindu,Enemies,Enemy5,2,14,M,9,2,6,2,3,7,1,6,6,5,3,3,3,8,NA,1,1,1,1,1,1,1,1,3,1,5,2,1,3,4,2,3,1,1,1,1,2,1,5,5,2,M,Muslim,1,1,1,1,1,1,4,1,1,2,1,4,1,7,2,1,1,1,4,1,1,5,3,7,7,7,7,1,0,A5,-0.112698181,-0.383883296,-0.617747154,-0.504486918,0.6262552247471905,6,2,0.7444606977058776,-1.5,6
32,A0509,5,A,5A,Hindu,Enemies,Enemy6,2,24,M,9,2,6,2,3,7,1,6,6,5,3,3,3,8,NA,1,1,1,1,1,1,1,1,3,1,5,2,1,3,4,2,3,1,1,1,1,2,1,5,5,2,M,Hindu,1,1,1,2,1,1,2,1,1,1,1,4,4,4,5,1,1,1,1,1,1,3,3,7,1,7,1,1,1,A5,-0.112698181,-0.383883296,-0.617747154,-0.504486918,0.6262552247471905,6,2,0.7444606977058776,-1.5,6
33,A0509,5,A,5A,Hindu,Enemies,Enemy7,2,32,M,9,2,6,2,3,7,1,6,6,5,3,3,3,8,NA,1,1,1,1,1,1,1,1,3,1,5,2,1,3,4,2,3,1,1,1,1,2,1,5,5,2,M,Muslim,1,1,1,1,1,1,2,1,1,1,1,4,1,7,5,1,1,1,1,1,3,3,5,7,1,5,7,1,0,A5,-0.112698181,-0.383883296,-0.617747154,-0.504486918,0.6262552247471905,6,2,0.7444606977058776,-1.5,6
34,A0509,5,A,5A,Hindu,Enemies,Enemy8,2,33,M,9,2,6,2,3,7,1,6,6,5,3,3,3,8,NA,1,1,1,1,1,1,1,1,3,1,5,2,1,3,4,2,3,1,1,1,1,2,1,5,5,2,M,Hindu,1,1,1,1,1,1,3,1,1,2,1,4,6,7,1,1,1,1,1,1,5,5,1,7,1,7,5,1,1,A5,-0.112698181,-0.383883296,-0.617747154,-0.504486918,0.6262552247471905,6,2,0.7444606977058776,-1.5,6
35,A0510,5,A,5A,Muslim,Enemies,Enemy1,2,24,M,10,1,1,1,7,1,7,7,3,7,4,1,6,8,NA,1,1,1,2,1,1,1,1,4,1,5,2,2,1,4,1,4,2,3,3,1,4,1,1,5,3,M,Hindu,1,1,1,2,1,1,2,1,1,1,1,4,4,4,5,1,1,1,1,1,1,3,3,7,1,7,1,1,0,A5,-0.112698181,-0.383883296,-0.617747154,-0.504486918,0.6262552247471905,1,1,-1.009717175,-1.5,6
36,A0510,5,A,5A,Muslim,Enemies,Enemy2,2,47,M,10,1,1,1,7,1,7,7,3,7,4,1,6,8,NA,1,1,1,2,1,1,1,1,4,1,5,2,2,1,4,1,4,2,3,3,1,4,1,1,5,3,F,Hindu,1,1,2,1,1,1,3,3,4,2,3,4,4,4,1,1,1,1,1,1,1,5,3,4,7,6,6,0,0,A5,-0.112698181,-0.383883296,-0.617747154,-0.504486918,0.6262552247471905,1,1,-1.009717175,-1.5,6
37,A0511,5,A,5A,Muslim,Enemies,Enemy1,2,5,M,11,7,7,1,7,2,7,7,NA,2,2,2,7,6,NA,1,1,1,1,1,1,1,2,4,1,1,1,2,1,4,1,1,1,2,1,1,1,1,1,1,5,M,Hindu,1,2,2,2,1,1,4,1,4,1,1,4,4,4,2,1,1,1,1,1,1,2,2,7,6,7,6,1,0,A5,-0.112698181,-0.383883296,-0.617747154,-0.504486918,0.6262552247471905,7,1,1.621549634144792,-1.5,5
38,A0511,5,A,5A,Muslim,Enemies,Enemy2,2,12,M,11,7,7,1,7,2,7,7,NA,2,2,2,7,6,NA,1,1,1,1,1,1,1,2,4,1,1,1,2,1,4,1,1,1,2,1,1,1,1,1,1,5,M,Hindu,2,3,4,1,2,1,5,5,1,4,1,4,1,5,3,4,1,1,3,2,5,1,3,7,4,3,4,1,0,A5,-0.112698181,-0.383883296,-0.617747154,-0.504486918,0.6262552247471905,7,1,1.621549634144792,-1.5,5
39,A0511,5,A,5A,Muslim,Enemies,Enemy3,2,41,M,11,7,7,1,7,2,7,7,NA,2,2,2,7,6,NA,1,1,1,1,1,1,1,2,4,1,1,1,2,1,4,1,1,1,2,1,1,1,1,1,1,5,F,Hindu,2,1,1,1,1,1,3,1,3,3,1,4,4,4,2,1,1,1,1,2,1,5,3,6,7,7,1,0,0,A5,-0.112698181,-0.383883296,-0.617747154,-0.504486918,0.6262552247471905,7,1,1.621549634144792,-1.5,5
40,A0512,5,A,5A,Hindu,Enemies,Enemy1,2,3,M,12,6,7,4,6,3,4,4,2,5,3,1,2,4,NA,1,2,3,4,1,2,1,2,5,5,1,4,1,1,4,1,5,3,4,1,1,3,2,5,1,3,M,Muslim,1,1,1,1,2,1,4,1,1,1,3,4,4,4,3,1,1,1,1,1,3,3,1,7,6,2,7,1,0,A5,-0.112698181,-0.383883296,-0.617747154,-0.504486918,0.6262552247471905,7,4,0.30591622948642044,-1.5,-1
41,A0512,5,A,5A,Hindu,Enemies,Enemy2,2,6,M,12,6,7,4,6,3,4,4,2,5,3,1,2,4,NA,1,2,3,4,1,2,1,2,5,5,1,4,1,1,4,1,5,3,4,1,1,3,2,5,1,3,M,Hindu,1,1,1,1,1,1,4,1,3,1,1,7,7,7,3,1,1,1,1,1,1,5,3,7,7,6,6,1,1,A5,-0.112698181,-0.383883296,-0.617747154,-0.504486918,0.6262552247471905,7,4,0.30591622948642044,-1.5,-1
42,A0512,5,A,5A,Hindu,Enemies,Enemy3,2,14,M,12,6,7,4,6,3,4,4,2,5,3,1,2,4,NA,1,2,3,4,1,2,1,2,5,5,1,4,1,1,4,1,5,3,4,1,1,3,2,5,1,3,M,Muslim,1,1,1,1,1,1,4,1,1,2,1,4,1,7,2,1,1,1,4,1,1,5,3,7,7,7,7,1,0,A5,-0.112698181,-0.383883296,-0.617747154,-0.504486918,0.6262552247471905,7,4,0.30591622948642044,-1.5,-1
43,A0512,5,A,5A,Hindu,Enemies,Enemy4,2,17,M,12,6,7,4,6,3,4,4,2,5,3,1,2,4,NA,1,2,3,4,1,2,1,2,5,5,1,4,1,1,4,1,5,3,4,1,1,3,2,5,1,3,M,Muslim,1,2,1,1,1,1,4,4,1,1,1,5,1,5,1,NA,1,1,2,1,1,1,5,6,6,6,7,1,0,A5,-0.112698181,-0.383883296,-0.617747154,-0.504486918,0.6262552247471905,7,4,0.30591622948642044,-1.5,-1
44,A0512,5,A,5A,Hindu,Enemies,Enemy5,2,26,M,12,6,7,4,6,3,4,4,2,5,3,1,2,4,NA,1,2,3,4,1,2,1,2,5,5,1,4,1,1,4,1,5,3,4,1,1,3,2,5,1,3,M,Muslim,1,2,1,1,1,1,4,1,1,5,1,4,4,4,2,1,1,1,2,1,1,1,2,7,5,6,7,1,0,A5,-0.112698181,-0.383883296,-0.617747154,-0.504486918,0.6262552247471905,7,4,0.30591622948642044,-1.5,-1
45,A0512,5,A,5A,Hindu,Enemies,Enemy6,2,33,M,12,6,7,4,6,3,4,4,2,5,3,1,2,4,NA,1,2,3,4,1,2,1,2,5,5,1,4,1,1,4,1,5,3,4,1,1,3,2,5,1,3,M,Hindu,1,1,1,1,1,1,3,1,1,2,1,4,6,7,1,1,1,1,1,1,5,5,1,7,1,7,5,1,1,A5,-0.112698181,-0.383883296,-0.617747154,-0.504486918,0.6262552247471905,7,4,0.30591622948642044,-1.5,-1
46,A0512,5,A,5A,Hindu,Enemies,Enemy7,2,34,M,12,6,7,4,6,3,4,4,2,5,3,1,2,4,NA,1,2,3,4,1,2,1,2,5,5,1,4,1,1,4,1,5,3,4,1,1,3,2,5,1,3,M,Muslim,1,1,1,1,1,1,3,1,1,1,1,4,3,4,4,3,4,3,1,3,1,4,4,6,4,4,7,1,0,A5,-0.112698181,-0.383883296,-0.617747154,-0.504486918,0.6262552247471905,7,4,0.30591622948642044,-1.5,-1
47,A0513,5,A,5A,Hindu,Enemies,Enemy1,2,11,M,13,6,7,6,7,7,7,7,7,7,7,5,7,7,LEVA PATEL,1,1,1,1,1,1,1,4,3,1,4,3,1,1,3,4,3,2,1,1,1,1,1,1,2,2,M,Muslim,1,1,1,1,1,1,4,1,1,1,1,4,1,1,1,2,1,1,1,1,1,1,5,7,1,2,7,1,0,A5,-0.112698181,-0.383883296,-0.617747154,-0.504486918,0.6262552247471905,7,6,-0.571172707,-1.5,0
48,A0513,5,A,5A,Hindu,Enemies,Enemy2,2,17,M,13,6,7,6,7,7,7,7,7,7,7,5,7,7,LEVA PATEL,1,1,1,1,1,1,1,4,3,1,4,3,1,1,3,4,3,2,1,1,1,1,1,1,2,2,M,Muslim,1,2,1,1,1,1,4,4,1,1,1,5,1,5,1,NA,1,1,2,1,1,1,5,6,6,6,7,1,0,A5,-0.112698181,-0.383883296,-0.617747154,-0.504486918,0.6262552247471905,7,6,-0.571172707,-1.5,0
49,A0513,5,A,5A,Hindu,Enemies,Enemy3,2,21,M,13,6,7,6,7,7,7,7,7,7,7,5,7,7,LEVA PATEL,1,1,1,1,1,1,1,4,3,1,4,3,1,1,3,4,3,2,1,1,1,1,1,1,2,2,M,Muslim,2,1,1,1,3,1,4,2,1,1,1,4,1,4,2,3,2,5,1,1,1,3,2,7,6,1,7,1,0,A5,-0.112698181,-0.383883296,-0.617747154,-0.504486918,0.6262552247471905,7,6,-0.571172707,-1.5,0
50,A0513,5,A,5A,Hindu,Enemies,Enemy4,2,24,M,13,6,7,6,7,7,7,7,7,7,7,5,7,7,LEVA PATEL,1,1,1,1,1,1,1,4,3,1,4,3,1,1,3,4,3,2,1,1,1,1,1,1,2,2,M,Hindu,1,1,1,2,1,1,2,1,1,1,1,4,4,4,5,1,1,1,1,1,1,3,3,7,1,7,1,1,1,A5,-0.112698181,-0.383883296,-0.617747154,-0.504486918,0.6262552247471905,7,6,-0.571172707,-1.5,0
51,A0513,5,A,5A,Hindu,Enemies,Enemy5,2,29,M,13,6,7,6,7,7,7,7,7,7,7,5,7,7,LEVA PATEL,1,1,1,1,1,1,1,4,3,1,4,3,1,1,3,4,3,2,1,1,1,1,1,1,2,2,M,Muslim,NA,3,NA,2,3,1,4,1,1,5,1,7,7,7,1,1,3,1,1,1,5,1,3,7,7,NA,7,1,0,A5,-0.112698181,-0.383883296,-0.617747154,-0.504486918,0.6262552247471905,7,6,-0.571172707,-1.5,0
52,A0513,5,A,5A,Hindu,Enemies,Enemy6,2,33,M,13,6,7,6,7,7,7,7,7,7,7,5,7,7,LEVA PATEL,1,1,1,1,1,1,1,4,3,1,4,3,1,1,3,4,3,2,1,1,1,1,1,1,2,2,M,Hindu,1,1,1,1,1,1,3,1,1,2,1,4,6,7,1,1,1,1,1,1,5,5,1,7,1,7,5,1,1,A5,-0.112698181,-0.383883296,-0.617747154,-0.504486918,0.6262552247471905,7,6,-0.571172707,-1.5,0
53,A0513,5,A,5A,Hindu,Enemies,Enemy7,2,35,M,13,6,7,6,7,7,7,7,7,7,7,5,7,7,LEVA PATEL,1,1,1,1,1,1,1,4,3,1,4,3,1,1,3,4,3,2,1,1,1,1,1,1,2,2,M,NA,NA,NA,NA,NA,NA,NA,NA,NA,NA,NA,NA,NA,NA,NA,NA,NA,NA,NA,NA,NA,NA,NA,NA,NA,NA,NA,NA,1,NA,A5,-0.112698181,-0.383883296,-0.617747154,-0.504486918,0.6262552247471905,7,6,-0.571172707,-1.5,0
54,A0514,5,A,5A,Muslim,Enemies,Enemy1,2,3,M,14,7,7,7,7,7,7,7,7,7,6,7,3,7,NA,1,1,1,1,1,1,1,1,4,1,1,2,2,1,4,1,7,2,1,1,1,4,1,1,5,3,M,Muslim,1,1,1,1,2,1,4,1,1,1,3,4,4,4,3,1,1,1,1,1,3,3,1,7,6,2,7,1,1,A5,-0.112698181,-0.383883296,-0.617747154,-0.504486918,0.6262552247471905,7,7,-1.009717175,-1.5,0
55,A0514,5,A,5A,Muslim,Enemies,Enemy2,2,10,M,14,7,7,7,7,7,7,7,7,7,6,7,3,7,NA,1,1,1,1,1,1,1,1,4,1,1,2,2,1,4,1,7,2,1,1,1,4,1,1,5,3,M,Muslim,1,1,2,1,1,1,4,1,5,2,1,4,1,4,2,3,3,1,4,1,1,5,3,1,1,1,7,1,1,A5,-0.112698181,-0.383883296,-0.617747154,-0.504486918,0.6262552247471905,7,7,-1.009717175,-1.5,0
56,A0514,5,A,5A,Muslim,Enemies,Enemy3,2,13,M,14,7,7,7,7,7,7,7,7,7,6,7,3,7,NA,1,1,1,1,1,1,1,1,4,1,1,2,2,1,4,1,7,2,1,1,1,4,1,1,5,3,M,Hindu,1,1,1,1,1,1,3,1,4,3,1,3,4,3,2,1,1,1,1,1,1,2,2,7,6,7,7,1,0,A5,-0.112698181,-0.383883296,-0.617747154,-0.504486918,0.6262552247471905,7,7,-1.009717175,-1.5,0
57,A0514,5,A,5A,Muslim,Enemies,Enemy4,2,17,M,14,7,7,7,7,7,7,7,7,7,6,7,3,7,NA,1,1,1,1,1,1,1,1,4,1,1,2,2,1,4,1,7,2,1,1,1,4,1,1,5,3,M,Muslim,1,2,1,1,1,1,4,4,1,1,1,5,1,5,1,NA,1,1,2,1,1,1,5,6,6,6,7,1,1,A5,-0.112698181,-0.383883296,-0.617747154,-0.504486918,0.6262552247471905,7,7,-1.009717175,-1.5,0
58,A0514,5,A,5A,Muslim,Enemies,Enemy5,2,23,M,14,7,7,7,7,7,7,7,7,7,6,7,3,7,NA,1,1,1,1,1,1,1,1,4,1,1,2,2,1,4,1,7,2,1,1,1,4,1,1,5,3,M,Hindu,4,1,2,1,1,1,5,4,2,5,1,4,4,4,4,1,3,1,1,1,1,NA,NA,6,NA,5,3,1,0,A5,-0.112698181,-0.383883296,-0.617747154,-0.504486918,0.6262552247471905,7,7,-1.009717175,-1.5,0
59,A0514,5,A,5A,Muslim,Enemies,Enemy6,2,24,M,14,7,7,7,7,7,7,7,7,7,6,7,3,7,NA,1,1,1,1,1,1,1,1,4,1,1,2,2,1,4,1,7,2,1,1,1,4,1,1,5,3,M,Hindu,1,1,1,2,1,1,2,1,1,1,1,4,4,4,5,1,1,1,1,1,1,3,3,7,1,7,1,1,0,A5,-0.112698181,-0.383883296,-0.617747154,-0.504486918,0.6262552247471905,7,7,-1.009717175,-1.5,0
60,A0515,5,A,5A,Hindu,Enemies,Enemy1,2,1,M,15,5,6,6,6,7,7,6,7,4,5,6,5,7,KAYASTHA,1,2,4,3,1,2,1,1,1,1,3,2,1,1,5,4,4,1,1,1,1,1,1,1,5,3,M,Muslim,1,1,2,1,2,1,3,1,2,2,1,4,1,4,1,1,2,2,1,2,2,1,1,7,2,5,7,1,0,A5,-0.112698181,-0.383883296,-0.617747154,-0.504486918,0.6262552247471905,6,6,-1.009717175,-1.5,0
61,A0515,5,A,5A,Hindu,Enemies,Enemy2,2,5,M,15,5,6,6,6,7,7,6,7,4,5,6,5,7,KAYASTHA,1,2,4,3,1,2,1,1,1,1,3,2,1,1,5,4,4,1,1,1,1,1,1,1,5,3,M,Hindu,1,2,2,2,1,1,4,1,4,1,1,4,4,4,2,1,1,1,1,1,1,2,2,7,6,7,6,1,1,A5,-0.112698181,-0.383883296,-0.617747154,-0.504486918,0.6262552247471905,6,6,-1.009717175,-1.5,0
62,A0515,5,A,5A,Hindu,Enemies,Enemy3,2,6,M,15,5,6,6,6,7,7,6,7,4,5,6,5,7,KAYASTHA,1,2,4,3,1,2,1,1,1,1,3,2,1,1,5,4,4,1,1,1,1,1,1,1,5,3,M,Hindu,1,1,1,1,1,1,4,1,3,1,1,7,7,7,3,1,1,1,1,1,1,5,3,7,7,6,6,1,1,A5,-0.112698181,-0.383883296,-0.617747154,-0.504486918,0.6262552247471905,6,6,-1.009717175,-1.5,0
63,A0515,5,A,5A,Hindu,Enemies,Enemy4,2,17,M,15,5,6,6,6,7,7,6,7,4,5,6,5,7,KAYASTHA,1,2,4,3,1,2,1,1,1,1,3,2,1,1,5,4,4,1,1,1,1,1,1,1,5,3,M,Muslim,1,2,1,1,1,1,4,4,1,1,1,5,1,5,1,NA,1,1,2,1,1,1,5,6,6,6,7,1,0,A5,-0.112698181,-0.383883296,-0.617747154,-0.504486918,0.6262552247471905,6,6,-1.009717175,-1.5,0
64,A0515,5,A,5A,Hindu,Enemies,Enemy5,2,21,M,15,5,6,6,6,7,7,6,7,4,5,6,5,7,KAYASTHA,1,2,4,3,1,2,1,1,1,1,3,2,1,1,5,4,4,1,1,1,1,1,1,1,5,3,M,Muslim,2,1,1,1,3,1,4,2,1,1,1,4,1,4,2,3,2,5,1,1,1,3,2,7,6,1,7,1,0,A5,-0.112698181,-0.383883296,-0.617747154,-0.504486918,0.6262552247471905,6,6,-1.009717175,-1.5,0
65,A0515,5,A,5A,Hindu,Enemies,Enemy6,2,33,M,15,5,6,6,6,7,7,6,7,4,5,6,5,7,KAYASTHA,1,2,4,3,1,2,1,1,1,1,3,2,1,1,5,4,4,1,1,1,1,1,1,1,5,3,M,Hindu,1,1,1,1,1,1,3,1,1,2,1,4,6,7,1,1,1,1,1,1,5,5,1,7,1,7,5,1,1,A5,-0.112698181,-0.383883296,-0.617747154,-0.504486918,0.6262552247471905,6,6,-1.009717175,-1.5,0
66,A0515,5,A,5A,Hindu,Enemies,Enemy7,2,38,M,15,5,6,6,6,7,7,6,7,4,5,6,5,7,KAYASTHA,1,2,4,3,1,2,1,1,1,1,3,2,1,1,5,4,4,1,1,1,1,1,1,1,5,3,M,Muslim,1,1,1,1,1,1,3,1,1,1,1,1,1,7,1,1,1,5,1,5,3,1,1,7,1,2,7,1,0,A5,-0.112698181,-0.383883296,-0.617747154,-0.504486918,0.6262552247471905,6,6,-1.009717175,-1.5,0
67,A0517,5,A,5A,Muslim,Enemies,Enemy1,2,22,M,17,2,6,6,1,6,7,1,NA,2,2,2,7,8,GARUSIYA,1,1,2,1,1,1,1,1,4,4,1,1,2,1,5,1,5,1,NA,1,1,2,1,1,1,5,M,Hindu,2,3,1,1,2,1,3,1,1,5,1,4,7,7,2,2,2,2,1,2,2,1,3,7,6,7,6,1,0,A5,-0.112698181,-0.383883296,-0.617747154,-0.504486918,0.6262552247471905,6,6,-1.009717175,-1.5,1
68,A0518,5,A,5A,Hindu,Enemies,Enemy1,2,11,M,18,4,7,4,4,7,3,6,4,4,4,6,4,8,NA,1,1,1,2,1,1,1,1,3,1,2,1,1,1,4,4,2,1,2,1,1,1,1,1,5,3,M,Muslim,1,1,1,1,1,1,4,1,1,1,1,4,1,1,1,2,1,1,1,1,1,1,5,7,1,2,7,1,0,A5,-0.112698181,-0.383883296,-0.617747154,-0.504486918,0.6262552247471905,7,4,0.30591622948642044,-1.5,4
69,A0518,5,A,5A,Hindu,Enemies,Enemy2,2,17,M,18,4,7,4,4,7,3,6,4,4,4,6,4,8,NA,1,1,1,2,1,1,1,1,3,1,2,1,1,1,4,4,2,1,2,1,1,1,1,1,5,3,M,Muslim,1,2,1,1,1,1,4,4,1,1,1,5,1,5,1,NA,1,1,2,1,1,1,5,6,6,6,7,1,0,A5,-0.112698181,-0.383883296,-0.617747154,-0.504486918,0.6262552247471905,7,4,0.30591622948642044,-1.5,4
70,A0518,5,A,5A,Hindu,Enemies,Enemy3,2,19,M,18,4,7,4,4,7,3,6,4,4,4,6,4,8,NA,1,1,1,2,1,1,1,1,3,1,2,1,1,1,4,4,2,1,2,1,1,1,1,1,5,3,M,Muslim,1,1,1,1,1,1,1,1,1,1,1,1,1,7,5,1,1,2,1,1,1,5,1,7,1,1,7,1,0,A5,-0.112698181,-0.383883296,-0.617747154,-0.504486918,0.6262552247471905,7,4,0.30591622948642044,-1.5,4
71,A0518,5,A,5A,Hindu,Enemies,Enemy4,2,20,M,18,4,7,4,4,7,3,6,4,4,4,6,4,8,NA,1,1,1,2,1,1,1,1,3,1,2,1,1,1,4,4,2,1,2,1,1,1,1,1,5,3,M,Muslim,3,1,1,1,3,2,4,2,1,2,1,4,1,5,3,1,2,2,3,2,3,4,3,6,4,1,7,1,0,A5,-0.112698181,-0.383883296,-0.617747154,-0.504486918,0.6262552247471905,7,4,0.30591622948642044,-1.5,4
72,A0518,5,A,5A,Hindu,Enemies,Enemy5,2,21,M,18,4,7,4,4,7,3,6,4,4,4,6,4,8,NA,1,1,1,2,1,1,1,1,3,1,2,1,1,1,4,4,2,1,2,1,1,1,1,1,5,3,M,Muslim,2,1,1,1,3,1,4,2,1,1,1,4,1,4,2,3,2,5,1,1,1,3,2,7,6,1,7,1,0,A5,-0.112698181,-0.383883296,-0.617747154,-0.504486918,0.6262552247471905,7,4,0.30591622948642044,-1.5,4
73,A0518,5,A,5A,Hindu,Enemies,Enemy6,2,33,M,18,4,7,4,4,7,3,6,4,4,4,6,4,8,NA,1,1,1,2,1,1,1,1,3,1,2,1,1,1,4,4,2,1,2,1,1,1,1,1,5,3,M,Hindu,1,1,1,1,1,1,3,1,1,2,1,4,6,7,1,1,1,1,1,1,5,5,1,7,1,7,5,1,1,A5,-0.112698181,-0.383883296,-0.617747154,-0.504486918,0.6262552247471905,7,4,0.30591622948642044,-1.5,4
74,A0518,5,A,5A,Hindu,Enemies,Enemy7,2,35,M,18,4,7,4,4,7,3,6,4,4,4,6,4,8,NA,1,1,1,2,1,1,1,1,3,1,2,1,1,1,4,4,2,1,2,1,1,1,1,1,5,3,M,NA,NA,NA,NA,NA,NA,NA,NA,NA,NA,NA,NA,NA,NA,NA,NA,NA,NA,NA,NA,NA,NA,NA,NA,NA,NA,NA,NA,1,NA,A5,-0.112698181,-0.383883296,-0.617747154,-0.504486918,0.6262552247471905,7,4,0.30591622948642044,-1.5,4
75,A0519,5,A,5A,Muslim,Enemies,Enemy1,2,6,M,19,2,7,1,7,1,7,7,7,1,7,2,6,NA,MEMON,1,1,1,1,1,1,1,4,1,1,1,1,2,1,1,1,7,5,1,1,2,1,1,1,5,1,M,Hindu,1,1,1,1,1,1,4,1,3,1,1,7,7,7,3,1,1,1,1,1,1,5,3,7,7,6,6,1,0,A5,-0.112698181,-0.383883296,-0.617747154,-0.504486918,0.6262552247471905,7,1,1.621549634144792,-1.5,6
76,A0520,5,A,5A,Muslim,Enemies,Enemy1,2,2,M,20,4,6,4,6,1,7,4,NA,6,6,6,5,7,SHUNI,1,3,1,1,1,3,2,2,4,2,1,2,2,1,4,1,5,3,1,2,2,3,2,3,4,3,M,Muslim,1,2,1,1,1,1,1,1,1,5,1,4,4,4,2,2,1,1,1,1,1,1,2,7,5,6,7,1,1,A5,-0.112698181,-0.383883296,-0.617747154,-0.504486918,0.6262552247471905,6,4,-0.132628239,-1.5,6
77,A0520,5,A,5A,Muslim,Enemies,Enemy2,2,6,M,20,4,6,4,6,1,7,4,NA,6,6,6,5,7,SHUNI,1,3,1,1,1,3,2,2,4,2,1,2,2,1,4,1,5,3,1,2,2,3,2,3,4,3,M,Hindu,1,1,1,1,1,1,4,1,3,1,1,7,7,7,3,1,1,1,1,1,1,5,3,7,7,6,6,1,0,A5,-0.112698181,-0.383883296,-0.617747154,-0.504486918,0.6262552247471905,6,4,-0.132628239,-1.5,6
78,A0520,5,A,5A,Muslim,Enemies,Enemy3,2,17,M,20,4,6,4,6,1,7,4,NA,6,6,6,5,7,SHUNI,1,3,1,1,1,3,2,2,4,2,1,2,2,1,4,1,5,3,1,2,2,3,2,3,4,3,M,Muslim,1,2,1,1,1,1,4,4,1,1,1,5,1,5,1,NA,1,1,2,1,1,1,5,6,6,6,7,1,1,A5,-0.112698181,-0.383883296,-0.617747154,-0.504486918,0.6262552247471905,6,4,-0.132628239,-1.5,6
79,A0520,5,A,5A,Muslim,Enemies,Enemy4,2,23,M,20,4,6,4,6,1,7,4,NA,6,6,6,5,7,SHUNI,1,3,1,1,1,3,2,2,4,2,1,2,2,1,4,1,5,3,1,2,2,3,2,3,4,3,M,Hindu,4,1,2,1,1,1,5,4,2,5,1,4,4,4,4,1,3,1,1,1,1,NA,NA,6,NA,5,3,1,0,A5,-0.112698181,-0.383883296,-0.617747154,-0.504486918,0.6262552247471905,6,4,-0.132628239,-1.5,6
80,A0520,5,A,5A,Muslim,Enemies,Enemy5,2,26,M,20,4,6,4,6,1,7,4,NA,6,6,6,5,7,SHUNI,1,3,1,1,1,3,2,2,4,2,1,2,2,1,4,1,5,3,1,2,2,3,2,3,4,3,M,Muslim,1,2,1,1,1,1,4,1,1,5,1,4,4,4,2,1,1,1,2,1,1,1,2,7,5,6,7,1,1,A5,-0.112698181,-0.383883296,-0.617747154,-0.504486918,0.6262552247471905,6,4,-0.132628239,-1.5,6
81,A0520,5,A,5A,Muslim,Enemies,Enemy6,2,29,M,20,4,6,4,6,1,7,4,NA,6,6,6,5,7,SHUNI,1,3,1,1,1,3,2,2,4,2,1,2,2,1,4,1,5,3,1,2,2,3,2,3,4,3,M,Muslim,NA,3,NA,2,3,1,4,1,1,5,1,7,7,7,1,1,3,1,1,1,5,1,3,7,7,NA,7,1,1,A5,-0.112698181,-0.383883296,-0.617747154,-0.504486918,0.6262552247471905,6,4,-0.132628239,-1.5,6
82,A0520,5,A,5A,Muslim,Enemies,Enemy7,2,31,M,20,4,6,4,6,1,7,4,NA,6,6,6,5,7,SHUNI,1,3,1,1,1,3,2,2,4,2,1,2,2,1,4,1,5,3,1,2,2,3,2,3,4,3,M,Jain,2,2,1,1,3,1,4,2,5,1,2,4,4,4,1,3,3,2,1,1,1,2,3,7,6,7,4,1,0,A5,-0.112698181,-0.383883296,-0.617747154,-0.504486918,0.6262552247471905,6,4,-0.132628239,-1.5,6
83,A0524,5,A,5A,Hindu,Enemies,Enemy1,2,30,M,24,1,7,1,7,7,1,7,6,2,2,7,7,NA,PATEL,1,1,1,1,2,1,1,1,2,1,1,1,1,1,4,4,4,5,1,1,1,1,1,1,3,3,M,Muslim,1,1,1,2,1,2,1,1,1,1,1,4,2,4,3,1,1,3,3,1,1,2,3,7,4,5,7,1,0,A5,-0.112698181,-0.383883296,-0.617747154,-0.504486918,0.6262552247471905,7,1,1.621549634144792,-1.5,6
84,A0525,5,A,5A,Hindu,Enemies,Enemy1,2,1,M,25,1,6,1,7,6,1,3,7,7,3,1,6,8,NA,1,1,2,1,1,1,1,1,3,1,2,2,1,1,2,2,1,1,1,1,1,2,1,1,2,5,M,Muslim,1,1,2,1,2,1,3,1,2,2,1,4,1,4,1,1,2,2,1,2,2,1,1,7,2,5,7,1,0,A5,-0.112698181,-0.383883296,-0.617747154,-0.504486918,0.6262552247471905,6,1,1.183005165925335,-1.5,5
85,A0525,5,A,5A,Hindu,Enemies,Enemy2,2,33,M,25,1,6,1,7,6,1,3,7,7,3,1,6,8,NA,1,1,2,1,1,1,1,1,3,1,2,2,1,1,2,2,1,1,1,1,1,2,1,1,2,5,M,Hindu,1,1,1,1,1,1,3,1,1,2,1,4,6,7,1,1,1,1,1,1,5,5,1,7,1,7,5,1,1,A5,-0.112698181,-0.383883296,-0.617747154,-0.504486918,0.6262552247471905,6,1,1.183005165925335,-1.5,5
86,A0527,5,A,5A,Muslim,Enemies,Enemy1,2,1,M,27,1,7,1,6,1,7,5,6,4,6,NA,2,NA,PATHAN,1,2,1,1,1,1,1,2,3,1,1,1,2,1,4,3,3,2,1,2,1,1,1,1,5,5,M,Muslim,1,1,2,1,2,1,3,1,2,2,1,4,1,4,1,1,2,2,1,2,2,1,1,7,2,5,7,1,1,A5,-0.112698181,-0.383883296,-0.617747154,-0.504486918,0.6262552247471905,7,1,1.621549634144792,-1.5,6
87,A0527,5,A,5A,Muslim,Enemies,Enemy2,2,17,M,27,1,7,1,6,1,7,5,6,4,6,NA,2,NA,PATHAN,1,2,1,1,1,1,1,2,3,1,1,1,2,1,4,3,3,2,1,2,1,1,1,1,5,5,M,Muslim,1,2,1,1,1,1,4,4,1,1,1,5,1,5,1,NA,1,1,2,1,1,1,5,6,6,6,7,1,1,A5,-0.112698181,-0.383883296,-0.617747154,-0.504486918,0.6262552247471905,7,1,1.621549634144792,-1.5,6
88,A0527,5,A,5A,Muslim,Enemies,Enemy3,2,21,M,27,1,7,1,6,1,7,5,6,4,6,NA,2,NA,PATHAN,1,2,1,1,1,1,1,2,3,1,1,1,2,1,4,3,3,2,1,2,1,1,1,1,5,5,M,Muslim,2,1,1,1,3,1,4,2,1,1,1,4,1,4,2,3,2,5,1,1,1,3,2,7,6,1,7,1,1,A5,-0.112698181,-0.383883296,-0.617747154,-0.504486918,0.6262552247471905,7,1,1.621549634144792,-1.5,6
89,A0527,5,A,5A,Muslim,Enemies,Enemy4,2,24,M,27,1,7,1,6,1,7,5,6,4,6,NA,2,NA,PATHAN,1,2,1,1,1,1,1,2,3,1,1,1,2,1,4,3,3,2,1,2,1,1,1,1,5,5,M,Hindu,1,1,1,2,1,1,2,1,1,1,1,4,4,4,5,1,1,1,1,1,1,3,3,7,1,7,1,1,0,A5,-0.112698181,-0.383883296,-0.617747154,-0.504486918,0.6262552247471905,7,1,1.621549634144792,-1.5,6
90,A0527,5,A,5A,Muslim,Enemies,Enemy5,2,25,M,27,1,7,1,6,1,7,5,6,4,6,NA,2,NA,PATHAN,1,2,1,1,1,1,1,2,3,1,1,1,2,1,4,3,3,2,1,2,1,1,1,1,5,5,M,Hindu,1,2,1,1,1,1,3,1,2,2,1,2,2,1,1,1,1,1,2,1,1,2,5,6,1,6,1,1,0,A5,-0.112698181,-0.383883296,-0.617747154,-0.504486918,0.6262552247471905,7,1,1.621549634144792,-1.5,6
91,A0527,5,A,5A,Muslim,Enemies,Enemy6,2,26,M,27,1,7,1,6,1,7,5,6,4,6,NA,2,NA,PATHAN,1,2,1,1,1,1,1,2,3,1,1,1,2,1,4,3,3,2,1,2,1,1,1,1,5,5,M,Muslim,1,2,1,1,1,1,4,1,1,5,1,4,4,4,2,1,1,1,2,1,1,1,2,7,5,6,7,1,1,A5,-0.112698181,-0.383883296,-0.617747154,-0.504486918,0.6262552247471905,7,1,1.621549634144792,-1.5,6
92,A0529,5,A,5A,Muslim,Enemies,Enemy1,2,9,M,29,6,7,7,7,NA,7,7,6,1,5,6,1,8,NA,1,NA,3,NA,2,3,1,3,4,1,1,5,2,1,7,7,7,1,1,3,1,1,1,5,1,3,M,Hindu,1,1,1,1,1,1,3,1,5,2,3,4,2,3,1,1,1,1,2,1,5,5,2,6,2,7,1,1,0,A5,-0.112698181,-0.383883296,-0.617747154,-0.504486918,0.6262552247471905,7,7,-1.009717175,-1.5,NA
93,A0529,5,A,5A,Muslim,Enemies,Enemy2,2,33,M,29,6,7,7,7,NA,7,7,6,1,5,6,1,8,NA,1,NA,3,NA,2,3,1,3,4,1,1,5,2,1,7,7,7,1,1,3,1,1,1,5,1,3,M,Hindu,1,1,1,1,1,1,3,1,1,2,1,4,6,7,1,1,1,1,1,1,5,5,1,7,1,7,5,1,0,A5,-0.112698181,-0.383883296,-0.617747154,-0.504486918,0.6262552247471905,7,7,-1.009717175,-1.5,NA
94,A0529,5,A,5A,Muslim,Enemies,Enemy3,2,38,M,29,6,7,7,7,NA,7,7,6,1,5,6,1,8,NA,1,NA,3,NA,2,3,1,3,4,1,1,5,2,1,7,7,7,1,1,3,1,1,1,5,1,3,M,Muslim,1,1,1,1,1,1,3,1,1,1,1,1,1,7,1,1,1,5,1,5,3,1,1,7,1,2,7,1,1,A5,-0.112698181,-0.383883296,-0.617747154,-0.504486918,0.6262552247471905,7,7,-1.009717175,-1.5,NA
95,A0530,5,A,5A,Muslim,Enemies,Enemy1,2,1,M,30,4,7,4,4,5,7,7,7,4,5,3,1,7,JAMATI,1,1,1,1,2,1,2,2,1,1,1,1,2,1,4,2,4,3,1,1,3,3,1,1,2,3,M,Muslim,1,1,2,1,2,1,3,1,2,2,1,4,1,4,1,1,2,2,1,2,2,1,1,7,2,5,7,1,1,A5,-0.112698181,-0.383883296,-0.617747154,-0.504486918,0.6262552247471905,7,4,0.30591622948642044,-1.5,2
96,A0530,5,A,5A,Muslim,Enemies,Enemy2,2,2,M,30,4,7,4,4,5,7,7,7,4,5,3,1,7,JAMATI,1,1,1,1,2,1,2,2,1,1,1,1,2,1,4,2,4,3,1,1,3,3,1,1,2,3,M,Muslim,1,2,1,1,1,1,1,1,1,5,1,4,4,4,2,2,1,1,1,1,1,1,2,7,5,6,7,1,1,A5,-0.112698181,-0.383883296,-0.617747154,-0.504486918,0.6262552247471905,7,4,0.30591622948642044,-1.5,2
97,A0530,5,A,5A,Muslim,Enemies,Enemy3,2,11,M,30,4,7,4,4,5,7,7,7,4,5,3,1,7,JAMATI,1,1,1,1,2,1,2,2,1,1,1,1,2,1,4,2,4,3,1,1,3,3,1,1,2,3,M,Muslim,1,1,1,1,1,1,4,1,1,1,1,4,1,1,1,2,1,1,1,1,1,1,5,7,1,2,7,1,1,A5,-0.112698181,-0.383883296,-0.617747154,-0.504486918,0.6262552247471905,7,4,0.30591622948642044,-1.5,2
98,A0530,5,A,5A,Muslim,Enemies,Enemy4,2,17,M,30,4,7,4,4,5,7,7,7,4,5,3,1,7,JAMATI,1,1,1,1,2,1,2,2,1,1,1,1,2,1,4,2,4,3,1,1,3,3,1,1,2,3,M,Muslim,1,2,1,1,1,1,4,4,1,1,1,5,1,5,1,NA,1,1,2,1,1,1,5,6,6,6,7,1,1,A5,-0.112698181,-0.383883296,-0.617747154,-0.504486918,0.6262552247471905,7,4,0.30591622948642044,-1.5,2
99,A0530,5,A,5A,Muslim,Enemies,Enemy5,2,21,M,30,4,7,4,4,5,7,7,7,4,5,3,1,7,JAMATI,1,1,1,1,2,1,2,2,1,1,1,1,2,1,4,2,4,3,1,1,3,3,1,1,2,3,M,Muslim,2,1,1,1,3,1,4,2,1,1,1,4,1,4,2,3,2,5,1,1,1,3,2,7,6,1,7,1,1,A5,-0.112698181,-0.383883296,-0.617747154,-0.504486918,0.6262552247471905,7,4,0.30591622948642044,-1.5,2
100,A0530,5,A,5A,Muslim,Enemies,Enemy6,2,25,M,30,4,7,4,4,5,7,7,7,4,5,3,1,7,JAMATI,1,1,1,1,2,1,2,2,1,1,1,1,2,1,4,2,4,3,1,1,3,3,1,1,2,3,M,Hindu,1,2,1,1,1,1,3,1,2,2,1,2,2,1,1,1,1,1,2,1,1,2,5,6,1,6,1,1,0,A5,-0.112698181,-0.383883296,-0.617747154,-0.504486918,0.6262552247471905,7,4,0.30591622948642044,-1.5,2
101,A0530,5,A,5A,Muslim,Enemies,Enemy7,2,33,M,30,4,7,4,4,5,7,7,7,4,5,3,1,7,JAMATI,1,1,1,1,2,1,2,2,1,1,1,1,2,1,4,2,4,3,1,1,3,3,1,1,2,3,M,Hindu,1,1,1,1,1,1,3,1,1,2,1,4,6,7,1,1,1,1,1,1,5,5,1,7,1,7,5,1,0,A5,-0.112698181,-0.383883296,-0.617747154,-0.504486918,0.6262552247471905,7,4,0.30591622948642044,-1.5,2
102,A0531,5,A,5A,Jain,Enemies,Enemy1,2,11,M,31,2,7,6,7,7,4,4,6,3,7,7,6,NA,JAIN,1,2,2,1,1,3,1,1,4,2,5,1,3,2,4,4,4,1,3,3,2,1,1,1,2,3,M,Muslim,1,1,1,1,1,1,4,1,1,1,1,4,1,1,1,2,1,1,1,1,1,1,5,7,1,2,7,1,0,A5,-0.112698181,-0.383883296,-0.617747154,-0.504486918,0.6262552247471905,7,6,-0.571172707,-1.5,-3
103,A0531,5,A,5A,Jain,Enemies,Enemy2,2,17,M,31,2,7,6,7,7,4,4,6,3,7,7,6,NA,JAIN,1,2,2,1,1,3,1,1,4,2,5,1,3,2,4,4,4,1,3,3,2,1,1,1,2,3,M,Muslim,1,2,1,1,1,1,4,4,1,1,1,5,1,5,1,NA,1,1,2,1,1,1,5,6,6,6,7,1,0,A5,-0.112698181,-0.383883296,-0.617747154,-0.504486918,0.6262552247471905,7,6,-0.571172707,-1.5,-3
104,A0531,5,A,5A,Jain,Enemies,Enemy3,2,21,M,31,2,7,6,7,7,4,4,6,3,7,7,6,NA,JAIN,1,2,2,1,1,3,1,1,4,2,5,1,3,2,4,4,4,1,3,3,2,1,1,1,2,3,M,Muslim,2,1,1,1,3,1,4,2,1,1,1,4,1,4,2,3,2,5,1,1,1,3,2,7,6,1,7,1,0,A5,-0.112698181,-0.383883296,-0.617747154,-0.504486918,0.6262552247471905,7,6,-0.571172707,-1.5,-3
105,A0531,5,A,5A,Jain,Enemies,Enemy4,2,35,M,31,2,7,6,7,7,4,4,6,3,7,7,6,NA,JAIN,1,2,2,1,1,3,1,1,4,2,5,1,3,2,4,4,4,1,3,3,2,1,1,1,2,3,M,NA,NA,NA,NA,NA,NA,NA,NA,NA,NA,NA,NA,NA,NA,NA,NA,NA,NA,NA,NA,NA,NA,NA,NA,NA,NA,NA,NA,1,NA,A5,-0.112698181,-0.383883296,-0.617747154,-0.504486918,0.6262552247471905,7,6,-0.571172707,-1.5,-3
106,A0531,5,A,5A,Jain,Enemies,Enemy5,2,48,M,31,2,7,6,7,7,4,4,6,3,7,7,6,NA,JAIN,1,2,2,1,1,3,1,1,4,2,5,1,3,2,4,4,4,1,3,3,2,1,1,1,2,3,F,Hindu,3,5,1,1,4,2,NA,1,2,NA,2,4,7,4,3,3,4,1,1,1,1,4,4,1,7,6,2,0,0,A5,-0.112698181,-0.383883296,-0.617747154,-0.504486918,0.6262552247471905,7,6,-0.571172707,-1.5,-3
107,A0532,5,A,5A,Muslim,Enemies,Enemy1,2,5,M,32,6,7,1,6,5,7,7,7,6,4,6,2,8,NA,1,1,1,1,1,1,1,2,2,1,1,1,2,1,4,1,7,5,1,1,1,1,1,3,3,5,M,Hindu,1,2,2,2,1,1,4,1,4,1,1,4,4,4,2,1,1,1,1,1,1,2,2,7,6,7,6,1,0,A5,-0.112698181,-0.383883296,-0.617747154,-0.504486918,0.6262552247471905,7,1,1.621549634144792,-1.5,2
108,A0533,5,A,5A,Hindu,Enemies,Enemy1,2,6,M,33,1,7,1,7,7,5,2,7,1,1,7,1,1,NA,1,1,1,1,1,1,1,1,3,1,1,2,1,1,4,6,7,1,1,1,1,1,1,5,5,1,M,Hindu,1,1,1,1,1,1,4,1,3,1,1,7,7,7,3,1,1,1,1,1,1,5,3,7,7,6,6,1,1,A5,-0.112698181,-0.383883296,-0.617747154,-0.504486918,0.6262552247471905,7,1,1.621549634144792,-1.5,2
109,A0533,5,A,5A,Hindu,Enemies,Enemy2,2,17,M,33,1,7,1,7,7,5,2,7,1,1,7,1,1,NA,1,1,1,1,1,1,1,1,3,1,1,2,1,1,4,6,7,1,1,1,1,1,1,5,5,1,M,Muslim,1,2,1,1,1,1,4,4,1,1,1,5,1,5,1,NA,1,1,2,1,1,1,5,6,6,6,7,1,0,A5,-0.112698181,-0.383883296,-0.617747154,-0.504486918,0.6262552247471905,7,1,1.621549634144792,-1.5,2
110,A0533,5,A,5A,Hindu,Enemies,Enemy3,2,21,M,33,1,7,1,7,7,5,2,7,1,1,7,1,1,NA,1,1,1,1,1,1,1,1,3,1,1,2,1,1,4,6,7,1,1,1,1,1,1,5,5,1,M,Muslim,2,1,1,1,3,1,4,2,1,1,1,4,1,4,2,3,2,5,1,1,1,3,2,7,6,1,7,1,0,A5,-0.112698181,-0.383883296,-0.617747154,-0.504486918,0.6262552247471905,7,1,1.621549634144792,-1.5,2
111,A0534,5,A,5A,Muslim,Enemies,Enemy1,2,5,M,34,2,6,4,6,4,7,6,6,4,4,3,4,7,SUNNI,1,1,1,1,1,1,1,2,3,1,1,1,2,1,4,3,4,4,3,4,3,1,3,1,4,4,M,Hindu,1,2,2,2,1,1,4,1,4,1,1,4,4,4,2,1,1,1,1,1,1,2,2,7,6,7,6,1,0,A5,-0.112698181,-0.383883296,-0.617747154,-0.504486918,0.6262552247471905,6,4,-0.132628239,-1.5,3
112,A0534,5,A,5A,Muslim,Enemies,Enemy2,2,17,M,34,2,6,4,6,4,7,6,6,4,4,3,4,7,SUNNI,1,1,1,1,1,1,1,2,3,1,1,1,2,1,4,3,4,4,3,4,3,1,3,1,4,4,M,Muslim,1,2,1,1,1,1,4,4,1,1,1,5,1,5,1,NA,1,1,2,1,1,1,5,6,6,6,7,1,1,A5,-0.112698181,-0.383883296,-0.617747154,-0.504486918,0.6262552247471905,6,4,-0.132628239,-1.5,3
113,A0534,5,A,5A,Muslim,Enemies,Enemy3,2,21,M,34,2,6,4,6,4,7,6,6,4,4,3,4,7,SUNNI,1,1,1,1,1,1,1,2,3,1,1,1,2,1,4,3,4,4,3,4,3,1,3,1,4,4,M,Muslim,2,1,1,1,3,1,4,2,1,1,1,4,1,4,2,3,2,5,1,1,1,3,2,7,6,1,7,1,1,A5,-0.112698181,-0.383883296,-0.617747154,-0.504486918,0.6262552247471905,6,4,-0.132628239,-1.5,3
114,A0536,5,A,5A,Hindu,Enemies,Enemy1,2,11,M,36,5,7,7,7,6,6,7,7,7,6,7,1,7,GUARAV SAMAJ,1,1,1,1,1,1,1,4,3,1,2,2,1,1,1,1,1,2,1,1,1,2,1,1,5,3,M,Muslim,1,1,1,1,1,1,4,1,1,1,1,4,1,1,1,2,1,1,1,1,1,1,5,7,1,2,7,1,0,A5,-0.112698181,-0.383883296,-0.617747154,-0.504486918,0.6262552247471905,7,7,-1.009717175,-1.5,0
115,A0536,5,A,5A,Hindu,Enemies,Enemy2,2,16,M,36,5,7,7,7,6,6,7,7,7,6,7,1,7,GUARAV SAMAJ,1,1,1,1,1,1,1,4,3,1,2,2,1,1,1,1,1,2,1,1,1,2,1,1,5,3,M,Muslim,1,1,1,1,1,1,1,1,1,1,1,1,7,1,1,5,4,2,3,1,2,2,1,7,2,2,7,1,0,A5,-0.112698181,-0.383883296,-0.617747154,-0.504486918,0.6262552247471905,7,7,-1.009717175,-1.5,0
116,A0536,5,A,5A,Hindu,Enemies,Enemy3,2,19,M,36,5,7,7,7,6,6,7,7,7,6,7,1,7,GUARAV SAMAJ,1,1,1,1,1,1,1,4,3,1,2,2,1,1,1,1,1,2,1,1,1,2,1,1,5,3,M,Muslim,1,1,1,1,1,1,1,1,1,1,1,1,1,7,5,1,1,2,1,1,1,5,1,7,1,1,7,1,0,A5,-0.112698181,-0.383883296,-0.617747154,-0.504486918,0.6262552247471905,7,7,-1.009717175,-1.5,0
117,A0536,5,A,5A,Hindu,Enemies,Enemy4,2,20,M,36,5,7,7,7,6,6,7,7,7,6,7,1,7,GUARAV SAMAJ,1,1,1,1,1,1,1,4,3,1,2,2,1,1,1,1,1,2,1,1,1,2,1,1,5,3,M,Muslim,3,1,1,1,3,2,4,2,1,2,1,4,1,5,3,1,2,2,3,2,3,4,3,6,4,1,7,1,0,A5,-0.112698181,-0.383883296,-0.617747154,-0.504486918,0.6262552247471905,7,7,-1.009717175,-1.5,0
118,A0536,5,A,5A,Hindu,Enemies,Enemy5,2,35,M,36,5,7,7,7,6,6,7,7,7,6,7,1,7,GUARAV SAMAJ,1,1,1,1,1,1,1,4,3,1,2,2,1,1,1,1,1,2,1,1,1,2,1,1,5,3,M,NA,NA,NA,NA,NA,NA,NA,NA,NA,NA,NA,NA,NA,NA,NA,NA,NA,NA,NA,NA,NA,NA,NA,NA,NA,NA,NA,NA,1,NA,A5,-0.112698181,-0.383883296,-0.617747154,-0.504486918,0.6262552247471905,7,7,-1.009717175,-1.5,0
119,A0537,5,A,5A,Hindu,Enemies,Enemy1,2,5,M,37,1,7,1,7,7,7,7,6,7,6,7,7,7,NA,1,2,1,2,1,2,1,4,4,1,5,3,1,2,4,4,4,3,1,1,1,1,5,1,5,5,M,Hindu,1,2,2,2,1,1,4,1,4,1,1,4,4,4,2,1,1,1,1,1,1,2,2,7,6,7,6,1,1,A5,-0.112698181,-0.383883296,-0.617747154,-0.504486918,0.6262552247471905,7,1,1.621549634144792,-1.5,0
120,A0537,5,A,5A,Hindu,Enemies,Enemy2,2,6,M,37,1,7,1,7,7,7,7,6,7,6,7,7,7,NA,1,2,1,2,1,2,1,4,4,1,5,3,1,2,4,4,4,3,1,1,1,1,5,1,5,5,M,Hindu,1,1,1,1,1,1,4,1,3,1,1,7,7,7,3,1,1,1,1,1,1,5,3,7,7,6,6,1,1,A5,-0.112698181,-0.383883296,-0.617747154,-0.504486918,0.6262552247471905,7,1,1.621549634144792,-1.5,0
121,A0537,5,A,5A,Hindu,Enemies,Enemy3,2,11,M,37,1,7,1,7,7,7,7,6,7,6,7,7,7,NA,1,2,1,2,1,2,1,4,4,1,5,3,1,2,4,4,4,3,1,1,1,1,5,1,5,5,M,Muslim,1,1,1,1,1,1,4,1,1,1,1,4,1,1,1,2,1,1,1,1,1,1,5,7,1,2,7,1,0,A5,-0.112698181,-0.383883296,-0.617747154,-0.504486918,0.6262552247471905,7,1,1.621549634144792,-1.5,0
122,A0537,5,A,5A,Hindu,Enemies,Enemy4,2,17,M,37,1,7,1,7,7,7,7,6,7,6,7,7,7,NA,1,2,1,2,1,2,1,4,4,1,5,3,1,2,4,4,4,3,1,1,1,1,5,1,5,5,M,Muslim,1,2,1,1,1,1,4,4,1,1,1,5,1,5,1,NA,1,1,2,1,1,1,5,6,6,6,7,1,0,A5,-0.112698181,-0.383883296,-0.617747154,-0.504486918,0.6262552247471905,7,1,1.621549634144792,-1.5,0
123,A0537,5,A,5A,Hindu,Enemies,Enemy5,2,19,M,37,1,7,1,7,7,7,7,6,7,6,7,7,7,NA,1,2,1,2,1,2,1,4,4,1,5,3,1,2,4,4,4,3,1,1,1,1,5,1,5,5,M,Muslim,1,1,1,1,1,1,1,1,1,1,1,1,1,7,5,1,1,2,1,1,1,5,1,7,1,1,7,1,0,A5,-0.112698181,-0.383883296,-0.617747154,-0.504486918,0.6262552247471905,7,1,1.621549634144792,-1.5,0
124,A0537,5,A,5A,Hindu,Enemies,Enemy6,2,21,M,37,1,7,1,7,7,7,7,6,7,6,7,7,7,NA,1,2,1,2,1,2,1,4,4,1,5,3,1,2,4,4,4,3,1,1,1,1,5,1,5,5,M,Muslim,2,1,1,1,3,1,4,2,1,1,1,4,1,4,2,3,2,5,1,1,1,3,2,7,6,1,7,1,0,A5,-0.112698181,-0.383883296,-0.617747154,-0.504486918,0.6262552247471905,7,1,1.621549634144792,-1.5,0
125,A0537,5,A,5A,Hindu,Enemies,Enemy7,2,33,M,37,1,7,1,7,7,7,7,6,7,6,7,7,7,NA,1,2,1,2,1,2,1,4,4,1,5,3,1,2,4,4,4,3,1,1,1,1,5,1,5,5,M,Hindu,1,1,1,1,1,1,3,1,1,2,1,4,6,7,1,1,1,1,1,1,5,5,1,7,1,7,5,1,1,A5,-0.112698181,-0.383883296,-0.617747154,-0.504486918,0.6262552247471905,7,1,1.621549634144792,-1.5,0
126,A0537,5,A,5A,Hindu,Enemies,Enemy8,2,35,M,37,1,7,1,7,7,7,7,6,7,6,7,7,7,NA,1,2,1,2,1,2,1,4,4,1,5,3,1,2,4,4,4,3,1,1,1,1,5,1,5,5,M,NA,NA,NA,NA,NA,NA,NA,NA,NA,NA,NA,NA,NA,NA,NA,NA,NA,NA,NA,NA,NA,NA,NA,NA,NA,NA,NA,NA,1,NA,A5,-0.112698181,-0.383883296,-0.617747154,-0.504486918,0.6262552247471905,7,1,1.621549634144792,-1.5,0
127,A0537,5,A,5A,Hindu,Enemies,Enemy9,2,38,M,37,1,7,1,7,7,7,7,6,7,6,7,7,7,NA,1,2,1,2,1,2,1,4,4,1,5,3,1,2,4,4,4,3,1,1,1,1,5,1,5,5,M,Muslim,1,1,1,1,1,1,3,1,1,1,1,1,1,7,1,1,1,5,1,5,3,1,1,7,1,2,7,1,0,A5,-0.112698181,-0.383883296,-0.617747154,-0.504486918,0.6262552247471905,7,1,1.621549634144792,-1.5,0
128,A0538,5,A,5A,Muslim,Enemies,Enemy1,2,4,M,38,7,7,1,1,2,7,7,7,1,6,3,2,NA,MUSLIMS,1,1,1,1,1,1,1,1,3,1,1,1,2,1,1,1,7,1,1,1,5,1,5,3,1,1,M,Hindu,3,2,3,1,1,1,2,1,1,5,1,4,5,7,1,1,2,1,1,1,5,1,3,7,7,7,5,1,0,A5,-0.112698181,-0.383883296,-0.617747154,-0.504486918,0.6262552247471905,7,1,1.621549634144792,-1.5,5
129,A0538,5,A,5A,Muslim,Enemies,Enemy2,2,6,M,38,7,7,1,1,2,7,7,7,1,6,3,2,NA,MUSLIMS,1,1,1,1,1,1,1,1,3,1,1,1,2,1,1,1,7,1,1,1,5,1,5,3,1,1,M,Hindu,1,1,1,1,1,1,4,1,3,1,1,7,7,7,3,1,1,1,1,1,1,5,3,7,7,6,6,1,0,A5,-0.112698181,-0.383883296,-0.617747154,-0.504486918,0.6262552247471905,7,1,1.621549634144792,-1.5,5
130,A0538,5,A,5A,Muslim,Enemies,Enemy3,2,7,M,38,7,7,1,1,2,7,7,7,1,6,3,2,NA,MUSLIMS,1,1,1,1,1,1,1,1,3,1,1,1,2,1,1,1,7,1,1,1,5,1,5,3,1,1,M,Hindu,3,3,1,2,2,1,1,3,2,1,2,4,2,1,3,1,2,2,2,1,1,2,2,7,1,NA,2,1,0,A5,-0.112698181,-0.383883296,-0.617747154,-0.504486918,0.6262552247471905,7,1,1.621549634144792,-1.5,5
131,A0538,5,A,5A,Muslim,Enemies,Enemy4,2,12,M,38,7,7,1,1,2,7,7,7,1,6,3,2,NA,MUSLIMS,1,1,1,1,1,1,1,1,3,1,1,1,2,1,1,1,7,1,1,1,5,1,5,3,1,1,M,Hindu,2,3,4,1,2,1,5,5,1,4,1,4,1,5,3,4,1,1,3,2,5,1,3,7,4,3,4,1,0,A5,-0.112698181,-0.383883296,-0.617747154,-0.504486918,0.6262552247471905,7,1,1.621549634144792,-1.5,5
132,A0538,5,A,5A,Muslim,Enemies,Enemy5,2,15,M,38,7,7,1,1,2,7,7,7,1,6,3,2,NA,MUSLIMS,1,1,1,1,1,1,1,1,3,1,1,1,2,1,1,1,7,1,1,1,5,1,5,3,1,1,M,Hindu,2,4,3,1,2,1,1,1,3,2,1,5,4,4,1,1,1,1,1,1,1,5,3,6,6,7,7,1,0,A5,-0.112698181,-0.383883296,-0.617747154,-0.504486918,0.6262552247471905,7,1,1.621549634144792,-1.5,5
133,A0538,5,A,5A,Muslim,Enemies,Enemy6,2,17,M,38,7,7,1,1,2,7,7,7,1,6,3,2,NA,MUSLIMS,1,1,1,1,1,1,1,1,3,1,1,1,2,1,1,1,7,1,1,1,5,1,5,3,1,1,M,Muslim,1,2,1,1,1,1,4,4,1,1,1,5,1,5,1,NA,1,1,2,1,1,1,5,6,6,6,7,1,1,A5,-0.112698181,-0.383883296,-0.617747154,-0.504486918,0.6262552247471905,7,1,1.621549634144792,-1.5,5
134,A0538,5,A,5A,Muslim,Enemies,Enemy7,2,20,M,38,7,7,1,1,2,7,7,7,1,6,3,2,NA,MUSLIMS,1,1,1,1,1,1,1,1,3,1,1,1,2,1,1,1,7,1,1,1,5,1,5,3,1,1,M,Muslim,3,1,1,1,3,2,4,2,1,2,1,4,1,5,3,1,2,2,3,2,3,4,3,6,4,1,7,1,1,A5,-0.112698181,-0.383883296,-0.617747154,-0.504486918,0.6262552247471905,7,1,1.621549634144792,-1.5,5
135,A0538,5,A,5A,Muslim,Enemies,Enemy8,2,23,M,38,7,7,1,1,2,7,7,7,1,6,3,2,NA,MUSLIMS,1,1,1,1,1,1,1,1,3,1,1,1,2,1,1,1,7,1,1,1,5,1,5,3,1,1,M,Hindu,4,1,2,1,1,1,5,4,2,5,1,4,4,4,4,1,3,1,1,1,1,NA,NA,6,NA,5,3,1,0,A5,-0.112698181,-0.383883296,-0.617747154,-0.504486918,0.6262552247471905,7,1,1.621549634144792,-1.5,5
136,A0538,5,A,5A,Muslim,Enemies,Enemy9,2,25,M,38,7,7,1,1,2,7,7,7,1,6,3,2,NA,MUSLIMS,1,1,1,1,1,1,1,1,3,1,1,1,2,1,1,1,7,1,1,1,5,1,5,3,1,1,M,Hindu,1,2,1,1,1,1,3,1,2,2,1,2,2,1,1,1,1,1,2,1,1,2,5,6,1,6,1,1,0,A5,-0.112698181,-0.383883296,-0.617747154,-0.504486918,0.6262552247471905,7,1,1.621549634144792,-1.5,5
137,A0538,5,A,5A,Muslim,Enemies,Enemy10,2,29,M,38,7,7,1,1,2,7,7,7,1,6,3,2,NA,MUSLIMS,1,1,1,1,1,1,1,1,3,1,1,1,2,1,1,1,7,1,1,1,5,1,5,3,1,1,M,Muslim,NA,3,NA,2,3,1,4,1,1,5,1,7,7,7,1,1,3,1,1,1,5,1,3,7,7,NA,7,1,1,A5,-0.112698181,-0.383883296,-0.617747154,-0.504486918,0.6262552247471905,7,1,1.621549634144792,-1.5,5
138,A0538,5,A,5A,Muslim,Enemies,Enemy11,2,31,M,38,7,7,1,1,2,7,7,7,1,6,3,2,NA,MUSLIMS,1,1,1,1,1,1,1,1,3,1,1,1,2,1,1,1,7,1,1,1,5,1,5,3,1,1,M,Jain,2,2,1,1,3,1,4,2,5,1,2,4,4,4,1,3,3,2,1,1,1,2,3,7,6,7,4,1,0,A5,-0.112698181,-0.383883296,-0.617747154,-0.504486918,0.6262552247471905,7,1,1.621549634144792,-1.5,5
139,A0540,5,A,5A,Hindu,Enemies,Enemy1,2,1,F,40,4,2,6,6,1,2,5,7,2,7,5,5,8,NA,2,1,1,4,1,4,1,1,1,2,5,3,1,3,4,2,3,2,2,1,1,1,1,1,5,2,M,Muslim,1,1,2,1,2,1,3,1,2,2,1,4,1,4,1,1,2,2,1,2,2,1,1,7,2,5,7,0,0,A5,-0.112698181,-0.383883296,-0.617747154,-0.504486918,0.6262552247471905,6,2,0.7444606977058776,-1.5,-1
140,A0540,5,A,5A,Hindu,Enemies,Enemy2,2,2,F,40,4,2,6,6,1,2,5,7,2,7,5,5,8,NA,2,1,1,4,1,4,1,1,1,2,5,3,1,3,4,2,3,2,2,1,1,1,1,1,5,2,M,Muslim,1,2,1,1,1,1,1,1,1,5,1,4,4,4,2,2,1,1,1,1,1,1,2,7,5,6,7,0,0,A5,-0.112698181,-0.383883296,-0.617747154,-0.504486918,0.6262552247471905,6,2,0.7444606977058776,-1.5,-1
141,A0540,5,A,5A,Hindu,Enemies,Enemy3,2,3,F,40,4,2,6,6,1,2,5,7,2,7,5,5,8,NA,2,1,1,4,1,4,1,1,1,2,5,3,1,3,4,2,3,2,2,1,1,1,1,1,5,2,M,Muslim,1,1,1,1,2,1,4,1,1,1,3,4,4,4,3,1,1,1,1,1,3,3,1,7,6,2,7,0,0,A5,-0.112698181,-0.383883296,-0.617747154,-0.504486918,0.6262552247471905,6,2,0.7444606977058776,-1.5,-1
142,A0540,5,A,5A,Hindu,Enemies,Enemy4,2,4,F,40,4,2,6,6,1,2,5,7,2,7,5,5,8,NA,2,1,1,4,1,4,1,1,1,2,5,3,1,3,4,2,3,2,2,1,1,1,1,1,5,2,M,Hindu,3,2,3,1,1,1,2,1,1,5,1,4,5,7,1,1,2,1,1,1,5,1,3,7,7,7,5,0,1,A5,-0.112698181,-0.383883296,-0.617747154,-0.504486918,0.6262552247471905,6,2,0.7444606977058776,-1.5,-1
143,A0540,5,A,5A,Hindu,Enemies,Enemy5,2,5,F,40,4,2,6,6,1,2,5,7,2,7,5,5,8,NA,2,1,1,4,1,4,1,1,1,2,5,3,1,3,4,2,3,2,2,1,1,1,1,1,5,2,M,Hindu,1,2,2,2,1,1,4,1,4,1,1,4,4,4,2,1,1,1,1,1,1,2,2,7,6,7,6,0,1,A5,-0.112698181,-0.383883296,-0.617747154,-0.504486918,0.6262552247471905,6,2,0.7444606977058776,-1.5,-1
144,A0540,5,A,5A,Hindu,Enemies,Enemy6,2,6,F,40,4,2,6,6,1,2,5,7,2,7,5,5,8,NA,2,1,1,4,1,4,1,1,1,2,5,3,1,3,4,2,3,2,2,1,1,1,1,1,5,2,M,Hindu,1,1,1,1,1,1,4,1,3,1,1,7,7,7,3,1,1,1,1,1,1,5,3,7,7,6,6,0,1,A5,-0.112698181,-0.383883296,-0.617747154,-0.504486918,0.6262552247471905,6,2,0.7444606977058776,-1.5,-1
145,A0540,5,A,5A,Hindu,Enemies,Enemy7,2,8,F,40,4,2,6,6,1,2,5,7,2,7,5,5,8,NA,2,1,1,4,1,4,1,1,1,2,5,3,1,3,4,2,3,2,2,1,1,1,1,1,5,2,M,Hindu,1,1,1,1,1,2,1,3,4,3,2,4,1,1,3,3,3,3,2,1,2,3,2,7,4,7,4,0,1,A5,-0.112698181,-0.383883296,-0.617747154,-0.504486918,0.6262552247471905,6,2,0.7444606977058776,-1.5,-1
146,A0541,5,A,5A,Hindu,Enemies,Enemy1,2,1,F,41,NA,6,7,NA,7,1,7,6,1,6,7,6,1,NA,2,2,1,1,1,1,1,2,3,1,3,3,1,1,4,4,4,2,1,1,1,1,2,1,5,3,M,Muslim,1,1,2,1,2,1,3,1,2,2,1,4,1,4,1,1,2,2,1,2,2,1,1,7,2,5,7,0,0,A5,-0.112698181,-0.383883296,-0.617747154,-0.504486918,0.6262552247471905,7,6,-0.571172707,-1.5,6
147,A0541,5,A,5A,Hindu,Enemies,Enemy2,2,17,F,41,NA,6,7,NA,7,1,7,6,1,6,7,6,1,NA,2,2,1,1,1,1,1,2,3,1,3,3,1,1,4,4,4,2,1,1,1,1,2,1,5,3,M,Muslim,1,2,1,1,1,1,4,4,1,1,1,5,1,5,1,NA,1,1,2,1,1,1,5,6,6,6,7,0,0,A5,-0.112698181,-0.383883296,-0.617747154,-0.504486918,0.6262552247471905,7,6,-0.571172707,-1.5,6
148,A0541,5,A,5A,Hindu,Enemies,Enemy3,2,21,F,41,NA,6,7,NA,7,1,7,6,1,6,7,6,1,NA,2,2,1,1,1,1,1,2,3,1,3,3,1,1,4,4,4,2,1,1,1,1,2,1,5,3,M,Muslim,2,1,1,1,3,1,4,2,1,1,1,4,1,4,2,3,2,5,1,1,1,3,2,7,6,1,7,0,0,A5,-0.112698181,-0.383883296,-0.617747154,-0.504486918,0.6262552247471905,7,6,-0.571172707,-1.5,6
149,A0541,5,A,5A,Hindu,Enemies,Enemy4,2,35,F,41,NA,6,7,NA,7,1,7,6,1,6,7,6,1,NA,2,2,1,1,1,1,1,2,3,1,3,3,1,1,4,4,4,2,1,1,1,1,2,1,5,3,M,NA,NA,NA,NA,NA,NA,NA,NA,NA,NA,NA,NA,NA,NA,NA,NA,NA,NA,NA,NA,NA,NA,NA,NA,NA,NA,NA,NA,0,NA,A5,-0.112698181,-0.383883296,-0.617747154,-0.504486918,0.6262552247471905,7,6,-0.571172707,-1.5,6
150,A0541,5,A,5A,Hindu,Enemies,Enemy5,2,46,F,41,NA,6,7,NA,7,1,7,6,1,6,7,6,1,NA,2,2,1,1,1,1,1,2,3,1,3,3,1,1,4,4,4,2,1,1,1,1,2,1,5,3,F,Muslim,1,1,1,1,1,1,5,1,1,1,1,4,1,1,1,1,1,1,1,1,1,5,1,1,7,4,6,1,0,A5,-0.112698181,-0.383883296,-0.617747154,-0.504486918,0.6262552247471905,7,6,-0.571172707,-1.5,6
151,A0542,5,A,5A,Hindu,Enemies,Enemy1,2,47,F,42,1,1,7,7,7,3,7,7,5,5,6,5,8,NA,2,1,3,1,1,2,1,4,4,1,1,4,1,1,4,5,5,2,1,4,2,1,2,2,4,4,F,Hindu,1,1,2,1,1,1,3,3,4,2,3,4,4,4,1,1,1,1,1,1,1,5,3,4,7,6,6,1,1,A5,-0.112698181,-0.383883296,-0.617747154,-0.504486918,0.6262552247471905,7,1,1.621549634144792,-1.5,4
152,A0542,5,A,5A,Hindu,Enemies,Enemy2,2,54,F,42,1,1,7,7,7,3,7,7,5,5,6,5,8,NA,2,1,3,1,1,2,1,4,4,1,1,4,1,1,4,5,5,2,1,4,2,1,2,2,4,4,F,Hindu,1,1,3,1,1,1,4,1,2,1,1,4,4,4,3,1,1,1,1,1,1,5,2,1,7,7,6,1,1,A5,-0.112698181,-0.383883296,-0.617747154,-0.504486918,0.6262552247471905,7,1,1.621549634144792,-1.5,4
153,A0542,5,A,5A,Hindu,Enemies,Enemy3,2,55,F,42,1,1,7,7,7,3,7,7,5,5,6,5,8,NA,2,1,3,1,1,2,1,4,4,1,1,4,1,1,4,5,5,2,1,4,2,1,2,2,4,4,F,Hindu,1,1,2,2,2,1,2,1,4,3,1,4,3,2,3,4,1,2,1,2,1,4,3,1,4,6,4,1,1,A5,-0.112698181,-0.383883296,-0.617747154,-0.504486918,0.6262552247471905,7,1,1.621549634144792,-1.5,4
154,A0542,5,A,5A,Hindu,Enemies,Enemy4,2,56,F,42,1,1,7,7,7,3,7,7,5,5,6,5,8,NA,2,1,3,1,1,2,1,4,4,1,1,4,1,1,4,5,5,2,1,4,2,1,2,2,4,4,F,Hindu,2,3,1,1,2,1,2,1,1,2,2,3,4,2,2,2,1,1,1,1,2,1,2,6,7,5,6,1,1,A5,-0.112698181,-0.383883296,-0.617747154,-0.504486918,0.6262552247471905,7,1,1.621549634144792,-1.5,4
155,A0543,5,A,5A,Muslim,Enemies,Enemy1,2,41,F,43,6,NA,7,6,2,7,1,6,6,7,NA,1,NA,SUNNI,2,1,1,1,1,1,1,2,3,4,1,1,2,1,4,7,5,1,1,1,1,1,1,1,5,5,F,Hindu,2,1,1,1,1,1,3,1,3,3,1,4,4,4,2,1,1,1,1,2,1,5,3,6,7,7,1,1,0,A5,-0.112698181,-0.383883296,-0.617747154,-0.504486918,0.6262552247471905,7,NA,NA,-1.5,5
156,A0544,5,A,5A,Muslim,Enemies,Enemy1,2,1,F,44,3,2,6,7,3,6,6,7,2,3,3,4,8,NA,2,1,3,1,1,1,1,2,5,1,3,5,2,1,4,3,3,3,1,1,1,1,1,1,3,5,M,Muslim,1,1,2,1,2,1,3,1,2,2,1,4,1,4,1,1,2,2,1,2,2,1,1,7,2,5,7,0,1,A5,-0.112698181,-0.383883296,-0.617747154,-0.504486918,0.6262552247471905,6,2,0.7444606977058776,-1.5,3
157,A0544,5,A,5A,Muslim,Enemies,Enemy2,2,54,F,44,3,2,6,7,3,6,6,7,2,3,3,4,8,NA,2,1,3,1,1,1,1,2,5,1,3,5,2,1,4,3,3,3,1,1,1,1,1,1,3,5,F,Hindu,1,1,3,1,1,1,4,1,2,1,1,4,4,4,3,1,1,1,1,1,1,5,2,1,7,7,6,1,0,A5,-0.112698181,-0.383883296,-0.617747154,-0.504486918,0.6262552247471905,6,2,0.7444606977058776,-1.5,3
158,A0544,5,A,5A,Muslim,Enemies,Enemy3,2,64,F,44,3,2,6,7,3,6,6,7,2,3,3,4,8,NA,2,1,3,1,1,1,1,2,5,1,3,5,2,1,4,3,3,3,1,1,1,1,1,1,3,5,F,Muslim,4,1,3,2,2,1,4,1,1,1,1,4,4,4,4,1,3,5,1,1,1,3,5,2,4,2,7,1,1,A5,-0.112698181,-0.383883296,-0.617747154,-0.504486918,0.6262552247471905,6,2,0.7444606977058776,-1.5,3
159,A0545,5,A,5A,Hindu,Enemies,Enemy1,2,40,F,45,1,6,7,5,7,2,7,5,3,5,2,3,8,NA,2,3,2,2,1,1,1,2,3,1,5,4,1,1,4,4,6,2,3,4,1,2,2,2,4,1,F,Hindu,1,1,4,1,4,1,1,2,5,3,3,4,2,3,2,2,1,1,1,1,1,5,2,2,6,1,2,1,1,A5,-0.112698181,-0.383883296,-0.617747154,-0.504486918,0.6262552247471905,7,6,-0.571172707,-1.5,5
160,A0545,5,A,5A,Hindu,Enemies,Enemy2,2,42,F,45,1,6,7,5,7,2,7,5,3,5,2,3,8,NA,2,3,2,2,1,1,1,2,3,1,5,4,1,1,4,4,6,2,3,4,1,2,2,2,4,1,F,Hindu,1,3,1,1,2,1,4,1,1,4,1,4,5,5,2,1,4,2,1,2,2,4,4,1,7,7,3,1,1,A5,-0.112698181,-0.383883296,-0.617747154,-0.504486918,0.6262552247471905,7,6,-0.571172707,-1.5,5
161,A0545,5,A,5A,Hindu,Enemies,Enemy3,2,46,F,45,1,6,7,5,7,2,7,5,3,5,2,3,8,NA,2,3,2,2,1,1,1,2,3,1,5,4,1,1,4,4,6,2,3,4,1,2,2,2,4,1,F,Muslim,1,1,1,1,1,1,5,1,1,1,1,4,1,1,1,1,1,1,1,1,1,5,1,1,7,4,6,1,0,A5,-0.112698181,-0.383883296,-0.617747154,-0.504486918,0.6262552247471905,7,6,-0.571172707,-1.5,5
162,A0545,5,A,5A,Hindu,Enemies,Enemy4,2,48,F,45,1,6,7,5,7,2,7,5,3,5,2,3,8,NA,2,3,2,2,1,1,1,2,3,1,5,4,1,1,4,4,6,2,3,4,1,2,2,2,4,1,F,Hindu,3,5,1,1,4,2,NA,1,2,NA,2,4,7,4,3,3,4,1,1,1,1,4,4,1,7,6,2,1,1,A5,-0.112698181,-0.383883296,-0.617747154,-0.504486918,0.6262552247471905,7,6,-0.571172707,-1.5,5
163,A0545,5,A,5A,Hindu,Enemies,Enemy5,2,49,F,45,1,6,7,5,7,2,7,5,3,5,2,3,8,NA,2,3,2,2,1,1,1,2,3,1,5,4,1,1,4,4,6,2,3,4,1,2,2,2,4,1,F,Hindu,1,2,3,1,1,1,4,3,2,2,2,4,1,2,2,1,1,1,2,1,2,5,3,4,7,7,5,1,1,A5,-0.112698181,-0.383883296,-0.617747154,-0.504486918,0.6262552247471905,7,6,-0.571172707,-1.5,5
164,A0545,5,A,5A,Hindu,Enemies,Enemy6,2,50,F,45,1,6,7,5,7,2,7,5,3,5,2,3,8,NA,2,3,2,2,1,1,1,2,3,1,5,4,1,1,4,4,6,2,3,4,1,2,2,2,4,1,F,Muslim,1,1,1,1,1,1,2,1,2,1,1,4,1,4,3,2,1,1,2,1,1,5,3,1,7,2,7,1,0,A5,-0.112698181,-0.383883296,-0.617747154,-0.504486918,0.6262552247471905,7,6,-0.571172707,-1.5,5
165,A0545,5,A,5A,Hindu,Enemies,Enemy7,2,52,F,45,1,6,7,5,7,2,7,5,3,5,2,3,8,NA,2,3,2,2,1,1,1,2,3,1,5,4,1,1,4,4,6,2,3,4,1,2,2,2,4,1,F,Hindu,1,2,4,1,2,1,4,1,2,4,1,4,4,4,3,1,1,2,1,2,4,2,4,2,7,7,1,1,1,A5,-0.112698181,-0.383883296,-0.617747154,-0.504486918,0.6262552247471905,7,6,-0.571172707,-1.5,5
166,A0546,5,A,5A,Muslim,Enemies,Enemy1,2,45,F,46,1,1,7,4,4,6,6,6,4,4,5,4,7,SUNI,2,1,1,1,1,1,1,2,5,1,1,1,2,1,4,1,1,1,1,1,1,1,1,1,5,1,F,Hindu,3,2,2,1,1,1,3,1,5,4,1,4,4,6,2,3,4,1,2,2,2,4,1,6,7,7,2,1,0,A5,-0.112698181,-0.383883296,-0.617747154,-0.504486918,0.6262552247471905,7,1,1.621549634144792,-1.5,2
167,A0547,5,A,5A,Hindu,Enemies,Enemy1,2,11,F,47,1,4,7,7,6,6,4,4,4,4,1,1,1,NA,2,1,1,2,1,1,1,4,3,3,4,2,1,3,4,4,4,1,1,1,1,1,1,1,5,3,M,Muslim,1,1,1,1,1,1,4,1,1,1,1,4,1,1,1,2,1,1,1,1,1,1,5,7,1,2,7,0,0,A5,-0.112698181,-0.383883296,-0.617747154,-0.504486918,0.6262552247471905,7,4,0.30591622948642044,-1.5,0
168,A0547,5,A,5A,Hindu,Enemies,Enemy2,2,17,F,47,1,4,7,7,6,6,4,4,4,4,1,1,1,NA,2,1,1,2,1,1,1,4,3,3,4,2,1,3,4,4,4,1,1,1,1,1,1,1,5,3,M,Muslim,1,2,1,1,1,1,4,4,1,1,1,5,1,5,1,NA,1,1,2,1,1,1,5,6,6,6,7,0,0,A5,-0.112698181,-0.383883296,-0.617747154,-0.504486918,0.6262552247471905,7,4,0.30591622948642044,-1.5,0
169,A0548,5,A,5A,Hindu,Enemies,Enemy1,2,8,F,48,3,1,7,6,6,2,6,6,2,2,4,6,7,NA,2,3,5,1,1,4,2,1,NA,1,2,NA,1,2,4,7,4,3,3,4,1,1,1,1,4,4,M,Hindu,1,1,1,1,1,2,1,3,4,3,2,4,1,1,3,3,3,3,2,1,2,3,2,7,4,7,4,0,1,A5,-0.112698181,-0.383883296,-0.617747154,-0.504486918,0.6262552247471905,7,1,1.621549634144792,-1.5,4
170,A0548,5,A,5A,Hindu,Enemies,Enemy2,2,41,F,48,3,1,7,6,6,2,6,6,2,2,4,6,7,NA,2,3,5,1,1,4,2,1,NA,1,2,NA,1,2,4,7,4,3,3,4,1,1,1,1,4,4,F,Hindu,2,1,1,1,1,1,3,1,3,3,1,4,4,4,2,1,1,1,1,2,1,5,3,6,7,7,1,1,1,A5,-0.112698181,-0.383883296,-0.617747154,-0.504486918,0.6262552247471905,7,1,1.621549634144792,-1.5,4
171,A0548,5,A,5A,Hindu,Enemies,Enemy3,2,49,F,48,3,1,7,6,6,2,6,6,2,2,4,6,7,NA,2,3,5,1,1,4,2,1,NA,1,2,NA,1,2,4,7,4,3,3,4,1,1,1,1,4,4,F,Hindu,1,2,3,1,1,1,4,3,2,2,2,4,1,2,2,1,1,1,2,1,2,5,3,4,7,7,5,1,1,A5,-0.112698181,-0.383883296,-0.617747154,-0.504486918,0.6262552247471905,7,1,1.621549634144792,-1.5,4
172,A0549,5,A,5A,Hindu,Enemies,Enemy1,2,48,F,49,2,4,7,6,7,5,6,5,5,5,4,4,1,NA,2,1,2,3,1,1,1,1,4,3,2,2,1,2,4,1,2,2,1,1,1,2,1,2,5,3,F,Hindu,3,5,1,1,4,2,NA,1,2,NA,2,4,7,4,3,3,4,1,1,1,1,4,4,1,7,6,2,1,1,A5,-0.112698181,-0.383883296,-0.617747154,-0.504486918,0.6262552247471905,7,4,0.30591622948642044,-1.5,2
173,A0550,5,A,5A,Muslim,Enemies,Enemy1,2,43,F,50,1,1,7,7,2,7,7,7,6,5,3,6,8,NA,2,1,1,1,1,1,1,4,2,1,2,1,2,1,4,1,4,3,2,1,1,2,1,1,5,3,F,Muslim,1,1,1,1,1,1,3,4,1,1,1,4,7,5,1,1,1,1,1,1,1,5,5,NA,7,2,7,1,1,A5,-0.112698181,-0.383883296,-0.617747154,-0.504486918,0.6262552247471905,7,1,1.621549634144792,-1.5,5
174,A0551,5,A,5A,Hindu,Enemies,Enemy1,2,1,F,51,2,1,7,NA,7,4,7,6,NA,6,2,3,1,NA,2,2,4,3,1,3,1,1,3,1,4,1,1,1,4,4,4,2,1,1,1,2,1,1,5,2,M,Muslim,1,1,2,1,2,1,3,1,2,2,1,4,1,4,1,1,2,2,1,2,2,1,1,7,2,5,7,0,0,A5,-0.112698181,-0.383883296,-0.617747154,-0.504486918,0.6262552247471905,7,1,1.621549634144792,-1.5,3
175,A0551,5,A,5A,Hindu,Enemies,Enemy2,2,11,F,51,2,1,7,NA,7,4,7,6,NA,6,2,3,1,NA,2,2,4,3,1,3,1,1,3,1,4,1,1,1,4,4,4,2,1,1,1,2,1,1,5,2,M,Muslim,1,1,1,1,1,1,4,1,1,1,1,4,1,1,1,2,1,1,1,1,1,1,5,7,1,2,7,0,0,A5,-0.112698181,-0.383883296,-0.617747154,-0.504486918,0.6262552247471905,7,1,1.621549634144792,-1.5,3
176,A0551,5,A,5A,Hindu,Enemies,Enemy3,2,13,F,51,2,1,7,NA,7,4,7,6,NA,6,2,3,1,NA,2,2,4,3,1,3,1,1,3,1,4,1,1,1,4,4,4,2,1,1,1,2,1,1,5,2,M,Hindu,1,1,1,1,1,1,3,1,4,3,1,3,4,3,2,1,1,1,1,1,1,2,2,7,6,7,7,0,1,A5,-0.112698181,-0.383883296,-0.617747154,-0.504486918,0.6262552247471905,7,1,1.621549634144792,-1.5,3
177,A0551,5,A,5A,Hindu,Enemies,Enemy4,2,17,F,51,2,1,7,NA,7,4,7,6,NA,6,2,3,1,NA,2,2,4,3,1,3,1,1,3,1,4,1,1,1,4,4,4,2,1,1,1,2,1,1,5,2,M,Muslim,1,2,1,1,1,1,4,4,1,1,1,5,1,5,1,NA,1,1,2,1,1,1,5,6,6,6,7,0,0,A5,-0.112698181,-0.383883296,-0.617747154,-0.504486918,0.6262552247471905,7,1,1.621549634144792,-1.5,3
178,A0551,5,A,5A,Hindu,Enemies,Enemy5,2,21,F,51,2,1,7,NA,7,4,7,6,NA,6,2,3,1,NA,2,2,4,3,1,3,1,1,3,1,4,1,1,1,4,4,4,2,1,1,1,2,1,1,5,2,M,Muslim,2,1,1,1,3,1,4,2,1,1,1,4,1,4,2,3,2,5,1,1,1,3,2,7,6,1,7,0,0,A5,-0.112698181,-0.383883296,-0.617747154,-0.504486918,0.6262552247471905,7,1,1.621549634144792,-1.5,3
179,A0551,5,A,5A,Hindu,Enemies,Enemy6,2,24,F,51,2,1,7,NA,7,4,7,6,NA,6,2,3,1,NA,2,2,4,3,1,3,1,1,3,1,4,1,1,1,4,4,4,2,1,1,1,2,1,1,5,2,M,Hindu,1,1,1,2,1,1,2,1,1,1,1,4,4,4,5,1,1,1,1,1,1,3,3,7,1,7,1,0,1,A5,-0.112698181,-0.383883296,-0.617747154,-0.504486918,0.6262552247471905,7,1,1.621549634144792,-1.5,3
180,A0551,5,A,5A,Hindu,Enemies,Enemy7,2,28,F,51,2,1,7,NA,7,4,7,6,NA,6,2,3,1,NA,2,2,4,3,1,3,1,1,3,1,4,1,1,1,4,4,4,2,1,1,1,2,1,1,5,2,M,Muslim,3,2,5,1,3,1,4,1,5,1,2,4,1,4,3,1,1,1,1,5,1,5,5,7,1,5,6,0,0,A5,-0.112698181,-0.383883296,-0.617747154,-0.504486918,0.6262552247471905,7,1,1.621549634144792,-1.5,3
181,A0552,5,A,5A,Hindu,Enemies,Enemy1,2,1,F,52,2,2,7,7,7,1,6,5,4,7,7,3,8,NA,2,1,2,4,1,2,1,1,4,1,2,4,1,1,4,4,4,3,1,1,2,1,2,4,2,4,M,Muslim,1,1,2,1,2,1,3,1,2,2,1,4,1,4,1,1,2,2,1,2,2,1,1,7,2,5,7,0,0,A5,-0.112698181,-0.383883296,-0.617747154,-0.504486918,0.6262552247471905,7,2,1.183005165925335,-1.5,6
182,A0552,5,A,5A,Hindu,Enemies,Enemy2,2,2,F,52,2,2,7,7,7,1,6,5,4,7,7,3,8,NA,2,1,2,4,1,2,1,1,4,1,2,4,1,1,4,4,4,3,1,1,2,1,2,4,2,4,M,Muslim,1,2,1,1,1,1,1,1,1,5,1,4,4,4,2,2,1,1,1,1,1,1,2,7,5,6,7,0,0,A5,-0.112698181,-0.383883296,-0.617747154,-0.504486918,0.6262552247471905,7,2,1.183005165925335,-1.5,6
183,A0552,5,A,5A,Hindu,Enemies,Enemy3,2,3,F,52,2,2,7,7,7,1,6,5,4,7,7,3,8,NA,2,1,2,4,1,2,1,1,4,1,2,4,1,1,4,4,4,3,1,1,2,1,2,4,2,4,M,Muslim,1,1,1,1,2,1,4,1,1,1,3,4,4,4,3,1,1,1,1,1,3,3,1,7,6,2,7,0,0,A5,-0.112698181,-0.383883296,-0.617747154,-0.504486918,0.6262552247471905,7,2,1.183005165925335,-1.5,6
184,A0552,5,A,5A,Hindu,Enemies,Enemy4,2,45,F,52,2,2,7,7,7,1,6,5,4,7,7,3,8,NA,2,1,2,4,1,2,1,1,4,1,2,4,1,1,4,4,4,3,1,1,2,1,2,4,2,4,F,Hindu,3,2,2,1,1,1,3,1,5,4,1,4,4,6,2,3,4,1,2,2,2,4,1,6,7,7,2,1,1,A5,-0.112698181,-0.383883296,-0.617747154,-0.504486918,0.6262552247471905,7,2,1.183005165925335,-1.5,6
185,A0552,5,A,5A,Hindu,Enemies,Enemy5,2,50,F,52,2,2,7,7,7,1,6,5,4,7,7,3,8,NA,2,1,2,4,1,2,1,1,4,1,2,4,1,1,4,4,4,3,1,1,2,1,2,4,2,4,F,Muslim,1,1,1,1,1,1,2,1,2,1,1,4,1,4,3,2,1,1,2,1,1,5,3,1,7,2,7,1,0,A5,-0.112698181,-0.383883296,-0.617747154,-0.504486918,0.6262552247471905,7,2,1.183005165925335,-1.5,6
186,A0552,5,A,5A,Hindu,Enemies,Enemy6,2,55,F,52,2,2,7,7,7,1,6,5,4,7,7,3,8,NA,2,1,2,4,1,2,1,1,4,1,2,4,1,1,4,4,4,3,1,1,2,1,2,4,2,4,F,Hindu,1,1,2,2,2,1,2,1,4,3,1,4,3,2,3,4,1,2,1,2,1,4,3,1,4,6,4,1,1,A5,-0.112698181,-0.383883296,-0.617747154,-0.504486918,0.6262552247471905,7,2,1.183005165925335,-1.5,6
187,A0552,5,A,5A,Hindu,Enemies,Enemy7,2,56,F,52,2,2,7,7,7,1,6,5,4,7,7,3,8,NA,2,1,2,4,1,2,1,1,4,1,2,4,1,1,4,4,4,3,1,1,2,1,2,4,2,4,F,Hindu,2,3,1,1,2,1,2,1,1,2,2,3,4,2,2,2,1,1,1,1,2,1,2,6,7,5,6,1,1,A5,-0.112698181,-0.383883296,-0.617747154,-0.504486918,0.6262552247471905,7,2,1.183005165925335,-1.5,6
188,A0554,5,A,5A,Hindu,Enemies,Enemy1,2,41,F,54,1,1,7,6,7,6,7,7,4,7,6,5,8,NA,2,1,1,3,1,1,1,1,4,1,2,1,1,1,4,4,4,3,1,1,1,1,1,1,5,2,F,Hindu,2,1,1,1,1,1,3,1,3,3,1,4,4,4,2,1,1,1,1,2,1,5,3,6,7,7,1,1,1,A5,-0.112698181,-0.383883296,-0.617747154,-0.504486918,0.6262552247471905,7,1,1.621549634144792,-1.5,1
189,A0554,5,A,5A,Hindu,Enemies,Enemy2,2,64,F,54,1,1,7,6,7,6,7,7,4,7,6,5,8,NA,2,1,1,3,1,1,1,1,4,1,2,1,1,1,4,4,4,3,1,1,1,1,1,1,5,2,F,Muslim,4,1,3,2,2,1,4,1,1,1,1,4,4,4,4,1,3,5,1,1,1,3,5,2,4,2,7,1,0,A5,-0.112698181,-0.383883296,-0.617747154,-0.504486918,0.6262552247471905,7,1,1.621549634144792,-1.5,1
190,A0555,5,A,5A,Hindu,Enemies,Enemy1,2,42,F,55,2,1,4,6,6,4,7,7,5,3,6,2,8,NA,2,1,1,2,2,2,1,1,2,1,4,3,1,1,4,3,2,3,4,1,2,1,2,1,4,3,F,Hindu,1,3,1,1,2,1,4,1,1,4,1,4,5,5,2,1,4,2,1,2,2,4,4,1,7,7,3,1,1,A5,-0.112698181,-0.383883296,-0.617747154,-0.504486918,0.6262552247471905,4,1,0.30591622948642044,-1.5,2
191,A0558,5,A,5A,Muslim,Enemies,Enemy1,2,11,F,58,2,1,7,7,5,7,6,7,5,2,5,6,7,SUNY/MUSLIM,2,1,1,2,1,1,2,2,4,1,1,4,2,1,7,1,7,5,2,5,3,3,1,1,3,4,M,Muslim,1,1,1,1,1,1,4,1,1,1,1,4,1,1,1,2,1,1,1,1,1,1,5,7,1,2,7,0,1,A5,-0.112698181,-0.383883296,-0.617747154,-0.504486918,0.6262552247471905,7,1,1.621549634144792,-1.5,2
192,A0558,5,A,5A,Muslim,Enemies,Enemy2,2,12,F,58,2,1,7,7,5,7,6,7,5,2,5,6,7,SUNY/MUSLIM,2,1,1,2,1,1,2,2,4,1,1,4,2,1,7,1,7,5,2,5,3,3,1,1,3,4,M,Hindu,2,3,4,1,2,1,5,5,1,4,1,4,1,5,3,4,1,1,3,2,5,1,3,7,4,3,4,0,0,A5,-0.112698181,-0.383883296,-0.617747154,-0.504486918,0.6262552247471905,7,1,1.621549634144792,-1.5,2
193,A0558,5,A,5A,Muslim,Enemies,Enemy3,2,17,F,58,2,1,7,7,5,7,6,7,5,2,5,6,7,SUNY/MUSLIM,2,1,1,2,1,1,2,2,4,1,1,4,2,1,7,1,7,5,2,5,3,3,1,1,3,4,M,Muslim,1,2,1,1,1,1,4,4,1,1,1,5,1,5,1,NA,1,1,2,1,1,1,5,6,6,6,7,0,1,A5,-0.112698181,-0.383883296,-0.617747154,-0.504486918,0.6262552247471905,7,1,1.621549634144792,-1.5,2
194,A0558,5,A,5A,Muslim,Enemies,Enemy4,2,20,F,58,2,1,7,7,5,7,6,7,5,2,5,6,7,SUNY/MUSLIM,2,1,1,2,1,1,2,2,4,1,1,4,2,1,7,1,7,5,2,5,3,3,1,1,3,4,M,Muslim,3,1,1,1,3,2,4,2,1,2,1,4,1,5,3,1,2,2,3,2,3,4,3,6,4,1,7,0,1,A5,-0.112698181,-0.383883296,-0.617747154,-0.504486918,0.6262552247471905,7,1,1.621549634144792,-1.5,2
195,A0558,5,A,5A,Muslim,Enemies,Enemy5,2,44,F,58,2,1,7,7,5,7,6,7,5,2,5,6,7,SUNY/MUSLIM,2,1,1,2,1,1,2,2,4,1,1,4,2,1,7,1,7,5,2,5,3,3,1,1,3,4,F,Muslim,1,3,1,1,1,1,5,1,3,5,1,4,3,3,3,1,1,1,1,1,1,3,5,2,6,3,6,1,1,A5,-0.112698181,-0.383883296,-0.617747154,-0.504486918,0.6262552247471905,7,1,1.621549634144792,-1.5,2
196,A0558,5,A,5A,Muslim,Enemies,Enemy6,2,52,F,58,2,1,7,7,5,7,6,7,5,2,5,6,7,SUNY/MUSLIM,2,1,1,2,1,1,2,2,4,1,1,4,2,1,7,1,7,5,2,5,3,3,1,1,3,4,F,Hindu,1,2,4,1,2,1,4,1,2,4,1,4,4,4,3,1,1,2,1,2,4,2,4,2,7,7,1,1,0,A5,-0.112698181,-0.383883296,-0.617747154,-0.504486918,0.6262552247471905,7,1,1.621549634144792,-1.5,2
197,A0558,5,A,5A,Muslim,Enemies,Enemy7,2,55,F,58,2,1,7,7,5,7,6,7,5,2,5,6,7,SUNY/MUSLIM,2,1,1,2,1,1,2,2,4,1,1,4,2,1,7,1,7,5,2,5,3,3,1,1,3,4,F,Hindu,1,1,2,2,2,1,2,1,4,3,1,4,3,2,3,4,1,2,1,2,1,4,3,1,4,6,4,1,0,A5,-0.112698181,-0.383883296,-0.617747154,-0.504486918,0.6262552247471905,7,1,1.621549634144792,-1.5,2
198,A0559,5,A,5A,Muslim,Enemies,Enemy1,2,1,F,59,2,4,6,6,2,6,6,6,5,5,2,3,7,SUNNI,2,1,2,2,3,1,1,2,4,4,1,2,2,1,4,4,4,1,1,1,4,1,1,1,2,1,M,Muslim,1,1,2,1,2,1,3,1,2,2,1,4,1,4,1,1,2,2,1,2,2,1,1,7,2,5,7,0,1,A5,-0.112698181,-0.383883296,-0.617747154,-0.504486918,0.6262552247471905,6,4,-0.132628239,-1.5,4
199,A0559,5,A,5A,Muslim,Enemies,Enemy2,2,11,F,59,2,4,6,6,2,6,6,6,5,5,2,3,7,SUNNI,2,1,2,2,3,1,1,2,4,4,1,2,2,1,4,4,4,1,1,1,4,1,1,1,2,1,M,Muslim,1,1,1,1,1,1,4,1,1,1,1,4,1,1,1,2,1,1,1,1,1,1,5,7,1,2,7,0,1,A5,-0.112698181,-0.383883296,-0.617747154,-0.504486918,0.6262552247471905,6,4,-0.132628239,-1.5,4
200,A0559,5,A,5A,Muslim,Enemies,Enemy3,2,19,F,59,2,4,6,6,2,6,6,6,5,5,2,3,7,SUNNI,2,1,2,2,3,1,1,2,4,4,1,2,2,1,4,4,4,1,1,1,4,1,1,1,2,1,M,Muslim,1,1,1,1,1,1,1,1,1,1,1,1,1,7,5,1,1,2,1,1,1,5,1,7,1,1,7,0,1,A5,-0.112698181,-0.383883296,-0.617747154,-0.504486918,0.6262552247471905,6,4,-0.132628239,-1.5,4
201,A0559,5,A,5A,Muslim,Enemies,Enemy4,2,20,F,59,2,4,6,6,2,6,6,6,5,5,2,3,7,SUNNI,2,1,2,2,3,1,1,2,4,4,1,2,2,1,4,4,4,1,1,1,4,1,1,1,2,1,M,Muslim,3,1,1,1,3,2,4,2,1,2,1,4,1,5,3,1,2,2,3,2,3,4,3,6,4,1,7,0,1,A5,-0.112698181,-0.383883296,-0.617747154,-0.504486918,0.6262552247471905,6,4,-0.132628239,-1.5,4
202,A0559,5,A,5A,Muslim,Enemies,Enemy5,2,27,F,59,2,4,6,6,2,6,6,6,5,5,2,3,7,SUNNI,2,1,2,2,3,1,1,2,4,4,1,2,2,1,4,4,4,1,1,1,4,1,1,1,2,1,M,Muslim,2,1,1,1,1,1,3,1,1,1,1,4,3,3,2,1,2,1,1,1,1,5,5,7,1,1,7,0,1,A5,-0.112698181,-0.383883296,-0.617747154,-0.504486918,0.6262552247471905,6,4,-0.132628239,-1.5,4
203,A0559,5,A,5A,Muslim,Enemies,Enemy6,2,29,F,59,2,4,6,6,2,6,6,6,5,5,2,3,7,SUNNI,2,1,2,2,3,1,1,2,4,4,1,2,2,1,4,4,4,1,1,1,4,1,1,1,2,1,M,Muslim,NA,3,NA,2,3,1,4,1,1,5,1,7,7,7,1,1,3,1,1,1,5,1,3,7,7,NA,7,0,1,A5,-0.112698181,-0.383883296,-0.617747154,-0.504486918,0.6262552247471905,6,4,-0.132628239,-1.5,4
204,A0559,5,A,5A,Muslim,Enemies,Enemy7,2,32,F,59,2,4,6,6,2,6,6,6,5,5,2,3,7,SUNNI,2,1,2,2,3,1,1,2,4,4,1,2,2,1,4,4,4,1,1,1,4,1,1,1,2,1,M,Muslim,1,1,1,1,1,1,2,1,1,1,1,4,1,7,5,1,1,1,1,1,3,3,5,7,1,5,7,0,1,A5,-0.112698181,-0.383883296,-0.617747154,-0.504486918,0.6262552247471905,6,4,-0.132628239,-1.5,4
205,A0560,5,A,5A,Hindu,Enemies,Enemy1,2,12,F,60,1,1,7,5,7,7,5,6,6,1,7,1,1,NA,2,2,1,1,3,2,1,2,4,1,3,2,1,1,7,2,5,5,2,5,3,2,1,1,3,4,M,Hindu,2,3,4,1,2,1,5,5,1,4,1,4,1,5,3,4,1,1,3,2,5,1,3,7,4,3,4,0,1,A5,-0.112698181,-0.383883296,-0.617747154,-0.504486918,0.6262552247471905,7,1,1.621549634144792,-1.5,0
206,A0560,5,A,5A,Hindu,Enemies,Enemy2,2,17,F,60,1,1,7,5,7,7,5,6,6,1,7,1,1,NA,2,2,1,1,3,2,1,2,4,1,3,2,1,1,7,2,5,5,2,5,3,2,1,1,3,4,M,Muslim,1,2,1,1,1,1,4,4,1,1,1,5,1,5,1,NA,1,1,2,1,1,1,5,6,6,6,7,0,0,A5,-0.112698181,-0.383883296,-0.617747154,-0.504486918,0.6262552247471905,7,1,1.621549634144792,-1.5,0
207,A0560,5,A,5A,Hindu,Enemies,Enemy3,2,24,F,60,1,1,7,5,7,7,5,6,6,1,7,1,1,NA,2,2,1,1,3,2,1,2,4,1,3,2,1,1,7,2,5,5,2,5,3,2,1,1,3,4,M,Hindu,1,1,1,2,1,1,2,1,1,1,1,4,4,4,5,1,1,1,1,1,1,3,3,7,1,7,1,0,1,A5,-0.112698181,-0.383883296,-0.617747154,-0.504486918,0.6262552247471905,7,1,1.621549634144792,-1.5,0
208,A0560,5,A,5A,Hindu,Enemies,Enemy4,2,39,F,60,1,1,7,5,7,7,5,6,6,1,7,1,1,NA,2,2,1,1,3,2,1,2,4,1,3,2,1,1,7,2,5,5,2,5,3,2,1,1,3,4,F,Muslim,1,1,1,1,1,1,1,4,4,4,2,7,7,7,1,1,5,1,1,1,1,3,1,2,7,6,6,1,0,A5,-0.112698181,-0.383883296,-0.617747154,-0.504486918,0.6262552247471905,7,1,1.621549634144792,-1.5,0
209,A0560,5,A,5A,Hindu,Enemies,Enemy5,2,43,F,60,1,1,7,5,7,7,5,6,6,1,7,1,1,NA,2,2,1,1,3,2,1,2,4,1,3,2,1,1,7,2,5,5,2,5,3,2,1,1,3,4,F,Muslim,1,1,1,1,1,1,3,4,1,1,1,4,7,5,1,1,1,1,1,1,1,5,5,NA,7,2,7,1,0,A5,-0.112698181,-0.383883296,-0.617747154,-0.504486918,0.6262552247471905,7,1,1.621549634144792,-1.5,0
210,A0560,5,A,5A,Hindu,Enemies,Enemy6,2,45,F,60,1,1,7,5,7,7,5,6,6,1,7,1,1,NA,2,2,1,1,3,2,1,2,4,1,3,2,1,1,7,2,5,5,2,5,3,2,1,1,3,4,F,Hindu,3,2,2,1,1,1,3,1,5,4,1,4,4,6,2,3,4,1,2,2,2,4,1,6,7,7,2,1,1,A5,-0.112698181,-0.383883296,-0.617747154,-0.504486918,0.6262552247471905,7,1,1.621549634144792,-1.5,0
211,A0560,5,A,5A,Hindu,Enemies,Enemy7,2,47,F,60,1,1,7,5,7,7,5,6,6,1,7,1,1,NA,2,2,1,1,3,2,1,2,4,1,3,2,1,1,7,2,5,5,2,5,3,2,1,1,3,4,F,Hindu,1,1,2,1,1,1,3,3,4,2,3,4,4,4,1,1,1,1,1,1,1,5,3,4,7,6,6,1,1,A5,-0.112698181,-0.383883296,-0.617747154,-0.504486918,0.6262552247471905,7,1,1.621549634144792,-1.5,0
212,A0563,5,A,5A,Hindu,Enemies,Enemy1,2,45,F,63,5,2,6,6,7,1,6,7,5,6,5,3,1,NA,2,2,2,4,1,2,1,1,3,1,3,5,1,1,4,4,4,3,1,1,2,1,1,1,4,4,F,Hindu,3,2,2,1,1,1,3,1,5,4,1,4,4,6,2,3,4,1,2,2,2,4,1,6,7,7,2,1,1,A5,-0.112698181,-0.383883296,-0.617747154,-0.504486918,0.6262552247471905,6,2,0.7444606977058776,-1.5,6
213,A0563,5,A,5A,Hindu,Enemies,Enemy2,2,48,F,63,5,2,6,6,7,1,6,7,5,6,5,3,1,NA,2,2,2,4,1,2,1,1,3,1,3,5,1,1,4,4,4,3,1,1,2,1,1,1,4,4,F,Hindu,3,5,1,1,4,2,NA,1,2,NA,2,4,7,4,3,3,4,1,1,1,1,4,4,1,7,6,2,1,1,A5,-0.112698181,-0.383883296,-0.617747154,-0.504486918,0.6262552247471905,6,2,0.7444606977058776,-1.5,6
214,A0564,5,A,5A,Muslim,Enemies,Enemy1,2,9,F,64,2,2,4,7,2,7,6,4,5,5,3,1,7,SUNNE,2,4,1,3,2,2,1,1,4,1,1,1,2,1,4,4,4,4,1,3,5,1,1,1,3,5,M,Hindu,1,1,1,1,1,1,3,1,5,2,3,4,2,3,1,1,1,1,2,1,5,5,2,6,2,7,1,0,0,A5,-0.112698181,-0.383883296,-0.617747154,-0.504486918,0.6262552247471905,4,2,-0.132628239,-1.5,5
215,A0564,5,A,5A,Muslim,Enemies,Enemy2,2,11,F,64,2,2,4,7,2,7,6,4,5,5,3,1,7,SUNNE,2,4,1,3,2,2,1,1,4,1,1,1,2,1,4,4,4,4,1,3,5,1,1,1,3,5,M,Muslim,1,1,1,1,1,1,4,1,1,1,1,4,1,1,1,2,1,1,1,1,1,1,5,7,1,2,7,0,1,A5,-0.112698181,-0.383883296,-0.617747154,-0.504486918,0.6262552247471905,4,2,-0.132628239,-1.5,5
216,A0564,5,A,5A,Muslim,Enemies,Enemy3,2,13,F,64,2,2,4,7,2,7,6,4,5,5,3,1,7,SUNNE,2,4,1,3,2,2,1,1,4,1,1,1,2,1,4,4,4,4,1,3,5,1,1,1,3,5,M,Hindu,1,1,1,1,1,1,3,1,4,3,1,3,4,3,2,1,1,1,1,1,1,2,2,7,6,7,7,0,0,A5,-0.112698181,-0.383883296,-0.617747154,-0.504486918,0.6262552247471905,4,2,-0.132628239,-1.5,5
217,A0564,5,A,5A,Muslim,Enemies,Enemy4,2,33,F,64,2,2,4,7,2,7,6,4,5,5,3,1,7,SUNNE,2,4,1,3,2,2,1,1,4,1,1,1,2,1,4,4,4,4,1,3,5,1,1,1,3,5,M,Hindu,1,1,1,1,1,1,3,1,1,2,1,4,6,7,1,1,1,1,1,1,5,5,1,7,1,7,5,0,0,A5,-0.112698181,-0.383883296,-0.617747154,-0.504486918,0.6262552247471905,4,2,-0.132628239,-1.5,5
218,A0564,5,A,5A,Muslim,Enemies,Enemy5,2,35,F,64,2,2,4,7,2,7,6,4,5,5,3,1,7,SUNNE,2,4,1,3,2,2,1,1,4,1,1,1,2,1,4,4,4,4,1,3,5,1,1,1,3,5,M,NA,NA,NA,NA,NA,NA,NA,NA,NA,NA,NA,NA,NA,NA,NA,NA,NA,NA,NA,NA,NA,NA,NA,NA,NA,NA,NA,NA,0,NA,A5,-0.112698181,-0.383883296,-0.617747154,-0.504486918,0.6262552247471905,4,2,-0.132628239,-1.5,5
219,A0564,5,A,5A,Muslim,Enemies,Enemy6,2,42,F,64,2,2,4,7,2,7,6,4,5,5,3,1,7,SUNNE,2,4,1,3,2,2,1,1,4,1,1,1,2,1,4,4,4,4,1,3,5,1,1,1,3,5,F,Hindu,1,3,1,1,2,1,4,1,1,4,1,4,5,5,2,1,4,2,1,2,2,4,4,1,7,7,3,1,0,A5,-0.112698181,-0.383883296,-0.617747154,-0.504486918,0.6262552247471905,4,2,-0.132628239,-1.5,5
220,A0564,5,A,5A,Muslim,Enemies,Enemy7,2,49,F,64,2,2,4,7,2,7,6,4,5,5,3,1,7,SUNNE,2,4,1,3,2,2,1,1,4,1,1,1,2,1,4,4,4,4,1,3,5,1,1,1,3,5,F,Hindu,1,2,3,1,1,1,4,3,2,2,2,4,1,2,2,1,1,1,2,1,2,5,3,4,7,7,5,1,0,A5,-0.112698181,-0.383883296,-0.617747154,-0.504486918,0.6262552247471905,4,2,-0.132628239,-1.5,5
221,B0501,5,B,5B,Hindu,Enemies,Enemy1,2,6,M,1,4,7,6,2,6,6,5,5,5,5,7,4,8,NA,1,5,5,4,3,5,2,4,4,5,5,4,1,4,6,4,4,1,1,1,2,1,1,1,5,3,M,NA,NA,NA,NA,NA,NA,NA,NA,NA,NA,NA,NA,NA,NA,NA,NA,NA,NA,NA,NA,NA,NA,NA,NA,NA,NA,NA,NA,1,NA,B5,-0.289008224,-0.383883296,3.381029649741889,-0.268344105,0.3709390933128517,7,6,-0.571172707,-1.5,0
222,B0501,5,B,5B,Hindu,Enemies,Enemy2,2,12,M,1,4,7,6,2,6,6,5,5,5,5,7,4,8,NA,1,5,5,4,3,5,2,4,4,5,5,4,1,4,6,4,4,1,1,1,2,1,1,1,5,3,M,Hindu,1,1,2,1,1,1,4,1,5,2,1,4,4,1,2,1,1,1,1,1,1,5,1,7,1,7,1,1,1,B5,-0.289008224,-0.383883296,3.381029649741889,-0.268344105,0.3709390933128517,7,6,-0.571172707,-1.5,0
223,B0501,5,B,5B,Hindu,Enemies,Enemy3,2,33,M,1,4,7,6,2,6,6,5,5,5,5,7,4,8,NA,1,5,5,4,3,5,2,4,4,5,5,4,1,4,6,4,4,1,1,1,2,1,1,1,5,3,M,Hindu,1,5,1,1,1,1,2,1,2,1,1,6,4,5,1,5,4,1,2,5,3,1,3,7,1,7,1,1,1,B5,-0.289008224,-0.383883296,3.381029649741889,-0.268344105,0.3709390933128517,7,6,-0.571172707,-1.5,0
224,B0501,5,B,5B,Hindu,Enemies,Enemy4,2,43,M,1,4,7,6,2,6,6,5,5,5,5,7,4,8,NA,1,5,5,4,3,5,2,4,4,5,5,4,1,4,6,4,4,1,1,1,2,1,1,1,5,3,F,Muslim,3,1,1,1,1,1,3,1,1,1,1,4,4,4,3,1,2,2,1,1,2,5,3,1,7,4,7,0,0,B5,-0.289008224,-0.383883296,3.381029649741889,-0.268344105,0.3709390933128517,7,6,-0.571172707,-1.5,0
225,B0501,5,B,5B,Hindu,Enemies,Enemy5,2,51,M,1,4,7,6,2,6,6,5,5,5,5,7,4,8,NA,1,5,5,4,3,5,2,4,4,5,5,4,1,4,6,4,4,1,1,1,2,1,1,1,5,3,F,Hindu,2,2,2,1,1,1,3,3,2,2,1,4,4,3,3,2,2,2,2,1,1,5,2,4,7,6,5,0,1,B5,-0.289008224,-0.383883296,3.381029649741889,-0.268344105,0.3709390933128517,7,6,-0.571172707,-1.5,0
226,B0501,5,B,5B,Hindu,Enemies,Enemy6,2,59,M,1,4,7,6,2,6,6,5,5,5,5,7,4,8,NA,1,5,5,4,3,5,2,4,4,5,5,4,1,4,6,4,4,1,1,1,2,1,1,1,5,3,F,Hindu,1,1,1,1,1,1,4,1,3,2,1,3,1,1,1,1,1,2,1,1,2,4,3,1,7,7,6,0,1,B5,-0.289008224,-0.383883296,3.381029649741889,-0.268344105,0.3709390933128517,7,6,-0.571172707,-1.5,0
227,B0501,5,B,5B,Hindu,Enemies,Enemy7,2,64,M,1,4,7,6,2,6,6,5,5,5,5,7,4,8,NA,1,5,5,4,3,5,2,4,4,5,5,4,1,4,6,4,4,1,1,1,2,1,1,1,5,3,F,other,1,1,4,2,1,1,4,2,1,1,1,4,4,4,4,1,1,1,1,1,NA,5,5,1,7,4,7,0,0,B5,-0.289008224,-0.383883296,3.381029649741889,-0.268344105,0.3709390933128517,7,6,-0.571172707,-1.5,0
228,B0504,5,B,5B,Muslim,Enemies,Enemy1,2,19,M,4,5,6,6,6,6,7,7,6,6,5,6,6,7,SUNNI,1,1,1,2,1,1,1,2,3,1,1,1,2,1,4,2,4,1,1,1,2,2,1,1,5,5,M,Hindu,1,4,2,1,2,1,4,1,5,2,1,4,4,2,3,2,1,2,3,1,2,5,3,4,4,7,3,1,0,B5,-0.289008224,-0.383883296,3.381029649741889,-0.268344105,0.3709390933128517,6,6,-1.009717175,-1.5,1
229,B0504,5,B,5B,Muslim,Enemies,Enemy2,2,30,M,4,5,6,6,6,6,7,7,6,6,5,6,6,7,SUNNI,1,1,1,2,1,1,1,2,3,1,1,1,2,1,4,2,4,1,1,1,2,2,1,1,5,5,M,Muslim,2,1,3,2,2,1,3,1,2,2,3,7,7,7,2,1,1,1,1,1,1,5,3,7,1,7,6,1,1,B5,-0.289008224,-0.383883296,3.381029649741889,-0.268344105,0.3709390933128517,6,6,-1.009717175,-1.5,1
230,B0504,5,B,5B,Muslim,Enemies,Enemy3,2,32,M,4,5,6,6,6,6,7,7,6,6,5,6,6,7,SUNNI,1,1,1,2,1,1,1,2,3,1,1,1,2,1,4,2,4,1,1,1,2,2,1,1,5,5,M,Hindu,1,1,1,1,1,1,4,1,5,3,1,4,4,4,1,1,1,1,3,1,1,5,1,7,1,7,5,1,0,B5,-0.289008224,-0.383883296,3.381029649741889,-0.268344105,0.3709390933128517,6,6,-1.009717175,-1.5,1
231,B0504,5,B,5B,Muslim,Enemies,Enemy4,2,42,M,4,5,6,6,6,6,7,7,6,6,5,6,6,7,SUNNI,1,1,1,2,1,1,1,2,3,1,1,1,2,1,4,2,4,1,1,1,2,2,1,1,5,5,F,Hindu,1,4,1,1,1,1,4,1,2,1,1,4,4,7,1,1,1,1,1,1,1,5,3,4,4,7,6,0,0,B5,-0.289008224,-0.383883296,3.381029649741889,-0.268344105,0.3709390933128517,6,6,-1.009717175,-1.5,1
232,B0504,5,B,5B,Muslim,Enemies,Enemy5,2,58,M,4,5,6,6,6,6,7,7,6,6,5,6,6,7,SUNNI,1,1,1,2,1,1,1,2,3,1,1,1,2,1,4,2,4,1,1,1,2,2,1,1,5,5,F,Hindu,1,1,1,1,1,1,4,1,3,3,1,4,4,4,1,1,1,2,1,1,1,5,5,1,7,7,5,0,0,B5,-0.289008224,-0.383883296,3.381029649741889,-0.268344105,0.3709390933128517,6,6,-1.009717175,-1.5,1
233,B0504,5,B,5B,Muslim,Enemies,Enemy6,2,59,M,4,5,6,6,6,6,7,7,6,6,5,6,6,7,SUNNI,1,1,1,2,1,1,1,2,3,1,1,1,2,1,4,2,4,1,1,1,2,2,1,1,5,5,F,Hindu,1,1,1,1,1,1,4,1,3,2,1,3,1,1,1,1,1,2,1,1,2,4,3,1,7,7,6,0,0,B5,-0.289008224,-0.383883296,3.381029649741889,-0.268344105,0.3709390933128517,6,6,-1.009717175,-1.5,1
234,B0505,5,B,5B,Muslim,Enemies,Enemy1,2,1,M,5,5,7,1,4,NA,2,6,4,5,6,3,5,8,NA,1,2,2,3,1,1,1,1,3,2,1,1,2,1,4,2,4,1,2,4,1,3,1,1,4,5,M,Hindu,5,5,4,3,5,2,4,5,5,4,4,6,4,4,1,1,1,2,1,1,1,5,3,7,6,6,6,1,0,B5,-0.289008224,-0.383883296,3.381029649741889,-0.268344105,0.3709390933128517,7,1,1.621549634144792,-1.5,NA
235,B0505,5,B,5B,Muslim,Enemies,Enemy2,2,15,M,5,5,7,1,4,NA,2,6,4,5,6,3,5,8,NA,1,2,2,3,1,1,1,1,3,2,1,1,2,1,4,2,4,1,2,4,1,3,1,1,4,5,M,Muslim,1,1,1,1,1,1,4,1,1,1,1,4,1,1,1,1,1,1,1,5,1,5,3,7,6,1,4,1,1,B5,-0.289008224,-0.383883296,3.381029649741889,-0.268344105,0.3709390933128517,7,1,1.621549634144792,-1.5,NA
236,B0505,5,B,5B,Muslim,Enemies,Enemy3,2,18,M,5,5,7,1,4,NA,2,6,4,5,6,3,5,8,NA,1,2,2,3,1,1,1,1,3,2,1,1,2,1,4,2,4,1,2,4,1,3,1,1,4,5,M,Muslim,1,1,2,1,1,1,4,1,1,1,1,4,3,4,1,1,1,2,1,1,2,4,3,6,4,6,6,1,1,B5,-0.289008224,-0.383883296,3.381029649741889,-0.268344105,0.3709390933128517,7,1,1.621549634144792,-1.5,NA
237,B0505,5,B,5B,Muslim,Enemies,Enemy4,2,19,M,5,5,7,1,4,NA,2,6,4,5,6,3,5,8,NA,1,2,2,3,1,1,1,1,3,2,1,1,2,1,4,2,4,1,2,4,1,3,1,1,4,5,M,Hindu,1,4,2,1,2,1,4,1,5,2,1,4,4,2,3,2,1,2,3,1,2,5,3,4,4,7,3,1,0,B5,-0.289008224,-0.383883296,3.381029649741889,-0.268344105,0.3709390933128517,7,1,1.621549634144792,-1.5,NA
238,B0505,5,B,5B,Muslim,Enemies,Enemy5,2,27,M,5,5,7,1,4,NA,2,6,4,5,6,3,5,8,NA,1,2,2,3,1,1,1,1,3,2,1,1,2,1,4,2,4,1,2,4,1,3,1,1,4,5,M,other,1,1,1,1,1,1,4,1,5,1,1,4,4,4,1,1,1,2,1,1,1,5,1,7,7,7,7,1,0,B5,-0.289008224,-0.383883296,3.381029649741889,-0.268344105,0.3709390933128517,7,1,1.621549634144792,-1.5,NA
239,B0505,5,B,5B,Muslim,Enemies,Enemy6,2,36,M,5,5,7,1,4,NA,2,6,4,5,6,3,5,8,NA,1,2,2,3,1,1,1,1,3,2,1,1,2,1,4,2,4,1,2,4,1,3,1,1,4,5,M,Muslim,1,1,1,1,1,1,1,1,1,1,1,4,3,4,1,3,1,1,1,2,1,4,2,7,1,4,4,1,1,B5,-0.289008224,-0.383883296,3.381029649741889,-0.268344105,0.3709390933128517,7,1,1.621549634144792,-1.5,NA
240,B0507,5,B,5B,Hindu,Enemies,Enemy1,2,6,M,7,1,6,5,6,7,6,7,5,6,7,5,5,8,NA,1,1,1,1,1,2,1,4,4,1,2,1,1,1,6,7,6,1,1,1,1,1,1,1,3,2,M,NA,NA,NA,NA,NA,NA,NA,NA,NA,NA,NA,NA,NA,NA,NA,NA,NA,NA,NA,NA,NA,NA,NA,NA,NA,NA,NA,NA,1,NA,B5,-0.289008224,-0.383883296,3.381029649741889,-0.268344105,0.3709390933128517,6,5,-0.571172707,-1.5,1
241,B0507,5,B,5B,Hindu,Enemies,Enemy2,2,33,M,7,1,6,5,6,7,6,7,5,6,7,5,5,8,NA,1,1,1,1,1,2,1,4,4,1,2,1,1,1,6,7,6,1,1,1,1,1,1,1,3,2,M,Hindu,1,5,1,1,1,1,2,1,2,1,1,6,4,5,1,5,4,1,2,5,3,1,3,7,1,7,1,1,1,B5,-0.289008224,-0.383883296,3.381029649741889,-0.268344105,0.3709390933128517,6,5,-0.571172707,-1.5,1
242,B0508,5,B,5B,Hindu,Enemies,Enemy1,2,2,M,8,2,7,3,3,6,3,4,7,1,3,6,2,8,NA,1,1,3,2,3,2,1,1,4,1,2,3,1,1,4,5,6,2,1,2,1,1,2,1,4,3,M,Muslim,1,1,1,1,1,1,1,2,1,2,1,5,4,4,1,1,1,1,1,1,1,1,5,7,4,5,7,1,0,B5,-0.289008224,-0.383883296,3.381029649741889,-0.268344105,0.3709390933128517,7,3,0.7444606977058776,-1.5,3
243,B0508,5,B,5B,Hindu,Enemies,Enemy2,2,12,M,8,2,7,3,3,6,3,4,7,1,3,6,2,8,NA,1,1,3,2,3,2,1,1,4,1,2,3,1,1,4,5,6,2,1,2,1,1,2,1,4,3,M,Hindu,1,1,2,1,1,1,4,1,5,2,1,4,4,1,2,1,1,1,1,1,1,5,1,7,1,7,1,1,1,B5,-0.289008224,-0.383883296,3.381029649741889,-0.268344105,0.3709390933128517,7,3,0.7444606977058776,-1.5,3
244,B0508,5,B,5B,Hindu,Enemies,Enemy3,2,20,M,8,2,7,3,3,6,3,4,7,1,3,6,2,8,NA,1,1,3,2,3,2,1,1,4,1,2,3,1,1,4,5,6,2,1,2,1,1,2,1,4,3,M,Hindu,2,1,2,1,1,1,3,2,5,2,1,4,2,2,2,1,1,1,1,1,1,5,3,7,6,7,6,1,1,B5,-0.289008224,-0.383883296,3.381029649741889,-0.268344105,0.3709390933128517,7,3,0.7444606977058776,-1.5,3
245,B0508,5,B,5B,Hindu,Enemies,Enemy4,2,25,M,8,2,7,3,3,6,3,4,7,1,3,6,2,8,NA,1,1,3,2,3,2,1,1,4,1,2,3,1,1,4,5,6,2,1,2,1,1,2,1,4,3,M,Hindu,2,1,1,1,3,1,4,1,5,2,1,1,1,2,1,1,1,2,1,1,2,5,4,7,4,7,4,1,1,B5,-0.289008224,-0.383883296,3.381029649741889,-0.268344105,0.3709390933128517,7,3,0.7444606977058776,-1.5,3
246,B0508,5,B,5B,Hindu,Enemies,Enemy5,2,35,M,8,2,7,3,3,6,3,4,7,1,3,6,2,8,NA,1,1,3,2,3,2,1,1,4,1,2,3,1,1,4,5,6,2,1,2,1,1,2,1,4,3,M,Hindu,1,1,1,1,1,1,4,1,4,4,1,4,4,4,1,1,1,1,1,1,1,5,3,7,7,7,5,1,1,B5,-0.289008224,-0.383883296,3.381029649741889,-0.268344105,0.3709390933128517,7,3,0.7444606977058776,-1.5,3
247,B0510,5,B,5B,Hindu,Enemies,Enemy1,2,5,M,10,3,6,5,5,7,3,7,6,6,6,6,1,7,MOCHI,1,1,2,2,2,1,1,1,4,1,1,2,1,1,4,4,4,3,2,1,1,1,1,2,5,3,M,Muslim,2,2,3,1,1,1,3,2,1,1,1,4,2,4,1,2,4,1,3,1,1,4,5,7,1,NA,2,1,0,B5,-0.289008224,-0.383883296,3.381029649741889,-0.268344105,0.3709390933128517,6,5,-0.571172707,-1.5,4
248,B0510,5,B,5B,Hindu,Enemies,Enemy2,2,12,M,10,3,6,5,5,7,3,7,6,6,6,6,1,7,MOCHI,1,1,2,2,2,1,1,1,4,1,1,2,1,1,4,4,4,3,2,1,1,1,1,2,5,3,M,Hindu,1,1,2,1,1,1,4,1,5,2,1,4,4,1,2,1,1,1,1,1,1,5,1,7,1,7,1,1,1,B5,-0.289008224,-0.383883296,3.381029649741889,-0.268344105,0.3709390933128517,6,5,-0.571172707,-1.5,4
249,B0510,5,B,5B,Hindu,Enemies,Enemy3,2,16,M,10,3,6,5,5,7,3,7,6,6,6,6,1,7,MOCHI,1,1,2,2,2,1,1,1,4,1,1,2,1,1,4,4,4,3,2,1,1,1,1,2,5,3,M,Hindu,1,3,2,1,1,1,1,1,2,2,1,4,7,2,1,1,1,1,1,1,1,5,3,7,6,7,4,1,1,B5,-0.289008224,-0.383883296,3.381029649741889,-0.268344105,0.3709390933128517,6,5,-0.571172707,-1.5,4
250,B0510,5,B,5B,Hindu,Enemies,Enemy4,2,20,M,10,3,6,5,5,7,3,7,6,6,6,6,1,7,MOCHI,1,1,2,2,2,1,1,1,4,1,1,2,1,1,4,4,4,3,2,1,1,1,1,2,5,3,M,Hindu,2,1,2,1,1,1,3,2,5,2,1,4,2,2,2,1,1,1,1,1,1,5,3,7,6,7,6,1,1,B5,-0.289008224,-0.383883296,3.381029649741889,-0.268344105,0.3709390933128517,6,5,-0.571172707,-1.5,4
251,B0510,5,B,5B,Hindu,Enemies,Enemy5,2,21,M,10,3,6,5,5,7,3,7,6,6,6,6,1,7,MOCHI,1,1,2,2,2,1,1,1,4,1,1,2,1,1,4,4,4,3,2,1,1,1,1,2,5,3,M,Hindu,4,3,5,1,4,1,4,1,2,2,3,5,3,4,1,1,1,1,1,1,1,5,4,6,6,6,6,1,1,B5,-0.289008224,-0.383883296,3.381029649741889,-0.268344105,0.3709390933128517,6,5,-0.571172707,-1.5,4
252,B0510,5,B,5B,Hindu,Enemies,Enemy6,2,24,M,10,3,6,5,5,7,3,7,6,6,6,6,1,7,MOCHI,1,1,2,2,2,1,1,1,4,1,1,2,1,1,4,4,4,3,2,1,1,1,1,2,5,3,M,Hindu,1,1,1,1,1,1,4,1,5,3,1,4,7,3,1,2,1,1,1,3,1,5,5,7,6,7,5,1,1,B5,-0.289008224,-0.383883296,3.381029649741889,-0.268344105,0.3709390933128517,6,5,-0.571172707,-1.5,4
253,B0512,5,B,5B,Hindu,Enemies,Enemy1,2,1,M,12,NA,7,1,7,7,1,7,7,5,6,3,6,8,NA,1,1,1,2,1,1,1,1,4,1,5,2,1,1,4,4,1,2,1,1,1,1,1,1,5,1,M,Hindu,5,5,4,3,5,2,4,5,5,4,4,6,4,4,1,1,1,2,1,1,1,5,3,7,6,6,6,1,1,B5,-0.289008224,-0.383883296,3.381029649741889,-0.268344105,0.3709390933128517,7,1,1.621549634144792,-1.5,6
254,B0512,5,B,5B,Hindu,Enemies,Enemy2,2,2,M,12,NA,7,1,7,7,1,7,7,5,6,3,6,8,NA,1,1,1,2,1,1,1,1,4,1,5,2,1,1,4,4,1,2,1,1,1,1,1,1,5,1,M,Muslim,1,1,1,1,1,1,1,2,1,2,1,5,4,4,1,1,1,1,1,1,1,1,5,7,4,5,7,1,0,B5,-0.289008224,-0.383883296,3.381029649741889,-0.268344105,0.3709390933128517,7,1,1.621549634144792,-1.5,6
255,B0512,5,B,5B,Hindu,Enemies,Enemy3,2,6,M,12,NA,7,1,7,7,1,7,7,5,6,3,6,8,NA,1,1,1,2,1,1,1,1,4,1,5,2,1,1,4,4,1,2,1,1,1,1,1,1,5,1,M,NA,NA,NA,NA,NA,NA,NA,NA,NA,NA,NA,NA,NA,NA,NA,NA,NA,NA,NA,NA,NA,NA,NA,NA,NA,NA,NA,NA,1,NA,B5,-0.289008224,-0.383883296,3.381029649741889,-0.268344105,0.3709390933128517,7,1,1.621549634144792,-1.5,6
256,B0512,5,B,5B,Hindu,Enemies,Enemy4,2,13,M,12,NA,7,1,7,7,1,7,7,5,6,3,6,8,NA,1,1,1,2,1,1,1,1,4,1,5,2,1,1,4,4,1,2,1,1,1,1,1,1,5,1,M,Hindu,2,2,4,1,3,1,4,1,5,1,1,4,4,4,1,2,1,1,1,1,1,5,3,7,4,7,4,1,1,B5,-0.289008224,-0.383883296,3.381029649741889,-0.268344105,0.3709390933128517,7,1,1.621549634144792,-1.5,6
257,B0512,5,B,5B,Hindu,Enemies,Enemy5,2,30,M,12,NA,7,1,7,7,1,7,7,5,6,3,6,8,NA,1,1,1,2,1,1,1,1,4,1,5,2,1,1,4,4,1,2,1,1,1,1,1,1,5,1,M,Muslim,2,1,3,2,2,1,3,1,2,2,3,7,7,7,2,1,1,1,1,1,1,5,3,7,1,7,6,1,0,B5,-0.289008224,-0.383883296,3.381029649741889,-0.268344105,0.3709390933128517,7,1,1.621549634144792,-1.5,6
258,B0512,5,B,5B,Hindu,Enemies,Enemy6,2,32,M,12,NA,7,1,7,7,1,7,7,5,6,3,6,8,NA,1,1,1,2,1,1,1,1,4,1,5,2,1,1,4,4,1,2,1,1,1,1,1,1,5,1,M,Hindu,1,1,1,1,1,1,4,1,5,3,1,4,4,4,1,1,1,1,3,1,1,5,1,7,1,7,5,1,1,B5,-0.289008224,-0.383883296,3.381029649741889,-0.268344105,0.3709390933128517,7,1,1.621549634144792,-1.5,6
259,B0512,5,B,5B,Hindu,Enemies,Enemy7,2,33,M,12,NA,7,1,7,7,1,7,7,5,6,3,6,8,NA,1,1,1,2,1,1,1,1,4,1,5,2,1,1,4,4,1,2,1,1,1,1,1,1,5,1,M,Hindu,1,5,1,1,1,1,2,1,2,1,1,6,4,5,1,5,4,1,2,5,3,1,3,7,1,7,1,1,1,B5,-0.289008224,-0.383883296,3.381029649741889,-0.268344105,0.3709390933128517,7,1,1.621549634144792,-1.5,6
260,B0512,5,B,5B,Hindu,Enemies,Enemy8,2,57,M,12,NA,7,1,7,7,1,7,7,5,6,3,6,8,NA,1,1,1,2,1,1,1,1,4,1,5,2,1,1,4,4,1,2,1,1,1,1,1,1,5,1,F,Hindu,1,1,1,1,1,1,4,1,5,3,1,4,4,4,1,1,1,2,1,2,1,2,2,4,4,6,4,0,1,B5,-0.289008224,-0.383883296,3.381029649741889,-0.268344105,0.3709390933128517,7,1,1.621549634144792,-1.5,6
261,B0512,5,B,5B,Hindu,Enemies,Enemy9,2,58,M,12,NA,7,1,7,7,1,7,7,5,6,3,6,8,NA,1,1,1,2,1,1,1,1,4,1,5,2,1,1,4,4,1,2,1,1,1,1,1,1,5,1,F,Hindu,1,1,1,1,1,1,4,1,3,3,1,4,4,4,1,1,1,2,1,1,1,5,5,1,7,7,5,0,1,B5,-0.289008224,-0.383883296,3.381029649741889,-0.268344105,0.3709390933128517,7,1,1.621549634144792,-1.5,6
262,B0512,5,B,5B,Hindu,Enemies,Enemy10,2,59,M,12,NA,7,1,7,7,1,7,7,5,6,3,6,8,NA,1,1,1,2,1,1,1,1,4,1,5,2,1,1,4,4,1,2,1,1,1,1,1,1,5,1,F,Hindu,1,1,1,1,1,1,4,1,3,2,1,3,1,1,1,1,1,2,1,1,2,4,3,1,7,7,6,0,1,B5,-0.289008224,-0.383883296,3.381029649741889,-0.268344105,0.3709390933128517,7,1,1.621549634144792,-1.5,6
263,B0512,5,B,5B,Hindu,Enemies,Enemy11,2,65,M,12,NA,7,1,7,7,1,7,7,5,6,3,6,8,NA,1,1,1,2,1,1,1,1,4,1,5,2,1,1,4,4,1,2,1,1,1,1,1,1,5,1,F,Hindu,1,1,1,1,1,1,4,1,1,3,1,4,1,3,5,3,2,2,1,1,2,5,5,1,7,7,6,0,1,B5,-0.289008224,-0.383883296,3.381029649741889,-0.268344105,0.3709390933128517,7,1,1.621549634144792,-1.5,6
264,B0513,5,B,5B,Hindu,Enemies,Enemy1,2,23,M,13,4,7,4,6,7,4,7,6,5,6,6,4,8,NA,1,2,2,4,1,3,1,4,4,1,5,1,1,1,4,4,4,1,2,1,1,1,1,1,5,3,M,Muslim,1,2,3,1,1,1,4,1,1,1,1,4,4,4,3,1,1,2,1,4,2,5,2,5,5,5,7,1,0,B5,-0.289008224,-0.383883296,3.381029649741889,-0.268344105,0.3709390933128517,7,4,0.30591622948642044,-1.5,3
265,B0513,5,B,5B,Hindu,Enemies,Enemy2,2,54,M,13,4,7,4,6,7,4,7,6,5,6,6,4,8,NA,1,2,2,4,1,3,1,4,4,1,5,1,1,1,4,4,4,1,2,1,1,1,1,1,5,3,F,Hindu,2,2,2,1,1,1,2,1,3,1,2,4,4,4,4,4,1,1,1,2,1,5,2,4,7,7,2,0,1,B5,-0.289008224,-0.383883296,3.381029649741889,-0.268344105,0.3709390933128517,7,4,0.30591622948642044,-1.5,3
266,B0515,5,B,5B,Muslim,Enemies,Enemy1,2,4,M,15,1,7,6,7,1,4,7,6,5,5,7,4,7,MUSLIM [DAUDI BOHRA/VOHRA],1,1,1,1,1,1,1,1,4,1,1,1,2,1,4,1,1,1,1,1,1,1,5,1,5,3,M,Muslim,1,1,2,1,1,1,3,1,1,1,1,4,2,4,1,1,1,2,2,1,1,5,5,6,6,6,7,1,1,B5,-0.289008224,-0.383883296,3.381029649741889,-0.268344105,0.3709390933128517,7,6,-0.571172707,-1.5,3
267,B0515,5,B,5B,Muslim,Enemies,Enemy2,2,14,M,15,1,7,6,7,1,4,7,6,5,5,7,4,7,MUSLIM [DAUDI BOHRA/VOHRA],1,1,1,1,1,1,1,1,4,1,1,1,2,1,4,1,1,1,1,1,1,1,5,1,5,3,M,Hindu,2,1,3,2,1,1,4,2,5,3,2,4,3,2,2,1,1,2,1,1,1,5,4,6,3,7,3,1,0,B5,-0.289008224,-0.383883296,3.381029649741889,-0.268344105,0.3709390933128517,7,6,-0.571172707,-1.5,3
268,B0515,5,B,5B,Muslim,Enemies,Enemy3,2,16,M,15,1,7,6,7,1,4,7,6,5,5,7,4,7,MUSLIM [DAUDI BOHRA/VOHRA],1,1,1,1,1,1,1,1,4,1,1,1,2,1,4,1,1,1,1,1,1,1,5,1,5,3,M,Hindu,1,3,2,1,1,1,1,1,2,2,1,4,7,2,1,1,1,1,1,1,1,5,3,7,6,7,4,1,0,B5,-0.289008224,-0.383883296,3.381029649741889,-0.268344105,0.3709390933128517,7,6,-0.571172707,-1.5,3
269,B0515,5,B,5B,Muslim,Enemies,Enemy4,2,19,M,15,1,7,6,7,1,4,7,6,5,5,7,4,7,MUSLIM [DAUDI BOHRA/VOHRA],1,1,1,1,1,1,1,1,4,1,1,1,2,1,4,1,1,1,1,1,1,1,5,1,5,3,M,Hindu,1,4,2,1,2,1,4,1,5,2,1,4,4,2,3,2,1,2,3,1,2,5,3,4,4,7,3,1,0,B5,-0.289008224,-0.383883296,3.381029649741889,-0.268344105,0.3709390933128517,7,6,-0.571172707,-1.5,3
270,B0515,5,B,5B,Muslim,Enemies,Enemy5,2,32,M,15,1,7,6,7,1,4,7,6,5,5,7,4,7,MUSLIM [DAUDI BOHRA/VOHRA],1,1,1,1,1,1,1,1,4,1,1,1,2,1,4,1,1,1,1,1,1,1,5,1,5,3,M,Hindu,1,1,1,1,1,1,4,1,5,3,1,4,4,4,1,1,1,1,3,1,1,5,1,7,1,7,5,1,0,B5,-0.289008224,-0.383883296,3.381029649741889,-0.268344105,0.3709390933128517,7,6,-0.571172707,-1.5,3
271,B0515,5,B,5B,Muslim,Enemies,Enemy6,2,33,M,15,1,7,6,7,1,4,7,6,5,5,7,4,7,MUSLIM [DAUDI BOHRA/VOHRA],1,1,1,1,1,1,1,1,4,1,1,1,2,1,4,1,1,1,1,1,1,1,5,1,5,3,M,Hindu,1,5,1,1,1,1,2,1,2,1,1,6,4,5,1,5,4,1,2,5,3,1,3,7,1,7,1,1,0,B5,-0.289008224,-0.383883296,3.381029649741889,-0.268344105,0.3709390933128517,7,6,-0.571172707,-1.5,3
272,B0515,5,B,5B,Muslim,Enemies,Enemy7,2,39,M,15,1,7,6,7,1,4,7,6,5,5,7,4,7,MUSLIM [DAUDI BOHRA/VOHRA],1,1,1,1,1,1,1,1,4,1,1,1,2,1,4,1,1,1,1,1,1,1,5,1,5,3,F,Hindu,2,1,3,1,2,1,4,1,3,2,2,4,3,2,2,2,1,1,1,1,1,5,2,3,6,7,2,0,0,B5,-0.289008224,-0.383883296,3.381029649741889,-0.268344105,0.3709390933128517,7,6,-0.571172707,-1.5,3
273,B0517,5,B,5B,Hindu,Enemies,Enemy1,2,1,M,17,1,6,4,7,4,3,6,6,5,2,6,5,8,NA,1,3,2,2,1,1,1,1,4,1,2,2,1,1,3,4,2,1,1,3,2,4,2,1,5,3,M,Hindu,5,5,4,3,5,2,4,5,5,4,4,6,4,4,1,1,1,2,1,1,1,5,3,7,6,6,6,1,1,B5,-0.289008224,-0.383883296,3.381029649741889,-0.268344105,0.3709390933128517,6,4,-0.132628239,-1.5,1
274,B0517,5,B,5B,Hindu,Enemies,Enemy2,2,6,M,17,1,6,4,7,4,3,6,6,5,2,6,5,8,NA,1,3,2,2,1,1,1,1,4,1,2,2,1,1,3,4,2,1,1,3,2,4,2,1,5,3,M,NA,NA,NA,NA,NA,NA,NA,NA,NA,NA,NA,NA,NA,NA,NA,NA,NA,NA,NA,NA,NA,NA,NA,NA,NA,NA,NA,NA,1,NA,B5,-0.289008224,-0.383883296,3.381029649741889,-0.268344105,0.3709390933128517,6,4,-0.132628239,-1.5,1
275,B0517,5,B,5B,Hindu,Enemies,Enemy3,2,30,M,17,1,6,4,7,4,3,6,6,5,2,6,5,8,NA,1,3,2,2,1,1,1,1,4,1,2,2,1,1,3,4,2,1,1,3,2,4,2,1,5,3,M,Muslim,2,1,3,2,2,1,3,1,2,2,3,7,7,7,2,1,1,1,1,1,1,5,3,7,1,7,6,1,0,B5,-0.289008224,-0.383883296,3.381029649741889,-0.268344105,0.3709390933128517,6,4,-0.132628239,-1.5,1
276,B0517,5,B,5B,Hindu,Enemies,Enemy4,2,33,M,17,1,6,4,7,4,3,6,6,5,2,6,5,8,NA,1,3,2,2,1,1,1,1,4,1,2,2,1,1,3,4,2,1,1,3,2,4,2,1,5,3,M,Hindu,1,5,1,1,1,1,2,1,2,1,1,6,4,5,1,5,4,1,2,5,3,1,3,7,1,7,1,1,1,B5,-0.289008224,-0.383883296,3.381029649741889,-0.268344105,0.3709390933128517,6,4,-0.132628239,-1.5,1
277,B0517,5,B,5B,Hindu,Enemies,Enemy5,2,51,M,17,1,6,4,7,4,3,6,6,5,2,6,5,8,NA,1,3,2,2,1,1,1,1,4,1,2,2,1,1,3,4,2,1,1,3,2,4,2,1,5,3,F,Hindu,2,2,2,1,1,1,3,3,2,2,1,4,4,3,3,2,2,2,2,1,1,5,2,4,7,6,5,0,1,B5,-0.289008224,-0.383883296,3.381029649741889,-0.268344105,0.3709390933128517,6,4,-0.132628239,-1.5,1
278,B0517,5,B,5B,Hindu,Enemies,Enemy6,2,61,M,17,1,6,4,7,4,3,6,6,5,2,6,5,8,NA,1,3,2,2,1,1,1,1,4,1,2,2,1,1,3,4,2,1,1,3,2,4,2,1,5,3,F,NA,NA,NA,NA,NA,NA,NA,NA,NA,NA,NA,NA,NA,NA,NA,NA,NA,NA,NA,NA,NA,NA,NA,NA,NA,NA,NA,NA,0,NA,B5,-0.289008224,-0.383883296,3.381029649741889,-0.268344105,0.3709390933128517,6,4,-0.132628239,-1.5,1
279,B0519,5,B,5B,Hindu,Enemies,Enemy1,2,4,M,19,6,4,4,6,7,3,5,5,4,4,6,1,8,NA,1,1,4,2,1,2,1,1,4,1,5,2,1,1,4,4,2,3,2,1,2,3,1,2,5,3,M,Muslim,1,1,2,1,1,1,3,1,1,1,1,4,2,4,1,1,1,2,2,1,1,5,5,6,6,6,7,1,0,B5,-0.289008224,-0.383883296,3.381029649741889,-0.268344105,0.3709390933128517,4,4,-1.009717175,-1.5,4
280,B0519,5,B,5B,Hindu,Enemies,Enemy2,2,6,M,19,6,4,4,6,7,3,5,5,4,4,6,1,8,NA,1,1,4,2,1,2,1,1,4,1,5,2,1,1,4,4,2,3,2,1,2,3,1,2,5,3,M,NA,NA,NA,NA,NA,NA,NA,NA,NA,NA,NA,NA,NA,NA,NA,NA,NA,NA,NA,NA,NA,NA,NA,NA,NA,NA,NA,NA,1,NA,B5,-0.289008224,-0.383883296,3.381029649741889,-0.268344105,0.3709390933128517,4,4,-1.009717175,-1.5,4
281,B0519,5,B,5B,Hindu,Enemies,Enemy3,2,10,M,19,6,4,4,6,7,3,5,5,4,4,6,1,8,NA,1,1,4,2,1,2,1,1,4,1,5,2,1,1,4,4,2,3,2,1,2,3,1,2,5,3,M,Hindu,1,2,2,2,1,1,4,1,1,2,1,4,4,4,3,2,1,1,1,1,2,5,3,6,5,7,3,1,1,B5,-0.289008224,-0.383883296,3.381029649741889,-0.268344105,0.3709390933128517,4,4,-1.009717175,-1.5,4
282,B0519,5,B,5B,Hindu,Enemies,Enemy4,2,11,M,19,6,4,4,6,7,3,5,5,4,4,6,1,8,NA,1,1,4,2,1,2,1,1,4,1,5,2,1,1,4,4,2,3,2,1,2,3,1,2,5,3,M,Hindu,1,2,1,1,2,2,4,5,2,2,1,4,4,4,2,2,3,1,3,1,2,5,3,7,5,5,6,1,1,B5,-0.289008224,-0.383883296,3.381029649741889,-0.268344105,0.3709390933128517,4,4,-1.009717175,-1.5,4
283,B0519,5,B,5B,Hindu,Enemies,Enemy5,2,15,M,19,6,4,4,6,7,3,5,5,4,4,6,1,8,NA,1,1,4,2,1,2,1,1,4,1,5,2,1,1,4,4,2,3,2,1,2,3,1,2,5,3,M,Muslim,1,1,1,1,1,1,4,1,1,1,1,4,1,1,1,1,1,1,1,5,1,5,3,7,6,1,4,1,0,B5,-0.289008224,-0.383883296,3.381029649741889,-0.268344105,0.3709390933128517,4,4,-1.009717175,-1.5,4
284,B0519,5,B,5B,Hindu,Enemies,Enemy6,2,23,M,19,6,4,4,6,7,3,5,5,4,4,6,1,8,NA,1,1,4,2,1,2,1,1,4,1,5,2,1,1,4,4,2,3,2,1,2,3,1,2,5,3,M,Muslim,1,2,3,1,1,1,4,1,1,1,1,4,4,4,3,1,1,2,1,4,2,5,2,5,5,5,7,1,0,B5,-0.289008224,-0.383883296,3.381029649741889,-0.268344105,0.3709390933128517,4,4,-1.009717175,-1.5,4
285,B0519,5,B,5B,Hindu,Enemies,Enemy7,2,30,M,19,6,4,4,6,7,3,5,5,4,4,6,1,8,NA,1,1,4,2,1,2,1,1,4,1,5,2,1,1,4,4,2,3,2,1,2,3,1,2,5,3,M,Muslim,2,1,3,2,2,1,3,1,2,2,3,7,7,7,2,1,1,1,1,1,1,5,3,7,1,7,6,1,0,B5,-0.289008224,-0.383883296,3.381029649741889,-0.268344105,0.3709390933128517,4,4,-1.009717175,-1.5,4
286,B0520,5,B,5B,Hindu,Enemies,Enemy1,2,6,M,20,6,7,6,7,7,6,6,7,6,6,6,6,8,NA,1,2,1,2,1,1,1,1,3,2,5,2,1,1,4,2,2,2,1,1,1,1,1,1,5,3,M,NA,NA,NA,NA,NA,NA,NA,NA,NA,NA,NA,NA,NA,NA,NA,NA,NA,NA,NA,NA,NA,NA,NA,NA,NA,NA,NA,NA,1,NA,B5,-0.289008224,-0.383883296,3.381029649741889,-0.268344105,0.3709390933128517,7,6,-0.571172707,-1.5,1
287,B0520,5,B,5B,Hindu,Enemies,Enemy2,2,33,M,20,6,7,6,7,7,6,6,7,6,6,6,6,8,NA,1,2,1,2,1,1,1,1,3,2,5,2,1,1,4,2,2,2,1,1,1,1,1,1,5,3,M,Hindu,1,5,1,1,1,1,2,1,2,1,1,6,4,5,1,5,4,1,2,5,3,1,3,7,1,7,1,1,1,B5,-0.289008224,-0.383883296,3.381029649741889,-0.268344105,0.3709390933128517,7,6,-0.571172707,-1.5,1
288,B0521,5,B,5B,Hindu,Enemies,Enemy1,2,13,M,21,5,6,6,6,6,6,5,6,5,6,6,1,8,NA,1,4,3,5,1,4,1,1,4,1,2,2,1,3,5,3,4,1,1,1,1,1,1,1,5,4,M,Hindu,2,2,4,1,3,1,4,1,5,1,1,4,4,4,1,2,1,1,1,1,1,5,3,7,4,7,4,1,1,B5,-0.289008224,-0.383883296,3.381029649741889,-0.268344105,0.3709390933128517,6,6,-1.009717175,-1.5,0
289,B0521,5,B,5B,Hindu,Enemies,Enemy2,2,14,M,21,5,6,6,6,6,6,5,6,5,6,6,1,8,NA,1,4,3,5,1,4,1,1,4,1,2,2,1,3,5,3,4,1,1,1,1,1,1,1,5,4,M,Hindu,2,1,3,2,1,1,4,2,5,3,2,4,3,2,2,1,1,2,1,1,1,5,4,6,3,7,3,1,1,B5,-0.289008224,-0.383883296,3.381029649741889,-0.268344105,0.3709390933128517,6,6,-1.009717175,-1.5,0
290,B0522,5,B,5B,Hindu,Enemies,Enemy1,2,6,M,22,4,7,7,7,7,4,7,7,7,4,7,4,2,NA,1,1,1,3,1,1,1,2,4,1,1,1,1,1,4,1,1,1,1,1,1,1,1,1,5,1,M,NA,NA,NA,NA,NA,NA,NA,NA,NA,NA,NA,NA,NA,NA,NA,NA,NA,NA,NA,NA,NA,NA,NA,NA,NA,NA,NA,NA,1,NA,B5,-0.289008224,-0.383883296,3.381029649741889,-0.268344105,0.3709390933128517,7,7,-1.009717175,-1.5,3
291,B0522,5,B,5B,Hindu,Enemies,Enemy2,2,10,M,22,4,7,7,7,7,4,7,7,7,4,7,4,2,NA,1,1,1,3,1,1,1,2,4,1,1,1,1,1,4,1,1,1,1,1,1,1,1,1,5,1,M,Hindu,1,2,2,2,1,1,4,1,1,2,1,4,4,4,3,2,1,1,1,1,2,5,3,6,5,7,3,1,1,B5,-0.289008224,-0.383883296,3.381029649741889,-0.268344105,0.3709390933128517,7,7,-1.009717175,-1.5,3
292,B0522,5,B,5B,Hindu,Enemies,Enemy3,2,23,M,22,4,7,7,7,7,4,7,7,7,4,7,4,2,NA,1,1,1,3,1,1,1,2,4,1,1,1,1,1,4,1,1,1,1,1,1,1,1,1,5,1,M,Muslim,1,2,3,1,1,1,4,1,1,1,1,4,4,4,3,1,1,2,1,4,2,5,2,5,5,5,7,1,0,B5,-0.289008224,-0.383883296,3.381029649741889,-0.268344105,0.3709390933128517,7,7,-1.009717175,-1.5,3
293,B0522,5,B,5B,Hindu,Enemies,Enemy4,2,31,M,22,4,7,7,7,7,4,7,7,7,4,7,4,2,NA,1,1,1,3,1,1,1,2,4,1,1,1,1,1,4,1,1,1,1,1,1,1,1,1,5,1,M,Muslim,1,2,2,1,1,1,3,1,1,1,1,4,3,4,2,2,1,1,1,1,2,4,3,7,2,4,7,1,0,B5,-0.289008224,-0.383883296,3.381029649741889,-0.268344105,0.3709390933128517,7,7,-1.009717175,-1.5,3
294,B0522,5,B,5B,Hindu,Enemies,Enemy5,2,32,M,22,4,7,7,7,7,4,7,7,7,4,7,4,2,NA,1,1,1,3,1,1,1,2,4,1,1,1,1,1,4,1,1,1,1,1,1,1,1,1,5,1,M,Hindu,1,1,1,1,1,1,4,1,5,3,1,4,4,4,1,1,1,1,3,1,1,5,1,7,1,7,5,1,1,B5,-0.289008224,-0.383883296,3.381029649741889,-0.268344105,0.3709390933128517,7,7,-1.009717175,-1.5,3
295,B0522,5,B,5B,Hindu,Enemies,Enemy6,2,33,M,22,4,7,7,7,7,4,7,7,7,4,7,4,2,NA,1,1,1,3,1,1,1,2,4,1,1,1,1,1,4,1,1,1,1,1,1,1,1,1,5,1,M,Hindu,1,5,1,1,1,1,2,1,2,1,1,6,4,5,1,5,4,1,2,5,3,1,3,7,1,7,1,1,1,B5,-0.289008224,-0.383883296,3.381029649741889,-0.268344105,0.3709390933128517,7,7,-1.009717175,-1.5,3
296,B0522,5,B,5B,Hindu,Enemies,Enemy7,2,41,M,22,4,7,7,7,7,4,7,7,7,4,7,4,2,NA,1,1,1,3,1,1,1,2,4,1,1,1,1,1,4,1,1,1,1,1,1,1,1,1,5,1,F,Muslim,1,1,2,2,1,2,4,1,1,5,1,4,2,7,3,2,3,3,2,3,1,3,2,1,7,2,7,0,0,B5,-0.289008224,-0.383883296,3.381029649741889,-0.268344105,0.3709390933128517,7,7,-1.009717175,-1.5,3
297,B0523,5,B,5B,Muslim,Enemies,Enemy1,2,15,M,23,5,5,5,7,5,7,5,7,4,5,7,2,7,SUNNI,1,1,2,3,1,1,1,1,4,1,1,1,2,1,4,4,4,3,1,1,2,1,4,2,5,2,M,Muslim,1,1,1,1,1,1,4,1,1,1,1,4,1,1,1,1,1,1,1,5,1,5,3,7,6,1,4,1,1,B5,-0.289008224,-0.383883296,3.381029649741889,-0.268344105,0.3709390933128517,5,5,-1.009717175,-1.5,2
298,B0523,5,B,5B,Muslim,Enemies,Enemy2,2,59,M,23,5,5,5,7,5,7,5,7,4,5,7,2,7,SUNNI,1,1,2,3,1,1,1,1,4,1,1,1,2,1,4,4,4,3,1,1,2,1,4,2,5,2,F,Hindu,1,1,1,1,1,1,4,1,3,2,1,3,1,1,1,1,1,2,1,1,2,4,3,1,7,7,6,0,0,B5,-0.289008224,-0.383883296,3.381029649741889,-0.268344105,0.3709390933128517,5,5,-1.009717175,-1.5,2
299,B0524,5,B,5B,Hindu,Enemies,Enemy1,2,6,M,24,5,7,6,5,7,5,7,6,5,5,4,5,1,NA,1,1,1,1,1,1,1,2,4,1,5,3,1,1,4,7,3,1,2,1,1,1,3,1,5,5,M,NA,NA,NA,NA,NA,NA,NA,NA,NA,NA,NA,NA,NA,NA,NA,NA,NA,NA,NA,NA,NA,NA,NA,NA,NA,NA,NA,NA,1,NA,B5,-0.289008224,-0.383883296,3.381029649741889,-0.268344105,0.3709390933128517,7,6,-0.571172707,-1.5,2
300,B0524,5,B,5B,Hindu,Enemies,Enemy2,2,33,M,24,5,7,6,5,7,5,7,6,5,5,4,5,1,NA,1,1,1,1,1,1,1,2,4,1,5,3,1,1,4,7,3,1,2,1,1,1,3,1,5,5,M,Hindu,1,5,1,1,1,1,2,1,2,1,1,6,4,5,1,5,4,1,2,5,3,1,3,7,1,7,1,1,1,B5,-0.289008224,-0.383883296,3.381029649741889,-0.268344105,0.3709390933128517,7,6,-0.571172707,-1.5,2
301,B0524,5,B,5B,Hindu,Enemies,Enemy3,2,59,M,24,5,7,6,5,7,5,7,6,5,5,4,5,1,NA,1,1,1,1,1,1,1,2,4,1,5,3,1,1,4,7,3,1,2,1,1,1,3,1,5,5,F,Hindu,1,1,1,1,1,1,4,1,3,2,1,3,1,1,1,1,1,2,1,1,2,4,3,1,7,7,6,0,1,B5,-0.289008224,-0.383883296,3.381029649741889,-0.268344105,0.3709390933128517,7,6,-0.571172707,-1.5,2
302,B0525,5,B,5B,Hindu,Enemies,Enemy1,2,1,M,25,2,7,4,7,7,4,7,6,4,6,4,2,8,NA,1,2,1,1,1,3,1,4,4,1,5,2,1,1,1,1,2,1,1,1,2,1,1,2,5,4,M,Hindu,5,5,4,3,5,2,4,5,5,4,4,6,4,4,1,1,1,2,1,1,1,5,3,7,6,6,6,1,1,B5,-0.289008224,-0.383883296,3.381029649741889,-0.268344105,0.3709390933128517,7,4,0.30591622948642044,-1.5,3
303,B0525,5,B,5B,Hindu,Enemies,Enemy2,2,2,M,25,2,7,4,7,7,4,7,6,4,6,4,2,8,NA,1,2,1,1,1,3,1,4,4,1,5,2,1,1,1,1,2,1,1,1,2,1,1,2,5,4,M,Muslim,1,1,1,1,1,1,1,2,1,2,1,5,4,4,1,1,1,1,1,1,1,1,5,7,4,5,7,1,0,B5,-0.289008224,-0.383883296,3.381029649741889,-0.268344105,0.3709390933128517,7,4,0.30591622948642044,-1.5,3
304,B0525,5,B,5B,Hindu,Enemies,Enemy3,2,3,M,25,2,7,4,7,7,4,7,6,4,6,4,2,8,NA,1,2,1,1,1,3,1,4,4,1,5,2,1,1,1,1,2,1,1,1,2,1,1,2,5,4,M,NA,NA,NA,NA,NA,NA,NA,NA,NA,NA,NA,NA,NA,NA,NA,NA,NA,NA,NA,NA,NA,NA,NA,NA,NA,NA,NA,NA,1,NA,B5,-0.289008224,-0.383883296,3.381029649741889,-0.268344105,0.3709390933128517,7,4,0.30591622948642044,-1.5,3
305,B0525,5,B,5B,Hindu,Enemies,Enemy4,2,5,M,25,2,7,4,7,7,4,7,6,4,6,4,2,8,NA,1,2,1,1,1,3,1,4,4,1,5,2,1,1,1,1,2,1,1,1,2,1,1,2,5,4,M,Muslim,2,2,3,1,1,1,3,2,1,1,1,4,2,4,1,2,4,1,3,1,1,4,5,7,1,NA,2,1,0,B5,-0.289008224,-0.383883296,3.381029649741889,-0.268344105,0.3709390933128517,7,4,0.30591622948642044,-1.5,3
306,B0525,5,B,5B,Hindu,Enemies,Enemy5,2,6,M,25,2,7,4,7,7,4,7,6,4,6,4,2,8,NA,1,2,1,1,1,3,1,4,4,1,5,2,1,1,1,1,2,1,1,1,2,1,1,2,5,4,M,NA,NA,NA,NA,NA,NA,NA,NA,NA,NA,NA,NA,NA,NA,NA,NA,NA,NA,NA,NA,NA,NA,NA,NA,NA,NA,NA,NA,1,NA,B5,-0.289008224,-0.383883296,3.381029649741889,-0.268344105,0.3709390933128517,7,4,0.30591622948642044,-1.5,3
307,B0525,5,B,5B,Hindu,Enemies,Enemy6,2,15,M,25,2,7,4,7,7,4,7,6,4,6,4,2,8,NA,1,2,1,1,1,3,1,4,4,1,5,2,1,1,1,1,2,1,1,1,2,1,1,2,5,4,M,Muslim,1,1,1,1,1,1,4,1,1,1,1,4,1,1,1,1,1,1,1,5,1,5,3,7,6,1,4,1,0,B5,-0.289008224,-0.383883296,3.381029649741889,-0.268344105,0.3709390933128517,7,4,0.30591622948642044,-1.5,3
308,B0525,5,B,5B,Hindu,Enemies,Enemy7,2,19,M,25,2,7,4,7,7,4,7,6,4,6,4,2,8,NA,1,2,1,1,1,3,1,4,4,1,5,2,1,1,1,1,2,1,1,1,2,1,1,2,5,4,M,Hindu,1,4,2,1,2,1,4,1,5,2,1,4,4,2,3,2,1,2,3,1,2,5,3,4,4,7,3,1,1,B5,-0.289008224,-0.383883296,3.381029649741889,-0.268344105,0.3709390933128517,7,4,0.30591622948642044,-1.5,3
309,B0527,5,B,5B,other,Enemies,Enemy1,2,6,M,27,1,7,7,7,7,7,7,7,6,7,6,4,8,NA,1,1,1,1,1,1,1,4,4,1,5,1,NA,1,4,4,4,1,1,1,2,1,1,1,5,1,M,NA,NA,NA,NA,NA,NA,NA,NA,NA,NA,NA,NA,NA,NA,NA,NA,NA,NA,NA,NA,NA,NA,NA,NA,NA,NA,NA,NA,1,NA,B5,-0.289008224,-0.383883296,3.381029649741889,-0.268344105,0.3709390933128517,7,7,-1.009717175,-1.5,0
310,B0527,5,B,5B,other,Enemies,Enemy2,2,33,M,27,1,7,7,7,7,7,7,7,6,7,6,4,8,NA,1,1,1,1,1,1,1,4,4,1,5,1,NA,1,4,4,4,1,1,1,2,1,1,1,5,1,M,Hindu,1,5,1,1,1,1,2,1,2,1,1,6,4,5,1,5,4,1,2,5,3,1,3,7,1,7,1,1,0,B5,-0.289008224,-0.383883296,3.381029649741889,-0.268344105,0.3709390933128517,7,7,-1.009717175,-1.5,0
311,B0527,5,B,5B,other,Enemies,Enemy3,2,59,M,27,1,7,7,7,7,7,7,7,6,7,6,4,8,NA,1,1,1,1,1,1,1,4,4,1,5,1,NA,1,4,4,4,1,1,1,2,1,1,1,5,1,F,Hindu,1,1,1,1,1,1,4,1,3,2,1,3,1,1,1,1,1,2,1,1,2,4,3,1,7,7,6,0,0,B5,-0.289008224,-0.383883296,3.381029649741889,-0.268344105,0.3709390933128517,7,7,-1.009717175,-1.5,0
312,B0529,5,B,5B,other,Enemies,Enemy1,2,26,M,29,7,7,1,7,4,7,7,7,7,7,4,4,7,SUNNI,1,1,1,1,1,1,1,2,1,1,1,1,NA,2,4,4,4,1,1,1,1,1,1,1,5,5,M,other,1,1,2,1,1,1,4,1,5,3,1,4,2,4,1,5,3,1,1,1,3,1,3,7,1,1,7,1,1,B5,-0.289008224,-0.383883296,3.381029649741889,-0.268344105,0.3709390933128517,7,1,1.621549634144792,-1.5,3
313,B0531,5,B,5B,Muslim,Enemies,Enemy1,2,32,M,31,4,7,2,6,4,7,7,6,5,4,6,2,7,SUNNI,1,1,2,2,1,1,1,2,3,1,1,1,2,1,4,3,4,2,2,1,1,1,1,2,4,3,M,Hindu,1,1,1,1,1,1,4,1,5,3,1,4,4,4,1,1,1,1,3,1,1,5,1,7,1,7,5,1,0,B5,-0.289008224,-0.383883296,3.381029649741889,-0.268344105,0.3709390933128517,7,2,1.183005165925335,-1.5,3
314,B0531,5,B,5B,Muslim,Enemies,Enemy2,2,59,M,31,4,7,2,6,4,7,7,6,5,4,6,2,7,SUNNI,1,1,2,2,1,1,1,2,3,1,1,1,2,1,4,3,4,2,2,1,1,1,1,2,4,3,F,Hindu,1,1,1,1,1,1,4,1,3,2,1,3,1,1,1,1,1,2,1,1,2,4,3,1,7,7,6,0,0,B5,-0.289008224,-0.383883296,3.381029649741889,-0.268344105,0.3709390933128517,7,2,1.183005165925335,-1.5,3
315,B0532,5,B,5B,Hindu,Enemies,Enemy1,2,2,M,32,1,7,1,7,7,5,7,1,7,1,7,1,8,NA,1,1,1,1,1,1,1,1,4,1,5,3,1,1,4,4,4,1,1,1,1,3,1,1,5,1,M,Muslim,1,1,1,1,1,1,1,2,1,2,1,5,4,4,1,1,1,1,1,1,1,1,5,7,4,5,7,1,0,B5,-0.289008224,-0.383883296,3.381029649741889,-0.268344105,0.3709390933128517,7,1,1.621549634144792,-1.5,2
316,B0532,5,B,5B,Hindu,Enemies,Enemy2,2,6,M,32,1,7,1,7,7,5,7,1,7,1,7,1,8,NA,1,1,1,1,1,1,1,1,4,1,5,3,1,1,4,4,4,1,1,1,1,3,1,1,5,1,M,NA,NA,NA,NA,NA,NA,NA,NA,NA,NA,NA,NA,NA,NA,NA,NA,NA,NA,NA,NA,NA,NA,NA,NA,NA,NA,NA,NA,1,NA,B5,-0.289008224,-0.383883296,3.381029649741889,-0.268344105,0.3709390933128517,7,1,1.621549634144792,-1.5,2
317,B0532,5,B,5B,Hindu,Enemies,Enemy3,2,12,M,32,1,7,1,7,7,5,7,1,7,1,7,1,8,NA,1,1,1,1,1,1,1,1,4,1,5,3,1,1,4,4,4,1,1,1,1,3,1,1,5,1,M,Hindu,1,1,2,1,1,1,4,1,5,2,1,4,4,1,2,1,1,1,1,1,1,5,1,7,1,7,1,1,1,B5,-0.289008224,-0.383883296,3.381029649741889,-0.268344105,0.3709390933128517,7,1,1.621549634144792,-1.5,2
318,B0532,5,B,5B,Hindu,Enemies,Enemy4,2,37,M,32,1,7,1,7,7,5,7,1,7,1,7,1,8,NA,1,1,1,1,1,1,1,1,4,1,5,3,1,1,4,4,4,1,1,1,1,3,1,1,5,1,M,Muslim,1,2,1,2,1,2,4,1,1,1,1,4,3,4,1,1,1,1,1,1,1,3,1,7,6,3,7,1,0,B5,-0.289008224,-0.383883296,3.381029649741889,-0.268344105,0.3709390933128517,7,1,1.621549634144792,-1.5,2
319,B0532,5,B,5B,Hindu,Enemies,Enemy5,2,44,M,32,1,7,1,7,7,5,7,1,7,1,7,1,8,NA,1,1,1,1,1,1,1,1,4,1,5,3,1,1,4,4,4,1,1,1,1,3,1,1,5,1,F,other,1,1,1,1,2,1,4,1,4,3,2,4,4,3,3,3,2,2,2,2,3,3,1,1,7,7,1,0,0,B5,-0.289008224,-0.383883296,3.381029649741889,-0.268344105,0.3709390933128517,7,1,1.621549634144792,-1.5,2
320,B0532,5,B,5B,Hindu,Enemies,Enemy6,2,50,M,32,1,7,1,7,7,5,7,1,7,1,7,1,8,NA,1,1,1,1,1,1,1,1,4,1,5,3,1,1,4,4,4,1,1,1,1,3,1,1,5,1,F,Muslim,1,1,1,1,1,1,1,1,2,4,1,4,4,4,1,1,1,1,1,1,1,5,5,4,7,1,7,0,0,B5,-0.289008224,-0.383883296,3.381029649741889,-0.268344105,0.3709390933128517,7,1,1.621549634144792,-1.5,2
321,B0532,5,B,5B,Hindu,Enemies,Enemy7,2,51,M,32,1,7,1,7,7,5,7,1,7,1,7,1,8,NA,1,1,1,1,1,1,1,1,4,1,5,3,1,1,4,4,4,1,1,1,1,3,1,1,5,1,F,Hindu,2,2,2,1,1,1,3,3,2,2,1,4,4,3,3,2,2,2,2,1,1,5,2,4,7,6,5,0,1,B5,-0.289008224,-0.383883296,3.381029649741889,-0.268344105,0.3709390933128517,7,1,1.621549634144792,-1.5,2
322,B0532,5,B,5B,Hindu,Enemies,Enemy8,2,57,M,32,1,7,1,7,7,5,7,1,7,1,7,1,8,NA,1,1,1,1,1,1,1,1,4,1,5,3,1,1,4,4,4,1,1,1,1,3,1,1,5,1,F,Hindu,1,1,1,1,1,1,4,1,5,3,1,4,4,4,1,1,1,2,1,2,1,2,2,4,4,6,4,0,1,B5,-0.289008224,-0.383883296,3.381029649741889,-0.268344105,0.3709390933128517,7,1,1.621549634144792,-1.5,2
323,B0532,5,B,5B,Hindu,Enemies,Enemy9,2,59,M,32,1,7,1,7,7,5,7,1,7,1,7,1,8,NA,1,1,1,1,1,1,1,1,4,1,5,3,1,1,4,4,4,1,1,1,1,3,1,1,5,1,F,Hindu,1,1,1,1,1,1,4,1,3,2,1,3,1,1,1,1,1,2,1,1,2,4,3,1,7,7,6,0,1,B5,-0.289008224,-0.383883296,3.381029649741889,-0.268344105,0.3709390933128517,7,1,1.621549634144792,-1.5,2
324,B0532,5,B,5B,Hindu,Enemies,Enemy10,2,62,M,32,1,7,1,7,7,5,7,1,7,1,7,1,8,NA,1,1,1,1,1,1,1,1,4,1,5,3,1,1,4,4,4,1,1,1,1,3,1,1,5,1,F,Muslim,1,1,3,1,1,1,4,1,1,4,1,4,3,4,2,2,2,1,1,1,1,5,1,4,3,3,7,0,0,B5,-0.289008224,-0.383883296,3.381029649741889,-0.268344105,0.3709390933128517,7,1,1.621549634144792,-1.5,2
325,B0532,5,B,5B,Hindu,Enemies,Enemy11,2,64,M,32,1,7,1,7,7,5,7,1,7,1,7,1,8,NA,1,1,1,1,1,1,1,1,4,1,5,3,1,1,4,4,4,1,1,1,1,3,1,1,5,1,F,other,1,1,4,2,1,1,4,2,1,1,1,4,4,4,4,1,1,1,1,1,NA,5,5,1,7,4,7,0,0,B5,-0.289008224,-0.383883296,3.381029649741889,-0.268344105,0.3709390933128517,7,1,1.621549634144792,-1.5,2
326,B0532,5,B,5B,Hindu,Enemies,Enemy12,2,65,M,32,1,7,1,7,7,5,7,1,7,1,7,1,8,NA,1,1,1,1,1,1,1,1,4,1,5,3,1,1,4,4,4,1,1,1,1,3,1,1,5,1,F,Hindu,1,1,1,1,1,1,4,1,1,3,1,4,1,3,5,3,2,2,1,1,2,5,5,1,7,7,6,0,1,B5,-0.289008224,-0.383883296,3.381029649741889,-0.268344105,0.3709390933128517,7,1,1.621549634144792,-1.5,2
327,B0535,5,B,5B,Hindu,Enemies,Enemy1,2,3,M,35,6,7,7,6,7,5,7,7,6,6,7,1,1,NA,1,1,1,1,1,1,1,1,4,1,4,4,1,1,4,4,4,1,1,1,1,1,1,1,5,3,M,NA,NA,NA,NA,NA,NA,NA,NA,NA,NA,NA,NA,NA,NA,NA,NA,NA,NA,NA,NA,NA,NA,NA,NA,NA,NA,NA,NA,1,NA,B5,-0.289008224,-0.383883296,3.381029649741889,-0.268344105,0.3709390933128517,7,7,-1.009717175,-1.5,2
328,B0535,5,B,5B,Hindu,Enemies,Enemy2,2,16,M,35,6,7,7,6,7,5,7,7,6,6,7,1,1,NA,1,1,1,1,1,1,1,1,4,1,4,4,1,1,4,4,4,1,1,1,1,1,1,1,5,3,M,Hindu,1,3,2,1,1,1,1,1,2,2,1,4,7,2,1,1,1,1,1,1,1,5,3,7,6,7,4,1,1,B5,-0.289008224,-0.383883296,3.381029649741889,-0.268344105,0.3709390933128517,7,7,-1.009717175,-1.5,2
329,B0535,5,B,5B,Hindu,Enemies,Enemy3,2,23,M,35,6,7,7,6,7,5,7,7,6,6,7,1,1,NA,1,1,1,1,1,1,1,1,4,1,4,4,1,1,4,4,4,1,1,1,1,1,1,1,5,3,M,Muslim,1,2,3,1,1,1,4,1,1,1,1,4,4,4,3,1,1,2,1,4,2,5,2,5,5,5,7,1,0,B5,-0.289008224,-0.383883296,3.381029649741889,-0.268344105,0.3709390933128517,7,7,-1.009717175,-1.5,2
330,B0535,5,B,5B,Hindu,Enemies,Enemy4,2,30,M,35,6,7,7,6,7,5,7,7,6,6,7,1,1,NA,1,1,1,1,1,1,1,1,4,1,4,4,1,1,4,4,4,1,1,1,1,1,1,1,5,3,M,Muslim,2,1,3,2,2,1,3,1,2,2,3,7,7,7,2,1,1,1,1,1,1,5,3,7,1,7,6,1,0,B5,-0.289008224,-0.383883296,3.381029649741889,-0.268344105,0.3709390933128517,7,7,-1.009717175,-1.5,2
331,B0535,5,B,5B,Hindu,Enemies,Enemy5,2,31,M,35,6,7,7,6,7,5,7,7,6,6,7,1,1,NA,1,1,1,1,1,1,1,1,4,1,4,4,1,1,4,4,4,1,1,1,1,1,1,1,5,3,M,Muslim,1,2,2,1,1,1,3,1,1,1,1,4,3,4,2,2,1,1,1,1,2,4,3,7,2,4,7,1,0,B5,-0.289008224,-0.383883296,3.381029649741889,-0.268344105,0.3709390933128517,7,7,-1.009717175,-1.5,2
332,B0535,5,B,5B,Hindu,Enemies,Enemy6,2,49,M,35,6,7,7,6,7,5,7,7,6,6,7,1,1,NA,1,1,1,1,1,1,1,1,4,1,4,4,1,1,4,4,4,1,1,1,1,1,1,1,5,3,F,other,1,2,2,2,2,1,4,1,5,2,1,4,5,3,2,1,2,1,1,1,2,5,2,2,7,6,5,0,0,B5,-0.289008224,-0.383883296,3.381029649741889,-0.268344105,0.3709390933128517,7,7,-1.009717175,-1.5,2
333,B0535,5,B,5B,Hindu,Enemies,Enemy7,2,51,M,35,6,7,7,6,7,5,7,7,6,6,7,1,1,NA,1,1,1,1,1,1,1,1,4,1,4,4,1,1,4,4,4,1,1,1,1,1,1,1,5,3,F,Hindu,2,2,2,1,1,1,3,3,2,2,1,4,4,3,3,2,2,2,2,1,1,5,2,4,7,6,5,0,1,B5,-0.289008224,-0.383883296,3.381029649741889,-0.268344105,0.3709390933128517,7,7,-1.009717175,-1.5,2
334,B0536,5,B,5B,Muslim,Enemies,Enemy1,2,33,M,36,2,7,1,7,4,4,7,7,2,2,5,6,7,ALVI VOHRA,1,1,1,1,1,1,1,1,1,1,1,1,2,1,4,3,4,1,3,1,1,1,2,1,4,2,M,Hindu,1,5,1,1,1,1,2,1,2,1,1,6,4,5,1,5,4,1,2,5,3,1,3,7,1,7,1,1,0,B5,-0.289008224,-0.383883296,3.381029649741889,-0.268344105,0.3709390933128517,7,1,1.621549634144792,-1.5,0
335,B0537,5,B,5B,Muslim,Enemies,Enemy1,2,4,M,37,2,7,6,3,3,7,7,4,3,2,6,4,7,ALVI VOHRA,1,1,2,1,2,1,2,1,4,1,1,1,2,1,4,3,4,1,1,1,1,1,1,1,3,1,M,Muslim,1,1,2,1,1,1,3,1,1,1,1,4,2,4,1,1,1,2,2,1,1,5,5,6,6,6,7,1,1,B5,-0.289008224,-0.383883296,3.381029649741889,-0.268344105,0.3709390933128517,7,6,-0.571172707,-1.5,4
336,B0537,5,B,5B,Muslim,Enemies,Enemy2,2,19,M,37,2,7,6,3,3,7,7,4,3,2,6,4,7,ALVI VOHRA,1,1,2,1,2,1,2,1,4,1,1,1,2,1,4,3,4,1,1,1,1,1,1,1,3,1,M,Hindu,1,4,2,1,2,1,4,1,5,2,1,4,4,2,3,2,1,2,3,1,2,5,3,4,4,7,3,1,0,B5,-0.289008224,-0.383883296,3.381029649741889,-0.268344105,0.3709390933128517,7,6,-0.571172707,-1.5,4
337,B0537,5,B,5B,Muslim,Enemies,Enemy3,2,32,M,37,2,7,6,3,3,7,7,4,3,2,6,4,7,ALVI VOHRA,1,1,2,1,2,1,2,1,4,1,1,1,2,1,4,3,4,1,1,1,1,1,1,1,3,1,M,Hindu,1,1,1,1,1,1,4,1,5,3,1,4,4,4,1,1,1,1,3,1,1,5,1,7,1,7,5,1,0,B5,-0.289008224,-0.383883296,3.381029649741889,-0.268344105,0.3709390933128517,7,6,-0.571172707,-1.5,4
338,B0538,5,B,5B,other,Enemies,Enemy1,2,40,F,38,1,5,7,7,1,7,7,6,3,6,4,3,7,DOVADI VOHRA,2,1,3,1,2,3,1,1,3,1,1,2,NA,1,3,2,2,4,1,1,2,2,1,1,5,3,F,Muslim,1,1,1,1,1,1,1,1,1,1,1,4,4,3,1,1,1,1,1,1,1,5,5,1,7,1,7,1,0,B5,-0.289008224,-0.383883296,3.381029649741889,-0.268344105,0.3709390933128517,7,5,-0.132628239,-1.5,6
339,B0538,5,B,5B,other,Enemies,Enemy2,2,48,F,38,1,5,7,7,1,7,7,6,3,6,4,3,7,DOVADI VOHRA,2,1,3,1,2,3,1,1,3,1,1,2,NA,1,3,2,2,4,1,1,2,2,1,1,5,3,F,Muslim,1,1,2,1,1,1,1,1,1,1,1,4,2,2,2,1,1,2,2,1,1,1,3,4,4,5,7,1,0,B5,-0.289008224,-0.383883296,3.381029649741889,-0.268344105,0.3709390933128517,7,5,-0.132628239,-1.5,6
340,B0538,5,B,5B,other,Enemies,Enemy3,2,58,F,38,1,5,7,7,1,7,7,6,3,6,4,3,7,DOVADI VOHRA,2,1,3,1,2,3,1,1,3,1,1,2,NA,1,3,2,2,4,1,1,2,2,1,1,5,3,F,Hindu,1,1,1,1,1,1,4,1,3,3,1,4,4,4,1,1,1,2,1,1,1,5,5,1,7,7,5,1,0,B5,-0.289008224,-0.383883296,3.381029649741889,-0.268344105,0.3709390933128517,7,5,-0.132628239,-1.5,6
341,B0539,5,B,5B,Hindu,Enemies,Enemy1,2,15,F,39,1,3,6,7,7,2,6,5,5,3,4,4,2,NA,2,2,1,3,1,2,1,4,4,1,3,2,1,2,4,3,2,2,2,1,1,1,1,1,5,2,M,Muslim,1,1,1,1,1,1,4,1,1,1,1,4,1,1,1,1,1,1,1,5,1,5,3,7,6,1,4,0,0,B5,-0.289008224,-0.383883296,3.381029649741889,-0.268344105,0.3709390933128517,6,3,0.30591622948642044,-1.5,5
342,B0539,5,B,5B,Hindu,Enemies,Enemy2,2,37,F,39,1,3,6,7,7,2,6,5,5,3,4,4,2,NA,2,2,1,3,1,2,1,4,4,1,3,2,1,2,4,3,2,2,2,1,1,1,1,1,5,2,M,Muslim,1,2,1,2,1,2,4,1,1,1,1,4,3,4,1,1,1,1,1,1,1,3,1,7,6,3,7,0,0,B5,-0.289008224,-0.383883296,3.381029649741889,-0.268344105,0.3709390933128517,6,3,0.30591622948642044,-1.5,5
343,B0539,5,B,5B,Hindu,Enemies,Enemy3,2,41,F,39,1,3,6,7,7,2,6,5,5,3,4,4,2,NA,2,2,1,3,1,2,1,4,4,1,3,2,1,2,4,3,2,2,2,1,1,1,1,1,5,2,F,Muslim,1,1,2,2,1,2,4,1,1,5,1,4,2,7,3,2,3,3,2,3,1,3,2,1,7,2,7,1,0,B5,-0.289008224,-0.383883296,3.381029649741889,-0.268344105,0.3709390933128517,6,3,0.30591622948642044,-1.5,5
344,B0539,5,B,5B,Hindu,Enemies,Enemy4,2,49,F,39,1,3,6,7,7,2,6,5,5,3,4,4,2,NA,2,2,1,3,1,2,1,4,4,1,3,2,1,2,4,3,2,2,2,1,1,1,1,1,5,2,F,other,1,2,2,2,2,1,4,1,5,2,1,4,5,3,2,1,2,1,1,1,2,5,2,2,7,6,5,1,0,B5,-0.289008224,-0.383883296,3.381029649741889,-0.268344105,0.3709390933128517,6,3,0.30591622948642044,-1.5,5
345,B0539,5,B,5B,Hindu,Enemies,Enemy5,2,58,F,39,1,3,6,7,7,2,6,5,5,3,4,4,2,NA,2,2,1,3,1,2,1,4,4,1,3,2,1,2,4,3,2,2,2,1,1,1,1,1,5,2,F,Hindu,1,1,1,1,1,1,4,1,3,3,1,4,4,4,1,1,1,2,1,1,1,5,5,1,7,7,5,1,1,B5,-0.289008224,-0.383883296,3.381029649741889,-0.268344105,0.3709390933128517,6,3,0.30591622948642044,-1.5,5
346,B0539,5,B,5B,Hindu,Enemies,Enemy6,2,61,F,39,1,3,6,7,7,2,6,5,5,3,4,4,2,NA,2,2,1,3,1,2,1,4,4,1,3,2,1,2,4,3,2,2,2,1,1,1,1,1,5,2,F,NA,NA,NA,NA,NA,NA,NA,NA,NA,NA,NA,NA,NA,NA,NA,NA,NA,NA,NA,NA,NA,NA,NA,NA,NA,NA,NA,NA,1,NA,B5,-0.289008224,-0.383883296,3.381029649741889,-0.268344105,0.3709390933128517,6,3,0.30591622948642044,-1.5,5
347,B0539,5,B,5B,Hindu,Enemies,Enemy7,2,62,F,39,1,3,6,7,7,2,6,5,5,3,4,4,2,NA,2,2,1,3,1,2,1,4,4,1,3,2,1,2,4,3,2,2,2,1,1,1,1,1,5,2,F,Muslim,1,1,3,1,1,1,4,1,1,4,1,4,3,4,2,2,2,1,1,1,1,5,1,4,3,3,7,1,0,B5,-0.289008224,-0.383883296,3.381029649741889,-0.268344105,0.3709390933128517,6,3,0.30591622948642044,-1.5,5
348,B0540,5,B,5B,Muslim,Enemies,Enemy1,2,45,F,40,1,1,7,7,1,7,7,6,4,5,7,1,7,ALVI VOHRA,2,1,1,1,1,1,1,1,1,1,1,1,2,1,4,4,3,1,1,1,1,1,1,1,5,5,F,other,1,1,1,1,1,1,4,1,1,1,1,3,2,2,2,2,1,3,1,1,1,3,4,5,7,4,6,1,0,B5,-0.289008224,-0.383883296,3.381029649741889,-0.268344105,0.3709390933128517,7,1,1.621549634144792,-1.5,6
349,B0540,5,B,5B,Muslim,Enemies,Enemy2,2,47,F,40,1,1,7,7,1,7,7,6,4,5,7,1,7,ALVI VOHRA,2,1,1,1,1,1,1,1,1,1,1,1,2,1,4,4,3,1,1,1,1,1,1,1,5,5,F,Muslim,1,1,1,1,1,1,3,1,1,5,1,4,3,2,2,1,1,1,1,1,1,2,1,5,7,5,7,1,1,B5,-0.289008224,-0.383883296,3.381029649741889,-0.268344105,0.3709390933128517,7,1,1.621549634144792,-1.5,6
350,B0541,5,B,5B,Muslim,Enemies,Enemy1,2,38,F,41,6,1,7,7,2,7,7,5,6,5,6,6,7,SHAIKH,2,1,1,2,2,1,2,2,4,1,1,5,2,1,4,2,7,3,2,3,3,2,3,1,3,2,F,other,1,3,1,2,3,1,3,1,1,2,1,3,2,2,4,1,1,2,2,1,1,5,3,5,7,1,7,1,0,B5,-0.289008224,-0.383883296,3.381029649741889,-0.268344105,0.3709390933128517,7,1,1.621549634144792,-1.5,5
351,B0541,5,B,5B,Muslim,Enemies,Enemy2,2,44,F,41,6,1,7,7,2,7,7,5,6,5,6,6,7,SHAIKH,2,1,1,2,2,1,2,2,4,1,1,5,2,1,4,2,7,3,2,3,3,2,3,1,3,2,F,other,1,1,1,1,2,1,4,1,4,3,2,4,4,3,3,3,2,2,2,2,3,3,1,1,7,7,1,1,0,B5,-0.289008224,-0.383883296,3.381029649741889,-0.268344105,0.3709390933128517,7,1,1.621549634144792,-1.5,5
352,B0541,5,B,5B,Muslim,Enemies,Enemy3,2,47,F,41,6,1,7,7,2,7,7,5,6,5,6,6,7,SHAIKH,2,1,1,2,2,1,2,2,4,1,1,5,2,1,4,2,7,3,2,3,3,2,3,1,3,2,F,Muslim,1,1,1,1,1,1,3,1,1,5,1,4,3,2,2,1,1,1,1,1,1,2,1,5,7,5,7,1,1,B5,-0.289008224,-0.383883296,3.381029649741889,-0.268344105,0.3709390933128517,7,1,1.621549634144792,-1.5,5
353,B0541,5,B,5B,Muslim,Enemies,Enemy4,2,51,F,41,6,1,7,7,2,7,7,5,6,5,6,6,7,SHAIKH,2,1,1,2,2,1,2,2,4,1,1,5,2,1,4,2,7,3,2,3,3,2,3,1,3,2,F,Hindu,2,2,2,1,1,1,3,3,2,2,1,4,4,3,3,2,2,2,2,1,1,5,2,4,7,6,5,1,0,B5,-0.289008224,-0.383883296,3.381029649741889,-0.268344105,0.3709390933128517,7,1,1.621549634144792,-1.5,5
354,B0541,5,B,5B,Muslim,Enemies,Enemy5,2,58,F,41,6,1,7,7,2,7,7,5,6,5,6,6,7,SHAIKH,2,1,1,2,2,1,2,2,4,1,1,5,2,1,4,2,7,3,2,3,3,2,3,1,3,2,F,Hindu,1,1,1,1,1,1,4,1,3,3,1,4,4,4,1,1,1,2,1,1,1,5,5,1,7,7,5,1,0,B5,-0.289008224,-0.383883296,3.381029649741889,-0.268344105,0.3709390933128517,7,1,1.621549634144792,-1.5,5
355,B0541,5,B,5B,Muslim,Enemies,Enemy6,2,61,F,41,6,1,7,7,2,7,7,5,6,5,6,6,7,SHAIKH,2,1,1,2,2,1,2,2,4,1,1,5,2,1,4,2,7,3,2,3,3,2,3,1,3,2,F,NA,NA,NA,NA,NA,NA,NA,NA,NA,NA,NA,NA,NA,NA,NA,NA,NA,NA,NA,NA,NA,NA,NA,NA,NA,NA,NA,NA,1,NA,B5,-0.289008224,-0.383883296,3.381029649741889,-0.268344105,0.3709390933128517,7,1,1.621549634144792,-1.5,5
356,B0541,5,B,5B,Muslim,Enemies,Enemy7,2,63,F,41,6,1,7,7,2,7,7,5,6,5,6,6,7,SHAIKH,2,1,1,2,2,1,2,2,4,1,1,5,2,1,4,2,7,3,2,3,3,2,3,1,3,2,F,NA,NA,NA,NA,NA,NA,NA,NA,NA,NA,NA,NA,NA,NA,NA,NA,NA,NA,NA,NA,NA,NA,NA,NA,NA,NA,NA,NA,1,NA,B5,-0.289008224,-0.383883296,3.381029649741889,-0.268344105,0.3709390933128517,7,1,1.621549634144792,-1.5,5
357,B0542,5,B,5B,Hindu,Enemies,Enemy1,2,1,F,42,4,4,4,NA,7,6,4,5,4,4,4,4,8,DON'T KNOW,2,1,4,1,1,1,1,1,4,1,2,1,1,1,4,4,7,1,1,1,1,1,1,1,5,3,M,Hindu,5,5,4,3,5,2,4,5,5,4,4,6,4,4,1,1,1,2,1,1,1,5,3,7,6,6,6,0,1,B5,-0.289008224,-0.383883296,3.381029649741889,-0.268344105,0.3709390933128517,4,4,-1.009717175,-1.5,1
358,B0542,5,B,5B,Hindu,Enemies,Enemy2,2,2,F,42,4,4,4,NA,7,6,4,5,4,4,4,4,8,DON'T KNOW,2,1,4,1,1,1,1,1,4,1,2,1,1,1,4,4,7,1,1,1,1,1,1,1,5,3,M,Muslim,1,1,1,1,1,1,1,2,1,2,1,5,4,4,1,1,1,1,1,1,1,1,5,7,4,5,7,0,0,B5,-0.289008224,-0.383883296,3.381029649741889,-0.268344105,0.3709390933128517,4,4,-1.009717175,-1.5,1
359,B0542,5,B,5B,Hindu,Enemies,Enemy3,2,3,F,42,4,4,4,NA,7,6,4,5,4,4,4,4,8,DON'T KNOW,2,1,4,1,1,1,1,1,4,1,2,1,1,1,4,4,7,1,1,1,1,1,1,1,5,3,M,NA,NA,NA,NA,NA,NA,NA,NA,NA,NA,NA,NA,NA,NA,NA,NA,NA,NA,NA,NA,NA,NA,NA,NA,NA,NA,NA,NA,0,NA,B5,-0.289008224,-0.383883296,3.381029649741889,-0.268344105,0.3709390933128517,4,4,-1.009717175,-1.5,1
360,B0542,5,B,5B,Hindu,Enemies,Enemy4,2,4,F,42,4,4,4,NA,7,6,4,5,4,4,4,4,8,DON'T KNOW,2,1,4,1,1,1,1,1,4,1,2,1,1,1,4,4,7,1,1,1,1,1,1,1,5,3,M,Muslim,1,1,2,1,1,1,3,1,1,1,1,4,2,4,1,1,1,2,2,1,1,5,5,6,6,6,7,0,0,B5,-0.289008224,-0.383883296,3.381029649741889,-0.268344105,0.3709390933128517,4,4,-1.009717175,-1.5,1
361,B0542,5,B,5B,Hindu,Enemies,Enemy5,2,5,F,42,4,4,4,NA,7,6,4,5,4,4,4,4,8,DON'T KNOW,2,1,4,1,1,1,1,1,4,1,2,1,1,1,4,4,7,1,1,1,1,1,1,1,5,3,M,Muslim,2,2,3,1,1,1,3,2,1,1,1,4,2,4,1,2,4,1,3,1,1,4,5,7,1,NA,2,0,0,B5,-0.289008224,-0.383883296,3.381029649741889,-0.268344105,0.3709390933128517,4,4,-1.009717175,-1.5,1
362,B0542,5,B,5B,Hindu,Enemies,Enemy6,2,6,F,42,4,4,4,NA,7,6,4,5,4,4,4,4,8,DON'T KNOW,2,1,4,1,1,1,1,1,4,1,2,1,1,1,4,4,7,1,1,1,1,1,1,1,5,3,M,NA,NA,NA,NA,NA,NA,NA,NA,NA,NA,NA,NA,NA,NA,NA,NA,NA,NA,NA,NA,NA,NA,NA,NA,NA,NA,NA,NA,0,NA,B5,-0.289008224,-0.383883296,3.381029649741889,-0.268344105,0.3709390933128517,4,4,-1.009717175,-1.5,1
363,B0542,5,B,5B,Hindu,Enemies,Enemy7,2,7,F,42,4,4,4,NA,7,6,4,5,4,4,4,4,8,DON'T KNOW,2,1,4,1,1,1,1,1,4,1,2,1,1,1,4,4,7,1,1,1,1,1,1,1,5,3,M,Hindu,1,1,1,1,2,1,4,1,2,1,1,6,7,6,1,1,1,1,1,1,1,3,2,6,5,7,6,0,1,B5,-0.289008224,-0.383883296,3.381029649741889,-0.268344105,0.3709390933128517,4,4,-1.009717175,-1.5,1
364,B0542,5,B,5B,Hindu,Enemies,Enemy8,2,21,F,42,4,4,4,NA,7,6,4,5,4,4,4,4,8,DON'T KNOW,2,1,4,1,1,1,1,1,4,1,2,1,1,1,4,4,7,1,1,1,1,1,1,1,5,3,M,Hindu,4,3,5,1,4,1,4,1,2,2,3,5,3,4,1,1,1,1,1,1,1,5,4,6,6,6,6,0,1,B5,-0.289008224,-0.383883296,3.381029649741889,-0.268344105,0.3709390933128517,4,4,-1.009717175,-1.5,1
365,B0542,5,B,5B,Hindu,Enemies,Enemy9,2,34,F,42,4,4,4,NA,7,6,4,5,4,4,4,4,8,DON'T KNOW,2,1,4,1,1,1,1,1,4,1,2,1,1,1,4,4,7,1,1,1,1,1,1,1,5,3,M,other,1,1,2,2,1,1,4,2,4,2,1,4,3,5,2,1,1,1,1,1,1,5,3,7,5,6,4,0,0,B5,-0.289008224,-0.383883296,3.381029649741889,-0.268344105,0.3709390933128517,4,4,-1.009717175,-1.5,1
366,B0542,5,B,5B,Hindu,Enemies,Enemy10,2,51,F,42,4,4,4,NA,7,6,4,5,4,4,4,4,8,DON'T KNOW,2,1,4,1,1,1,1,1,4,1,2,1,1,1,4,4,7,1,1,1,1,1,1,1,5,3,F,Hindu,2,2,2,1,1,1,3,3,2,2,1,4,4,3,3,2,2,2,2,1,1,5,2,4,7,6,5,1,1,B5,-0.289008224,-0.383883296,3.381029649741889,-0.268344105,0.3709390933128517,4,4,-1.009717175,-1.5,1
367,B0542,5,B,5B,Hindu,Enemies,Enemy11,2,55,F,42,4,4,4,NA,7,6,4,5,4,4,4,4,8,DON'T KNOW,2,1,4,1,1,1,1,1,4,1,2,1,1,1,4,4,7,1,1,1,1,1,1,1,5,3,F,Hindu,1,1,1,1,1,1,4,1,2,2,1,4,1,1,3,2,1,1,1,1,1,5,4,5,7,7,5,1,1,B5,-0.289008224,-0.383883296,3.381029649741889,-0.268344105,0.3709390933128517,4,4,-1.009717175,-1.5,1
368,B0542,5,B,5B,Hindu,Enemies,Enemy12,2,58,F,42,4,4,4,NA,7,6,4,5,4,4,4,4,8,DON'T KNOW,2,1,4,1,1,1,1,1,4,1,2,1,1,1,4,4,7,1,1,1,1,1,1,1,5,3,F,Hindu,1,1,1,1,1,1,4,1,3,3,1,4,4,4,1,1,1,2,1,1,1,5,5,1,7,7,5,1,1,B5,-0.289008224,-0.383883296,3.381029649741889,-0.268344105,0.3709390933128517,4,4,-1.009717175,-1.5,1
369,B0542,5,B,5B,Hindu,Enemies,Enemy13,2,59,F,42,4,4,4,NA,7,6,4,5,4,4,4,4,8,DON'T KNOW,2,1,4,1,1,1,1,1,4,1,2,1,1,1,4,4,7,1,1,1,1,1,1,1,5,3,F,Hindu,1,1,1,1,1,1,4,1,3,2,1,3,1,1,1,1,1,2,1,1,2,4,3,1,7,7,6,1,1,B5,-0.289008224,-0.383883296,3.381029649741889,-0.268344105,0.3709390933128517,4,4,-1.009717175,-1.5,1
370,B0542,5,B,5B,Hindu,Enemies,Enemy14,2,63,F,42,4,4,4,NA,7,6,4,5,4,4,4,4,8,DON'T KNOW,2,1,4,1,1,1,1,1,4,1,2,1,1,1,4,4,7,1,1,1,1,1,1,1,5,3,F,NA,NA,NA,NA,NA,NA,NA,NA,NA,NA,NA,NA,NA,NA,NA,NA,NA,NA,NA,NA,NA,NA,NA,NA,NA,NA,NA,NA,1,NA,B5,-0.289008224,-0.383883296,3.381029649741889,-0.268344105,0.3709390933128517,4,4,-1.009717175,-1.5,1
371,B0546,5,B,5B,Hindu,Enemies,Enemy1,2,54,F,46,1,4,7,7,7,2,7,7,5,6,4,6,1,NA,2,1,1,1,1,1,1,2,5,1,5,5,1,1,4,4,5,2,1,1,1,3,1,1,3,2,F,Hindu,2,2,2,1,1,1,2,1,3,1,2,4,4,4,4,4,1,1,1,2,1,5,2,4,7,7,2,1,1,B5,-0.289008224,-0.383883296,3.381029649741889,-0.268344105,0.3709390933128517,7,4,0.30591622948642044,-1.5,5
372,B0546,5,B,5B,Hindu,Enemies,Enemy2,2,59,F,46,1,4,7,7,7,2,7,7,5,6,4,6,1,NA,2,1,1,1,1,1,1,2,5,1,5,5,1,1,4,4,5,2,1,1,1,3,1,1,3,2,F,Hindu,1,1,1,1,1,1,4,1,3,2,1,3,1,1,1,1,1,2,1,1,2,4,3,1,7,7,6,1,1,B5,-0.289008224,-0.383883296,3.381029649741889,-0.268344105,0.3709390933128517,7,4,0.30591622948642044,-1.5,5
373,B0547,5,B,5B,Muslim,Enemies,Enemy1,2,6,F,47,5,5,7,7,5,7,6,7,5,6,6,3,7,NA,2,1,1,1,1,1,1,1,3,1,1,5,2,1,4,3,2,2,1,1,1,1,1,1,2,1,M,NA,NA,NA,NA,NA,NA,NA,NA,NA,NA,NA,NA,NA,NA,NA,NA,NA,NA,NA,NA,NA,NA,NA,NA,NA,NA,NA,NA,0,NA,B5,-0.289008224,-0.383883296,3.381029649741889,-0.268344105,0.3709390933128517,7,5,-0.132628239,-1.5,2
374,B0547,5,B,5B,Muslim,Enemies,Enemy2,2,33,F,47,5,5,7,7,5,7,6,7,5,6,6,3,7,NA,2,1,1,1,1,1,1,1,3,1,1,5,2,1,4,3,2,2,1,1,1,1,1,1,2,1,M,Hindu,1,5,1,1,1,1,2,1,2,1,1,6,4,5,1,5,4,1,2,5,3,1,3,7,1,7,1,0,0,B5,-0.289008224,-0.383883296,3.381029649741889,-0.268344105,0.3709390933128517,7,5,-0.132628239,-1.5,2
375,B0549,5,B,5B,other,Enemies,Enemy1,2,7,F,49,5,2,7,7,6,5,6,6,5,6,5,4,8,NA,2,1,2,2,2,2,1,4,4,1,5,2,NA,1,4,5,3,2,1,2,1,1,1,2,5,2,M,Hindu,1,1,1,1,2,1,4,1,2,1,1,6,7,6,1,1,1,1,1,1,1,3,2,6,5,7,6,0,0,B5,-0.289008224,-0.383883296,3.381029649741889,-0.268344105,0.3709390933128517,7,2,1.183005165925335,-1.5,-1
376,B0549,5,B,5B,other,Enemies,Enemy2,2,33,F,49,5,2,7,7,6,5,6,6,5,6,5,4,8,NA,2,1,2,2,2,2,1,4,4,1,5,2,NA,1,4,5,3,2,1,2,1,1,1,2,5,2,M,Hindu,1,5,1,1,1,1,2,1,2,1,1,6,4,5,1,5,4,1,2,5,3,1,3,7,1,7,1,0,0,B5,-0.289008224,-0.383883296,3.381029649741889,-0.268344105,0.3709390933128517,7,2,1.183005165925335,-1.5,-1
377,B0551,5,B,5B,Hindu,Enemies,Enemy1,2,4,F,51,2,4,7,6,6,5,6,6,5,6,5,4,8,NA,2,2,2,2,1,1,1,1,3,3,2,2,1,1,4,4,3,3,2,2,2,2,1,1,5,2,M,Muslim,1,1,2,1,1,1,3,1,1,1,1,4,2,4,1,1,1,2,2,1,1,5,5,6,6,6,7,0,0,B5,-0.289008224,-0.383883296,3.381029649741889,-0.268344105,0.3709390933128517,7,4,0.30591622948642044,-1.5,1
378,B0551,5,B,5B,Hindu,Enemies,Enemy2,2,6,F,51,2,4,7,6,6,5,6,6,5,6,5,4,8,NA,2,2,2,2,1,1,1,1,3,3,2,2,1,1,4,4,3,3,2,2,2,2,1,1,5,2,M,NA,NA,NA,NA,NA,NA,NA,NA,NA,NA,NA,NA,NA,NA,NA,NA,NA,NA,NA,NA,NA,NA,NA,NA,NA,NA,NA,NA,0,NA,B5,-0.289008224,-0.383883296,3.381029649741889,-0.268344105,0.3709390933128517,7,4,0.30591622948642044,-1.5,1
379,B0551,5,B,5B,Hindu,Enemies,Enemy3,2,32,F,51,2,4,7,6,6,5,6,6,5,6,5,4,8,NA,2,2,2,2,1,1,1,1,3,3,2,2,1,1,4,4,3,3,2,2,2,2,1,1,5,2,M,Hindu,1,1,1,1,1,1,4,1,5,3,1,4,4,4,1,1,1,1,3,1,1,5,1,7,1,7,5,0,1,B5,-0.289008224,-0.383883296,3.381029649741889,-0.268344105,0.3709390933128517,7,4,0.30591622948642044,-1.5,1
380,B0551,5,B,5B,Hindu,Enemies,Enemy4,2,33,F,51,2,4,7,6,6,5,6,6,5,6,5,4,8,NA,2,2,2,2,1,1,1,1,3,3,2,2,1,1,4,4,3,3,2,2,2,2,1,1,5,2,M,Hindu,1,5,1,1,1,1,2,1,2,1,1,6,4,5,1,5,4,1,2,5,3,1,3,7,1,7,1,0,1,B5,-0.289008224,-0.383883296,3.381029649741889,-0.268344105,0.3709390933128517,7,4,0.30591622948642044,-1.5,1
381,B0551,5,B,5B,Hindu,Enemies,Enemy5,2,44,F,51,2,4,7,6,6,5,6,6,5,6,5,4,8,NA,2,2,2,2,1,1,1,1,3,3,2,2,1,1,4,4,3,3,2,2,2,2,1,1,5,2,F,other,1,1,1,1,2,1,4,1,4,3,2,4,4,3,3,3,2,2,2,2,3,3,1,1,7,7,1,1,0,B5,-0.289008224,-0.383883296,3.381029649741889,-0.268344105,0.3709390933128517,7,4,0.30591622948642044,-1.5,1
382,B0551,5,B,5B,Hindu,Enemies,Enemy6,2,47,F,51,2,4,7,6,6,5,6,6,5,6,5,4,8,NA,2,2,2,2,1,1,1,1,3,3,2,2,1,1,4,4,3,3,2,2,2,2,1,1,5,2,F,Muslim,1,1,1,1,1,1,3,1,1,5,1,4,3,2,2,1,1,1,1,1,1,2,1,5,7,5,7,1,0,B5,-0.289008224,-0.383883296,3.381029649741889,-0.268344105,0.3709390933128517,7,4,0.30591622948642044,-1.5,1
383,B0551,5,B,5B,Hindu,Enemies,Enemy7,2,57,F,51,2,4,7,6,6,5,6,6,5,6,5,4,8,NA,2,2,2,2,1,1,1,1,3,3,2,2,1,1,4,4,3,3,2,2,2,2,1,1,5,2,F,Hindu,1,1,1,1,1,1,4,1,5,3,1,4,4,4,1,1,1,2,1,2,1,2,2,4,4,6,4,1,1,B5,-0.289008224,-0.383883296,3.381029649741889,-0.268344105,0.3709390933128517,7,4,0.30591622948642044,-1.5,1
384,B0552,5,B,5B,Muslim,Enemies,Enemy1,2,3,F,52,1,3,7,5,2,7,7,6,5,6,6,2,7,SUNNI,2,1,1,3,1,1,1,2,4,1,1,3,2,1,3,2,2,2,1,1,2,1,4,2,2,1,M,NA,NA,NA,NA,NA,NA,NA,NA,NA,NA,NA,NA,NA,NA,NA,NA,NA,NA,NA,NA,NA,NA,NA,NA,NA,NA,NA,NA,0,NA,B5,-0.289008224,-0.383883296,3.381029649741889,-0.268344105,0.3709390933128517,7,3,0.7444606977058776,-1.5,5
385,B0552,5,B,5B,Muslim,Enemies,Enemy2,2,4,F,52,1,3,7,5,2,7,7,6,5,6,6,2,7,SUNNI,2,1,1,3,1,1,1,2,4,1,1,3,2,1,3,2,2,2,1,1,2,1,4,2,2,1,M,Muslim,1,1,2,1,1,1,3,1,1,1,1,4,2,4,1,1,1,2,2,1,1,5,5,6,6,6,7,0,1,B5,-0.289008224,-0.383883296,3.381029649741889,-0.268344105,0.3709390933128517,7,3,0.7444606977058776,-1.5,5
386,B0552,5,B,5B,Muslim,Enemies,Enemy3,2,6,F,52,1,3,7,5,2,7,7,6,5,6,6,2,7,SUNNI,2,1,1,3,1,1,1,2,4,1,1,3,2,1,3,2,2,2,1,1,2,1,4,2,2,1,M,NA,NA,NA,NA,NA,NA,NA,NA,NA,NA,NA,NA,NA,NA,NA,NA,NA,NA,NA,NA,NA,NA,NA,NA,NA,NA,NA,NA,0,NA,B5,-0.289008224,-0.383883296,3.381029649741889,-0.268344105,0.3709390933128517,7,3,0.7444606977058776,-1.5,5
387,B0552,5,B,5B,Muslim,Enemies,Enemy4,2,33,F,52,1,3,7,5,2,7,7,6,5,6,6,2,7,SUNNI,2,1,1,3,1,1,1,2,4,1,1,3,2,1,3,2,2,2,1,1,2,1,4,2,2,1,M,Hindu,1,5,1,1,1,1,2,1,2,1,1,6,4,5,1,5,4,1,2,5,3,1,3,7,1,7,1,0,0,B5,-0.289008224,-0.383883296,3.381029649741889,-0.268344105,0.3709390933128517,7,3,0.7444606977058776,-1.5,5
388,B0552,5,B,5B,Muslim,Enemies,Enemy5,2,35,F,52,1,3,7,5,2,7,7,6,5,6,6,2,7,SUNNI,2,1,1,3,1,1,1,2,4,1,1,3,2,1,3,2,2,2,1,1,2,1,4,2,2,1,M,Hindu,1,1,1,1,1,1,4,1,4,4,1,4,4,4,1,1,1,1,1,1,1,5,3,7,7,7,5,0,0,B5,-0.289008224,-0.383883296,3.381029649741889,-0.268344105,0.3709390933128517,7,3,0.7444606977058776,-1.5,5
389,B0552,5,B,5B,Muslim,Enemies,Enemy6,2,39,F,52,1,3,7,5,2,7,7,6,5,6,6,2,7,SUNNI,2,1,1,3,1,1,1,2,4,1,1,3,2,1,3,2,2,2,1,1,2,1,4,2,2,1,F,Hindu,2,1,3,1,2,1,4,1,3,2,2,4,3,2,2,2,1,1,1,1,1,5,2,3,6,7,2,1,0,B5,-0.289008224,-0.383883296,3.381029649741889,-0.268344105,0.3709390933128517,7,3,0.7444606977058776,-1.5,5
390,B0553,5,B,5B,Hindu,Enemies,Enemy1,2,6,F,53,1,6,7,7,7,5,6,7,6,6,7,1,8,NA,2,1,1,1,1,1,1,1,4,4,1,1,1,1,4,4,4,1,1,1,1,1,1,1,3,5,M,NA,NA,NA,NA,NA,NA,NA,NA,NA,NA,NA,NA,NA,NA,NA,NA,NA,NA,NA,NA,NA,NA,NA,NA,NA,NA,NA,NA,0,NA,B5,-0.289008224,-0.383883296,3.381029649741889,-0.268344105,0.3709390933128517,7,6,-0.571172707,-1.5,2
391,B0553,5,B,5B,Hindu,Enemies,Enemy2,2,33,F,53,1,6,7,7,7,5,6,7,6,6,7,1,8,NA,2,1,1,1,1,1,1,1,4,4,1,1,1,1,4,4,4,1,1,1,1,1,1,1,3,5,M,Hindu,1,5,1,1,1,1,2,1,2,1,1,6,4,5,1,5,4,1,2,5,3,1,3,7,1,7,1,0,1,B5,-0.289008224,-0.383883296,3.381029649741889,-0.268344105,0.3709390933128517,7,6,-0.571172707,-1.5,2
392,B0553,5,B,5B,Hindu,Enemies,Enemy3,2,37,F,53,1,6,7,7,7,5,6,7,6,6,7,1,8,NA,2,1,1,1,1,1,1,1,4,4,1,1,1,1,4,4,4,1,1,1,1,1,1,1,3,5,M,Muslim,1,2,1,2,1,2,4,1,1,1,1,4,3,4,1,1,1,1,1,1,1,3,1,7,6,3,7,0,0,B5,-0.289008224,-0.383883296,3.381029649741889,-0.268344105,0.3709390933128517,7,6,-0.571172707,-1.5,2
393,B0553,5,B,5B,Hindu,Enemies,Enemy4,2,39,F,53,1,6,7,7,7,5,6,7,6,6,7,1,8,NA,2,1,1,1,1,1,1,1,4,4,1,1,1,1,4,4,4,1,1,1,1,1,1,1,3,5,F,Hindu,2,1,3,1,2,1,4,1,3,2,2,4,3,2,2,2,1,1,1,1,1,5,2,3,6,7,2,1,1,B5,-0.289008224,-0.383883296,3.381029649741889,-0.268344105,0.3709390933128517,7,6,-0.571172707,-1.5,2
394,B0553,5,B,5B,Hindu,Enemies,Enemy5,2,40,F,53,1,6,7,7,7,5,6,7,6,6,7,1,8,NA,2,1,1,1,1,1,1,1,4,4,1,1,1,1,4,4,4,1,1,1,1,1,1,1,3,5,F,Muslim,1,1,1,1,1,1,1,1,1,1,1,4,4,3,1,1,1,1,1,1,1,5,5,1,7,1,7,1,0,B5,-0.289008224,-0.383883296,3.381029649741889,-0.268344105,0.3709390933128517,7,6,-0.571172707,-1.5,2
395,B0553,5,B,5B,Hindu,Enemies,Enemy6,2,45,F,53,1,6,7,7,7,5,6,7,6,6,7,1,8,NA,2,1,1,1,1,1,1,1,4,4,1,1,1,1,4,4,4,1,1,1,1,1,1,1,3,5,F,other,1,1,1,1,1,1,4,1,1,1,1,3,2,2,2,2,1,3,1,1,1,3,4,5,7,4,6,1,0,B5,-0.289008224,-0.383883296,3.381029649741889,-0.268344105,0.3709390933128517,7,6,-0.571172707,-1.5,2
396,B0553,5,B,5B,Hindu,Enemies,Enemy7,2,47,F,53,1,6,7,7,7,5,6,7,6,6,7,1,8,NA,2,1,1,1,1,1,1,1,4,4,1,1,1,1,4,4,4,1,1,1,1,1,1,1,3,5,F,Muslim,1,1,1,1,1,1,3,1,1,5,1,4,3,2,2,1,1,1,1,1,1,2,1,5,7,5,7,1,0,B5,-0.289008224,-0.383883296,3.381029649741889,-0.268344105,0.3709390933128517,7,6,-0.571172707,-1.5,2
397,B0553,5,B,5B,Hindu,Enemies,Enemy8,2,59,F,53,1,6,7,7,7,5,6,7,6,6,7,1,8,NA,2,1,1,1,1,1,1,1,4,4,1,1,1,1,4,4,4,1,1,1,1,1,1,1,3,5,F,Hindu,1,1,1,1,1,1,4,1,3,2,1,3,1,1,1,1,1,2,1,1,2,4,3,1,7,7,6,1,1,B5,-0.289008224,-0.383883296,3.381029649741889,-0.268344105,0.3709390933128517,7,6,-0.571172707,-1.5,2
398,B0553,5,B,5B,Hindu,Enemies,Enemy9,2,65,F,53,1,6,7,7,7,5,6,7,6,6,7,1,8,NA,2,1,1,1,1,1,1,1,4,4,1,1,1,1,4,4,4,1,1,1,1,1,1,1,3,5,F,Hindu,1,1,1,1,1,1,4,1,1,3,1,4,1,3,5,3,2,2,1,1,2,5,5,1,7,7,6,1,1,B5,-0.289008224,-0.383883296,3.381029649741889,-0.268344105,0.3709390933128517,7,6,-0.571172707,-1.5,2
399,B0555,5,B,5B,Hindu,Enemies,Enemy1,2,58,F,55,2,5,7,7,7,5,7,6,5,6,6,1,7,NA,2,1,1,1,1,1,1,1,4,1,2,2,1,1,4,1,1,3,2,1,1,1,1,1,5,4,F,Hindu,1,1,1,1,1,1,4,1,3,3,1,4,4,4,1,1,1,2,1,1,1,5,5,1,7,7,5,1,1,B5,-0.289008224,-0.383883296,3.381029649741889,-0.268344105,0.3709390933128517,7,5,-0.132628239,-1.5,2
400,B0555,5,B,5B,Hindu,Enemies,Enemy2,2,65,F,55,2,5,7,7,7,5,7,6,5,6,6,1,7,NA,2,1,1,1,1,1,1,1,4,1,2,2,1,1,4,1,1,3,2,1,1,1,1,1,5,4,F,Hindu,1,1,1,1,1,1,4,1,1,3,1,4,1,3,5,3,2,2,1,1,2,5,5,1,7,7,6,1,1,B5,-0.289008224,-0.383883296,3.381029649741889,-0.268344105,0.3709390933128517,7,5,-0.132628239,-1.5,2
401,B0556,5,B,5B,Hindu,Enemies,Enemy1,2,33,F,56,1,3,7,7,7,4,7,7,3,3,3,3,2,NA,2,1,1,3,1,1,1,2,4,1,1,1,1,1,2,1,1,1,1,1,1,1,1,1,5,1,M,Hindu,1,5,1,1,1,1,2,1,2,1,1,6,4,5,1,5,4,1,2,5,3,1,3,7,1,7,1,0,1,B5,-0.289008224,-0.383883296,3.381029649741889,-0.268344105,0.3709390933128517,7,3,0.7444606977058776,-1.5,3
402,B0557,5,B,5B,Hindu,Enemies,Enemy1,2,58,F,57,7,4,4,7,6,4,7,5,7,5,4,4,8,NA,2,1,1,1,1,1,1,1,4,1,5,3,1,1,4,4,4,1,1,1,2,1,2,1,2,2,F,Hindu,1,1,1,1,1,1,4,1,3,3,1,4,4,4,1,1,1,2,1,1,1,5,5,1,7,7,5,1,1,B5,-0.289008224,-0.383883296,3.381029649741889,-0.268344105,0.3709390933128517,4,4,-1.009717175,-1.5,2
403,B0557,5,B,5B,Hindu,Enemies,Enemy2,2,59,F,57,7,4,4,7,6,4,7,5,7,5,4,4,8,NA,2,1,1,1,1,1,1,1,4,1,5,3,1,1,4,4,4,1,1,1,2,1,2,1,2,2,F,Hindu,1,1,1,1,1,1,4,1,3,2,1,3,1,1,1,1,1,2,1,1,2,4,3,1,7,7,6,1,1,B5,-0.289008224,-0.383883296,3.381029649741889,-0.268344105,0.3709390933128517,4,4,-1.009717175,-1.5,2
404,B0559,5,B,5B,Hindu,Enemies,Enemy1,2,43,F,59,4,1,7,6,7,6,7,7,5,5,6,7,8,NA,2,1,1,1,1,1,1,1,4,1,3,2,1,1,3,1,1,1,1,1,2,1,1,2,4,3,F,Muslim,3,1,1,1,1,1,3,1,1,1,1,4,4,4,3,1,2,2,1,1,2,5,3,1,7,4,7,1,0,B5,-0.289008224,-0.383883296,3.381029649741889,-0.268344105,0.3709390933128517,7,1,1.621549634144792,-1.5,1
405,B0559,5,B,5B,Hindu,Enemies,Enemy2,2,44,F,59,4,1,7,6,7,6,7,7,5,5,6,7,8,NA,2,1,1,1,1,1,1,1,4,1,3,2,1,1,3,1,1,1,1,1,2,1,1,2,4,3,F,other,1,1,1,1,2,1,4,1,4,3,2,4,4,3,3,3,2,2,2,2,3,3,1,1,7,7,1,1,0,B5,-0.289008224,-0.383883296,3.381029649741889,-0.268344105,0.3709390933128517,7,1,1.621549634144792,-1.5,1
406,B0559,5,B,5B,Hindu,Enemies,Enemy3,2,46,F,59,4,1,7,6,7,6,7,7,5,5,6,7,8,NA,2,1,1,1,1,1,1,1,4,1,3,2,1,1,3,1,1,1,1,1,2,1,1,2,4,3,F,Hindu,1,1,1,1,1,1,5,1,5,5,1,4,4,5,2,1,1,1,3,1,1,3,2,4,7,7,2,1,1,B5,-0.289008224,-0.383883296,3.381029649741889,-0.268344105,0.3709390933128517,7,1,1.621549634144792,-1.5,1
407,B0559,5,B,5B,Hindu,Enemies,Enemy4,2,47,F,59,4,1,7,6,7,6,7,7,5,5,6,7,8,NA,2,1,1,1,1,1,1,1,4,1,3,2,1,1,3,1,1,1,1,1,2,1,1,2,4,3,F,Muslim,1,1,1,1,1,1,3,1,1,5,1,4,3,2,2,1,1,1,1,1,1,2,1,5,7,5,7,1,0,B5,-0.289008224,-0.383883296,3.381029649741889,-0.268344105,0.3709390933128517,7,1,1.621549634144792,-1.5,1
408,B0559,5,B,5B,Hindu,Enemies,Enemy5,2,49,F,59,4,1,7,6,7,6,7,7,5,5,6,7,8,NA,2,1,1,1,1,1,1,1,4,1,3,2,1,1,3,1,1,1,1,1,2,1,1,2,4,3,F,other,1,2,2,2,2,1,4,1,5,2,1,4,5,3,2,1,2,1,1,1,2,5,2,2,7,6,5,1,0,B5,-0.289008224,-0.383883296,3.381029649741889,-0.268344105,0.3709390933128517,7,1,1.621549634144792,-1.5,1
409,B0559,5,B,5B,Hindu,Enemies,Enemy6,2,51,F,59,4,1,7,6,7,6,7,7,5,5,6,7,8,NA,2,1,1,1,1,1,1,1,4,1,3,2,1,1,3,1,1,1,1,1,2,1,1,2,4,3,F,Hindu,2,2,2,1,1,1,3,3,2,2,1,4,4,3,3,2,2,2,2,1,1,5,2,4,7,6,5,1,1,B5,-0.289008224,-0.383883296,3.381029649741889,-0.268344105,0.3709390933128517,7,1,1.621549634144792,-1.5,1
410,B0559,5,B,5B,Hindu,Enemies,Enemy7,2,63,F,59,4,1,7,6,7,6,7,7,5,5,6,7,8,NA,2,1,1,1,1,1,1,1,4,1,3,2,1,1,3,1,1,1,1,1,2,1,1,2,4,3,F,NA,NA,NA,NA,NA,NA,NA,NA,NA,NA,NA,NA,NA,NA,NA,NA,NA,NA,NA,NA,NA,NA,NA,NA,NA,NA,NA,NA,1,NA,B5,-0.289008224,-0.383883296,3.381029649741889,-0.268344105,0.3709390933128517,7,1,1.621549634144792,-1.5,1
411,B0560,5,B,5B,Hindu,Enemies,Enemy1,2,3,F,60,1,6,7,7,7,4,6,6,6,5,6,4,1,NA,2,1,2,1,1,1,1,1,4,1,1,1,1,1,7,6,4,1,1,1,1,1,1,1,5,3,M,NA,NA,NA,NA,NA,NA,NA,NA,NA,NA,NA,NA,NA,NA,NA,NA,NA,NA,NA,NA,NA,NA,NA,NA,NA,NA,NA,NA,0,NA,B5,-0.289008224,-0.383883296,3.381029649741889,-0.268344105,0.3709390933128517,7,6,-0.571172707,-1.5,3
412,B0560,5,B,5B,Hindu,Enemies,Enemy2,2,6,F,60,1,6,7,7,7,4,6,6,6,5,6,4,1,NA,2,1,2,1,1,1,1,1,4,1,1,1,1,1,7,6,4,1,1,1,1,1,1,1,5,3,M,NA,NA,NA,NA,NA,NA,NA,NA,NA,NA,NA,NA,NA,NA,NA,NA,NA,NA,NA,NA,NA,NA,NA,NA,NA,NA,NA,NA,0,NA,B5,-0.289008224,-0.383883296,3.381029649741889,-0.268344105,0.3709390933128517,7,6,-0.571172707,-1.5,3
413,B0560,5,B,5B,Hindu,Enemies,Enemy3,2,7,F,60,1,6,7,7,7,4,6,6,6,5,6,4,1,NA,2,1,2,1,1,1,1,1,4,1,1,1,1,1,7,6,4,1,1,1,1,1,1,1,5,3,M,Hindu,1,1,1,1,2,1,4,1,2,1,1,6,7,6,1,1,1,1,1,1,1,3,2,6,5,7,6,0,1,B5,-0.289008224,-0.383883296,3.381029649741889,-0.268344105,0.3709390933128517,7,6,-0.571172707,-1.5,3
414,B0560,5,B,5B,Hindu,Enemies,Enemy4,2,33,F,60,1,6,7,7,7,4,6,6,6,5,6,4,1,NA,2,1,2,1,1,1,1,1,4,1,1,1,1,1,7,6,4,1,1,1,1,1,1,1,5,3,M,Hindu,1,5,1,1,1,1,2,1,2,1,1,6,4,5,1,5,4,1,2,5,3,1,3,7,1,7,1,0,1,B5,-0.289008224,-0.383883296,3.381029649741889,-0.268344105,0.3709390933128517,7,6,-0.571172707,-1.5,3
415,B0560,5,B,5B,Hindu,Enemies,Enemy5,2,64,F,60,1,6,7,7,7,4,6,6,6,5,6,4,1,NA,2,1,2,1,1,1,1,1,4,1,1,1,1,1,7,6,4,1,1,1,1,1,1,1,5,3,F,other,1,1,4,2,1,1,4,2,1,1,1,4,4,4,4,1,1,1,1,1,NA,5,5,1,7,4,7,1,0,B5,-0.289008224,-0.383883296,3.381029649741889,-0.268344105,0.3709390933128517,7,6,-0.571172707,-1.5,3
416,B0562,5,B,5B,Muslim,Enemies,Enemy1,2,2,F,62,2,4,3,7,3,7,4,2,3,1,4,4,7,JAMADAR,2,1,1,3,1,1,1,2,4,1,1,4,2,1,4,3,4,2,2,2,1,1,1,1,5,1,M,Muslim,1,1,1,1,1,1,1,2,1,2,1,5,4,4,1,1,1,1,1,1,1,1,5,7,4,5,7,0,1,B5,-0.289008224,-0.383883296,3.381029649741889,-0.268344105,0.3709390933128517,3,4,-1.448261643,-1.5,4
417,B0565,5,B,5B,Hindu,Enemies,Enemy1,2,43,F,65,6,1,7,7,7,6,7,7,5,4,7,1,8,NA,2,1,1,1,1,1,1,1,4,1,1,3,1,1,4,1,3,5,3,2,2,1,1,2,5,5,F,Muslim,3,1,1,1,1,1,3,1,1,1,1,4,4,4,3,1,2,2,1,1,2,5,3,1,7,4,7,1,0,B5,-0.289008224,-0.383883296,3.381029649741889,-0.268344105,0.3709390933128517,7,1,1.621549634144792,-1.5,1
418,B0565,5,B,5B,Hindu,Enemies,Enemy2,2,44,F,65,6,1,7,7,7,6,7,7,5,4,7,1,8,NA,2,1,1,1,1,1,1,1,4,1,1,3,1,1,4,1,3,5,3,2,2,1,1,2,5,5,F,other,1,1,1,1,2,1,4,1,4,3,2,4,4,3,3,3,2,2,2,2,3,3,1,1,7,7,1,1,0,B5,-0.289008224,-0.383883296,3.381029649741889,-0.268344105,0.3709390933128517,7,1,1.621549634144792,-1.5,1
419,B0565,5,B,5B,Hindu,Enemies,Enemy3,2,45,F,65,6,1,7,7,7,6,7,7,5,4,7,1,8,NA,2,1,1,1,1,1,1,1,4,1,1,3,1,1,4,1,3,5,3,2,2,1,1,2,5,5,F,other,1,1,1,1,1,1,4,1,1,1,1,3,2,2,2,2,1,3,1,1,1,3,4,5,7,4,6,1,0,B5,-0.289008224,-0.383883296,3.381029649741889,-0.268344105,0.3709390933128517,7,1,1.621549634144792,-1.5,1
420,B0565,5,B,5B,Hindu,Enemies,Enemy4,2,47,F,65,6,1,7,7,7,6,7,7,5,4,7,1,8,NA,2,1,1,1,1,1,1,1,4,1,1,3,1,1,4,1,3,5,3,2,2,1,1,2,5,5,F,Muslim,1,1,1,1,1,1,3,1,1,5,1,4,3,2,2,1,1,1,1,1,1,2,1,5,7,5,7,1,0,B5,-0.289008224,-0.383883296,3.381029649741889,-0.268344105,0.3709390933128517,7,1,1.621549634144792,-1.5,1
421,B0565,5,B,5B,Hindu,Enemies,Enemy5,2,48,F,65,6,1,7,7,7,6,7,7,5,4,7,1,8,NA,2,1,1,1,1,1,1,1,4,1,1,3,1,1,4,1,3,5,3,2,2,1,1,2,5,5,F,Muslim,1,1,2,1,1,1,1,1,1,1,1,4,2,2,2,1,1,2,2,1,1,1,3,4,4,5,7,1,0,B5,-0.289008224,-0.383883296,3.381029649741889,-0.268344105,0.3709390933128517,7,1,1.621549634144792,-1.5,1
422,C0502,5,C,5C,Hindu,Enemies,Enemy1,2,14,M,2,1,1,NA,4,7,7,7,7,6,6,7,1,8,NA,1,5,3,1,1,5,1,1,2,4,3,1,1,1,2,1,7,3,4,1,5,1,1,1,2,1,M,Hindu,1,NA,1,2,3,1,4,1,2,2,1,4,2,2,2,4,4,3,2,2,3,3,2,6,4,7,1,1,1,C5,-0.344105112,0.090184641,-0.131409434,-0.976772542,0.4465883174415447,1,NA,NA,-1.5,0
423,C0502,5,C,5C,Hindu,Enemies,Enemy2,2,15,M,2,1,1,NA,4,7,7,7,7,6,6,7,1,8,NA,1,5,3,1,1,5,1,1,2,4,3,1,1,1,2,1,7,3,4,1,5,1,1,1,2,1,M,Hindu,2,1,1,1,2,1,3,4,1,3,1,2,7,1,2,2,2,2,2,2,2,2,3,7,7,7,5,1,1,C5,-0.344105112,0.090184641,-0.131409434,-0.976772542,0.4465883174415447,1,NA,NA,-1.5,0
424,C0502,5,C,5C,Hindu,Enemies,Enemy3,2,28,M,2,1,1,NA,4,7,7,7,7,6,6,7,1,8,NA,1,5,3,1,1,5,1,1,2,4,3,1,1,1,2,1,7,3,4,1,5,1,1,1,2,1,M,Muslim,1,1,1,1,2,1,3,1,4,4,1,4,4,4,1,2,2,1,1,1,1,5,3,7,4,3,7,1,0,C5,-0.344105112,0.090184641,-0.131409434,-0.976772542,0.4465883174415447,1,NA,NA,-1.5,0
425,C0502,5,C,5C,Hindu,Enemies,Enemy4,2,29,M,2,1,1,NA,4,7,7,7,7,6,6,7,1,8,NA,1,5,3,1,1,5,1,1,2,4,3,1,1,1,2,1,7,3,4,1,5,1,1,1,2,1,M,NA,NA,NA,NA,NA,NA,NA,NA,NA,NA,NA,NA,NA,NA,NA,NA,NA,NA,NA,NA,NA,NA,NA,NA,NA,NA,NA,NA,1,NA,C5,-0.344105112,0.090184641,-0.131409434,-0.976772542,0.4465883174415447,1,NA,NA,-1.5,0
426,C0502,5,C,5C,Hindu,Enemies,Enemy5,2,46,M,2,1,1,NA,4,7,7,7,7,6,6,7,1,8,NA,1,5,3,1,1,5,1,1,2,4,3,1,1,1,2,1,7,3,4,1,5,1,1,1,2,1,F,Muslim,1,1,1,1,1,1,4,1,1,1,1,7,7,7,1,1,1,1,1,1,1,3,1,6,7,4,7,0,0,C5,-0.344105112,0.090184641,-0.131409434,-0.976772542,0.4465883174415447,1,NA,NA,-1.5,0
427,C0502,5,C,5C,Hindu,Enemies,Enemy6,2,51,M,2,1,1,NA,4,7,7,7,7,6,6,7,1,8,NA,1,5,3,1,1,5,1,1,2,4,3,1,1,1,2,1,7,3,4,1,5,1,1,1,2,1,F,Muslim,1,1,2,1,1,1,2,1,1,2,2,7,2,6,1,1,1,1,1,1,1,1,1,6,7,4,7,0,0,C5,-0.344105112,0.090184641,-0.131409434,-0.976772542,0.4465883174415447,1,NA,NA,-1.5,0
428,C0502,5,C,5C,Hindu,Enemies,Enemy7,2,58,M,2,1,1,NA,4,7,7,7,7,6,6,7,1,8,NA,1,5,3,1,1,5,1,1,2,4,3,1,1,1,2,1,7,3,4,1,5,1,1,1,2,1,F,Hindu,1,3,2,1,2,1,4,3,5,2,3,4,4,3,NA,2,5,4,2,2,2,2,1,2,7,6,NA,0,1,C5,-0.344105112,0.090184641,-0.131409434,-0.976772542,0.4465883174415447,1,NA,NA,-1.5,0
429,C0504,5,C,5C,Hindu,Enemies,Enemy1,2,6,M,4,1,7,4,7,7,1,6,6,4,5,5,4,1,NA,1,NA,2,2,1,1,1,1,1,1,2,2,1,1,4,5,5,5,1,2,1,1,1,1,5,3,M,Hindu,1,1,1,1,1,1,5,4,4,4,1,4,6,2,1,1,2,NA,1,2,1,1,2,7,7,7,3,1,1,C5,-0.344105112,0.090184641,-0.131409434,-0.976772542,0.4465883174415447,7,4,0.30591622948642044,-1.5,6
430,C0505,5,C,5C,Hindu,Enemies,Enemy1,2,1,M,5,7,7,6,6,NA,NA,7,7,5,4,5,4,8,NA,1,2,2,1,1,2,1,4,4,1,3,2,1,1,4,3,3,2,1,2,1,1,1,2,5,4,M,Muslim,3,4,4,1,3,1,NA,5,2,NA,2,2,3,3,4,1,4,1,1,1,4,1,1,6,6,2,6,1,0,C5,-0.344105112,0.090184641,-0.131409434,-0.976772542,0.4465883174415447,7,6,-0.571172707,-1.5,NA
431,C0505,5,C,5C,Hindu,Enemies,Enemy2,2,16,M,5,7,7,6,6,NA,NA,7,7,5,4,5,4,8,NA,1,2,2,1,1,2,1,4,4,1,3,2,1,1,4,3,3,2,1,2,1,1,1,2,5,4,M,Muslim,4,1,1,1,5,1,4,1,1,1,1,3,2,3,5,NA,1,2,1,1,1,3,5,7,4,1,7,1,0,C5,-0.344105112,0.090184641,-0.131409434,-0.976772542,0.4465883174415447,7,6,-0.571172707,-1.5,NA
432,C0505,5,C,5C,Hindu,Enemies,Enemy3,2,28,M,5,7,7,6,6,NA,NA,7,7,5,4,5,4,8,NA,1,2,2,1,1,2,1,4,4,1,3,2,1,1,4,3,3,2,1,2,1,1,1,2,5,4,M,Muslim,1,1,1,1,2,1,3,1,4,4,1,4,4,4,1,2,2,1,1,1,1,5,3,7,4,3,7,1,0,C5,-0.344105112,0.090184641,-0.131409434,-0.976772542,0.4465883174415447,7,6,-0.571172707,-1.5,NA
433,C0506,5,C,5C,Hindu,Enemies,Enemy1,2,27,M,6,7,7,7,7,7,3,3,NA,7,4,NA,3,2,Other,1,1,1,1,1,1,1,1,5,4,4,4,1,1,4,6,2,1,1,2,NA,1,2,1,1,2,M,Muslim,1,1,2,1,1,1,4,2,1,2,2,4,1,1,3,1,1,1,1,1,1,5,5,7,1,3,7,1,0,C5,-0.344105112,0.090184641,-0.131409434,-0.976772542,0.4465883174415447,7,7,-1.009717175,-1.5,4
434,C0506,5,C,5C,Hindu,Enemies,Enemy2,2,29,M,6,7,7,7,7,7,3,3,NA,7,4,NA,3,2,Other,1,1,1,1,1,1,1,1,5,4,4,4,1,1,4,6,2,1,1,2,NA,1,2,1,1,2,M,NA,NA,NA,NA,NA,NA,NA,NA,NA,NA,NA,NA,NA,NA,NA,NA,NA,NA,NA,NA,NA,NA,NA,NA,NA,NA,NA,NA,1,NA,C5,-0.344105112,0.090184641,-0.131409434,-0.976772542,0.4465883174415447,7,7,-1.009717175,-1.5,4
435,C0507,5,C,5C,Muslim,Enemies,Enemy1,2,27,M,7,4,4,4,4,1,7,7,6,4,6,5,7,7,Suni,1,1,1,4,1,3,1,2,1,1,1,2,2,1,4,4,7,1,5,3,5,5,1,3,3,3,M,Muslim,1,1,2,1,1,1,4,2,1,2,2,4,1,1,3,1,1,1,1,1,1,5,5,7,1,3,7,1,1,C5,-0.344105112,0.090184641,-0.131409434,-0.976772542,0.4465883174415447,4,4,-1.009717175,-1.5,6
436,C0507,5,C,5C,Muslim,Enemies,Enemy2,2,32,M,7,4,4,4,4,1,7,7,6,4,6,5,7,7,Suni,1,1,1,4,1,3,1,2,1,1,1,2,2,1,4,4,7,1,5,3,5,5,1,3,3,3,M,NA,NA,NA,NA,NA,NA,NA,NA,NA,NA,NA,NA,NA,NA,NA,NA,NA,NA,NA,NA,NA,NA,NA,NA,NA,NA,NA,NA,1,NA,C5,-0.344105112,0.090184641,-0.131409434,-0.976772542,0.4465883174415447,4,4,-1.009717175,-1.5,6
437,C0507,5,C,5C,Muslim,Enemies,Enemy3,2,33,M,7,4,4,4,4,1,7,7,6,4,6,5,7,7,Suni,1,1,1,4,1,3,1,2,1,1,1,2,2,1,4,4,7,1,5,3,5,5,1,3,3,3,M,Hindu,1,3,2,1,2,1,2,2,1,3,1,4,3,3,1,5,5,5,5,1,1,5,3,7,1,7,1,1,0,C5,-0.344105112,0.090184641,-0.131409434,-0.976772542,0.4465883174415447,4,4,-1.009717175,-1.5,6
438,C0507,5,C,5C,Muslim,Enemies,Enemy4,2,35,M,7,4,4,4,4,1,7,7,6,4,6,5,7,7,Suni,1,1,1,4,1,3,1,2,1,1,1,2,2,1,4,4,7,1,5,3,5,5,1,3,3,3,M,Hindu,3,2,1,1,3,1,4,1,3,4,2,4,3,2,3,1,2,3,4,5,5,1,1,7,1,7,1,1,0,C5,-0.344105112,0.090184641,-0.131409434,-0.976772542,0.4465883174415447,4,4,-1.009717175,-1.5,6
439,C0508,5,C,5C,Muslim,Enemies,Enemy1,2,2,M,8,6,7,6,1,6,7,7,7,5,4,6,2,NA,Vora,1,1,2,NA,1,3,1,2,5,1,1,5,2,1,2,4,5,3,3,2,1,5,3,4,2,1,M,Hindu,5,3,1,1,5,1,2,4,3,1,1,2,1,7,3,4,1,5,1,1,1,2,1,1,NA,7,7,1,0,C5,-0.344105112,0.090184641,-0.131409434,-0.976772542,0.4465883174415447,7,6,-0.571172707,-1.5,1
440,C0508,5,C,5C,Muslim,Enemies,Enemy2,2,5,M,8,6,7,6,1,6,7,7,7,5,4,6,2,NA,Vora,1,1,2,NA,1,3,1,2,5,1,1,5,2,1,2,4,5,3,3,2,1,5,3,4,2,1,M,Hindu,2,2,1,1,2,1,4,1,3,2,1,4,3,3,2,1,2,1,1,1,2,5,4,7,6,NA,NA,1,0,C5,-0.344105112,0.090184641,-0.131409434,-0.976772542,0.4465883174415447,7,6,-0.571172707,-1.5,1
441,C0508,5,C,5C,Muslim,Enemies,Enemy3,2,9,M,8,6,7,6,1,6,7,7,7,5,4,6,2,NA,Vora,1,1,2,NA,1,3,1,2,5,1,1,5,2,1,2,4,5,3,3,2,1,5,3,4,2,1,M,Hindu,2,1,1,1,4,1,4,1,4,1,1,1,7,6,2,1,3,5,4,3,2,2,1,7,4,7,2,1,0,C5,-0.344105112,0.090184641,-0.131409434,-0.976772542,0.4465883174415447,7,6,-0.571172707,-1.5,1
442,C0508,5,C,5C,Muslim,Enemies,Enemy4,2,12,M,8,6,7,6,1,6,7,7,7,5,4,6,2,NA,Vora,1,1,2,NA,1,3,1,2,5,1,1,5,2,1,2,4,5,3,3,2,1,5,3,4,2,1,M,Muslim,3,4,1,4,2,5,3,1,1,1,1,4,4,4,2,3,4,1,5,1,4,3,2,1,NA,4,1,1,1,C5,-0.344105112,0.090184641,-0.131409434,-0.976772542,0.4465883174415447,7,6,-0.571172707,-1.5,1
443,C0508,5,C,5C,Muslim,Enemies,Enemy5,2,19,M,8,6,7,6,1,6,7,7,7,5,4,6,2,NA,Vora,1,1,2,NA,1,3,1,2,5,1,1,5,2,1,2,4,5,3,3,2,1,5,3,4,2,1,M,Hindu,4,2,1,1,3,1,4,1,1,1,1,3,4,4,5,1,1,1,2,1,1,5,1,7,1,7,2,1,0,C5,-0.344105112,0.090184641,-0.131409434,-0.976772542,0.4465883174415447,7,6,-0.571172707,-1.5,1
444,C0508,5,C,5C,Muslim,Enemies,Enemy6,2,31,M,8,6,7,6,1,6,7,7,7,5,4,6,2,NA,Vora,1,1,2,NA,1,3,1,2,5,1,1,5,2,1,2,4,5,3,3,2,1,5,3,4,2,1,M,Muslim,1,1,1,1,1,1,4,1,4,3,1,6,7,3,3,2,2,1,3,1,1,5,1,7,4,4,7,1,1,C5,-0.344105112,0.090184641,-0.131409434,-0.976772542,0.4465883174415447,7,6,-0.571172707,-1.5,1
445,C0508,5,C,5C,Muslim,Enemies,Enemy7,2,32,M,8,6,7,6,1,6,7,7,7,5,4,6,2,NA,Vora,1,1,2,NA,1,3,1,2,5,1,1,5,2,1,2,4,5,3,3,2,1,5,3,4,2,1,M,NA,NA,NA,NA,NA,NA,NA,NA,NA,NA,NA,NA,NA,NA,NA,NA,NA,NA,NA,NA,NA,NA,NA,NA,NA,NA,NA,NA,1,NA,C5,-0.344105112,0.090184641,-0.131409434,-0.976772542,0.4465883174415447,7,6,-0.571172707,-1.5,1
446,C0509,5,C,5C,Hindu,Enemies,Enemy1,2,1,M,9,7,7,4,1,7,2,2,7,2,5,7,4,7,Thakor,1,2,1,1,1,4,1,2,4,1,4,1,1,1,1,7,6,2,1,3,5,4,3,2,2,1,M,Muslim,3,4,4,1,3,1,NA,5,2,NA,2,2,3,3,4,1,4,1,1,1,4,1,1,6,6,2,6,1,0,C5,-0.344105112,0.090184641,-0.131409434,-0.976772542,0.4465883174415447,7,4,0.30591622948642044,-1.5,5
447,C0509,5,C,5C,Hindu,Enemies,Enemy2,2,6,M,9,7,7,4,1,7,2,2,7,2,5,7,4,7,Thakor,1,2,1,1,1,4,1,2,4,1,4,1,1,1,1,7,6,2,1,3,5,4,3,2,2,1,M,Hindu,1,1,1,1,1,1,5,4,4,4,1,4,6,2,1,1,2,NA,1,2,1,1,2,7,7,7,3,1,1,C5,-0.344105112,0.090184641,-0.131409434,-0.976772542,0.4465883174415447,7,4,0.30591622948642044,-1.5,5
448,C0509,5,C,5C,Hindu,Enemies,Enemy3,2,10,M,9,7,7,4,1,7,2,2,7,2,5,7,4,7,Thakor,1,2,1,1,1,4,1,2,4,1,4,1,1,1,1,7,6,2,1,3,5,4,3,2,2,1,M,Muslim,1,1,1,1,2,1,4,1,1,1,1,4,4,4,1,5,5,4,1,1,5,5,2,7,5,6,7,1,0,C5,-0.344105112,0.090184641,-0.131409434,-0.976772542,0.4465883174415447,7,4,0.30591622948642044,-1.5,5
449,C0509,5,C,5C,Hindu,Enemies,Enemy4,2,12,M,9,7,7,4,1,7,2,2,7,2,5,7,4,7,Thakor,1,2,1,1,1,4,1,2,4,1,4,1,1,1,1,7,6,2,1,3,5,4,3,2,2,1,M,Muslim,3,4,1,4,2,5,3,1,1,1,1,4,4,4,2,3,4,1,5,1,4,3,2,1,NA,4,1,1,0,C5,-0.344105112,0.090184641,-0.131409434,-0.976772542,0.4465883174415447,7,4,0.30591622948642044,-1.5,5
450,C0509,5,C,5C,Hindu,Enemies,Enemy5,2,16,M,9,7,7,4,1,7,2,2,7,2,5,7,4,7,Thakor,1,2,1,1,1,4,1,2,4,1,4,1,1,1,1,7,6,2,1,3,5,4,3,2,2,1,M,Muslim,4,1,1,1,5,1,4,1,1,1,1,3,2,3,5,NA,1,2,1,1,1,3,5,7,4,1,7,1,0,C5,-0.344105112,0.090184641,-0.131409434,-0.976772542,0.4465883174415447,7,4,0.30591622948642044,-1.5,5
451,C0509,5,C,5C,Hindu,Enemies,Enemy6,2,31,M,9,7,7,4,1,7,2,2,7,2,5,7,4,7,Thakor,1,2,1,1,1,4,1,2,4,1,4,1,1,1,1,7,6,2,1,3,5,4,3,2,2,1,M,Muslim,1,1,1,1,1,1,4,1,4,3,1,6,7,3,3,2,2,1,3,1,1,5,1,7,4,4,7,1,0,C5,-0.344105112,0.090184641,-0.131409434,-0.976772542,0.4465883174415447,7,4,0.30591622948642044,-1.5,5
452,C0509,5,C,5C,Hindu,Enemies,Enemy7,2,57,M,9,7,7,4,1,7,2,2,7,2,5,7,4,7,Thakor,1,2,1,1,1,4,1,2,4,1,4,1,1,1,1,7,6,2,1,3,5,4,3,2,2,1,F,Muslim,1,1,1,1,1,1,4,4,4,4,1,4,2,3,5,1,2,4,1,1,1,5,2,1,7,5,7,0,0,C5,-0.344105112,0.090184641,-0.131409434,-0.976772542,0.4465883174415447,7,4,0.30591622948642044,-1.5,5
453,C0510,5,C,5C,Muslim,Enemies,Enemy1,2,6,M,10,5,7,5,4,6,7,6,7,7,6,5,5,8,NA,1,1,1,1,1,2,1,1,4,1,1,1,2,1,4,4,4,1,5,5,4,1,1,5,5,2,M,Hindu,1,1,1,1,1,1,5,4,4,4,1,4,6,2,1,1,2,NA,1,2,1,1,2,7,7,7,3,1,0,C5,-0.344105112,0.090184641,-0.131409434,-0.976772542,0.4465883174415447,7,5,-0.132628239,-1.5,1
454,C0510,5,C,5C,Muslim,Enemies,Enemy2,2,11,M,10,5,7,5,4,6,7,6,7,7,6,5,5,8,NA,1,1,1,1,1,2,1,1,4,1,1,1,2,1,4,4,4,1,5,5,4,1,1,5,5,2,M,Hindu,2,3,1,2,1,1,4,1,5,4,1,3,3,3,2,3,5,1,1,1,5,1,1,1,4,7,5,1,0,C5,-0.344105112,0.090184641,-0.131409434,-0.976772542,0.4465883174415447,7,5,-0.132628239,-1.5,1
455,C0510,5,C,5C,Muslim,Enemies,Enemy3,2,14,M,10,5,7,5,4,6,7,6,7,7,6,5,5,8,NA,1,1,1,1,1,2,1,1,4,1,1,1,2,1,4,4,4,1,5,5,4,1,1,5,5,2,M,Hindu,1,NA,1,2,3,1,4,1,2,2,1,4,2,2,2,4,4,3,2,2,3,3,2,6,4,7,1,1,0,C5,-0.344105112,0.090184641,-0.131409434,-0.976772542,0.4465883174415447,7,5,-0.132628239,-1.5,1
456,C0510,5,C,5C,Muslim,Enemies,Enemy4,2,17,M,10,5,7,5,4,6,7,6,7,7,6,5,5,8,NA,1,1,1,1,1,2,1,1,4,1,1,1,2,1,4,4,4,1,5,5,4,1,1,5,5,2,M,Hindu,1,1,1,1,1,1,4,1,NA,2,1,4,4,4,1,1,1,1,1,1,1,5,2,7,3,7,1,1,0,C5,-0.344105112,0.090184641,-0.131409434,-0.976772542,0.4465883174415447,7,5,-0.132628239,-1.5,1
457,C0510,5,C,5C,Muslim,Enemies,Enemy5,2,25,M,10,5,7,5,4,6,7,6,7,7,6,5,5,8,NA,1,1,1,1,1,2,1,1,4,1,1,1,2,1,4,4,4,1,5,5,4,1,1,5,5,2,M,Hindu,1,NA,3,1,2,1,4,1,1,5,1,4,3,5,2,4,4,2,2,2,1,2,2,7,2,7,1,1,0,C5,-0.344105112,0.090184641,-0.131409434,-0.976772542,0.4465883174415447,7,5,-0.132628239,-1.5,1
458,C0512,5,C,5C,Muslim,Enemies,Enemy1,2,4,M,12,5,1,NA,1,4,1,1,1,7,2,NA,NA,NA,Sunai,1,3,4,1,4,2,5,2,3,1,1,1,2,1,4,4,4,2,3,4,1,5,1,4,3,2,M,Hindu,NA,2,2,1,1,1,1,1,2,2,1,4,5,5,5,1,2,1,1,1,1,5,3,7,4,7,1,1,0,C5,-0.344105112,0.090184641,-0.131409434,-0.976772542,0.4465883174415447,1,NA,NA,-1.5,-3
459,C0512,5,C,5C,Muslim,Enemies,Enemy2,2,6,M,12,5,1,NA,1,4,1,1,1,7,2,NA,NA,NA,Sunai,1,3,4,1,4,2,5,2,3,1,1,1,2,1,4,4,4,2,3,4,1,5,1,4,3,2,M,Hindu,1,1,1,1,1,1,5,4,4,4,1,4,6,2,1,1,2,NA,1,2,1,1,2,7,7,7,3,1,0,C5,-0.344105112,0.090184641,-0.131409434,-0.976772542,0.4465883174415447,1,NA,NA,-1.5,-3
460,C0512,5,C,5C,Muslim,Enemies,Enemy3,2,16,M,12,5,1,NA,1,4,1,1,1,7,2,NA,NA,NA,Sunai,1,3,4,1,4,2,5,2,3,1,1,1,2,1,4,4,4,2,3,4,1,5,1,4,3,2,M,Muslim,4,1,1,1,5,1,4,1,1,1,1,3,2,3,5,NA,1,2,1,1,1,3,5,7,4,1,7,1,1,C5,-0.344105112,0.090184641,-0.131409434,-0.976772542,0.4465883174415447,1,NA,NA,-1.5,-3
461,C0512,5,C,5C,Muslim,Enemies,Enemy4,2,19,M,12,5,1,NA,1,4,1,1,1,7,2,NA,NA,NA,Sunai,1,3,4,1,4,2,5,2,3,1,1,1,2,1,4,4,4,2,3,4,1,5,1,4,3,2,M,Hindu,4,2,1,1,3,1,4,1,1,1,1,3,4,4,5,1,1,1,2,1,1,5,1,7,1,7,2,1,0,C5,-0.344105112,0.090184641,-0.131409434,-0.976772542,0.4465883174415447,1,NA,NA,-1.5,-3
462,C0512,5,C,5C,Muslim,Enemies,Enemy5,2,31,M,12,5,1,NA,1,4,1,1,1,7,2,NA,NA,NA,Sunai,1,3,4,1,4,2,5,2,3,1,1,1,2,1,4,4,4,2,3,4,1,5,1,4,3,2,M,Muslim,1,1,1,1,1,1,4,1,4,3,1,6,7,3,3,2,2,1,3,1,1,5,1,7,4,4,7,1,1,C5,-0.344105112,0.090184641,-0.131409434,-0.976772542,0.4465883174415447,1,NA,NA,-1.5,-3
463,C0512,5,C,5C,Muslim,Enemies,Enemy6,2,33,M,12,5,1,NA,1,4,1,1,1,7,2,NA,NA,NA,Sunai,1,3,4,1,4,2,5,2,3,1,1,1,2,1,4,4,4,2,3,4,1,5,1,4,3,2,M,Hindu,1,3,2,1,2,1,2,2,1,3,1,4,3,3,1,5,5,5,5,1,1,5,3,7,1,7,1,1,0,C5,-0.344105112,0.090184641,-0.131409434,-0.976772542,0.4465883174415447,1,NA,NA,-1.5,-3
464,C0512,5,C,5C,Muslim,Enemies,Enemy7,2,38,M,12,5,1,NA,1,4,1,1,1,7,2,NA,NA,NA,Sunai,1,3,4,1,4,2,5,2,3,1,1,1,2,1,4,4,4,2,3,4,1,5,1,4,3,2,F,NA,NA,NA,NA,NA,NA,NA,NA,NA,NA,NA,NA,NA,NA,NA,NA,NA,NA,NA,NA,NA,NA,NA,NA,NA,NA,NA,NA,0,NA,C5,-0.344105112,0.090184641,-0.131409434,-0.976772542,0.4465883174415447,1,NA,NA,-1.5,-3
465,C0515,5,C,5C,Hindu,Enemies,Enemy1,2,4,M,15,1,7,7,7,7,5,7,7,7,4,7,7,8,NA,1,2,1,1,1,2,1,2,3,4,1,3,1,1,2,7,1,2,2,2,2,2,2,2,2,3,M,Hindu,NA,2,2,1,1,1,1,1,2,2,1,4,5,5,5,1,2,1,1,1,1,5,3,7,4,7,1,1,1,C5,-0.344105112,0.090184641,-0.131409434,-0.976772542,0.4465883174415447,7,7,-1.009717175,-1.5,2
466,C0516,5,C,5C,Muslim,Enemies,Enemy1,2,32,M,16,4,7,4,4,1,7,2,6,4,7,6,5,7,Sunni,1,4,1,1,1,5,1,4,4,1,1,1,2,1,3,2,3,5,NA,1,2,1,1,1,3,5,M,NA,NA,NA,NA,NA,NA,NA,NA,NA,NA,NA,NA,NA,NA,NA,NA,NA,NA,NA,NA,NA,NA,NA,NA,NA,NA,NA,NA,1,NA,C5,-0.344105112,0.090184641,-0.131409434,-0.976772542,0.4465883174415447,7,4,0.30591622948642044,-1.5,6
467,C0516,5,C,5C,Muslim,Enemies,Enemy2,2,33,M,16,4,7,4,4,1,7,2,6,4,7,6,5,7,Sunni,1,4,1,1,1,5,1,4,4,1,1,1,2,1,3,2,3,5,NA,1,2,1,1,1,3,5,M,Hindu,1,3,2,1,2,1,2,2,1,3,1,4,3,3,1,5,5,5,5,1,1,5,3,7,1,7,1,1,0,C5,-0.344105112,0.090184641,-0.131409434,-0.976772542,0.4465883174415447,7,4,0.30591622948642044,-1.5,6
468,C0516,5,C,5C,Muslim,Enemies,Enemy3,2,34,M,16,4,7,4,4,1,7,2,6,4,7,6,5,7,Sunni,1,4,1,1,1,5,1,4,4,1,1,1,2,1,3,2,3,5,NA,1,2,1,1,1,3,5,M,Muslim,1,1,3,3,1,1,3,1,1,3,1,4,3,4,1,1,1,1,1,1,1,5,2,7,7,6,7,1,1,C5,-0.344105112,0.090184641,-0.131409434,-0.976772542,0.4465883174415447,7,4,0.30591622948642044,-1.5,6
469,C0519,5,C,5C,Hindu,Enemies,Enemy1,2,3,M,19,1,7,1,7,7,2,7,7,1,4,5,5,7,NA,1,4,2,1,1,3,1,1,4,1,1,1,1,1,3,4,4,5,1,1,1,2,1,1,5,1,M,Hindu,1,1,1,1,1,1,1,1,4,2,1,4,4,4,1,1,1,1,1,1,1,5,5,7,1,7,2,1,1,C5,-0.344105112,0.090184641,-0.131409434,-0.976772542,0.4465883174415447,7,1,1.621549634144792,-1.5,5
470,C0519,5,C,5C,Hindu,Enemies,Enemy2,2,6,M,19,1,7,1,7,7,2,7,7,1,4,5,5,7,NA,1,4,2,1,1,3,1,1,4,1,1,1,1,1,3,4,4,5,1,1,1,2,1,1,5,1,M,Hindu,1,1,1,1,1,1,5,4,4,4,1,4,6,2,1,1,2,NA,1,2,1,1,2,7,7,7,3,1,1,C5,-0.344105112,0.090184641,-0.131409434,-0.976772542,0.4465883174415447,7,1,1.621549634144792,-1.5,5
471,C0519,5,C,5C,Hindu,Enemies,Enemy3,2,11,M,19,1,7,1,7,7,2,7,7,1,4,5,5,7,NA,1,4,2,1,1,3,1,1,4,1,1,1,1,1,3,4,4,5,1,1,1,2,1,1,5,1,M,Hindu,2,3,1,2,1,1,4,1,5,4,1,3,3,3,2,3,5,1,1,1,5,1,1,1,4,7,5,1,1,C5,-0.344105112,0.090184641,-0.131409434,-0.976772542,0.4465883174415447,7,1,1.621549634144792,-1.5,5
472,C0519,5,C,5C,Hindu,Enemies,Enemy4,2,12,M,19,1,7,1,7,7,2,7,7,1,4,5,5,7,NA,1,4,2,1,1,3,1,1,4,1,1,1,1,1,3,4,4,5,1,1,1,2,1,1,5,1,M,Muslim,3,4,1,4,2,5,3,1,1,1,1,4,4,4,2,3,4,1,5,1,4,3,2,1,NA,4,1,1,0,C5,-0.344105112,0.090184641,-0.131409434,-0.976772542,0.4465883174415447,7,1,1.621549634144792,-1.5,5
473,C0519,5,C,5C,Hindu,Enemies,Enemy5,2,31,M,19,1,7,1,7,7,2,7,7,1,4,5,5,7,NA,1,4,2,1,1,3,1,1,4,1,1,1,1,1,3,4,4,5,1,1,1,2,1,1,5,1,M,Muslim,1,1,1,1,1,1,4,1,4,3,1,6,7,3,3,2,2,1,3,1,1,5,1,7,4,4,7,1,0,C5,-0.344105112,0.090184641,-0.131409434,-0.976772542,0.4465883174415447,7,1,1.621549634144792,-1.5,5
474,C0519,5,C,5C,Hindu,Enemies,Enemy6,2,52,M,19,1,7,1,7,7,2,7,7,1,4,5,5,7,NA,1,4,2,1,1,3,1,1,4,1,1,1,1,1,3,4,4,5,1,1,1,2,1,1,5,1,F,Muslim,1,2,1,1,1,1,5,1,1,1,1,4,3,3,1,1,1,1,1,1,2,1,2,4,4,4,7,0,0,C5,-0.344105112,0.090184641,-0.131409434,-0.976772542,0.4465883174415447,7,1,1.621549634144792,-1.5,5
475,C0519,5,C,5C,Hindu,Enemies,Enemy7,2,62,M,19,1,7,1,7,7,2,7,7,1,4,5,5,7,NA,1,4,2,1,1,3,1,1,4,1,1,1,1,1,3,4,4,5,1,1,1,2,1,1,5,1,F,Muslim,3,1,1,1,2,1,2,2,4,3,1,4,4,5,1,1,1,1,1,1,1,3,2,1,7,6,7,0,0,C5,-0.344105112,0.090184641,-0.131409434,-0.976772542,0.4465883174415447,7,1,1.621549634144792,-1.5,5
476,C0520,5,C,5C,Muslim,Enemies,Enemy1,2,5,M,20,5,6,3,4,1,7,6,5,NA,NA,NA,2,NA,Sunni,1,5,3,2,2,1,2,1,4,1,1,1,2,1,4,1,4,5,5,5,1,2,5,1,4,1,M,Hindu,2,2,1,1,2,1,4,1,3,2,1,4,3,3,2,1,2,1,1,1,2,5,4,7,6,NA,NA,1,0,C5,-0.344105112,0.090184641,-0.131409434,-0.976772542,0.4465883174415447,6,3,0.30591622948642044,-1.5,6
477,C0520,5,C,5C,Muslim,Enemies,Enemy2,2,14,M,20,5,6,3,4,1,7,6,5,NA,NA,NA,2,NA,Sunni,1,5,3,2,2,1,2,1,4,1,1,1,2,1,4,1,4,5,5,5,1,2,5,1,4,1,M,Hindu,1,NA,1,2,3,1,4,1,2,2,1,4,2,2,2,4,4,3,2,2,3,3,2,6,4,7,1,1,0,C5,-0.344105112,0.090184641,-0.131409434,-0.976772542,0.4465883174415447,6,3,0.30591622948642044,-1.5,6
478,C0520,5,C,5C,Muslim,Enemies,Enemy3,2,30,M,20,5,6,3,4,1,7,6,5,NA,NA,NA,2,NA,Sunni,1,5,3,2,2,1,2,1,4,1,1,1,2,1,4,1,4,5,5,5,1,2,5,1,4,1,M,Hindu,1,1,2,1,1,1,4,1,1,1,1,7,7,7,5,1,1,2,1,1,1,5,4,7,1,7,4,1,0,C5,-0.344105112,0.090184641,-0.131409434,-0.976772542,0.4465883174415447,6,3,0.30591622948642044,-1.5,6
479,C0520,5,C,5C,Muslim,Enemies,Enemy4,2,32,M,20,5,6,3,4,1,7,6,5,NA,NA,NA,2,NA,Sunni,1,5,3,2,2,1,2,1,4,1,1,1,2,1,4,1,4,5,5,5,1,2,5,1,4,1,M,NA,NA,NA,NA,NA,NA,NA,NA,NA,NA,NA,NA,NA,NA,NA,NA,NA,NA,NA,NA,NA,NA,NA,NA,NA,NA,NA,NA,1,NA,C5,-0.344105112,0.090184641,-0.131409434,-0.976772542,0.4465883174415447,6,3,0.30591622948642044,-1.5,6
480,C0520,5,C,5C,Muslim,Enemies,Enemy5,2,53,M,20,5,6,3,4,1,7,6,5,NA,NA,NA,2,NA,Sunni,1,5,3,2,2,1,2,1,4,1,1,1,2,1,4,1,4,5,5,5,1,2,5,1,4,1,F,Muslim,1,1,1,NA,1,1,2,1,1,1,1,4,4,4,1,1,1,1,1,1,1,5,3,5,5,4,7,0,1,C5,-0.344105112,0.090184641,-0.131409434,-0.976772542,0.4465883174415447,6,3,0.30591622948642044,-1.5,6
481,C0520,5,C,5C,Muslim,Enemies,Enemy6,2,54,M,20,5,6,3,4,1,7,6,5,NA,NA,NA,2,NA,Sunni,1,5,3,2,2,1,2,1,4,1,1,1,2,1,4,1,4,5,5,5,1,2,5,1,4,1,F,Hindu,1,2,1,1,1,1,2,1,2,4,1,7,4,4,1,1,1,1,1,1,1,1,1,5,6,6,3,0,0,C5,-0.344105112,0.090184641,-0.131409434,-0.976772542,0.4465883174415447,6,3,0.30591622948642044,-1.5,6
482,C0520,5,C,5C,Muslim,Enemies,Enemy7,2,61,M,20,5,6,3,4,1,7,6,5,NA,NA,NA,2,NA,Sunni,1,5,3,2,2,1,2,1,4,1,1,1,2,1,4,1,4,5,5,5,1,2,5,1,4,1,F,Hindu,3,1,1,1,2,1,1,1,2,3,1,4,2,2,1,1,1,2,1,NA,1,1,1,4,4,7,5,0,0,C5,-0.344105112,0.090184641,-0.131409434,-0.976772542,0.4465883174415447,6,3,0.30591622948642044,-1.5,6
483,C0521,5,C,5C,Hindu,Enemies,Enemy1,2,6,M,21,1,7,4,6,7,5,5,6,4,4,3,3,8,NA,1,1,1,2,1,2,1,2,4,1,5,1,1,4,4,3,2,3,2,1,2,2,1,2,3,5,M,Hindu,1,1,1,1,1,1,5,4,4,4,1,4,6,2,1,1,2,NA,1,2,1,1,2,7,7,7,3,1,1,C5,-0.344105112,0.090184641,-0.131409434,-0.976772542,0.4465883174415447,7,4,0.30591622948642044,-1.5,2
484,C0521,5,C,5C,Hindu,Enemies,Enemy2,2,13,M,21,1,7,4,6,7,5,5,6,4,4,3,3,8,NA,1,1,1,2,1,2,1,2,4,1,5,1,1,4,4,3,2,3,2,1,2,2,1,2,3,5,M,Muslim,1,1,1,1,1,1,3,1,1,1,1,6,1,6,1,1,1,1,1,1,1,1,1,7,6,4,7,1,0,C5,-0.344105112,0.090184641,-0.131409434,-0.976772542,0.4465883174415447,7,4,0.30591622948642044,-1.5,2
485,C0521,5,C,5C,Hindu,Enemies,Enemy3,2,31,M,21,1,7,4,6,7,5,5,6,4,4,3,3,8,NA,1,1,1,2,1,2,1,2,4,1,5,1,1,4,4,3,2,3,2,1,2,2,1,2,3,5,M,Muslim,1,1,1,1,1,1,4,1,4,3,1,6,7,3,3,2,2,1,3,1,1,5,1,7,4,4,7,1,0,C5,-0.344105112,0.090184641,-0.131409434,-0.976772542,0.4465883174415447,7,4,0.30591622948642044,-1.5,2
486,C0521,5,C,5C,Hindu,Enemies,Enemy4,2,58,M,21,1,7,4,6,7,5,5,6,4,4,3,3,8,NA,1,1,1,2,1,2,1,2,4,1,5,1,1,4,4,3,2,3,2,1,2,2,1,2,3,5,F,Hindu,1,3,2,1,2,1,4,3,5,2,3,4,4,3,NA,2,5,4,2,2,2,2,1,2,7,6,NA,0,1,C5,-0.344105112,0.090184641,-0.131409434,-0.976772542,0.4465883174415447,7,4,0.30591622948642044,-1.5,2
487,C0523,5,C,5C,Hindu,Enemies,Enemy1,2,4,M,23,7,7,6,6,7,3,7,NA,7,7,5,NA,8,NA,1,1,1,1,1,1,1,1,4,1,3,1,1,1,4,4,6,5,1,1,1,1,1,5,5,5,M,Hindu,NA,2,2,1,1,1,1,1,2,2,1,4,5,5,5,1,2,1,1,1,1,5,3,7,4,7,1,1,1,C5,-0.344105112,0.090184641,-0.131409434,-0.976772542,0.4465883174415447,7,6,-0.571172707,-1.5,4
488,C0523,5,C,5C,Hindu,Enemies,Enemy2,2,6,M,23,7,7,6,6,7,3,7,NA,7,7,5,NA,8,NA,1,1,1,1,1,1,1,1,4,1,3,1,1,1,4,4,6,5,1,1,1,1,1,5,5,5,M,Hindu,1,1,1,1,1,1,5,4,4,4,1,4,6,2,1,1,2,NA,1,2,1,1,2,7,7,7,3,1,1,C5,-0.344105112,0.090184641,-0.131409434,-0.976772542,0.4465883174415447,7,6,-0.571172707,-1.5,4
489,C0523,5,C,5C,Hindu,Enemies,Enemy3,2,9,M,23,7,7,6,6,7,3,7,NA,7,7,5,NA,8,NA,1,1,1,1,1,1,1,1,4,1,3,1,1,1,4,4,6,5,1,1,1,1,1,5,5,5,M,Hindu,2,1,1,1,4,1,4,1,4,1,1,1,7,6,2,1,3,5,4,3,2,2,1,7,4,7,2,1,1,C5,-0.344105112,0.090184641,-0.131409434,-0.976772542,0.4465883174415447,7,6,-0.571172707,-1.5,4
490,C0523,5,C,5C,Hindu,Enemies,Enemy4,2,12,M,23,7,7,6,6,7,3,7,NA,7,7,5,NA,8,NA,1,1,1,1,1,1,1,1,4,1,3,1,1,1,4,4,6,5,1,1,1,1,1,5,5,5,M,Muslim,3,4,1,4,2,5,3,1,1,1,1,4,4,4,2,3,4,1,5,1,4,3,2,1,NA,4,1,1,0,C5,-0.344105112,0.090184641,-0.131409434,-0.976772542,0.4465883174415447,7,6,-0.571172707,-1.5,4
491,C0523,5,C,5C,Hindu,Enemies,Enemy5,2,17,M,23,7,7,6,6,7,3,7,NA,7,7,5,NA,8,NA,1,1,1,1,1,1,1,1,4,1,3,1,1,1,4,4,6,5,1,1,1,1,1,5,5,5,M,Hindu,1,1,1,1,1,1,4,1,NA,2,1,4,4,4,1,1,1,1,1,1,1,5,2,7,3,7,1,1,1,C5,-0.344105112,0.090184641,-0.131409434,-0.976772542,0.4465883174415447,7,6,-0.571172707,-1.5,4
492,C0523,5,C,5C,Hindu,Enemies,Enemy6,2,30,M,23,7,7,6,6,7,3,7,NA,7,7,5,NA,8,NA,1,1,1,1,1,1,1,1,4,1,3,1,1,1,4,4,6,5,1,1,1,1,1,5,5,5,M,Hindu,1,1,2,1,1,1,4,1,1,1,1,7,7,7,5,1,1,2,1,1,1,5,4,7,1,7,4,1,1,C5,-0.344105112,0.090184641,-0.131409434,-0.976772542,0.4465883174415447,7,6,-0.571172707,-1.5,4
493,C0523,5,C,5C,Hindu,Enemies,Enemy7,2,32,M,23,7,7,6,6,7,3,7,NA,7,7,5,NA,8,NA,1,1,1,1,1,1,1,1,4,1,3,1,1,1,4,4,6,5,1,1,1,1,1,5,5,5,M,NA,NA,NA,NA,NA,NA,NA,NA,NA,NA,NA,NA,NA,NA,NA,NA,NA,NA,NA,NA,NA,NA,NA,NA,NA,NA,NA,NA,1,NA,C5,-0.344105112,0.090184641,-0.131409434,-0.976772542,0.4465883174415447,7,6,-0.571172707,-1.5,4
494,C0523,5,C,5C,Hindu,Enemies,Enemy8,2,52,M,23,7,7,6,6,7,3,7,NA,7,7,5,NA,8,NA,1,1,1,1,1,1,1,1,4,1,3,1,1,1,4,4,6,5,1,1,1,1,1,5,5,5,F,Muslim,1,2,1,1,1,1,5,1,1,1,1,4,3,3,1,1,1,1,1,1,2,1,2,4,4,4,7,0,0,C5,-0.344105112,0.090184641,-0.131409434,-0.976772542,0.4465883174415447,7,6,-0.571172707,-1.5,4
495,C0525,5,C,5C,Hindu,Enemies,Enemy1,2,26,M,25,3,7,2,2,7,1,NA,7,5,6,5,3,8,NA,1,1,NA,3,1,2,1,2,4,1,1,5,1,1,4,3,5,2,4,4,2,2,2,1,2,2,M,Muslim,3,4,2,5,2,4,4,4,4,5,1,4,7,4,5,3,3,1,1,1,5,3,1,7,6,3,6,1,0,C5,-0.344105112,0.090184641,-0.131409434,-0.976772542,0.4465883174415447,7,2,1.183005165925335,-1.5,6
496,C0525,5,C,5C,Hindu,Enemies,Enemy2,2,29,M,25,3,7,2,2,7,1,NA,7,5,6,5,3,8,NA,1,1,NA,3,1,2,1,2,4,1,1,5,1,1,4,3,5,2,4,4,2,2,2,1,2,2,M,NA,NA,NA,NA,NA,NA,NA,NA,NA,NA,NA,NA,NA,NA,NA,NA,NA,NA,NA,NA,NA,NA,NA,NA,NA,NA,NA,NA,1,NA,C5,-0.344105112,0.090184641,-0.131409434,-0.976772542,0.4465883174415447,7,2,1.183005165925335,-1.5,6
497,C0526,5,C,5C,Muslim,Enemies,Enemy1,2,3,M,26,2,7,6,2,3,6,6,6,2,2,1,7,7,NA,1,3,4,2,5,2,4,2,4,4,4,5,2,1,4,7,4,5,3,3,1,1,1,5,3,1,M,Hindu,1,1,1,1,1,1,1,1,4,2,1,4,4,4,1,1,1,1,1,1,1,5,5,7,1,7,2,1,0,C5,-0.344105112,0.090184641,-0.131409434,-0.976772542,0.4465883174415447,7,6,-0.571172707,-1.5,3
498,C0526,5,C,5C,Muslim,Enemies,Enemy2,2,16,M,26,2,7,6,2,3,6,6,6,2,2,1,7,7,NA,1,3,4,2,5,2,4,2,4,4,4,5,2,1,4,7,4,5,3,3,1,1,1,5,3,1,M,Muslim,4,1,1,1,5,1,4,1,1,1,1,3,2,3,5,NA,1,2,1,1,1,3,5,7,4,1,7,1,1,C5,-0.344105112,0.090184641,-0.131409434,-0.976772542,0.4465883174415447,7,6,-0.571172707,-1.5,3
499,C0526,5,C,5C,Muslim,Enemies,Enemy3,2,51,M,26,2,7,6,2,3,6,6,6,2,2,1,7,7,NA,1,3,4,2,5,2,4,2,4,4,4,5,2,1,4,7,4,5,3,3,1,1,1,5,3,1,F,Muslim,1,1,2,1,1,1,2,1,1,2,2,7,2,6,1,1,1,1,1,1,1,1,1,6,7,4,7,0,1,C5,-0.344105112,0.090184641,-0.131409434,-0.976772542,0.4465883174415447,7,6,-0.571172707,-1.5,3
500,C0526,5,C,5C,Muslim,Enemies,Enemy4,2,62,M,26,2,7,6,2,3,6,6,6,2,2,1,7,7,NA,1,3,4,2,5,2,4,2,4,4,4,5,2,1,4,7,4,5,3,3,1,1,1,5,3,1,F,Muslim,3,1,1,1,2,1,2,2,4,3,1,4,4,5,1,1,1,1,1,1,1,3,2,1,7,6,7,0,1,C5,-0.344105112,0.090184641,-0.131409434,-0.976772542,0.4465883174415447,7,6,-0.571172707,-1.5,3
501,C0527,5,C,5C,Muslim,Enemies,Enemy1,2,6,M,27,7,7,1,1,3,7,7,6,6,3,4,2,NA,Sunni,1,1,1,2,1,1,1,2,4,2,1,2,2,2,4,1,1,3,1,1,1,1,1,1,5,5,M,Hindu,1,1,1,1,1,1,5,4,4,4,1,4,6,2,1,1,2,NA,1,2,1,1,2,7,7,7,3,1,0,C5,-0.344105112,0.090184641,-0.131409434,-0.976772542,0.4465883174415447,7,1,1.621549634144792,-1.5,4
502,C0527,5,C,5C,Muslim,Enemies,Enemy2,2,7,M,27,7,7,1,1,3,7,7,6,6,3,4,2,NA,Sunni,1,1,1,2,1,1,1,2,4,2,1,2,2,2,4,1,1,3,1,1,1,1,1,1,5,5,M,Muslim,1,1,4,1,3,1,1,1,1,2,1,4,4,7,1,5,3,5,5,1,3,3,3,4,4,1,7,1,1,C5,-0.344105112,0.090184641,-0.131409434,-0.976772542,0.4465883174415447,7,1,1.621549634144792,-1.5,4
503,C0527,5,C,5C,Muslim,Enemies,Enemy3,2,12,M,27,7,7,1,1,3,7,7,6,6,3,4,2,NA,Sunni,1,1,1,2,1,1,1,2,4,2,1,2,2,2,4,1,1,3,1,1,1,1,1,1,5,5,M,Muslim,3,4,1,4,2,5,3,1,1,1,1,4,4,4,2,3,4,1,5,1,4,3,2,1,NA,4,1,1,1,C5,-0.344105112,0.090184641,-0.131409434,-0.976772542,0.4465883174415447,7,1,1.621549634144792,-1.5,4
504,C0527,5,C,5C,Muslim,Enemies,Enemy4,2,13,M,27,7,7,1,1,3,7,7,6,6,3,4,2,NA,Sunni,1,1,1,2,1,1,1,2,4,2,1,2,2,2,4,1,1,3,1,1,1,1,1,1,5,5,M,Muslim,1,1,1,1,1,1,3,1,1,1,1,6,1,6,1,1,1,1,1,1,1,1,1,7,6,4,7,1,1,C5,-0.344105112,0.090184641,-0.131409434,-0.976772542,0.4465883174415447,7,1,1.621549634144792,-1.5,4
505,C0527,5,C,5C,Muslim,Enemies,Enemy5,2,14,M,27,7,7,1,1,3,7,7,6,6,3,4,2,NA,Sunni,1,1,1,2,1,1,1,2,4,2,1,2,2,2,4,1,1,3,1,1,1,1,1,1,5,5,M,Hindu,1,NA,1,2,3,1,4,1,2,2,1,4,2,2,2,4,4,3,2,2,3,3,2,6,4,7,1,1,0,C5,-0.344105112,0.090184641,-0.131409434,-0.976772542,0.4465883174415447,7,1,1.621549634144792,-1.5,4
506,C0527,5,C,5C,Muslim,Enemies,Enemy6,2,15,M,27,7,7,1,1,3,7,7,6,6,3,4,2,NA,Sunni,1,1,1,2,1,1,1,2,4,2,1,2,2,2,4,1,1,3,1,1,1,1,1,1,5,5,M,Hindu,2,1,1,1,2,1,3,4,1,3,1,2,7,1,2,2,2,2,2,2,2,2,3,7,7,7,5,1,0,C5,-0.344105112,0.090184641,-0.131409434,-0.976772542,0.4465883174415447,7,1,1.621549634144792,-1.5,4
507,C0527,5,C,5C,Muslim,Enemies,Enemy7,2,16,M,27,7,7,1,1,3,7,7,6,6,3,4,2,NA,Sunni,1,1,1,2,1,1,1,2,4,2,1,2,2,2,4,1,1,3,1,1,1,1,1,1,5,5,M,Muslim,4,1,1,1,5,1,4,1,1,1,1,3,2,3,5,NA,1,2,1,1,1,3,5,7,4,1,7,1,1,C5,-0.344105112,0.090184641,-0.131409434,-0.976772542,0.4465883174415447,7,1,1.621549634144792,-1.5,4
508,C0528,5,C,5C,Muslim,Enemies,Enemy1,2,2,M,28,1,7,4,7,3,7,2,NA,4,3,3,5,8,NA,1,1,1,1,1,2,1,2,3,1,4,4,2,1,4,4,4,1,2,2,1,1,1,1,5,3,M,Hindu,5,3,1,1,5,1,2,4,3,1,1,2,1,7,3,4,1,5,1,1,1,2,1,1,NA,7,7,1,0,C5,-0.344105112,0.090184641,-0.131409434,-0.976772542,0.4465883174415447,7,4,0.30591622948642044,-1.5,4
509,C0528,5,C,5C,Muslim,Enemies,Enemy2,2,3,M,28,1,7,4,7,3,7,2,NA,4,3,3,5,8,NA,1,1,1,1,1,2,1,2,3,1,4,4,2,1,4,4,4,1,2,2,1,1,1,1,5,3,M,Hindu,1,1,1,1,1,1,1,1,4,2,1,4,4,4,1,1,1,1,1,1,1,5,5,7,1,7,2,1,0,C5,-0.344105112,0.090184641,-0.131409434,-0.976772542,0.4465883174415447,7,4,0.30591622948642044,-1.5,4
510,C0528,5,C,5C,Muslim,Enemies,Enemy3,2,5,M,28,1,7,4,7,3,7,2,NA,4,3,3,5,8,NA,1,1,1,1,1,2,1,2,3,1,4,4,2,1,4,4,4,1,2,2,1,1,1,1,5,3,M,Hindu,2,2,1,1,2,1,4,1,3,2,1,4,3,3,2,1,2,1,1,1,2,5,4,7,6,NA,NA,1,0,C5,-0.344105112,0.090184641,-0.131409434,-0.976772542,0.4465883174415447,7,4,0.30591622948642044,-1.5,4
511,C0528,5,C,5C,Muslim,Enemies,Enemy4,2,6,M,28,1,7,4,7,3,7,2,NA,4,3,3,5,8,NA,1,1,1,1,1,2,1,2,3,1,4,4,2,1,4,4,4,1,2,2,1,1,1,1,5,3,M,Hindu,1,1,1,1,1,1,5,4,4,4,1,4,6,2,1,1,2,NA,1,2,1,1,2,7,7,7,3,1,0,C5,-0.344105112,0.090184641,-0.131409434,-0.976772542,0.4465883174415447,7,4,0.30591622948642044,-1.5,4
512,C0528,5,C,5C,Muslim,Enemies,Enemy5,2,11,M,28,1,7,4,7,3,7,2,NA,4,3,3,5,8,NA,1,1,1,1,1,2,1,2,3,1,4,4,2,1,4,4,4,1,2,2,1,1,1,1,5,3,M,Hindu,2,3,1,2,1,1,4,1,5,4,1,3,3,3,2,3,5,1,1,1,5,1,1,1,4,7,5,1,0,C5,-0.344105112,0.090184641,-0.131409434,-0.976772542,0.4465883174415447,7,4,0.30591622948642044,-1.5,4
513,C0528,5,C,5C,Muslim,Enemies,Enemy6,2,31,M,28,1,7,4,7,3,7,2,NA,4,3,3,5,8,NA,1,1,1,1,1,2,1,2,3,1,4,4,2,1,4,4,4,1,2,2,1,1,1,1,5,3,M,Muslim,1,1,1,1,1,1,4,1,4,3,1,6,7,3,3,2,2,1,3,1,1,5,1,7,4,4,7,1,1,C5,-0.344105112,0.090184641,-0.131409434,-0.976772542,0.4465883174415447,7,4,0.30591622948642044,-1.5,4
514,C0528,5,C,5C,Muslim,Enemies,Enemy7,2,52,M,28,1,7,4,7,3,7,2,NA,4,3,3,5,8,NA,1,1,1,1,1,2,1,2,3,1,4,4,2,1,4,4,4,1,2,2,1,1,1,1,5,3,F,Muslim,1,2,1,1,1,1,5,1,1,1,1,4,3,3,1,1,1,1,1,1,2,1,2,4,4,4,7,0,1,C5,-0.344105112,0.090184641,-0.131409434,-0.976772542,0.4465883174415447,7,4,0.30591622948642044,-1.5,4
515,C0530,5,C,5C,Hindu,Enemies,Enemy1,2,16,M,30,6,7,1,7,7,4,7,7,7,6,4,6,NA,Other,1,1,1,2,1,1,1,1,4,1,1,1,1,1,7,7,7,5,1,1,2,1,1,1,5,4,M,Muslim,4,1,1,1,5,1,4,1,1,1,1,3,2,3,5,NA,1,2,1,1,1,3,5,7,4,1,7,1,0,C5,-0.344105112,0.090184641,-0.131409434,-0.976772542,0.4465883174415447,7,1,1.621549634144792,-1.5,3
516,C0530,5,C,5C,Hindu,Enemies,Enemy2,2,20,M,30,6,7,1,7,7,4,7,7,7,6,4,6,NA,Other,1,1,1,2,1,1,1,1,4,1,1,1,1,1,7,7,7,5,1,1,2,1,1,1,5,4,M,Muslim,5,3,2,2,1,2,4,1,1,1,1,4,1,4,5,5,5,1,2,5,1,4,1,6,3,1,7,1,0,C5,-0.344105112,0.090184641,-0.131409434,-0.976772542,0.4465883174415447,7,1,1.621549634144792,-1.5,3
517,C0530,5,C,5C,Hindu,Enemies,Enemy3,2,28,M,30,6,7,1,7,7,4,7,7,7,6,4,6,NA,Other,1,1,1,2,1,1,1,1,4,1,1,1,1,1,7,7,7,5,1,1,2,1,1,1,5,4,M,Muslim,1,1,1,1,2,1,3,1,4,4,1,4,4,4,1,2,2,1,1,1,1,5,3,7,4,3,7,1,0,C5,-0.344105112,0.090184641,-0.131409434,-0.976772542,0.4465883174415447,7,1,1.621549634144792,-1.5,3
518,C0530,5,C,5C,Hindu,Enemies,Enemy4,2,31,M,30,6,7,1,7,7,4,7,7,7,6,4,6,NA,Other,1,1,1,2,1,1,1,1,4,1,1,1,1,1,7,7,7,5,1,1,2,1,1,1,5,4,M,Muslim,1,1,1,1,1,1,4,1,4,3,1,6,7,3,3,2,2,1,3,1,1,5,1,7,4,4,7,1,0,C5,-0.344105112,0.090184641,-0.131409434,-0.976772542,0.4465883174415447,7,1,1.621549634144792,-1.5,3
519,C0530,5,C,5C,Hindu,Enemies,Enemy5,2,33,M,30,6,7,1,7,7,4,7,7,7,6,4,6,NA,Other,1,1,1,2,1,1,1,1,4,1,1,1,1,1,7,7,7,5,1,1,2,1,1,1,5,4,M,Hindu,1,3,2,1,2,1,2,2,1,3,1,4,3,3,1,5,5,5,5,1,1,5,3,7,1,7,1,1,1,C5,-0.344105112,0.090184641,-0.131409434,-0.976772542,0.4465883174415447,7,1,1.621549634144792,-1.5,3
520,C0533,5,C,5C,Hindu,Enemies,Enemy1,2,4,M,33,7,7,1,6,7,1,7,6,5,6,6,1,8,NA,1,1,3,2,1,2,1,2,2,2,1,3,1,1,4,3,3,1,5,5,5,5,1,1,5,3,M,Hindu,NA,2,2,1,1,1,1,1,2,2,1,4,5,5,5,1,2,1,1,1,1,5,3,7,4,7,1,1,1,C5,-0.344105112,0.090184641,-0.131409434,-0.976772542,0.4465883174415447,7,1,1.621549634144792,-1.5,6
521,C0533,5,C,5C,Hindu,Enemies,Enemy2,2,12,M,33,7,7,1,6,7,1,7,6,5,6,6,1,8,NA,1,1,3,2,1,2,1,2,2,2,1,3,1,1,4,3,3,1,5,5,5,5,1,1,5,3,M,Muslim,3,4,1,4,2,5,3,1,1,1,1,4,4,4,2,3,4,1,5,1,4,3,2,1,NA,4,1,1,0,C5,-0.344105112,0.090184641,-0.131409434,-0.976772542,0.4465883174415447,7,1,1.621549634144792,-1.5,6
522,C0533,5,C,5C,Hindu,Enemies,Enemy3,2,16,M,33,7,7,1,6,7,1,7,6,5,6,6,1,8,NA,1,1,3,2,1,2,1,2,2,2,1,3,1,1,4,3,3,1,5,5,5,5,1,1,5,3,M,Muslim,4,1,1,1,5,1,4,1,1,1,1,3,2,3,5,NA,1,2,1,1,1,3,5,7,4,1,7,1,0,C5,-0.344105112,0.090184641,-0.131409434,-0.976772542,0.4465883174415447,7,1,1.621549634144792,-1.5,6
523,C0533,5,C,5C,Hindu,Enemies,Enemy4,2,26,M,33,7,7,1,6,7,1,7,6,5,6,6,1,8,NA,1,1,3,2,1,2,1,2,2,2,1,3,1,1,4,3,3,1,5,5,5,5,1,1,5,3,M,Muslim,3,4,2,5,2,4,4,4,4,5,1,4,7,4,5,3,3,1,1,1,5,3,1,7,6,3,6,1,0,C5,-0.344105112,0.090184641,-0.131409434,-0.976772542,0.4465883174415447,7,1,1.621549634144792,-1.5,6
524,C0533,5,C,5C,Hindu,Enemies,Enemy5,2,29,M,33,7,7,1,6,7,1,7,6,5,6,6,1,8,NA,1,1,3,2,1,2,1,2,2,2,1,3,1,1,4,3,3,1,5,5,5,5,1,1,5,3,M,NA,NA,NA,NA,NA,NA,NA,NA,NA,NA,NA,NA,NA,NA,NA,NA,NA,NA,NA,NA,NA,NA,NA,NA,NA,NA,NA,NA,1,NA,C5,-0.344105112,0.090184641,-0.131409434,-0.976772542,0.4465883174415447,7,1,1.621549634144792,-1.5,6
525,C0533,5,C,5C,Hindu,Enemies,Enemy6,2,30,M,33,7,7,1,6,7,1,7,6,5,6,6,1,8,NA,1,1,3,2,1,2,1,2,2,2,1,3,1,1,4,3,3,1,5,5,5,5,1,1,5,3,M,Hindu,1,1,2,1,1,1,4,1,1,1,1,7,7,7,5,1,1,2,1,1,1,5,4,7,1,7,4,1,1,C5,-0.344105112,0.090184641,-0.131409434,-0.976772542,0.4465883174415447,7,1,1.621549634144792,-1.5,6
526,C0534,5,C,5C,Muslim,Enemies,Enemy1,2,5,M,34,7,7,7,5,6,7,7,6,7,6,6,3,NA,VOHRA,1,1,1,3,3,1,1,1,3,1,1,3,2,1,4,3,4,1,1,1,1,1,1,1,5,2,M,Hindu,2,2,1,1,2,1,4,1,3,2,1,4,3,3,2,1,2,1,1,1,2,5,4,7,6,NA,NA,1,0,C5,-0.344105112,0.090184641,-0.131409434,-0.976772542,0.4465883174415447,7,7,-1.009717175,-1.5,1
527,C0534,5,C,5C,Muslim,Enemies,Enemy2,2,6,M,34,7,7,7,5,6,7,7,6,7,6,6,3,NA,VOHRA,1,1,1,3,3,1,1,1,3,1,1,3,2,1,4,3,4,1,1,1,1,1,1,1,5,2,M,Hindu,1,1,1,1,1,1,5,4,4,4,1,4,6,2,1,1,2,NA,1,2,1,1,2,7,7,7,3,1,0,C5,-0.344105112,0.090184641,-0.131409434,-0.976772542,0.4465883174415447,7,7,-1.009717175,-1.5,1
528,C0535,5,C,5C,Hindu,Enemies,Enemy1,2,1,M,35,6,7,1,2,7,1,7,4,2,3,5,3,1,NA,1,3,2,1,1,3,1,2,4,1,3,4,1,2,4,3,2,3,1,2,3,4,5,5,1,1,M,Muslim,3,4,4,1,3,1,NA,5,2,NA,2,2,3,3,4,1,4,1,1,1,4,1,1,6,6,2,6,1,0,C5,-0.344105112,0.090184641,-0.131409434,-0.976772542,0.4465883174415447,7,1,1.621549634144792,-1.5,6
529,C0535,5,C,5C,Hindu,Enemies,Enemy2,2,7,M,35,6,7,1,2,7,1,7,4,2,3,5,3,1,NA,1,3,2,1,1,3,1,2,4,1,3,4,1,2,4,3,2,3,1,2,3,4,5,5,1,1,M,Muslim,1,1,4,1,3,1,1,1,1,2,1,4,4,7,1,5,3,5,5,1,3,3,3,4,4,1,7,1,0,C5,-0.344105112,0.090184641,-0.131409434,-0.976772542,0.4465883174415447,7,1,1.621549634144792,-1.5,6
530,C0535,5,C,5C,Hindu,Enemies,Enemy3,2,9,M,35,6,7,1,2,7,1,7,4,2,3,5,3,1,NA,1,3,2,1,1,3,1,2,4,1,3,4,1,2,4,3,2,3,1,2,3,4,5,5,1,1,M,Hindu,2,1,1,1,4,1,4,1,4,1,1,1,7,6,2,1,3,5,4,3,2,2,1,7,4,7,2,1,1,C5,-0.344105112,0.090184641,-0.131409434,-0.976772542,0.4465883174415447,7,1,1.621549634144792,-1.5,6
531,C0535,5,C,5C,Hindu,Enemies,Enemy4,2,15,M,35,6,7,1,2,7,1,7,4,2,3,5,3,1,NA,1,3,2,1,1,3,1,2,4,1,3,4,1,2,4,3,2,3,1,2,3,4,5,5,1,1,M,Hindu,2,1,1,1,2,1,3,4,1,3,1,2,7,1,2,2,2,2,2,2,2,2,3,7,7,7,5,1,1,C5,-0.344105112,0.090184641,-0.131409434,-0.976772542,0.4465883174415447,7,1,1.621549634144792,-1.5,6
532,C0535,5,C,5C,Hindu,Enemies,Enemy5,2,28,M,35,6,7,1,2,7,1,7,4,2,3,5,3,1,NA,1,3,2,1,1,3,1,2,4,1,3,4,1,2,4,3,2,3,1,2,3,4,5,5,1,1,M,Muslim,1,1,1,1,2,1,3,1,4,4,1,4,4,4,1,2,2,1,1,1,1,5,3,7,4,3,7,1,0,C5,-0.344105112,0.090184641,-0.131409434,-0.976772542,0.4465883174415447,7,1,1.621549634144792,-1.5,6
533,C0535,5,C,5C,Hindu,Enemies,Enemy6,2,31,M,35,6,7,1,2,7,1,7,4,2,3,5,3,1,NA,1,3,2,1,1,3,1,2,4,1,3,4,1,2,4,3,2,3,1,2,3,4,5,5,1,1,M,Muslim,1,1,1,1,1,1,4,1,4,3,1,6,7,3,3,2,2,1,3,1,1,5,1,7,4,4,7,1,0,C5,-0.344105112,0.090184641,-0.131409434,-0.976772542,0.4465883174415447,7,1,1.621549634144792,-1.5,6
534,C0535,5,C,5C,Hindu,Enemies,Enemy7,2,52,M,35,6,7,1,2,7,1,7,4,2,3,5,3,1,NA,1,3,2,1,1,3,1,2,4,1,3,4,1,2,4,3,2,3,1,2,3,4,5,5,1,1,F,Muslim,1,2,1,1,1,1,5,1,1,1,1,4,3,3,1,1,1,1,1,1,2,1,2,4,4,4,7,0,0,C5,-0.344105112,0.090184641,-0.131409434,-0.976772542,0.4465883174415447,7,1,1.621549634144792,-1.5,6
535,C0539,5,C,5C,Hindu,Enemies,Enemy1,2,12,F,39,4,4,7,4,7,1,7,7,1,4,4,7,8,NA,2,1,3,1,1,1,1,1,3,2,5,2,1,3,4,4,1,1,3,1,1,1,1,1,1,1,M,Muslim,3,4,1,4,2,5,3,1,1,1,1,4,4,4,2,3,4,1,5,1,4,3,2,1,NA,4,1,0,0,C5,-0.344105112,0.090184641,-0.131409434,-0.976772542,0.4465883174415447,7,4,0.30591622948642044,-1.5,6
536,C0539,5,C,5C,Hindu,Enemies,Enemy2,2,54,F,39,4,4,7,4,7,1,7,7,1,4,4,7,8,NA,2,1,3,1,1,1,1,1,3,2,5,2,1,3,4,4,1,1,3,1,1,1,1,1,1,1,F,Hindu,1,2,1,1,1,1,2,1,2,4,1,7,4,4,1,1,1,1,1,1,1,1,1,5,6,6,3,1,1,C5,-0.344105112,0.090184641,-0.131409434,-0.976772542,0.4465883174415447,7,4,0.30591622948642044,-1.5,6
537,C0539,5,C,5C,Hindu,Enemies,Enemy3,2,58,F,39,4,4,7,4,7,1,7,7,1,4,4,7,8,NA,2,1,3,1,1,1,1,1,3,2,5,2,1,3,4,4,1,1,3,1,1,1,1,1,1,1,F,Hindu,1,3,2,1,2,1,4,3,5,2,3,4,4,3,NA,2,5,4,2,2,2,2,1,2,7,6,NA,1,1,C5,-0.344105112,0.090184641,-0.131409434,-0.976772542,0.4465883174415447,7,4,0.30591622948642044,-1.5,6
538,C0542,5,C,5C,Hindu,Enemies,Enemy1,2,6,F,42,3,4,7,6,7,2,7,6,6,5,5,6,1,NA,2,4,3,4,1,3,1,4,4,2,3,4,1,1,4,4,4,3,2,3,2,1,1,1,2,2,M,Hindu,1,1,1,1,1,1,5,4,4,4,1,4,6,2,1,1,2,NA,1,2,1,1,2,7,7,7,3,0,1,C5,-0.344105112,0.090184641,-0.131409434,-0.976772542,0.4465883174415447,7,4,0.30591622948642044,-1.5,5
539,C0542,5,C,5C,Hindu,Enemies,Enemy2,2,12,F,42,3,4,7,6,7,2,7,6,6,5,5,6,1,NA,2,4,3,4,1,3,1,4,4,2,3,4,1,1,4,4,4,3,2,3,2,1,1,1,2,2,M,Muslim,3,4,1,4,2,5,3,1,1,1,1,4,4,4,2,3,4,1,5,1,4,3,2,1,NA,4,1,0,0,C5,-0.344105112,0.090184641,-0.131409434,-0.976772542,0.4465883174415447,7,4,0.30591622948642044,-1.5,5
540,C0542,5,C,5C,Hindu,Enemies,Enemy3,2,26,F,42,3,4,7,6,7,2,7,6,6,5,5,6,1,NA,2,4,3,4,1,3,1,4,4,2,3,4,1,1,4,4,4,3,2,3,2,1,1,1,2,2,M,Muslim,3,4,2,5,2,4,4,4,4,5,1,4,7,4,5,3,3,1,1,1,5,3,1,7,6,3,6,0,0,C5,-0.344105112,0.090184641,-0.131409434,-0.976772542,0.4465883174415447,7,4,0.30591622948642044,-1.5,5
541,C0542,5,C,5C,Hindu,Enemies,Enemy4,2,20,F,42,3,4,7,6,7,2,7,6,6,5,5,6,1,NA,2,4,3,4,1,3,1,4,4,2,3,4,1,1,4,4,4,3,2,3,2,1,1,1,2,2,M,Muslim,5,3,2,2,1,2,4,1,1,1,1,4,1,4,5,5,5,1,2,5,1,4,1,6,3,1,7,0,0,C5,-0.344105112,0.090184641,-0.131409434,-0.976772542,0.4465883174415447,7,4,0.30591622948642044,-1.5,5
542,C0542,5,C,5C,Hindu,Enemies,Enemy5,2,31,F,42,3,4,7,6,7,2,7,6,6,5,5,6,1,NA,2,4,3,4,1,3,1,4,4,2,3,4,1,1,4,4,4,3,2,3,2,1,1,1,2,2,M,Muslim,1,1,1,1,1,1,4,1,4,3,1,6,7,3,3,2,2,1,3,1,1,5,1,7,4,4,7,0,0,C5,-0.344105112,0.090184641,-0.131409434,-0.976772542,0.4465883174415447,7,4,0.30591622948642044,-1.5,5
543,C0542,5,C,5C,Hindu,Enemies,Enemy6,2,52,F,42,3,4,7,6,7,2,7,6,6,5,5,6,1,NA,2,4,3,4,1,3,1,4,4,2,3,4,1,1,4,4,4,3,2,3,2,1,1,1,2,2,F,Muslim,1,2,1,1,1,1,5,1,1,1,1,4,3,3,1,1,1,1,1,1,2,1,2,4,4,4,7,1,0,C5,-0.344105112,0.090184641,-0.131409434,-0.976772542,0.4465883174415447,7,4,0.30591622948642044,-1.5,5
544,C0545,5,C,5C,Muslim,Enemies,Enemy1,2,9,F,45,3,3,7,6,1,7,1,3,3,6,1,3,7,SUNNI,2,1,2,2,1,3,1,4,4,1,2,1,2,1,7,1,7,1,5,2,5,5,5,3,1,1,M,Hindu,2,1,1,1,4,1,4,1,4,1,1,1,7,6,2,1,3,5,4,3,2,2,1,7,4,7,2,0,0,C5,-0.344105112,0.090184641,-0.131409434,-0.976772542,0.4465883174415447,7,3,0.7444606977058776,-1.5,6
545,C0545,5,C,5C,Muslim,Enemies,Enemy2,2,24,F,45,3,3,7,6,1,7,1,3,3,6,1,3,7,SUNNI,2,1,2,2,1,3,1,4,4,1,2,1,2,1,7,1,7,1,5,2,5,5,5,3,1,1,M,Hindu,2,2,1,1,2,1,4,2,2,3,1,4,2,2,2,1,1,1,1,2,1,5,2,6,4,6,4,0,0,C5,-0.344105112,0.090184641,-0.131409434,-0.976772542,0.4465883174415447,7,3,0.7444606977058776,-1.5,6
546,C0545,5,C,5C,Muslim,Enemies,Enemy3,2,33,F,45,3,3,7,6,1,7,1,3,3,6,1,3,7,SUNNI,2,1,2,2,1,3,1,4,4,1,2,1,2,1,7,1,7,1,5,2,5,5,5,3,1,1,M,Hindu,1,3,2,1,2,1,2,2,1,3,1,4,3,3,1,5,5,5,5,1,1,5,3,7,1,7,1,0,0,C5,-0.344105112,0.090184641,-0.131409434,-0.976772542,0.4465883174415447,7,3,0.7444606977058776,-1.5,6
547,C0545,5,C,5C,Muslim,Enemies,Enemy4,2,35,F,45,3,3,7,6,1,7,1,3,3,6,1,3,7,SUNNI,2,1,2,2,1,3,1,4,4,1,2,1,2,1,7,1,7,1,5,2,5,5,5,3,1,1,M,Hindu,3,2,1,1,3,1,4,1,3,4,2,4,3,2,3,1,2,3,4,5,5,1,1,7,1,7,1,0,0,C5,-0.344105112,0.090184641,-0.131409434,-0.976772542,0.4465883174415447,7,3,0.7444606977058776,-1.5,6
548,C0545,5,C,5C,Muslim,Enemies,Enemy5,2,47,F,45,3,3,7,6,1,7,1,3,3,6,1,3,7,SUNNI,2,1,2,2,1,3,1,4,4,1,2,1,2,1,7,1,7,1,5,2,5,5,5,3,1,1,F,Hindu,1,1,1,1,2,1,NA,2,4,3,1,4,4,4,1,5,5,1,5,3,3,2,1,3,5,7,4,1,0,C5,-0.344105112,0.090184641,-0.131409434,-0.976772542,0.4465883174415447,7,3,0.7444606977058776,-1.5,6
549,C0545,5,C,5C,Muslim,Enemies,Enemy6,2,52,F,45,3,3,7,6,1,7,1,3,3,6,1,3,7,SUNNI,2,1,2,2,1,3,1,4,4,1,2,1,2,1,7,1,7,1,5,2,5,5,5,3,1,1,F,Muslim,1,2,1,1,1,1,5,1,1,1,1,4,3,3,1,1,1,1,1,1,2,1,2,4,4,4,7,1,1,C5,-0.344105112,0.090184641,-0.131409434,-0.976772542,0.4465883174415447,7,3,0.7444606977058776,-1.5,6
550,C0545,5,C,5C,Muslim,Enemies,Enemy7,2,54,F,45,3,3,7,6,1,7,1,3,3,6,1,3,7,SUNNI,2,1,2,2,1,3,1,4,4,1,2,1,2,1,7,1,7,1,5,2,5,5,5,3,1,1,F,Hindu,1,2,1,1,1,1,2,1,2,4,1,7,4,4,1,1,1,1,1,1,1,1,1,5,6,6,3,1,0,C5,-0.344105112,0.090184641,-0.131409434,-0.976772542,0.4465883174415447,7,3,0.7444606977058776,-1.5,6
551,C0546,5,C,5C,Muslim,Enemies,Enemy1,2,40,F,46,1,6,7,4,4,7,7,7,7,7,7,2,NA,Sunni,2,1,1,1,1,1,1,2,4,1,1,1,2,1,7,7,7,1,1,1,1,1,1,1,3,1,F,Hindu,1,1,1,1,1,1,3,2,4,2,1,4,2,3,1,5,5,1,1,1,5,5,2,2,7,7,2,1,0,C5,-0.344105112,0.090184641,-0.131409434,-0.976772542,0.4465883174415447,7,6,-0.571172707,-1.5,3
552,C0546,5,C,5C,Muslim,Enemies,Enemy2,2,52,F,46,1,6,7,4,4,7,7,7,7,7,7,2,NA,Sunni,2,1,1,1,1,1,1,2,4,1,1,1,2,1,7,7,7,1,1,1,1,1,1,1,3,1,F,Muslim,1,2,1,1,1,1,5,1,1,1,1,4,3,3,1,1,1,1,1,1,2,1,2,4,4,4,7,1,1,C5,-0.344105112,0.090184641,-0.131409434,-0.976772542,0.4465883174415447,7,6,-0.571172707,-1.5,3
553,C0546,5,C,5C,Muslim,Enemies,Enemy3,2,54,F,46,1,6,7,4,4,7,7,7,7,7,7,2,NA,Sunni,2,1,1,1,1,1,1,2,4,1,1,1,2,1,7,7,7,1,1,1,1,1,1,1,3,1,F,Hindu,1,2,1,1,1,1,2,1,2,4,1,7,4,4,1,1,1,1,1,1,1,1,1,5,6,6,3,1,0,C5,-0.344105112,0.090184641,-0.131409434,-0.976772542,0.4465883174415447,7,6,-0.571172707,-1.5,3
554,C0546,5,C,5C,Muslim,Enemies,Enemy4,2,58,F,46,1,6,7,4,4,7,7,7,7,7,7,2,NA,Sunni,2,1,1,1,1,1,1,2,4,1,1,1,2,1,7,7,7,1,1,1,1,1,1,1,3,1,F,Hindu,1,3,2,1,2,1,4,3,5,2,3,4,4,3,NA,2,5,4,2,2,2,2,1,2,7,6,NA,1,0,C5,-0.344105112,0.090184641,-0.131409434,-0.976772542,0.4465883174415447,7,6,-0.571172707,-1.5,3
555,C0546,5,C,5C,Muslim,Enemies,Enemy5,2,59,F,46,1,6,7,4,4,7,7,7,7,7,7,2,NA,Sunni,2,1,1,1,1,1,1,2,4,1,1,1,2,1,7,7,7,1,1,1,1,1,1,1,3,1,F,Hindu,2,3,2,1,2,1,2,1,2,2,1,4,3,3,3,1,1,1,1,1,2,4,5,4,6,6,4,1,0,C5,-0.344105112,0.090184641,-0.131409434,-0.976772542,0.4465883174415447,7,6,-0.571172707,-1.5,3
556,C0546,5,C,5C,Muslim,Enemies,Enemy6,2,60,F,46,1,6,7,4,4,7,7,7,7,7,7,2,NA,Sunni,2,1,1,1,1,1,1,2,4,1,1,1,2,1,7,7,7,1,1,1,1,1,1,1,3,1,F,Hindu,1,2,1,1,3,1,2,1,5,3,1,4,4,5,5,1,2,1,5,1,1,5,1,1,7,7,2,1,0,C5,-0.344105112,0.090184641,-0.131409434,-0.976772542,0.4465883174415447,7,6,-0.571172707,-1.5,3
557,C0546,5,C,5C,Muslim,Enemies,Enemy7,2,61,F,46,1,6,7,4,4,7,7,7,7,7,7,2,NA,Sunni,2,1,1,1,1,1,1,2,4,1,1,1,2,1,7,7,7,1,1,1,1,1,1,1,3,1,F,Hindu,3,1,1,1,2,1,1,1,2,3,1,4,2,2,1,1,1,2,1,NA,1,1,1,4,4,7,5,1,0,C5,-0.344105112,0.090184641,-0.131409434,-0.976772542,0.4465883174415447,7,6,-0.571172707,-1.5,3
558,C0547,5,C,5C,Hindu,Enemies,Enemy1,2,55,F,47,4,3,5,4,7,4,6,7,7,5,7,7,1,NA,2,1,1,1,1,2,1,4,NA,2,4,3,1,1,4,4,4,1,5,5,1,5,3,3,2,1,F,Hindu,1,1,1,1,1,1,3,1,4,1,1,4,3,3,3,3,2,1,1,1,1,5,2,6,7,7,3,1,1,C5,-0.344105112,0.090184641,-0.131409434,-0.976772542,0.4465883174415447,5,3,-0.132628239,-1.5,3
559,C0547,5,C,5C,Hindu,Enemies,Enemy2,2,57,F,47,4,3,5,4,7,4,6,7,7,5,7,7,1,NA,2,1,1,1,1,2,1,4,NA,2,4,3,1,1,4,4,4,1,5,5,1,5,3,3,2,1,F,Muslim,1,1,1,1,1,1,4,4,4,4,1,4,2,3,5,1,2,4,1,1,1,5,2,1,7,5,7,1,0,C5,-0.344105112,0.090184641,-0.131409434,-0.976772542,0.4465883174415447,5,3,-0.132628239,-1.5,3
560,C0549,5,C,5C,Hindu,Enemies,Enemy1,2,45,F,49,3,4,7,7,7,3,4,7,6,5,6,5,8,NA,2,3,2,2,1,3,1,1,3,2,3,2,1,1,4,5,4,1,1,4,1,5,1,1,2,4,F,Muslim,1,2,2,1,3,1,4,1,2,1,1,7,1,7,1,5,2,5,5,5,3,1,1,3,7,1,7,1,0,C5,-0.344105112,0.090184641,-0.131409434,-0.976772542,0.4465883174415447,7,4,0.30591622948642044,-1.5,4
561,C0549,5,C,5C,Hindu,Enemies,Enemy2,2,50,F,49,3,4,7,7,7,3,4,7,6,5,6,5,8,NA,2,3,2,2,1,3,1,1,3,2,3,2,1,1,4,5,4,1,1,4,1,5,1,1,2,4,F,Hindu,1,1,1,1,3,1,4,1,1,1,1,4,4,4,2,1,3,1,4,1,1,5,1,2,7,7,2,1,1,C5,-0.344105112,0.090184641,-0.131409434,-0.976772542,0.4465883174415447,7,4,0.30591622948642044,-1.5,4
562,C0549,5,C,5C,Hindu,Enemies,Enemy3,2,56,F,49,3,4,7,7,7,3,4,7,6,5,6,5,8,NA,2,3,2,2,1,3,1,1,3,2,3,2,1,1,4,5,4,1,1,4,1,5,1,1,2,4,F,Muslim,1,2,1,1,1,1,3,2,1,1,1,6,4,5,NA,1,1,1,1,1,1,5,3,1,6,2,7,1,0,C5,-0.344105112,0.090184641,-0.131409434,-0.976772542,0.4465883174415447,7,4,0.30591622948642044,-1.5,4
563,C0549,5,C,5C,Hindu,Enemies,Enemy4,2,60,F,49,3,4,7,7,7,3,4,7,6,5,6,5,8,NA,2,3,2,2,1,3,1,1,3,2,3,2,1,1,4,5,4,1,1,4,1,5,1,1,2,4,F,Hindu,1,2,1,1,3,1,2,1,5,3,1,4,4,5,5,1,2,1,5,1,1,5,1,1,7,7,2,1,1,C5,-0.344105112,0.090184641,-0.131409434,-0.976772542,0.4465883174415447,7,4,0.30591622948642044,-1.5,4
564,C0549,5,C,5C,Hindu,Enemies,Enemy5,2,61,F,49,3,4,7,7,7,3,4,7,6,5,6,5,8,NA,2,3,2,2,1,3,1,1,3,2,3,2,1,1,4,5,4,1,1,4,1,5,1,1,2,4,F,Hindu,3,1,1,1,2,1,1,1,2,3,1,4,2,2,1,1,1,2,1,NA,1,1,1,4,4,7,5,1,1,C5,-0.344105112,0.090184641,-0.131409434,-0.976772542,0.4465883174415447,7,4,0.30591622948642044,-1.5,4
565,C0551,5,C,5C,Muslim,Enemies,Enemy1,2,33,F,51,2,6,7,3,4,7,7,7,6,5,6,2,7,SUNNI,2,1,1,2,1,1,1,3,2,1,1,2,2,2,7,2,6,1,1,1,1,1,1,1,1,1,M,Hindu,1,3,2,1,2,1,2,2,1,3,1,4,3,3,1,5,5,5,5,1,1,5,3,7,1,7,1,0,0,C5,-0.344105112,0.090184641,-0.131409434,-0.976772542,0.4465883174415447,7,6,-0.571172707,-1.5,3
566,C0551,5,C,5C,Muslim,Enemies,Enemy2,2,52,F,51,2,6,7,3,4,7,7,7,6,5,6,2,7,SUNNI,2,1,1,2,1,1,1,3,2,1,1,2,2,2,7,2,6,1,1,1,1,1,1,1,1,1,F,Muslim,1,2,1,1,1,1,5,1,1,1,1,4,3,3,1,1,1,1,1,1,2,1,2,4,4,4,7,1,1,C5,-0.344105112,0.090184641,-0.131409434,-0.976772542,0.4465883174415447,7,6,-0.571172707,-1.5,3
567,C0551,5,C,5C,Muslim,Enemies,Enemy3,2,53,F,51,2,6,7,3,4,7,7,7,6,5,6,2,7,SUNNI,2,1,1,2,1,1,1,3,2,1,1,2,2,2,7,2,6,1,1,1,1,1,1,1,1,1,F,Muslim,1,1,1,NA,1,1,2,1,1,1,1,4,4,4,1,1,1,1,1,1,1,5,3,5,5,4,7,1,1,C5,-0.344105112,0.090184641,-0.131409434,-0.976772542,0.4465883174415447,7,6,-0.571172707,-1.5,3
568,C0551,5,C,5C,Muslim,Enemies,Enemy4,2,62,F,51,2,6,7,3,4,7,7,7,6,5,6,2,7,SUNNI,2,1,1,2,1,1,1,3,2,1,1,2,2,2,7,2,6,1,1,1,1,1,1,1,1,1,F,Muslim,3,1,1,1,2,1,2,2,4,3,1,4,4,5,1,1,1,1,1,1,1,3,2,1,7,6,7,1,1,C5,-0.344105112,0.090184641,-0.131409434,-0.976772542,0.4465883174415447,7,6,-0.571172707,-1.5,3
569,C0552,5,C,5C,Muslim,Enemies,Enemy1,2,8,F,52,7,4,4,4,4,7,NA,7,7,7,7,7,8,NA,2,1,2,1,1,1,1,2,5,1,1,1,2,1,4,3,3,1,1,1,1,1,1,2,1,2,M,Muslim,1,2,NA,1,3,1,5,1,1,5,1,2,4,5,3,3,2,1,5,3,4,2,1,7,6,6,7,0,1,C5,-0.344105112,0.090184641,-0.131409434,-0.976772542,0.4465883174415447,4,4,-1.009717175,-1.5,3
570,C0552,5,C,5C,Muslim,Enemies,Enemy2,2,23,F,52,7,4,4,4,4,7,NA,7,7,7,7,7,8,NA,2,1,2,1,1,1,1,2,5,1,1,1,2,1,4,3,3,1,1,1,1,1,1,2,1,2,M,Hindu,1,1,1,1,1,1,4,1,3,1,1,4,4,6,5,1,1,1,1,1,5,5,5,7,6,7,3,0,0,C5,-0.344105112,0.090184641,-0.131409434,-0.976772542,0.4465883174415447,4,4,-1.009717175,-1.5,3
571,C0552,5,C,5C,Muslim,Enemies,Enemy3,2,51,F,52,7,4,4,4,4,7,NA,7,7,7,7,7,8,NA,2,1,2,1,1,1,1,2,5,1,1,1,2,1,4,3,3,1,1,1,1,1,1,2,1,2,F,Muslim,1,1,2,1,1,1,2,1,1,2,2,7,2,6,1,1,1,1,1,1,1,1,1,6,7,4,7,1,1,C5,-0.344105112,0.090184641,-0.131409434,-0.976772542,0.4465883174415447,4,4,-1.009717175,-1.5,3
572,C0552,5,C,5C,Muslim,Enemies,Enemy4,2,53,F,52,7,4,4,4,4,7,NA,7,7,7,7,7,8,NA,2,1,2,1,1,1,1,2,5,1,1,1,2,1,4,3,3,1,1,1,1,1,1,2,1,2,F,Muslim,1,1,1,NA,1,1,2,1,1,1,1,4,4,4,1,1,1,1,1,1,1,5,3,5,5,4,7,1,1,C5,-0.344105112,0.090184641,-0.131409434,-0.976772542,0.4465883174415447,4,4,-1.009717175,-1.5,3
573,C0552,5,C,5C,Muslim,Enemies,Enemy5,2,55,F,52,7,4,4,4,4,7,NA,7,7,7,7,7,8,NA,2,1,2,1,1,1,1,2,5,1,1,1,2,1,4,3,3,1,1,1,1,1,1,2,1,2,F,Hindu,1,1,1,1,1,1,3,1,4,1,1,4,3,3,3,3,2,1,1,1,1,5,2,6,7,7,3,1,0,C5,-0.344105112,0.090184641,-0.131409434,-0.976772542,0.4465883174415447,4,4,-1.009717175,-1.5,3
574,C0553,5,C,5C,Muslim,Enemies,Enemy1,2,20,F,53,4,5,5,7,4,7,3,7,3,5,7,1,7,Saiyed,2,1,1,1,NA,1,1,2,2,1,1,1,2,1,4,4,4,1,1,1,1,1,1,1,5,3,M,Muslim,5,3,2,2,1,2,4,1,1,1,1,4,1,4,5,5,5,1,2,5,1,4,1,6,3,1,7,0,1,C5,-0.344105112,0.090184641,-0.131409434,-0.976772542,0.4465883174415447,5,5,-1.009717175,-1.5,3
575,C0553,5,C,5C,Muslim,Enemies,Enemy2,2,49,F,53,4,5,5,7,4,7,3,7,3,5,7,1,7,Saiyed,2,1,1,1,NA,1,1,2,2,1,1,1,2,1,4,4,4,1,1,1,1,1,1,1,5,3,F,Hindu,3,2,2,1,3,1,3,2,3,2,1,4,5,4,1,1,4,1,5,1,1,2,4,4,7,7,3,1,0,C5,-0.344105112,0.090184641,-0.131409434,-0.976772542,0.4465883174415447,5,5,-1.009717175,-1.5,3
576,C0553,5,C,5C,Muslim,Enemies,Enemy3,2,51,F,53,4,5,5,7,4,7,3,7,3,5,7,1,7,Saiyed,2,1,1,1,NA,1,1,2,2,1,1,1,2,1,4,4,4,1,1,1,1,1,1,1,5,3,F,Muslim,1,1,2,1,1,1,2,1,1,2,2,7,2,6,1,1,1,1,1,1,1,1,1,6,7,4,7,1,1,C5,-0.344105112,0.090184641,-0.131409434,-0.976772542,0.4465883174415447,5,5,-1.009717175,-1.5,3
577,C0553,5,C,5C,Muslim,Enemies,Enemy4,2,54,F,53,4,5,5,7,4,7,3,7,3,5,7,1,7,Saiyed,2,1,1,1,NA,1,1,2,2,1,1,1,2,1,4,4,4,1,1,1,1,1,1,1,5,3,F,Hindu,1,2,1,1,1,1,2,1,2,4,1,7,4,4,1,1,1,1,1,1,1,1,1,5,6,6,3,1,0,C5,-0.344105112,0.090184641,-0.131409434,-0.976772542,0.4465883174415447,5,5,-1.009717175,-1.5,3
578,C0553,5,C,5C,Muslim,Enemies,Enemy5,2,57,F,53,4,5,5,7,4,7,3,7,3,5,7,1,7,Saiyed,2,1,1,1,NA,1,1,2,2,1,1,1,2,1,4,4,4,1,1,1,1,1,1,1,5,3,F,Muslim,1,1,1,1,1,1,4,4,4,4,1,4,2,3,5,1,2,4,1,1,1,5,2,1,7,5,7,1,1,C5,-0.344105112,0.090184641,-0.131409434,-0.976772542,0.4465883174415447,5,5,-1.009717175,-1.5,3
579,C0554,5,C,5C,Hindu,Enemies,Enemy1,2,4,F,54,1,5,6,7,6,3,6,6,7,7,3,4,2,NA,2,1,2,1,1,1,1,2,2,1,2,4,1,1,7,4,4,1,1,1,1,1,1,1,1,1,M,Hindu,NA,2,2,1,1,1,1,1,2,2,1,4,5,5,5,1,2,1,1,1,1,5,3,7,4,7,1,0,1,C5,-0.344105112,0.090184641,-0.131409434,-0.976772542,0.4465883174415447,6,5,-0.571172707,-1.5,3
580,C0554,5,C,5C,Hindu,Enemies,Enemy2,2,6,F,54,1,5,6,7,6,3,6,6,7,7,3,4,2,NA,2,1,2,1,1,1,1,2,2,1,2,4,1,1,7,4,4,1,1,1,1,1,1,1,1,1,M,Hindu,1,1,1,1,1,1,5,4,4,4,1,4,6,2,1,1,2,NA,1,2,1,1,2,7,7,7,3,0,1,C5,-0.344105112,0.090184641,-0.131409434,-0.976772542,0.4465883174415447,6,5,-0.571172707,-1.5,3
581,C0554,5,C,5C,Hindu,Enemies,Enemy3,2,11,F,54,1,5,6,7,6,3,6,6,7,7,3,4,2,NA,2,1,2,1,1,1,1,2,2,1,2,4,1,1,7,4,4,1,1,1,1,1,1,1,1,1,M,Hindu,2,3,1,2,1,1,4,1,5,4,1,3,3,3,2,3,5,1,1,1,5,1,1,1,4,7,5,0,1,C5,-0.344105112,0.090184641,-0.131409434,-0.976772542,0.4465883174415447,6,5,-0.571172707,-1.5,3
582,C0554,5,C,5C,Hindu,Enemies,Enemy4,2,13,F,54,1,5,6,7,6,3,6,6,7,7,3,4,2,NA,2,1,2,1,1,1,1,2,2,1,2,4,1,1,7,4,4,1,1,1,1,1,1,1,1,1,M,Muslim,1,1,1,1,1,1,3,1,1,1,1,6,1,6,1,1,1,1,1,1,1,1,1,7,6,4,7,0,0,C5,-0.344105112,0.090184641,-0.131409434,-0.976772542,0.4465883174415447,6,5,-0.571172707,-1.5,3
583,C0554,5,C,5C,Hindu,Enemies,Enemy5,2,31,F,54,1,5,6,7,6,3,6,6,7,7,3,4,2,NA,2,1,2,1,1,1,1,2,2,1,2,4,1,1,7,4,4,1,1,1,1,1,1,1,1,1,M,Muslim,1,1,1,1,1,1,4,1,4,3,1,6,7,3,3,2,2,1,3,1,1,5,1,7,4,4,7,0,0,C5,-0.344105112,0.090184641,-0.131409434,-0.976772542,0.4465883174415447,6,5,-0.571172707,-1.5,3
584,C0555,5,C,5C,Hindu,Enemies,Enemy1,2,6,F,55,4,6,7,4,7,3,7,7,5,6,6,4,8,NA,2,1,1,1,1,1,1,2,3,1,4,1,1,1,4,3,3,3,3,2,1,1,1,1,5,2,M,Hindu,1,1,1,1,1,1,5,4,4,4,1,4,6,2,1,1,2,NA,1,2,1,1,2,7,7,7,3,0,1,C5,-0.344105112,0.090184641,-0.131409434,-0.976772542,0.4465883174415447,7,6,-0.571172707,-1.5,4
585,C0555,5,C,5C,Hindu,Enemies,Enemy2,2,18,F,55,4,6,7,4,7,3,7,7,5,6,6,4,8,NA,2,1,1,1,1,1,1,2,3,1,4,1,1,1,4,3,3,3,3,2,1,1,1,1,5,2,M,Hindu,1,2,1,1,2,1,4,2,5,5,1,4,2,3,4,4,4,5,5,1,2,1,NA,6,6,7,2,0,1,C5,-0.344105112,0.090184641,-0.131409434,-0.976772542,0.4465883174415447,7,6,-0.571172707,-1.5,4
586,C0555,5,C,5C,Hindu,Enemies,Enemy3,2,20,F,55,4,6,7,4,7,3,7,7,5,6,6,4,8,NA,2,1,1,1,1,1,1,2,3,1,4,1,1,1,4,3,3,3,3,2,1,1,1,1,5,2,M,Muslim,5,3,2,2,1,2,4,1,1,1,1,4,1,4,5,5,5,1,2,5,1,4,1,6,3,1,7,0,0,C5,-0.344105112,0.090184641,-0.131409434,-0.976772542,0.4465883174415447,7,6,-0.571172707,-1.5,4
587,C0555,5,C,5C,Hindu,Enemies,Enemy4,2,46,F,55,4,6,7,4,7,3,7,7,5,6,6,4,8,NA,2,1,1,1,1,1,1,2,3,1,4,1,1,1,4,3,3,3,3,2,1,1,1,1,5,2,F,Muslim,1,1,1,1,1,1,4,1,1,1,1,7,7,7,1,1,1,1,1,1,1,3,1,6,7,4,7,1,0,C5,-0.344105112,0.090184641,-0.131409434,-0.976772542,0.4465883174415447,7,6,-0.571172707,-1.5,4
588,C0555,5,C,5C,Hindu,Enemies,Enemy5,2,51,F,55,4,6,7,4,7,3,7,7,5,6,6,4,8,NA,2,1,1,1,1,1,1,2,3,1,4,1,1,1,4,3,3,3,3,2,1,1,1,1,5,2,F,Muslim,1,1,2,1,1,1,2,1,1,2,2,7,2,6,1,1,1,1,1,1,1,1,1,6,7,4,7,1,0,C5,-0.344105112,0.090184641,-0.131409434,-0.976772542,0.4465883174415447,7,6,-0.571172707,-1.5,4
589,C0555,5,C,5C,Hindu,Enemies,Enemy6,2,52,F,55,4,6,7,4,7,3,7,7,5,6,6,4,8,NA,2,1,1,1,1,1,1,2,3,1,4,1,1,1,4,3,3,3,3,2,1,1,1,1,5,2,F,Muslim,1,2,1,1,1,1,5,1,1,1,1,4,3,3,1,1,1,1,1,1,2,1,2,4,4,4,7,1,0,C5,-0.344105112,0.090184641,-0.131409434,-0.976772542,0.4465883174415447,7,6,-0.571172707,-1.5,4
590,C0557,5,C,5C,Muslim,Enemies,Enemy1,2,38,F,57,3,1,7,7,5,7,7,6,7,5,7,6,NA,4,2,1,1,1,1,1,1,2,4,4,4,4,2,1,4,2,3,5,1,2,4,1,1,1,5,2,F,NA,NA,NA,NA,NA,NA,NA,NA,NA,NA,NA,NA,NA,NA,NA,NA,NA,NA,NA,NA,NA,NA,NA,NA,NA,NA,NA,NA,1,NA,C5,-0.344105112,0.090184641,-0.131409434,-0.976772542,0.4465883174415447,7,1,1.621549634144792,-1.5,2
591,C0557,5,C,5C,Muslim,Enemies,Enemy2,2,47,F,57,3,1,7,7,5,7,7,6,7,5,7,6,NA,4,2,1,1,1,1,1,1,2,4,4,4,4,2,1,4,2,3,5,1,2,4,1,1,1,5,2,F,Hindu,1,1,1,1,2,1,NA,2,4,3,1,4,4,4,1,5,5,1,5,3,3,2,1,3,5,7,4,1,0,C5,-0.344105112,0.090184641,-0.131409434,-0.976772542,0.4465883174415447,7,1,1.621549634144792,-1.5,2
592,C0557,5,C,5C,Muslim,Enemies,Enemy3,2,51,F,57,3,1,7,7,5,7,7,6,7,5,7,6,NA,4,2,1,1,1,1,1,1,2,4,4,4,4,2,1,4,2,3,5,1,2,4,1,1,1,5,2,F,Muslim,1,1,2,1,1,1,2,1,1,2,2,7,2,6,1,1,1,1,1,1,1,1,1,6,7,4,7,1,1,C5,-0.344105112,0.090184641,-0.131409434,-0.976772542,0.4465883174415447,7,1,1.621549634144792,-1.5,2
593,C0557,5,C,5C,Muslim,Enemies,Enemy4,2,52,F,57,3,1,7,7,5,7,7,6,7,5,7,6,NA,4,2,1,1,1,1,1,1,2,4,4,4,4,2,1,4,2,3,5,1,2,4,1,1,1,5,2,F,Muslim,1,2,1,1,1,1,5,1,1,1,1,4,3,3,1,1,1,1,1,1,2,1,2,4,4,4,7,1,1,C5,-0.344105112,0.090184641,-0.131409434,-0.976772542,0.4465883174415447,7,1,1.621549634144792,-1.5,2
594,C0557,5,C,5C,Muslim,Enemies,Enemy5,2,53,F,57,3,1,7,7,5,7,7,6,7,5,7,6,NA,4,2,1,1,1,1,1,1,2,4,4,4,4,2,1,4,2,3,5,1,2,4,1,1,1,5,2,F,Muslim,1,1,1,NA,1,1,2,1,1,1,1,4,4,4,1,1,1,1,1,1,1,5,3,5,5,4,7,1,1,C5,-0.344105112,0.090184641,-0.131409434,-0.976772542,0.4465883174415447,7,1,1.621549634144792,-1.5,2
595,C0557,5,C,5C,Muslim,Enemies,Enemy6,2,56,F,57,3,1,7,7,5,7,7,6,7,5,7,6,NA,4,2,1,1,1,1,1,1,2,4,4,4,4,2,1,4,2,3,5,1,2,4,1,1,1,5,2,F,Muslim,1,2,1,1,1,1,3,2,1,1,1,6,4,5,NA,1,1,1,1,1,1,5,3,1,6,2,7,1,1,C5,-0.344105112,0.090184641,-0.131409434,-0.976772542,0.4465883174415447,7,1,1.621549634144792,-1.5,2
596,C0557,5,C,5C,Muslim,Enemies,Enemy7,2,61,F,57,3,1,7,7,5,7,7,6,7,5,7,6,NA,4,2,1,1,1,1,1,1,2,4,4,4,4,2,1,4,2,3,5,1,2,4,1,1,1,5,2,F,Hindu,3,1,1,1,2,1,1,1,2,3,1,4,2,2,1,1,1,2,1,NA,1,1,1,4,4,7,5,1,0,C5,-0.344105112,0.090184641,-0.131409434,-0.976772542,0.4465883174415447,7,1,1.621549634144792,-1.5,2
597,C0558,5,C,5C,Hindu,Enemies,Enemy1,2,2,F,58,2,2,7,NA,6,NA,4,7,2,NA,5,NA,NA,Hurygen,2,1,3,2,1,2,1,1,4,3,5,2,1,3,4,4,3,NA,2,5,4,2,2,2,2,1,M,Hindu,5,3,1,1,5,1,2,4,3,1,1,2,1,7,3,4,1,5,1,1,1,2,1,1,NA,7,7,0,1,C5,-0.344105112,0.090184641,-0.131409434,-0.976772542,0.4465883174415447,7,2,1.183005165925335,-1.5,NA
598,C0558,5,C,5C,Hindu,Enemies,Enemy2,2,4,F,58,2,2,7,NA,6,NA,4,7,2,NA,5,NA,NA,Hurygen,2,1,3,2,1,2,1,1,4,3,5,2,1,3,4,4,3,NA,2,5,4,2,2,2,2,1,M,Hindu,NA,2,2,1,1,1,1,1,2,2,1,4,5,5,5,1,2,1,1,1,1,5,3,7,4,7,1,0,1,C5,-0.344105112,0.090184641,-0.131409434,-0.976772542,0.4465883174415447,7,2,1.183005165925335,-1.5,NA
599,C0558,5,C,5C,Hindu,Enemies,Enemy3,2,26,F,58,2,2,7,NA,6,NA,4,7,2,NA,5,NA,NA,Hurygen,2,1,3,2,1,2,1,1,4,3,5,2,1,3,4,4,3,NA,2,5,4,2,2,2,2,1,M,Muslim,3,4,2,5,2,4,4,4,4,5,1,4,7,4,5,3,3,1,1,1,5,3,1,7,6,3,6,0,0,C5,-0.344105112,0.090184641,-0.131409434,-0.976772542,0.4465883174415447,7,2,1.183005165925335,-1.5,NA
600,C0558,5,C,5C,Hindu,Enemies,Enemy4,2,31,F,58,2,2,7,NA,6,NA,4,7,2,NA,5,NA,NA,Hurygen,2,1,3,2,1,2,1,1,4,3,5,2,1,3,4,4,3,NA,2,5,4,2,2,2,2,1,M,Muslim,1,1,1,1,1,1,4,1,4,3,1,6,7,3,3,2,2,1,3,1,1,5,1,7,4,4,7,0,0,C5,-0.344105112,0.090184641,-0.131409434,-0.976772542,0.4465883174415447,7,2,1.183005165925335,-1.5,NA
601,C0559,5,C,5C,Hindu,Enemies,Enemy1,2,36,F,59,3,4,6,7,6,4,6,5,5,5,5,5,NA,Hindu,2,2,3,2,1,2,1,1,2,1,2,2,1,1,4,3,3,3,1,1,1,1,1,2,4,5,F,Muslim,1,1,2,1,2,1,3,1,2,3,1,5,6,6,5,2,2,1,1,1,1,3,4,2,7,4,6,1,0,C5,-0.344105112,0.090184641,-0.131409434,-0.976772542,0.4465883174415447,6,4,-0.132628239,-1.5,2
602,C0559,5,C,5C,Hindu,Enemies,Enemy2,2,43,F,59,3,4,6,7,6,4,6,5,5,5,5,5,NA,Hindu,2,2,3,2,1,2,1,1,2,1,2,2,1,1,4,3,3,3,1,1,1,1,1,2,4,5,F,other,1,1,1,1,2,1,1,1,1,2,1,4,4,4,1,1,1,1,1,1,1,1,5,7,7,6,7,1,0,C5,-0.344105112,0.090184641,-0.131409434,-0.976772542,0.4465883174415447,6,4,-0.132628239,-1.5,2
603,C0559,5,C,5C,Hindu,Enemies,Enemy3,2,47,F,59,3,4,6,7,6,4,6,5,5,5,5,5,NA,Hindu,2,2,3,2,1,2,1,1,2,1,2,2,1,1,4,3,3,3,1,1,1,1,1,2,4,5,F,Hindu,1,1,1,1,2,1,NA,2,4,3,1,4,4,4,1,5,5,1,5,3,3,2,1,3,5,7,4,1,1,C5,-0.344105112,0.090184641,-0.131409434,-0.976772542,0.4465883174415447,6,4,-0.132628239,-1.5,2
604,C0559,5,C,5C,Hindu,Enemies,Enemy4,2,52,F,59,3,4,6,7,6,4,6,5,5,5,5,5,NA,Hindu,2,2,3,2,1,2,1,1,2,1,2,2,1,1,4,3,3,3,1,1,1,1,1,2,4,5,F,Muslim,1,2,1,1,1,1,5,1,1,1,1,4,3,3,1,1,1,1,1,1,2,1,2,4,4,4,7,1,0,C5,-0.344105112,0.090184641,-0.131409434,-0.976772542,0.4465883174415447,6,4,-0.132628239,-1.5,2
605,C0559,5,C,5C,Hindu,Enemies,Enemy5,2,54,F,59,3,4,6,7,6,4,6,5,5,5,5,5,NA,Hindu,2,2,3,2,1,2,1,1,2,1,2,2,1,1,4,3,3,3,1,1,1,1,1,2,4,5,F,Hindu,1,2,1,1,1,1,2,1,2,4,1,7,4,4,1,1,1,1,1,1,1,1,1,5,6,6,3,1,1,C5,-0.344105112,0.090184641,-0.131409434,-0.976772542,0.4465883174415447,6,4,-0.132628239,-1.5,2
606,C0559,5,C,5C,Hindu,Enemies,Enemy6,2,58,F,59,3,4,6,7,6,4,6,5,5,5,5,5,NA,Hindu,2,2,3,2,1,2,1,1,2,1,2,2,1,1,4,3,3,3,1,1,1,1,1,2,4,5,F,Hindu,1,3,2,1,2,1,4,3,5,2,3,4,4,3,NA,2,5,4,2,2,2,2,1,2,7,6,NA,1,1,C5,-0.344105112,0.090184641,-0.131409434,-0.976772542,0.4465883174415447,6,4,-0.132628239,-1.5,2
607,C0559,5,C,5C,Hindu,Enemies,Enemy7,2,61,F,59,3,4,6,7,6,4,6,5,5,5,5,5,NA,Hindu,2,2,3,2,1,2,1,1,2,1,2,2,1,1,4,3,3,3,1,1,1,1,1,2,4,5,F,Hindu,3,1,1,1,2,1,1,1,2,3,1,4,2,2,1,1,1,2,1,NA,1,1,1,4,4,7,5,1,1,C5,-0.344105112,0.090184641,-0.131409434,-0.976772542,0.4465883174415447,6,4,-0.132628239,-1.5,2
608,C0560,5,C,5C,Hindu,Enemies,Enemy1,2,3,F,60,5,1,7,1,7,2,NA,7,1,1,5,1,7,NA,2,1,2,1,1,3,1,1,2,1,5,3,1,1,4,4,5,5,1,2,1,5,1,1,5,1,M,Hindu,1,1,1,1,1,1,1,1,4,2,1,4,4,4,1,1,1,1,1,1,1,5,5,7,1,7,2,0,1,C5,-0.344105112,0.090184641,-0.131409434,-0.976772542,0.4465883174415447,7,1,1.621549634144792,-1.5,5
609,C0560,5,C,5C,Hindu,Enemies,Enemy2,2,6,F,60,5,1,7,1,7,2,NA,7,1,1,5,1,7,NA,2,1,2,1,1,3,1,1,2,1,5,3,1,1,4,4,5,5,1,2,1,5,1,1,5,1,M,Hindu,1,1,1,1,1,1,5,4,4,4,1,4,6,2,1,1,2,NA,1,2,1,1,2,7,7,7,3,0,1,C5,-0.344105112,0.090184641,-0.131409434,-0.976772542,0.4465883174415447,7,1,1.621549634144792,-1.5,5
610,C0560,5,C,5C,Hindu,Enemies,Enemy3,2,11,F,60,5,1,7,1,7,2,NA,7,1,1,5,1,7,NA,2,1,2,1,1,3,1,1,2,1,5,3,1,1,4,4,5,5,1,2,1,5,1,1,5,1,M,Hindu,2,3,1,2,1,1,4,1,5,4,1,3,3,3,2,3,5,1,1,1,5,1,1,1,4,7,5,0,1,C5,-0.344105112,0.090184641,-0.131409434,-0.976772542,0.4465883174415447,7,1,1.621549634144792,-1.5,5
611,C0560,5,C,5C,Hindu,Enemies,Enemy4,2,12,F,60,5,1,7,1,7,2,NA,7,1,1,5,1,7,NA,2,1,2,1,1,3,1,1,2,1,5,3,1,1,4,4,5,5,1,2,1,5,1,1,5,1,M,Muslim,3,4,1,4,2,5,3,1,1,1,1,4,4,4,2,3,4,1,5,1,4,3,2,1,NA,4,1,0,0,C5,-0.344105112,0.090184641,-0.131409434,-0.976772542,0.4465883174415447,7,1,1.621549634144792,-1.5,5
612,C0560,5,C,5C,Hindu,Enemies,Enemy5,2,14,F,60,5,1,7,1,7,2,NA,7,1,1,5,1,7,NA,2,1,2,1,1,3,1,1,2,1,5,3,1,1,4,4,5,5,1,2,1,5,1,1,5,1,M,Hindu,1,NA,1,2,3,1,4,1,2,2,1,4,2,2,2,4,4,3,2,2,3,3,2,6,4,7,1,0,1,C5,-0.344105112,0.090184641,-0.131409434,-0.976772542,0.4465883174415447,7,1,1.621549634144792,-1.5,5
613,C0560,5,C,5C,Hindu,Enemies,Enemy6,2,52,F,60,5,1,7,1,7,2,NA,7,1,1,5,1,7,NA,2,1,2,1,1,3,1,1,2,1,5,3,1,1,4,4,5,5,1,2,1,5,1,1,5,1,F,Muslim,1,2,1,1,1,1,5,1,1,1,1,4,3,3,1,1,1,1,1,1,2,1,2,4,4,4,7,1,0,C5,-0.344105112,0.090184641,-0.131409434,-0.976772542,0.4465883174415447,7,1,1.621549634144792,-1.5,5
614,C0561,5,C,5C,Hindu,Enemies,Enemy1,2,4,F,61,4,4,4,4,7,5,4,4,4,4,4,4,1,Brahmin,2,3,1,1,1,2,1,4,1,1,2,3,1,1,4,2,2,1,1,1,2,1,NA,1,1,1,M,Hindu,NA,2,2,1,1,1,1,1,2,2,1,4,5,5,5,1,2,1,1,1,1,5,3,7,4,7,1,0,1,C5,-0.344105112,0.090184641,-0.131409434,-0.976772542,0.4465883174415447,4,4,-1.009717175,-1.5,2
615,C0561,5,C,5C,Hindu,Enemies,Enemy2,2,5,F,61,4,4,4,4,7,5,4,4,4,4,4,4,1,Brahmin,2,3,1,1,1,2,1,4,1,1,2,3,1,1,4,2,2,1,1,1,2,1,NA,1,1,1,M,Hindu,2,2,1,1,2,1,4,1,3,2,1,4,3,3,2,1,2,1,1,1,2,5,4,7,6,NA,NA,0,1,C5,-0.344105112,0.090184641,-0.131409434,-0.976772542,0.4465883174415447,4,4,-1.009717175,-1.5,2
616,C0561,5,C,5C,Hindu,Enemies,Enemy3,2,12,F,61,4,4,4,4,7,5,4,4,4,4,4,4,1,Brahmin,2,3,1,1,1,2,1,4,1,1,2,3,1,1,4,2,2,1,1,1,2,1,NA,1,1,1,M,Muslim,3,4,1,4,2,5,3,1,1,1,1,4,4,4,2,3,4,1,5,1,4,3,2,1,NA,4,1,0,0,C5,-0.344105112,0.090184641,-0.131409434,-0.976772542,0.4465883174415447,4,4,-1.009717175,-1.5,2
617,C0561,5,C,5C,Hindu,Enemies,Enemy4,2,14,F,61,4,4,4,4,7,5,4,4,4,4,4,4,1,Brahmin,2,3,1,1,1,2,1,4,1,1,2,3,1,1,4,2,2,1,1,1,2,1,NA,1,1,1,M,Hindu,1,NA,1,2,3,1,4,1,2,2,1,4,2,2,2,4,4,3,2,2,3,3,2,6,4,7,1,0,1,C5,-0.344105112,0.090184641,-0.131409434,-0.976772542,0.4465883174415447,4,4,-1.009717175,-1.5,2
618,C0561,5,C,5C,Hindu,Enemies,Enemy5,2,15,F,61,4,4,4,4,7,5,4,4,4,4,4,4,1,Brahmin,2,3,1,1,1,2,1,4,1,1,2,3,1,1,4,2,2,1,1,1,2,1,NA,1,1,1,M,Hindu,2,1,1,1,2,1,3,4,1,3,1,2,7,1,2,2,2,2,2,2,2,2,3,7,7,7,5,0,1,C5,-0.344105112,0.090184641,-0.131409434,-0.976772542,0.4465883174415447,4,4,-1.009717175,-1.5,2
619,C0561,5,C,5C,Hindu,Enemies,Enemy6,2,16,F,61,4,4,4,4,7,5,4,4,4,4,4,4,1,Brahmin,2,3,1,1,1,2,1,4,1,1,2,3,1,1,4,2,2,1,1,1,2,1,NA,1,1,1,M,Muslim,4,1,1,1,5,1,4,1,1,1,1,3,2,3,5,NA,1,2,1,1,1,3,5,7,4,1,7,0,0,C5,-0.344105112,0.090184641,-0.131409434,-0.976772542,0.4465883174415447,4,4,-1.009717175,-1.5,2
620,C0561,5,C,5C,Hindu,Enemies,Enemy7,2,26,F,61,4,4,4,4,7,5,4,4,4,4,4,4,1,Brahmin,2,3,1,1,1,2,1,4,1,1,2,3,1,1,4,2,2,1,1,1,2,1,NA,1,1,1,M,Muslim,3,4,2,5,2,4,4,4,4,5,1,4,7,4,5,3,3,1,1,1,5,3,1,7,6,3,6,0,0,C5,-0.344105112,0.090184641,-0.131409434,-0.976772542,0.4465883174415447,4,4,-1.009717175,-1.5,2
621,A0601,6,A,6A,Muslim,Enemies,Enemy1,2,16,M,1,4,7,6,4,4,7,7,6,6,4,7,3,8,NA,1,2,2,1,1,1,2,1,3,2,1,1,2,1,4,4,4,2,1,1,3,1,1,1,4,3,M,Hindu,2,1,1,2,1,1,3,1,4,3,1,4,2,4,4,1,1,1,1,1,1,1,3,7,4,7,3,1,0,A6,-1.776624212,0.5642525786926298,1.327603723709038,-0.504486918,0.3047460222002464,7,6,-0.571172707,-0.5,3
622,A0602,6,A,6A,Muslim,Enemies,Enemy1,2,6,M,2,4,7,4,7,6,7,7,6,6,6,4,6,8,NA,1,1,3,1,1,1,3,2,1,1,1,1,2,1,4,4,4,2,1,2,2,2,1,1,5,4,M,Hindu,2,1,1,2,1,1,3,1,2,2,1,4,1,1,1,3,2,3,2,3,1,2,1,7,6,7,4,1,0,A6,-1.776624212,0.5642525786926298,1.327603723709038,-0.504486918,0.3047460222002464,7,4,0.30591622948642044,-0.5,1
623,A0603,6,A,6A,Muslim,Enemies,Enemy1,2,2,M,3,4,7,4,7,7,3,7,6,4,6,6,5,2,NA,1,2,1,3,1,2,1,4,3,1,2,4,1,2,4,3,3,2,1,2,1,1,1,1,5,3,M,Muslim,1,3,1,1,1,3,1,1,1,1,1,4,4,4,2,1,2,2,2,1,1,5,4,7,4,6,7,1,1,A6,-1.776624212,0.5642525786926298,1.327603723709038,-0.504486918,0.3047460222002464,7,4,0.30591622948642044,-0.5,-4
624,A0603,6,A,6A,Muslim,Enemies,Enemy2,2,8,M,3,4,7,4,7,7,3,7,6,4,6,6,5,2,NA,1,2,1,3,1,2,1,4,3,1,2,4,1,2,4,3,3,2,1,2,1,1,1,1,5,3,M,NA,NA,NA,NA,NA,NA,NA,NA,NA,NA,NA,NA,NA,NA,NA,NA,NA,NA,NA,NA,NA,NA,NA,NA,NA,NA,NA,NA,1,NA,A6,-1.776624212,0.5642525786926298,1.327603723709038,-0.504486918,0.3047460222002464,7,4,0.30591622948642044,-0.5,-4
625,A0603,6,A,6A,Muslim,Enemies,Enemy3,2,9,M,3,4,7,4,7,7,3,7,6,4,6,6,5,2,NA,1,2,1,3,1,2,1,4,3,1,2,4,1,2,4,3,3,2,1,2,1,1,1,1,5,3,M,Hindu,1,1,1,1,2,1,4,4,4,4,1,7,7,7,1,1,1,2,1,1,1,5,2,7,1,6,6,1,0,A6,-1.776624212,0.5642525786926298,1.327603723709038,-0.504486918,0.3047460222002464,7,4,0.30591622948642044,-0.5,-4
626,A0603,6,A,6A,Muslim,Enemies,Enemy4,2,14,M,3,4,7,4,7,7,3,7,6,4,6,6,5,2,NA,1,2,1,3,1,2,1,4,3,1,2,4,1,2,4,3,3,2,1,2,1,1,1,1,5,3,M,Muslim,1,2,1,1,1,1,4,1,1,1,1,4,1,7,1,1,1,2,3,1,1,5,3,7,1,2,7,1,1,A6,-1.776624212,0.5642525786926298,1.327603723709038,-0.504486918,0.3047460222002464,7,4,0.30591622948642044,-0.5,-4
627,A0603,6,A,6A,Muslim,Enemies,Enemy5,2,18,M,3,4,7,4,7,7,3,7,6,4,6,6,5,2,NA,1,2,1,3,1,2,1,4,3,1,2,4,1,2,4,3,3,2,1,2,1,1,1,1,5,3,M,Muslim,1,1,1,1,1,1,3,1,2,1,1,3,2,2,3,1,1,2,1,2,1,2,2,6,4,5,7,1,1,A6,-1.776624212,0.5642525786926298,1.327603723709038,-0.504486918,0.3047460222002464,7,4,0.30591622948642044,-0.5,-4
628,A0603,6,A,6A,Muslim,Enemies,Enemy6,2,22,M,3,4,7,4,7,7,3,7,6,4,6,6,5,2,NA,1,2,1,3,1,2,1,4,3,1,2,4,1,2,4,3,3,2,1,2,1,1,1,1,5,3,M,Muslim,2,3,4,2,1,2,1,1,1,1,1,5,7,7,1,1,1,2,1,1,1,3,5,6,5,5,7,1,1,A6,-1.776624212,0.5642525786926298,1.327603723709038,-0.504486918,0.3047460222002464,7,4,0.30591622948642044,-0.5,-4
629,A0603,6,A,6A,Muslim,Enemies,Enemy7,2,25,M,3,4,7,4,7,7,3,7,6,4,6,6,5,2,NA,1,2,1,3,1,2,1,4,3,1,2,4,1,2,4,3,3,2,1,2,1,1,1,1,5,3,M,Hindu,2,2,2,1,1,2,2,1,1,2,1,4,5,3,1,1,1,2,2,1,1,4,2,6,6,7,5,1,0,A6,-1.776624212,0.5642525786926298,1.327603723709038,-0.504486918,0.3047460222002464,7,4,0.30591622948642044,-0.5,-4
630,A0604,6,A,6A,Hindu,Enemies,Enemy1,2,12,M,4,2,5,4,6,6,3,6,7,4,5,5,4,8,NA,1,3,3,4,1,2,3,1,2,1,3,2,1,1,4,3,3,1,3,1,2,2,3,1,5,4,M,Hindu,1,1,1,1,1,1,3,1,1,1,1,2,2,2,3,5,3,1,1,1,1,5,5,7,4,7,1,1,1,A6,-1.776624212,0.5642525786926298,1.327603723709038,-0.504486918,0.3047460222002464,5,4,-0.571172707,-0.5,3
631,A0604,6,A,6A,Hindu,Enemies,Enemy2,2,26,M,4,2,5,4,6,6,3,6,7,4,5,5,4,8,NA,1,3,3,4,1,2,3,1,2,1,3,2,1,1,4,3,3,1,3,1,2,2,3,1,5,4,M,Hindu,1,1,2,1,4,1,5,1,5,1,1,4,4,4,1,1,1,1,1,1,1,3,3,7,1,6,2,1,1,A6,-1.776624212,0.5642525786926298,1.327603723709038,-0.504486918,0.3047460222002464,5,4,-0.571172707,-0.5,3
632,A0605,6,A,6A,Hindu,Enemies,Enemy1,2,2,M,5,3,6,6,7,7,4,4,6,4,6,6,5,NA,Brahmin,1,4,2,5,1,3,1,1,4,1,5,1,1,1,6,2,2,1,1,1,1,1,1,1,5,5,M,Muslim,1,3,1,1,1,3,1,1,1,1,1,4,4,4,2,1,2,2,2,1,1,5,4,7,4,6,7,1,0,A6,-1.776624212,0.5642525786926298,1.327603723709038,-0.504486918,0.3047460222002464,6,6,-1.009717175,-0.5,3
633,A0605,6,A,6A,Hindu,Enemies,Enemy2,2,6,M,5,3,6,6,7,7,4,4,6,4,6,6,5,NA,Brahmin,1,4,2,5,1,3,1,1,4,1,5,1,1,1,6,2,2,1,1,1,1,1,1,1,5,5,M,Hindu,2,1,1,2,1,1,3,1,2,2,1,4,1,1,1,3,2,3,2,3,1,2,1,7,6,7,4,1,1,A6,-1.776624212,0.5642525786926298,1.327603723709038,-0.504486918,0.3047460222002464,6,6,-1.009717175,-0.5,3
634,A0605,6,A,6A,Hindu,Enemies,Enemy3,2,12,M,5,3,6,6,7,7,4,4,6,4,6,6,5,NA,Brahmin,1,4,2,5,1,3,1,1,4,1,5,1,1,1,6,2,2,1,1,1,1,1,1,1,5,5,M,Hindu,1,1,1,1,1,1,3,1,1,1,1,2,2,2,3,5,3,1,1,1,1,5,5,7,4,7,1,1,1,A6,-1.776624212,0.5642525786926298,1.327603723709038,-0.504486918,0.3047460222002464,6,6,-1.009717175,-0.5,3
635,A0606,6,A,6A,Hindu,Enemies,Enemy1,2,10,M,6,4,7,6,6,7,4,NA,5,4,4,3,5,2,NA,1,2,1,1,2,1,1,1,3,1,2,2,1,1,4,1,1,1,3,2,3,2,3,1,2,1,M,Hindu,3,3,2,1,2,1,4,1,3,2,2,4,3,3,2,1,1,1,1,1,1,5,5,7,1,6,2,1,1,A6,-1.776624212,0.5642525786926298,1.327603723709038,-0.504486918,0.3047460222002464,7,6,-0.571172707,-0.5,3
636,A0606,6,A,6A,Hindu,Enemies,Enemy2,2,12,M,6,4,7,6,6,7,4,NA,5,4,4,3,5,2,NA,1,2,1,1,2,1,1,1,3,1,2,2,1,1,4,1,1,1,3,2,3,2,3,1,2,1,M,Hindu,1,1,1,1,1,1,3,1,1,1,1,2,2,2,3,5,3,1,1,1,1,5,5,7,4,7,1,1,1,A6,-1.776624212,0.5642525786926298,1.327603723709038,-0.504486918,0.3047460222002464,7,6,-0.571172707,-0.5,3
637,A0606,6,A,6A,Hindu,Enemies,Enemy3,2,13,M,6,4,7,6,6,7,4,NA,5,4,4,3,5,2,NA,1,2,1,1,2,1,1,1,3,1,2,2,1,1,4,1,1,1,3,2,3,2,3,1,2,1,M,Hindu,2,2,2,3,2,1,4,2,2,2,2,4,7,7,2,3,3,2,3,1,1,1,3,6,1,6,6,1,1,A6,-1.776624212,0.5642525786926298,1.327603723709038,-0.504486918,0.3047460222002464,7,6,-0.571172707,-0.5,3
638,A0606,6,A,6A,Hindu,Enemies,Enemy4,2,16,M,6,4,7,6,6,7,4,NA,5,4,4,3,5,2,NA,1,2,1,1,2,1,1,1,3,1,2,2,1,1,4,1,1,1,3,2,3,2,3,1,2,1,M,Hindu,2,1,1,2,1,1,3,1,4,3,1,4,2,4,4,1,1,1,1,1,1,1,3,7,4,7,3,1,1,A6,-1.776624212,0.5642525786926298,1.327603723709038,-0.504486918,0.3047460222002464,7,6,-0.571172707,-0.5,3
639,A0606,6,A,6A,Hindu,Enemies,Enemy5,2,18,M,6,4,7,6,6,7,4,NA,5,4,4,3,5,2,NA,1,2,1,1,2,1,1,1,3,1,2,2,1,1,4,1,1,1,3,2,3,2,3,1,2,1,M,Muslim,1,1,1,1,1,1,3,1,2,1,1,3,2,2,3,1,1,2,1,2,1,2,2,6,4,5,7,1,0,A6,-1.776624212,0.5642525786926298,1.327603723709038,-0.504486918,0.3047460222002464,7,6,-0.571172707,-0.5,3
640,A0606,6,A,6A,Hindu,Enemies,Enemy6,2,19,M,6,4,7,6,6,7,4,NA,5,4,4,3,5,2,NA,1,2,1,1,2,1,1,1,3,1,2,2,1,1,4,1,1,1,3,2,3,2,3,1,2,1,M,Muslim,1,1,2,1,1,1,5,1,1,1,1,7,4,4,2,2,3,1,1,3,1,1,5,7,7,7,3,1,0,A6,-1.776624212,0.5642525786926298,1.327603723709038,-0.504486918,0.3047460222002464,7,6,-0.571172707,-0.5,3
641,A0606,6,A,6A,Hindu,Enemies,Enemy7,2,62,M,6,4,7,6,6,7,4,NA,5,4,4,3,5,2,NA,1,2,1,1,2,1,1,1,3,1,2,2,1,1,4,1,1,1,3,2,3,2,3,1,2,1,F,Hindu,1,1,1,1,2,1,2,1,3,3,1,4,3,3,3,1,1,3,1,1,1,2,3,2,6,7,5,0,1,A6,-1.776624212,0.5642525786926298,1.327603723709038,-0.504486918,0.3047460222002464,7,6,-0.571172707,-0.5,3
642,A0607,6,A,6A,Hindu,Enemies,Enemy1,2,2,M,7,5,7,4,6,7,6,6,7,6,6,6,6,2,NA,1,2,1,2,2,1,1,1,4,1,3,2,1,1,4,4,4,1,1,1,1,2,1,1,2,3,M,Muslim,1,3,1,1,1,3,1,1,1,1,1,4,4,4,2,1,2,2,2,1,1,5,4,7,4,6,7,1,0,A6,-1.776624212,0.5642525786926298,1.327603723709038,-0.504486918,0.3047460222002464,7,4,0.30591622948642044,-0.5,1
643,A0607,6,A,6A,Hindu,Enemies,Enemy2,2,16,M,7,5,7,4,6,7,6,6,7,6,6,6,6,2,NA,1,2,1,2,2,1,1,1,4,1,3,2,1,1,4,4,4,1,1,1,1,2,1,1,2,3,M,Hindu,2,1,1,2,1,1,3,1,4,3,1,4,2,4,4,1,1,1,1,1,1,1,3,7,4,7,3,1,1,A6,-1.776624212,0.5642525786926298,1.327603723709038,-0.504486918,0.3047460222002464,7,4,0.30591622948642044,-0.5,1
644,A0607,6,A,6A,Hindu,Enemies,Enemy3,2,18,M,7,5,7,4,6,7,6,6,7,6,6,6,6,2,NA,1,2,1,2,2,1,1,1,4,1,3,2,1,1,4,4,4,1,1,1,1,2,1,1,2,3,M,Muslim,1,1,1,1,1,1,3,1,2,1,1,3,2,2,3,1,1,2,1,2,1,2,2,6,4,5,7,1,0,A6,-1.776624212,0.5642525786926298,1.327603723709038,-0.504486918,0.3047460222002464,7,4,0.30591622948642044,-0.5,1
645,A0607,6,A,6A,Hindu,Enemies,Enemy4,2,20,M,7,5,7,4,6,7,6,6,7,6,6,6,6,2,NA,1,2,1,2,2,1,1,1,4,1,3,2,1,1,4,4,4,1,1,1,1,2,1,1,2,3,M,Jain,1,1,1,1,1,1,1,1,2,1,1,4,2,1,2,1,1,1,1,2,1,5,2,7,3,7,4,1,0,A6,-1.776624212,0.5642525786926298,1.327603723709038,-0.504486918,0.3047460222002464,7,4,0.30591622948642044,-0.5,1
646,A0609,6,A,6A,Hindu,Enemies,Enemy1,2,28,M,9,1,7,1,6,6,6,6,7,6,7,6,1,8,NA,1,1,1,1,1,2,1,4,4,4,4,4,1,1,7,7,7,1,1,1,2,1,1,1,5,2,F,Muslim,1,1,1,1,1,2,3,1,1,3,1,4,1,3,4,1,1,2,1,2,1,2,2,2,7,4,7,0,0,A6,-1.776624212,0.5642525786926298,1.327603723709038,-0.504486918,0.3047460222002464,7,1,1.621549634144792,-0.5,0
647,A0609,6,A,6A,Hindu,Enemies,Enemy2,2,55,M,9,1,7,1,6,6,6,6,7,6,7,6,1,8,NA,1,1,1,1,1,2,1,4,4,4,4,4,1,1,7,7,7,1,1,1,2,1,1,1,5,2,F,Jain,4,2,2,2,3,1,3,1,5,2,2,4,3,3,3,2,3,2,1,1,5,5,2,4,7,7,2,0,0,A6,-1.776624212,0.5642525786926298,1.327603723709038,-0.504486918,0.3047460222002464,7,1,1.621549634144792,-0.5,0
648,A0609,6,A,6A,Hindu,Enemies,Enemy3,2,56,M,9,1,7,1,6,6,6,6,7,6,7,6,1,8,NA,1,1,1,1,1,2,1,4,4,4,4,4,1,1,7,7,7,1,1,1,2,1,1,1,5,2,F,Hindu,2,1,1,1,2,2,2,4,3,1,1,6,2,4,2,3,3,2,2,1,1,3,3,5,7,7,4,0,1,A6,-1.776624212,0.5642525786926298,1.327603723709038,-0.504486918,0.3047460222002464,7,1,1.621549634144792,-0.5,0
649,A0609,6,A,6A,Hindu,Enemies,Enemy4,2,58,M,9,1,7,1,6,6,6,6,7,6,7,6,1,8,NA,1,1,1,1,1,2,1,4,4,4,4,4,1,1,7,7,7,1,1,1,2,1,1,1,5,2,F,Muslim,1,1,1,1,1,1,3,1,1,3,2,4,4,4,3,1,1,2,1,2,1,5,2,4,6,6,7,0,0,A6,-1.776624212,0.5642525786926298,1.327603723709038,-0.504486918,0.3047460222002464,7,1,1.621549634144792,-0.5,0
650,A0610,6,A,6A,Hindu,Enemies,Enemy1,2,2,M,10,1,7,1,7,6,2,7,6,6,5,3,4,7,NA,1,3,3,2,1,2,1,1,4,1,3,2,1,2,4,3,3,2,1,1,1,1,1,1,5,5,M,Muslim,1,3,1,1,1,3,1,1,1,1,1,4,4,4,2,1,2,2,2,1,1,5,4,7,4,6,7,1,0,A6,-1.776624212,0.5642525786926298,1.327603723709038,-0.504486918,0.3047460222002464,7,1,1.621549634144792,-0.5,4
651,A0610,6,A,6A,Hindu,Enemies,Enemy3,2,8,M,10,1,7,1,7,6,2,7,6,6,5,3,4,7,NA,1,3,3,2,1,2,1,1,4,1,3,2,1,2,4,3,3,2,1,1,1,1,1,1,5,5,M,NA,NA,NA,NA,NA,NA,NA,NA,NA,NA,NA,NA,NA,NA,NA,NA,NA,NA,NA,NA,NA,NA,NA,NA,NA,NA,NA,NA,1,NA,A6,-1.776624212,0.5642525786926298,1.327603723709038,-0.504486918,0.3047460222002464,7,1,1.621549634144792,-0.5,4
652,A0610,6,A,6A,Hindu,Enemies,Enemy4,2,22,M,10,1,7,1,7,6,2,7,6,6,5,3,4,7,NA,1,3,3,2,1,2,1,1,4,1,3,2,1,2,4,3,3,2,1,1,1,1,1,1,5,5,M,Muslim,2,3,4,2,1,2,1,1,1,1,1,5,7,7,1,1,1,2,1,1,1,3,5,6,5,5,7,1,0,A6,-1.776624212,0.5642525786926298,1.327603723709038,-0.504486918,0.3047460222002464,7,1,1.621549634144792,-0.5,4
653,A0610,6,A,6A,Hindu,Enemies,Enemy5,2,24,M,10,1,7,1,7,6,2,7,6,6,5,3,4,7,NA,1,3,3,2,1,2,1,1,4,1,3,2,1,2,4,3,3,2,1,1,1,1,1,1,5,5,M,Muslim,3,2,3,1,2,1,4,1,1,1,1,5,7,7,2,1,1,3,1,1,1,1,3,6,5,2,7,1,0,A6,-1.776624212,0.5642525786926298,1.327603723709038,-0.504486918,0.3047460222002464,7,1,1.621549634144792,-0.5,4
654,A0610,6,A,6A,Hindu,Enemies,Enemy6,2,26,M,10,1,7,1,7,6,2,7,6,6,5,3,4,7,NA,1,3,3,2,1,2,1,1,4,1,3,2,1,2,4,3,3,2,1,1,1,1,1,1,5,5,M,Hindu,1,1,2,1,4,1,5,1,5,1,1,4,4,4,1,1,1,1,1,1,1,3,3,7,1,6,2,1,1,A6,-1.776624212,0.5642525786926298,1.327603723709038,-0.504486918,0.3047460222002464,7,1,1.621549634144792,-0.5,4
655,A0611,6,A,6A,Hindu,Enemies,Enemy1,2,1,M,11,1,6,1,7,7,1,6,7,4,5,5,6,8,NA,1,2,2,1,1,1,1,1,4,2,5,4,1,3,7,2,1,4,1,2,3,1,1,1,5,3,M,Muslim,2,2,1,1,1,2,3,2,1,1,1,4,4,4,2,1,1,3,1,1,1,4,3,7,6,4,7,1,0,A6,-1.776624212,0.5642525786926298,1.327603723709038,-0.504486918,0.3047460222002464,6,1,1.183005165925335,-0.5,6
656,A0611,6,A,6A,Hindu,Enemies,Enemy2,2,2,M,11,1,6,1,7,7,1,6,7,4,5,5,6,8,NA,1,2,2,1,1,1,1,1,4,2,5,4,1,3,7,2,1,4,1,2,3,1,1,1,5,3,M,Muslim,1,3,1,1,1,3,1,1,1,1,1,4,4,4,2,1,2,2,2,1,1,5,4,7,4,6,7,1,0,A6,-1.776624212,0.5642525786926298,1.327603723709038,-0.504486918,0.3047460222002464,6,1,1.183005165925335,-0.5,6
657,A0611,6,A,6A,Hindu,Enemies,Enemy3,2,7,M,11,1,6,1,7,7,1,6,7,4,5,5,6,8,NA,1,2,2,1,1,1,1,1,4,2,5,4,1,3,7,2,1,4,1,2,3,1,1,1,5,3,M,Hindu,2,1,2,2,1,1,4,1,3,2,1,4,4,4,1,1,1,1,2,1,1,2,3,7,4,7,6,1,1,A6,-1.776624212,0.5642525786926298,1.327603723709038,-0.504486918,0.3047460222002464,6,1,1.183005165925335,-0.5,6
658,A0611,6,A,6A,Hindu,Enemies,Enemy4,2,14,M,11,1,6,1,7,7,1,6,7,4,5,5,6,8,NA,1,2,2,1,1,1,1,1,4,2,5,4,1,3,7,2,1,4,1,2,3,1,1,1,5,3,M,Muslim,1,2,1,1,1,1,4,1,1,1,1,4,1,7,1,1,1,2,3,1,1,5,3,7,1,2,7,1,0,A6,-1.776624212,0.5642525786926298,1.327603723709038,-0.504486918,0.3047460222002464,6,1,1.183005165925335,-0.5,6
659,A0611,6,A,6A,Hindu,Enemies,Enemy5,2,15,M,11,1,6,1,7,7,1,6,7,4,5,5,6,8,NA,1,2,2,1,1,1,1,1,4,2,5,4,1,3,7,2,1,4,1,2,3,1,1,1,5,3,M,Hindu,1,1,1,1,1,1,1,2,2,3,1,4,4,4,4,1,1,3,2,1,1,5,3,7,1,7,5,1,1,A6,-1.776624212,0.5642525786926298,1.327603723709038,-0.504486918,0.3047460222002464,6,1,1.183005165925335,-0.5,6
660,A0611,6,A,6A,Hindu,Enemies,Enemy6,2,17,M,11,1,6,1,7,7,1,6,7,4,5,5,6,8,NA,1,2,2,1,1,1,1,1,4,2,5,4,1,3,7,2,1,4,1,2,3,1,1,1,5,3,M,Hindu,2,1,1,1,1,1,1,1,4,2,1,4,4,4,1,1,1,1,1,1,1,5,3,7,6,7,7,1,1,A6,-1.776624212,0.5642525786926298,1.327603723709038,-0.504486918,0.3047460222002464,6,1,1.183005165925335,-0.5,6
661,A0611,6,A,6A,Hindu,Enemies,Enemy7,2,18,M,11,1,6,1,7,7,1,6,7,4,5,5,6,8,NA,1,2,2,1,1,1,1,1,4,2,5,4,1,3,7,2,1,4,1,2,3,1,1,1,5,3,M,Muslim,1,1,1,1,1,1,3,1,2,1,1,3,2,2,3,1,1,2,1,2,1,2,2,6,4,5,7,1,0,A6,-1.776624212,0.5642525786926298,1.327603723709038,-0.504486918,0.3047460222002464,6,1,1.183005165925335,-0.5,6
662,A0612,6,A,6A,Hindu,Enemies,Enemy1,2,2,M,12,1,7,4,7,7,1,7,7,4,4,4,4,8,NA,1,1,1,1,1,1,1,1,3,1,1,1,1,1,2,2,2,3,5,3,1,1,1,1,5,5,M,Muslim,1,3,1,1,1,3,1,1,1,1,1,4,4,4,2,1,2,2,2,1,1,5,4,7,4,6,7,1,0,A6,-1.776624212,0.5642525786926298,1.327603723709038,-0.504486918,0.3047460222002464,7,4,0.30591622948642044,-0.5,6
663,A0612,6,A,6A,Hindu,Enemies,Enemy2,2,6,M,12,1,7,4,7,7,1,7,7,4,4,4,4,8,NA,1,1,1,1,1,1,1,1,3,1,1,1,1,1,2,2,2,3,5,3,1,1,1,1,5,5,M,Hindu,2,1,1,2,1,1,3,1,2,2,1,4,1,1,1,3,2,3,2,3,1,2,1,7,6,7,4,1,1,A6,-1.776624212,0.5642525786926298,1.327603723709038,-0.504486918,0.3047460222002464,7,4,0.30591622948642044,-0.5,6
664,A0612,6,A,6A,Hindu,Enemies,Enemy3,2,22,M,12,1,7,4,7,7,1,7,7,4,4,4,4,8,NA,1,1,1,1,1,1,1,1,3,1,1,1,1,1,2,2,2,3,5,3,1,1,1,1,5,5,M,Muslim,2,3,4,2,1,2,1,1,1,1,1,5,7,7,1,1,1,2,1,1,1,3,5,6,5,5,7,1,0,A6,-1.776624212,0.5642525786926298,1.327603723709038,-0.504486918,0.3047460222002464,7,4,0.30591622948642044,-0.5,6
665,A0613,6,A,6A,Hindu,Enemies,Enemy1,2,6,M,13,6,6,1,6,6,6,6,6,6,6,6,6,8,NA,1,2,2,2,3,2,1,4,4,2,2,2,1,2,4,7,7,2,3,3,2,3,1,1,1,3,M,Hindu,2,1,1,2,1,1,3,1,2,2,1,4,1,1,1,3,2,3,2,3,1,2,1,7,6,7,4,1,1,A6,-1.776624212,0.5642525786926298,1.327603723709038,-0.504486918,0.3047460222002464,6,1,1.183005165925335,-0.5,0
666,A0613,6,A,6A,Hindu,Enemies,Enemy2,2,16,M,13,6,6,1,6,6,6,6,6,6,6,6,6,8,NA,1,2,2,2,3,2,1,4,4,2,2,2,1,2,4,7,7,2,3,3,2,3,1,1,1,3,M,Hindu,2,1,1,2,1,1,3,1,4,3,1,4,2,4,4,1,1,1,1,1,1,1,3,7,4,7,3,1,1,A6,-1.776624212,0.5642525786926298,1.327603723709038,-0.504486918,0.3047460222002464,6,1,1.183005165925335,-0.5,0
667,A0613,6,A,6A,Hindu,Enemies,Enemy3,2,20,M,13,6,6,1,6,6,6,6,6,6,6,6,6,8,NA,1,2,2,2,3,2,1,4,4,2,2,2,1,2,4,7,7,2,3,3,2,3,1,1,1,3,M,Jain,1,1,1,1,1,1,1,1,2,1,1,4,2,1,2,1,1,1,1,2,1,5,2,7,3,7,4,1,0,A6,-1.776624212,0.5642525786926298,1.327603723709038,-0.504486918,0.3047460222002464,6,1,1.183005165925335,-0.5,0
668,A0613,6,A,6A,Hindu,Enemies,Enemy4,2,21,M,13,6,6,1,6,6,6,6,6,6,6,6,6,8,NA,1,2,2,2,3,2,1,4,4,2,2,2,1,2,4,7,7,2,3,3,2,3,1,1,1,3,M,Jain,2,2,2,1,1,1,3,NA,2,4,2,4,5,6,2,2,3,1,3,2,1,2,3,7,4,7,1,1,0,A6,-1.776624212,0.5642525786926298,1.327603723709038,-0.504486918,0.3047460222002464,6,1,1.183005165925335,-0.5,0
669,A0613,6,A,6A,Hindu,Enemies,Enemy5,2,26,M,13,6,6,1,6,6,6,6,6,6,6,6,6,8,NA,1,2,2,2,3,2,1,4,4,2,2,2,1,2,4,7,7,2,3,3,2,3,1,1,1,3,M,Hindu,1,1,2,1,4,1,5,1,5,1,1,4,4,4,1,1,1,1,1,1,1,3,3,7,1,6,2,1,1,A6,-1.776624212,0.5642525786926298,1.327603723709038,-0.504486918,0.3047460222002464,6,1,1.183005165925335,-0.5,0
670,A0613,6,A,6A,Hindu,Enemies,Enemy6,2,61,M,13,6,6,1,6,6,6,6,6,6,6,6,6,8,NA,1,2,2,2,3,2,1,4,4,2,2,2,1,2,4,7,7,2,3,3,2,3,1,1,1,3,F,Hindu,1,2,2,1,2,1,3,1,5,5,3,4,4,2,1,1,2,1,1,1,1,3,2,3,7,7,4,0,1,A6,-1.776624212,0.5642525786926298,1.327603723709038,-0.504486918,0.3047460222002464,6,1,1.183005165925335,-0.5,0
671,A0614,6,A,6A,Muslim,Enemies,Enemy1,2,2,M,14,1,7,1,5,2,7,7,7,2,4,4,4,8,NA,1,1,2,1,1,1,1,1,4,1,1,1,2,1,4,1,7,1,1,1,2,3,1,1,5,3,M,Muslim,1,3,1,1,1,3,1,1,1,1,1,4,4,4,2,1,2,2,2,1,1,5,4,7,4,6,7,1,1,A6,-1.776624212,0.5642525786926298,1.327603723709038,-0.504486918,0.3047460222002464,7,1,1.621549634144792,-0.5,5
672,A0614,6,A,6A,Muslim,Enemies,Enemy2,2,6,M,14,1,7,1,5,2,7,7,7,2,4,4,4,8,NA,1,1,2,1,1,1,1,1,4,1,1,1,2,1,4,1,7,1,1,1,2,3,1,1,5,3,M,Hindu,2,1,1,2,1,1,3,1,2,2,1,4,1,1,1,3,2,3,2,3,1,2,1,7,6,7,4,1,0,A6,-1.776624212,0.5642525786926298,1.327603723709038,-0.504486918,0.3047460222002464,7,1,1.621549634144792,-0.5,5
673,A0614,6,A,6A,Muslim,Enemies,Enemy3,2,11,M,14,1,7,1,5,2,7,7,7,2,4,4,4,8,NA,1,1,2,1,1,1,1,1,4,1,1,1,2,1,4,1,7,1,1,1,2,3,1,1,5,3,M,Hindu,2,2,1,1,1,1,4,2,5,4,3,7,2,1,4,1,2,3,1,1,1,5,3,6,1,7,1,1,0,A6,-1.776624212,0.5642525786926298,1.327603723709038,-0.504486918,0.3047460222002464,7,1,1.621549634144792,-0.5,5
674,A0614,6,A,6A,Muslim,Enemies,Enemy4,2,12,M,14,1,7,1,5,2,7,7,7,2,4,4,4,8,NA,1,1,2,1,1,1,1,1,4,1,1,1,2,1,4,1,7,1,1,1,2,3,1,1,5,3,M,Hindu,1,1,1,1,1,1,3,1,1,1,1,2,2,2,3,5,3,1,1,1,1,5,5,7,4,7,1,1,0,A6,-1.776624212,0.5642525786926298,1.327603723709038,-0.504486918,0.3047460222002464,7,1,1.621549634144792,-0.5,5
675,A0614,6,A,6A,Muslim,Enemies,Enemy5,2,17,M,14,1,7,1,5,2,7,7,7,2,4,4,4,8,NA,1,1,2,1,1,1,1,1,4,1,1,1,2,1,4,1,7,1,1,1,2,3,1,1,5,3,M,Hindu,2,1,1,1,1,1,1,1,4,2,1,4,4,4,1,1,1,1,1,1,1,5,3,7,6,7,7,1,0,A6,-1.776624212,0.5642525786926298,1.327603723709038,-0.504486918,0.3047460222002464,7,1,1.621549634144792,-0.5,5
676,A0614,6,A,6A,Muslim,Enemies,Enemy6,2,26,M,14,1,7,1,5,2,7,7,7,2,4,4,4,8,NA,1,1,2,1,1,1,1,1,4,1,1,1,2,1,4,1,7,1,1,1,2,3,1,1,5,3,M,Hindu,1,1,2,1,4,1,5,1,5,1,1,4,4,4,1,1,1,1,1,1,1,3,3,7,1,6,2,1,0,A6,-1.776624212,0.5642525786926298,1.327603723709038,-0.504486918,0.3047460222002464,7,1,1.621549634144792,-0.5,5
677,A0615,6,A,6A,Hindu,Enemies,Enemy1,2,1,M,15,1,7,1,7,7,5,7,7,7,7,4,7,2,NA,1,1,1,1,1,1,1,4,1,2,2,3,1,1,4,4,4,4,1,1,3,2,1,1,5,3,M,Muslim,2,2,1,1,1,2,3,2,1,1,1,4,4,4,2,1,1,3,1,1,1,4,3,7,6,4,7,1,0,A6,-1.776624212,0.5642525786926298,1.327603723709038,-0.504486918,0.3047460222002464,7,1,1.621549634144792,-0.5,2
678,A0615,6,A,6A,Hindu,Enemies,Enemy2,2,6,M,15,1,7,1,7,7,5,7,7,7,7,4,7,2,NA,1,1,1,1,1,1,1,4,1,2,2,3,1,1,4,4,4,4,1,1,3,2,1,1,5,3,M,Hindu,2,1,1,2,1,1,3,1,2,2,1,4,1,1,1,3,2,3,2,3,1,2,1,7,6,7,4,1,1,A6,-1.776624212,0.5642525786926298,1.327603723709038,-0.504486918,0.3047460222002464,7,1,1.621549634144792,-0.5,2
679,A0615,6,A,6A,Hindu,Enemies,Enemy3,2,9,M,15,1,7,1,7,7,5,7,7,7,7,4,7,2,NA,1,1,1,1,1,1,1,4,1,2,2,3,1,1,4,4,4,4,1,1,3,2,1,1,5,3,M,Hindu,1,1,1,1,2,1,4,4,4,4,1,7,7,7,1,1,1,2,1,1,1,5,2,7,1,6,6,1,1,A6,-1.776624212,0.5642525786926298,1.327603723709038,-0.504486918,0.3047460222002464,7,1,1.621549634144792,-0.5,2
680,A0615,6,A,6A,Hindu,Enemies,Enemy4,2,1,M,15,1,7,1,7,7,5,7,7,7,7,4,7,2,NA,1,1,1,1,1,1,1,4,1,2,2,3,1,1,4,4,4,4,1,1,3,2,1,1,5,3,M,Muslim,2,2,1,1,1,2,3,2,1,1,1,4,4,4,2,1,1,3,1,1,1,4,3,7,6,4,7,1,0,A6,-1.776624212,0.5642525786926298,1.327603723709038,-0.504486918,0.3047460222002464,7,1,1.621549634144792,-0.5,2
681,A0616,6,A,6A,Hindu,Enemies,Enemy1,2,1,M,16,4,7,4,7,7,3,7,7,5,5,3,4,8,NA,1,2,1,1,2,1,1,1,3,1,4,3,1,1,4,2,4,4,1,1,1,1,1,1,1,3,M,Muslim,2,2,1,1,1,2,3,2,1,1,1,4,4,4,2,1,1,3,1,1,1,4,3,7,6,4,7,1,0,A6,-1.776624212,0.5642525786926298,1.327603723709038,-0.504486918,0.3047460222002464,7,4,0.30591622948642044,-0.5,4
682,A0616,6,A,6A,Hindu,Enemies,Enemy2,2,8,M,16,4,7,4,7,7,3,7,7,5,5,3,4,8,NA,1,2,1,1,2,1,1,1,3,1,4,3,1,1,4,2,4,4,1,1,1,1,1,1,1,3,M,NA,NA,NA,NA,NA,NA,NA,NA,NA,NA,NA,NA,NA,NA,NA,NA,NA,NA,NA,NA,NA,NA,NA,NA,NA,NA,NA,NA,1,NA,A6,-1.776624212,0.5642525786926298,1.327603723709038,-0.504486918,0.3047460222002464,7,4,0.30591622948642044,-0.5,4
683,A0616,6,A,6A,Hindu,Enemies,Enemy3,2,13,M,16,4,7,4,7,7,3,7,7,5,5,3,4,8,NA,1,2,1,1,2,1,1,1,3,1,4,3,1,1,4,2,4,4,1,1,1,1,1,1,1,3,M,Hindu,2,2,2,3,2,1,4,2,2,2,2,4,7,7,2,3,3,2,3,1,1,1,3,6,1,6,6,1,1,A6,-1.776624212,0.5642525786926298,1.327603723709038,-0.504486918,0.3047460222002464,7,4,0.30591622948642044,-0.5,4
684,A0616,6,A,6A,Hindu,Enemies,Enemy4,2,14,M,16,4,7,4,7,7,3,7,7,5,5,3,4,8,NA,1,2,1,1,2,1,1,1,3,1,4,3,1,1,4,2,4,4,1,1,1,1,1,1,1,3,M,Muslim,1,2,1,1,1,1,4,1,1,1,1,4,1,7,1,1,1,2,3,1,1,5,3,7,1,2,7,1,0,A6,-1.776624212,0.5642525786926298,1.327603723709038,-0.504486918,0.3047460222002464,7,4,0.30591622948642044,-0.5,4
685,A0616,6,A,6A,Hindu,Enemies,Enemy5,2,7,M,16,4,7,4,7,7,3,7,7,5,5,3,4,8,NA,1,2,1,1,2,1,1,1,3,1,4,3,1,1,4,2,4,4,1,1,1,1,1,1,1,3,M,Hindu,2,1,2,2,1,1,4,1,3,2,1,4,4,4,1,1,1,1,2,1,1,2,3,7,4,7,6,1,1,A6,-1.776624212,0.5642525786926298,1.327603723709038,-0.504486918,0.3047460222002464,7,4,0.30591622948642044,-0.5,4
686,A0616,6,A,6A,Hindu,Enemies,Enemy6,2,18,M,16,4,7,4,7,7,3,7,7,5,5,3,4,8,NA,1,2,1,1,2,1,1,1,3,1,4,3,1,1,4,2,4,4,1,1,1,1,1,1,1,3,M,Muslim,1,1,1,1,1,1,3,1,2,1,1,3,2,2,3,1,1,2,1,2,1,2,2,6,4,5,7,1,0,A6,-1.776624212,0.5642525786926298,1.327603723709038,-0.504486918,0.3047460222002464,7,4,0.30591622948642044,-0.5,4
687,A0616,6,A,6A,Hindu,Enemies,Enemy7,2,22,M,16,4,7,4,7,7,3,7,7,5,5,3,4,8,NA,1,2,1,1,2,1,1,1,3,1,4,3,1,1,4,2,4,4,1,1,1,1,1,1,1,3,M,Muslim,2,3,4,2,1,2,1,1,1,1,1,5,7,7,1,1,1,2,1,1,1,3,5,6,5,5,7,1,0,A6,-1.776624212,0.5642525786926298,1.327603723709038,-0.504486918,0.3047460222002464,7,4,0.30591622948642044,-0.5,4
688,A0617,6,A,6A,Hindu,Enemies,Enemy1,2,6,M,17,6,7,6,7,7,7,7,7,7,7,5,6,8,NA,1,2,1,1,1,1,1,1,1,1,4,2,1,1,4,4,4,1,1,1,1,1,1,1,5,3,M,Hindu,2,1,1,2,1,1,3,1,2,2,1,4,1,1,1,3,2,3,2,3,1,2,1,7,6,7,4,1,1,A6,-1.776624212,0.5642525786926298,1.327603723709038,-0.504486918,0.3047460222002464,7,6,-0.571172707,-0.5,0
689,A0618,6,A,6A,Muslim,Enemies,Enemy1,2,6,M,18,4,6,4,6,5,7,7,6,6,6,5,4,8,NA,1,1,1,1,1,1,1,2,3,1,2,1,2,1,3,2,2,3,1,1,2,1,2,1,2,2,M,Hindu,2,1,1,2,1,1,3,1,2,2,1,4,1,1,1,3,2,3,2,3,1,2,1,7,6,7,4,1,0,A6,-1.776624212,0.5642525786926298,1.327603723709038,-0.504486918,0.3047460222002464,6,4,-0.132628239,-0.5,2
690,A0619,6,A,6A,Muslim,Enemies,Enemy1,2,6,M,19,1,7,7,7,7,3,NA,7,7,6,7,7,2,Mharatha,1,1,1,2,1,1,1,4,5,1,1,1,1,1,7,4,4,2,2,3,1,1,3,1,1,5,M,Hindu,2,1,1,2,1,1,3,1,2,2,1,4,1,1,1,3,2,3,2,3,1,2,1,7,6,7,4,1,0,A6,-1.776624212,0.5642525786926298,1.327603723709038,-0.504486918,0.3047460222002464,7,7,-1.009717175,-0.5,-4
691,A0619,6,A,6A,Muslim,Enemies,Enemy2,2,8,M,19,1,7,7,7,7,3,NA,7,7,6,7,7,2,Mharatha,1,1,1,2,1,1,1,4,5,1,1,1,1,1,7,4,4,2,2,3,1,1,3,1,1,5,M,NA,NA,NA,NA,NA,NA,NA,NA,NA,NA,NA,NA,NA,NA,NA,NA,NA,NA,NA,NA,NA,NA,NA,NA,NA,NA,NA,NA,1,NA,A6,-1.776624212,0.5642525786926298,1.327603723709038,-0.504486918,0.3047460222002464,7,7,-1.009717175,-0.5,-4
692,A0619,6,A,6A,Muslim,Enemies,Enemy3,2,9,M,19,1,7,7,7,7,3,NA,7,7,6,7,7,2,Mharatha,1,1,1,2,1,1,1,4,5,1,1,1,1,1,7,4,4,2,2,3,1,1,3,1,1,5,M,Hindu,1,1,1,1,2,1,4,4,4,4,1,7,7,7,1,1,1,2,1,1,1,5,2,7,1,6,6,1,0,A6,-1.776624212,0.5642525786926298,1.327603723709038,-0.504486918,0.3047460222002464,7,7,-1.009717175,-0.5,-4
693,A0619,6,A,6A,Muslim,Enemies,Enemy4,2,22,M,19,1,7,7,7,7,3,NA,7,7,6,7,7,2,Mharatha,1,1,1,2,1,1,1,4,5,1,1,1,1,1,7,4,4,2,2,3,1,1,3,1,1,5,M,Muslim,2,3,4,2,1,2,1,1,1,1,1,5,7,7,1,1,1,2,1,1,1,3,5,6,5,5,7,1,1,A6,-1.776624212,0.5642525786926298,1.327603723709038,-0.504486918,0.3047460222002464,7,7,-1.009717175,-0.5,-4
694,A0619,6,A,6A,Muslim,Enemies,Enemy5,2,40,M,19,1,7,7,7,7,3,NA,7,7,6,7,7,2,Mharatha,1,1,1,2,1,1,1,4,5,1,1,1,1,1,7,4,4,2,2,3,1,1,3,1,1,5,F,Muslim,1,1,2,1,1,1,3,1,1,1,1,4,2,4,3,2,1,1,1,1,1,5,5,1,6,1,7,0,1,A6,-1.776624212,0.5642525786926298,1.327603723709038,-0.504486918,0.3047460222002464,7,7,-1.009717175,-0.5,-4
695,A0619,6,A,6A,Muslim,Enemies,Enemy6,2,56,M,19,1,7,7,7,7,3,NA,7,7,6,7,7,2,Mharatha,1,1,1,2,1,1,1,4,5,1,1,1,1,1,7,4,4,2,2,3,1,1,3,1,1,5,F,Hindu,2,1,1,1,2,2,2,4,3,1,1,6,2,4,2,3,3,2,2,1,1,3,3,5,7,7,4,0,0,A6,-1.776624212,0.5642525786926298,1.327603723709038,-0.504486918,0.3047460222002464,7,7,-1.009717175,-0.5,-4
696,A0619,6,A,6A,Muslim,Enemies,Enemy7,2,58,M,19,1,7,7,7,7,3,NA,7,7,6,7,7,2,Mharatha,1,1,1,2,1,1,1,4,5,1,1,1,1,1,7,4,4,2,2,3,1,1,3,1,1,5,F,Muslim,1,1,1,1,1,1,3,1,1,3,2,4,4,4,3,1,1,2,1,2,1,5,2,4,6,6,7,0,1,A6,-1.776624212,0.5642525786926298,1.327603723709038,-0.504486918,0.3047460222002464,7,7,-1.009717175,-0.5,-4
697,A0620,6,A,6A,Jain,Enemies,Enemy1,2,28,M,20,3,7,3,7,7,4,7,7,4,7,4,4,8,NA,1,1,1,1,1,1,1,2,1,1,2,1,3,1,4,2,1,2,1,1,1,1,2,1,5,2,F,Muslim,1,1,1,1,1,2,3,1,1,3,1,4,1,3,4,1,1,2,1,2,1,2,2,2,7,4,7,0,0,A6,-1.776624212,0.5642525786926298,1.327603723709038,-0.504486918,0.3047460222002464,7,3,0.7444606977058776,-0.5,-3
698,A0620,6,A,6A,Jain,Enemies,Enemy2,2,35,M,20,3,7,3,7,7,4,7,7,4,7,4,4,8,NA,1,1,1,1,1,1,1,2,1,1,2,1,3,1,4,2,1,2,1,1,1,1,2,1,5,2,F,Muslim,1,1,1,1,1,1,NA,1,NA,1,1,4,1,1,1,1,1,3,2,2,1,5,4,1,7,4,7,0,0,A6,-1.776624212,0.5642525786926298,1.327603723709038,-0.504486918,0.3047460222002464,7,3,0.7444606977058776,-0.5,-3
699,A0620,6,A,6A,Jain,Enemies,Enemy3,2,36,M,20,3,7,3,7,7,4,7,7,4,7,4,4,8,NA,1,1,1,1,1,1,1,2,1,1,2,1,3,1,4,2,1,2,1,1,1,1,2,1,5,2,F,Muslim,1,1,3,2,1,2,5,1,1,1,2,5,1,1,1,1,2,3,1,3,2,1,5,2,6,2,6,0,0,A6,-1.776624212,0.5642525786926298,1.327603723709038,-0.504486918,0.3047460222002464,7,3,0.7444606977058776,-0.5,-3
700,A0620,6,A,6A,Jain,Enemies,Enemy4,2,37,M,20,3,7,3,7,7,4,7,7,4,7,4,4,8,NA,1,1,1,1,1,1,1,2,1,1,2,1,3,1,4,2,1,2,1,1,1,1,2,1,5,2,F,Muslim,1,2,2,1,1,2,4,1,1,1,1,4,3,5,1,1,1,2,1,1,1,1,5,4,7,6,6,0,0,A6,-1.776624212,0.5642525786926298,1.327603723709038,-0.504486918,0.3047460222002464,7,3,0.7444606977058776,-0.5,-3
701,A0620,6,A,6A,Jain,Enemies,Enemy5,2,38,M,20,3,7,3,7,7,4,7,7,4,7,4,4,8,NA,1,1,1,1,1,1,1,2,1,1,2,1,3,1,4,2,1,2,1,1,1,1,2,1,5,2,F,Muslim,2,1,3,1,2,1,3,1,2,1,1,4,3,4,5,1,2,2,1,2,1,3,5,1,4,1,7,0,0,A6,-1.776624212,0.5642525786926298,1.327603723709038,-0.504486918,0.3047460222002464,7,3,0.7444606977058776,-0.5,-3
702,A0620,6,A,6A,Jain,Enemies,Enemy6,2,58,M,20,3,7,3,7,7,4,7,7,4,7,4,4,8,NA,1,1,1,1,1,1,1,2,1,1,2,1,3,1,4,2,1,2,1,1,1,1,2,1,5,2,F,Muslim,1,1,1,1,1,1,3,1,1,3,2,4,4,4,3,1,1,2,1,2,1,5,2,4,6,6,7,0,0,A6,-1.776624212,0.5642525786926298,1.327603723709038,-0.504486918,0.3047460222002464,7,3,0.7444606977058776,-0.5,-3
703,A0620,6,A,6A,Jain,Enemies,Enemy7,2,59,M,20,3,7,3,7,7,4,7,7,4,7,4,4,8,NA,1,1,1,1,1,1,1,2,1,1,2,1,3,1,4,2,1,2,1,1,1,1,2,1,5,2,F,Hindu,3,3,2,1,3,2,3,1,5,3,3,4,2,2,2,1,1,3,1,1,2,4,3,4,4,6,4,0,0,A6,-1.776624212,0.5642525786926298,1.327603723709038,-0.504486918,0.3047460222002464,7,3,0.7444606977058776,-0.5,-3
704,A0621,6,A,6A,Jain,Enemies,Enemy1,2,35,M,21,1,7,4,7,7,1,7,6,3,5,4,7,8,NA,1,2,2,2,1,1,1,1,3,NA,2,4,3,2,4,5,6,2,2,3,1,3,2,1,2,3,F,Muslim,1,1,1,1,1,1,NA,1,NA,1,1,4,1,1,1,1,1,3,2,2,1,5,4,1,7,4,7,0,0,A6,-1.776624212,0.5642525786926298,1.327603723709038,-0.504486918,0.3047460222002464,7,4,0.30591622948642044,-0.5,-6
705,A0621,6,A,6A,Jain,Enemies,Enemy2,2,36,M,21,1,7,4,7,7,1,7,6,3,5,4,7,8,NA,1,2,2,2,1,1,1,1,3,NA,2,4,3,2,4,5,6,2,2,3,1,3,2,1,2,3,F,Muslim,1,1,3,2,1,2,5,1,1,1,2,5,1,1,1,1,2,3,1,3,2,1,5,2,6,2,6,0,0,A6,-1.776624212,0.5642525786926298,1.327603723709038,-0.504486918,0.3047460222002464,7,4,0.30591622948642044,-0.5,-6
706,A0621,6,A,6A,Jain,Enemies,Enemy3,2,37,M,21,1,7,4,7,7,1,7,6,3,5,4,7,8,NA,1,2,2,2,1,1,1,1,3,NA,2,4,3,2,4,5,6,2,2,3,1,3,2,1,2,3,F,Muslim,1,2,2,1,1,2,4,1,1,1,1,4,3,5,1,1,1,2,1,1,1,1,5,4,7,6,6,0,0,A6,-1.776624212,0.5642525786926298,1.327603723709038,-0.504486918,0.3047460222002464,7,4,0.30591622948642044,-0.5,-6
707,A0621,6,A,6A,Jain,Enemies,Enemy4,2,38,M,21,1,7,4,7,7,1,7,6,3,5,4,7,8,NA,1,2,2,2,1,1,1,1,3,NA,2,4,3,2,4,5,6,2,2,3,1,3,2,1,2,3,F,Muslim,2,1,3,1,2,1,3,1,2,1,1,4,3,4,5,1,2,2,1,2,1,3,5,1,4,1,7,0,0,A6,-1.776624212,0.5642525786926298,1.327603723709038,-0.504486918,0.3047460222002464,7,4,0.30591622948642044,-0.5,-6
708,A0621,6,A,6A,Jain,Enemies,Enemy5,2,41,M,21,1,7,4,7,7,1,7,6,3,5,4,7,8,NA,1,2,2,2,1,1,1,1,3,NA,2,4,3,2,4,5,6,2,2,3,1,3,2,1,2,3,F,NA,NA,NA,NA,NA,NA,NA,NA,NA,NA,NA,NA,NA,NA,NA,NA,NA,NA,NA,NA,NA,NA,NA,NA,NA,NA,NA,NA,0,NA,A6,-1.776624212,0.5642525786926298,1.327603723709038,-0.504486918,0.3047460222002464,7,4,0.30591622948642044,-0.5,-6
709,A0621,6,A,6A,Jain,Enemies,Enemy6,2,42,M,21,1,7,4,7,7,1,7,6,3,5,4,7,8,NA,1,2,2,2,1,1,1,1,3,NA,2,4,3,2,4,5,6,2,2,3,1,3,2,1,2,3,F,Muslim,1,1,3,3,1,1,4,1,1,2,1,4,4,4,1,1,1,1,1,1,1,5,1,1,7,3,7,0,0,A6,-1.776624212,0.5642525786926298,1.327603723709038,-0.504486918,0.3047460222002464,7,4,0.30591622948642044,-0.5,-6
710,A0621,6,A,6A,Jain,Enemies,Enemy7,2,51,M,21,1,7,4,7,7,1,7,6,3,5,4,7,8,NA,1,2,2,2,1,1,1,1,3,NA,2,4,3,2,4,5,6,2,2,3,1,3,2,1,2,3,F,Muslim,1,3,1,1,1,1,4,1,2,1,2,4,3,3,3,1,3,1,5,1,4,1,5,4,7,4,5,0,0,A6,-1.776624212,0.5642525786926298,1.327603723709038,-0.504486918,0.3047460222002464,7,4,0.30591622948642044,-0.5,-6
711,A0622,6,A,6A,Muslim,Enemies,Enemy1,2,3,M,22,5,6,5,5,5,7,6,6,6,6,6,5,8,NA,1,2,3,4,2,1,2,2,1,1,1,1,2,1,5,7,7,1,1,1,2,1,1,1,3,5,M,Muslim,2,1,3,1,2,1,3,1,2,4,2,4,3,3,2,1,2,1,1,1,1,5,3,7,4,7,3,1,1,A6,-1.776624212,0.5642525786926298,1.327603723709038,-0.504486918,0.3047460222002464,6,5,-0.571172707,-0.5,2
712,A0622,6,A,6A,Muslim,Enemies,Enemy2,2,6,M,22,5,6,5,5,5,7,6,6,6,6,6,5,8,NA,1,2,3,4,2,1,2,2,1,1,1,1,2,1,5,7,7,1,1,1,2,1,1,1,3,5,M,Hindu,2,1,1,2,1,1,3,1,2,2,1,4,1,1,1,3,2,3,2,3,1,2,1,7,6,7,4,1,0,A6,-1.776624212,0.5642525786926298,1.327603723709038,-0.504486918,0.3047460222002464,6,5,-0.571172707,-0.5,2
713,A0622,6,A,6A,Muslim,Enemies,Enemy3,2,10,M,22,5,6,5,5,5,7,6,6,6,6,6,5,8,NA,1,2,3,4,2,1,2,2,1,1,1,1,2,1,5,7,7,1,1,1,2,1,1,1,3,5,M,Hindu,3,3,2,1,2,1,4,1,3,2,2,4,3,3,2,1,1,1,1,1,1,5,5,7,1,6,2,1,0,A6,-1.776624212,0.5642525786926298,1.327603723709038,-0.504486918,0.3047460222002464,6,5,-0.571172707,-0.5,2
714,A0622,6,A,6A,Muslim,Enemies,Enemy4,2,12,M,22,5,6,5,5,5,7,6,6,6,6,6,5,8,NA,1,2,3,4,2,1,2,2,1,1,1,1,2,1,5,7,7,1,1,1,2,1,1,1,3,5,M,Hindu,1,1,1,1,1,1,3,1,1,1,1,2,2,2,3,5,3,1,1,1,1,5,5,7,4,7,1,1,0,A6,-1.776624212,0.5642525786926298,1.327603723709038,-0.504486918,0.3047460222002464,6,5,-0.571172707,-0.5,2
715,A0622,6,A,6A,Muslim,Enemies,Enemy5,2,15,M,22,5,6,5,5,5,7,6,6,6,6,6,5,8,NA,1,2,3,4,2,1,2,2,1,1,1,1,2,1,5,7,7,1,1,1,2,1,1,1,3,5,M,Hindu,1,1,1,1,1,1,1,2,2,3,1,4,4,4,4,1,1,3,2,1,1,5,3,7,1,7,5,1,0,A6,-1.776624212,0.5642525786926298,1.327603723709038,-0.504486918,0.3047460222002464,6,5,-0.571172707,-0.5,2
716,A0622,6,A,6A,Muslim,Enemies,Enemy6,2,16,M,22,5,6,5,5,5,7,6,6,6,6,6,5,8,NA,1,2,3,4,2,1,2,2,1,1,1,1,2,1,5,7,7,1,1,1,2,1,1,1,3,5,M,Hindu,2,1,1,2,1,1,3,1,4,3,1,4,2,4,4,1,1,1,1,1,1,1,3,7,4,7,3,1,0,A6,-1.776624212,0.5642525786926298,1.327603723709038,-0.504486918,0.3047460222002464,6,5,-0.571172707,-0.5,2
717,A0622,6,A,6A,Muslim,Enemies,Enemy7,2,17,M,22,5,6,5,5,5,7,6,6,6,6,6,5,8,NA,1,2,3,4,2,1,2,2,1,1,1,1,2,1,5,7,7,1,1,1,2,1,1,1,3,5,M,Hindu,2,1,1,1,1,1,1,1,4,2,1,4,4,4,1,1,1,1,1,1,1,5,3,7,6,7,7,1,0,A6,-1.776624212,0.5642525786926298,1.327603723709038,-0.504486918,0.3047460222002464,6,5,-0.571172707,-0.5,2
718,A0623,6,A,6A,Jain,Enemies,Enemy1,2,15,M,23,3,7,7,4,6,4,6,5,4,5,3,2,3,NA,1,2,1,3,1,2,1,1,2,1,4,2,3,2,4,5,3,1,2,3,2,1,1,1,5,5,M,Hindu,1,1,1,1,1,1,1,2,2,3,1,4,4,4,4,1,1,3,2,1,1,5,3,7,1,7,5,1,0,A6,-1.776624212,0.5642525786926298,1.327603723709038,-0.504486918,0.3047460222002464,7,7,-1.009717175,-0.5,-2
719,A0623,6,A,6A,Jain,Enemies,Enemy2,2,33,M,23,3,7,7,4,6,4,6,5,4,5,3,2,3,NA,1,2,1,3,1,2,1,1,2,1,4,2,3,2,4,5,3,1,2,3,2,1,1,1,5,5,F,Hindu,2,1,2,1,2,1,1,1,4,2,2,6,4,2,3,2,2,3,1,1,1,5,3,4,7,7,5,0,0,A6,-1.776624212,0.5642525786926298,1.327603723709038,-0.504486918,0.3047460222002464,7,7,-1.009717175,-0.5,-2
720,A0624,6,A,6A,Muslim,Enemies,Enemy1,2,3,M,24,4,6,5,3,2,7,5,4,4,4,6,3,8,NA,1,3,2,3,1,2,1,2,4,1,1,1,2,1,5,7,7,2,1,1,3,1,1,1,1,3,M,Muslim,2,1,3,1,2,1,3,1,2,4,2,4,3,3,2,1,2,1,1,1,1,5,3,7,4,7,3,1,1,A6,-1.776624212,0.5642525786926298,1.327603723709038,-0.504486918,0.3047460222002464,6,5,-0.571172707,-0.5,5
721,A0624,6,A,6A,Muslim,Enemies,Enemy2,2,5,M,24,4,6,5,3,2,7,5,4,4,4,6,3,8,NA,1,3,2,3,1,2,1,2,4,1,1,1,2,1,5,7,7,2,1,1,3,1,1,1,1,3,M,Hindu,4,2,5,1,3,1,4,1,5,1,1,6,2,2,1,1,1,1,1,1,1,5,5,6,6,7,4,1,0,A6,-1.776624212,0.5642525786926298,1.327603723709038,-0.504486918,0.3047460222002464,6,5,-0.571172707,-0.5,5
722,A0624,6,A,6A,Muslim,Enemies,Enemy3,2,9,M,24,4,6,5,3,2,7,5,4,4,4,6,3,8,NA,1,3,2,3,1,2,1,2,4,1,1,1,2,1,5,7,7,2,1,1,3,1,1,1,1,3,M,Hindu,1,1,1,1,2,1,4,4,4,4,1,7,7,7,1,1,1,2,1,1,1,5,2,7,1,6,6,1,0,A6,-1.776624212,0.5642525786926298,1.327603723709038,-0.504486918,0.3047460222002464,6,5,-0.571172707,-0.5,5
723,A0624,6,A,6A,Muslim,Enemies,Enemy4,2,11,M,24,4,6,5,3,2,7,5,4,4,4,6,3,8,NA,1,3,2,3,1,2,1,2,4,1,1,1,2,1,5,7,7,2,1,1,3,1,1,1,1,3,M,Hindu,2,2,1,1,1,1,4,2,5,4,3,7,2,1,4,1,2,3,1,1,1,5,3,6,1,7,1,1,0,A6,-1.776624212,0.5642525786926298,1.327603723709038,-0.504486918,0.3047460222002464,6,5,-0.571172707,-0.5,5
724,A0624,6,A,6A,Muslim,Enemies,Enemy5,2,12,M,24,4,6,5,3,2,7,5,4,4,4,6,3,8,NA,1,3,2,3,1,2,1,2,4,1,1,1,2,1,5,7,7,2,1,1,3,1,1,1,1,3,M,Hindu,1,1,1,1,1,1,3,1,1,1,1,2,2,2,3,5,3,1,1,1,1,5,5,7,4,7,1,1,0,A6,-1.776624212,0.5642525786926298,1.327603723709038,-0.504486918,0.3047460222002464,6,5,-0.571172707,-0.5,5
725,A0624,6,A,6A,Muslim,Enemies,Enemy6,2,15,M,24,4,6,5,3,2,7,5,4,4,4,6,3,8,NA,1,3,2,3,1,2,1,2,4,1,1,1,2,1,5,7,7,2,1,1,3,1,1,1,1,3,M,Hindu,1,1,1,1,1,1,1,2,2,3,1,4,4,4,4,1,1,3,2,1,1,5,3,7,1,7,5,1,0,A6,-1.776624212,0.5642525786926298,1.327603723709038,-0.504486918,0.3047460222002464,6,5,-0.571172707,-0.5,5
726,A0624,6,A,6A,Muslim,Enemies,Enemy7,2,23,M,24,4,6,5,3,2,7,5,4,4,4,6,3,8,NA,1,3,2,3,1,2,1,2,4,1,1,1,2,1,5,7,7,2,1,1,3,1,1,1,1,3,M,Jain,2,1,3,1,2,1,2,1,4,2,2,4,5,3,1,2,3,2,1,1,1,5,5,7,7,6,4,1,0,A6,-1.776624212,0.5642525786926298,1.327603723709038,-0.504486918,0.3047460222002464,6,5,-0.571172707,-0.5,5
727,A0625,6,A,6A,Hindu,Enemies,Enemy1,2,2,M,25,3,6,6,7,7,5,6,7,5,6,7,2,8,NA,1,2,2,2,1,1,2,2,2,1,1,2,1,1,4,5,3,1,1,1,2,2,1,1,4,2,M,Muslim,1,3,1,1,1,3,1,1,1,1,1,4,4,4,2,1,2,2,2,1,1,5,4,7,4,6,7,1,0,A6,-1.776624212,0.5642525786926298,1.327603723709038,-0.504486918,0.3047460222002464,6,6,-1.009717175,-0.5,2
728,A0625,6,A,6A,Hindu,Enemies,Enemy2,2,6,M,25,3,6,6,7,7,5,6,7,5,6,7,2,8,NA,1,2,2,2,1,1,2,2,2,1,1,2,1,1,4,5,3,1,1,1,2,2,1,1,4,2,M,Hindu,2,1,1,2,1,1,3,1,2,2,1,4,1,1,1,3,2,3,2,3,1,2,1,7,6,7,4,1,1,A6,-1.776624212,0.5642525786926298,1.327603723709038,-0.504486918,0.3047460222002464,6,6,-1.009717175,-0.5,2
729,A0625,6,A,6A,Hindu,Enemies,Enemy3,2,8,M,25,3,6,6,7,7,5,6,7,5,6,7,2,8,NA,1,2,2,2,1,1,2,2,2,1,1,2,1,1,4,5,3,1,1,1,2,2,1,1,4,2,M,NA,NA,NA,NA,NA,NA,NA,NA,NA,NA,NA,NA,NA,NA,NA,NA,NA,NA,NA,NA,NA,NA,NA,NA,NA,NA,NA,NA,1,NA,A6,-1.776624212,0.5642525786926298,1.327603723709038,-0.504486918,0.3047460222002464,6,6,-1.009717175,-0.5,2
730,A0625,6,A,6A,Hindu,Enemies,Enemy4,2,16,M,25,3,6,6,7,7,5,6,7,5,6,7,2,8,NA,1,2,2,2,1,1,2,2,2,1,1,2,1,1,4,5,3,1,1,1,2,2,1,1,4,2,M,Hindu,2,1,1,2,1,1,3,1,4,3,1,4,2,4,4,1,1,1,1,1,1,1,3,7,4,7,3,1,1,A6,-1.776624212,0.5642525786926298,1.327603723709038,-0.504486918,0.3047460222002464,6,6,-1.009717175,-0.5,2
731,A0625,6,A,6A,Hindu,Enemies,Enemy5,2,17,M,25,3,6,6,7,7,5,6,7,5,6,7,2,8,NA,1,2,2,2,1,1,2,2,2,1,1,2,1,1,4,5,3,1,1,1,2,2,1,1,4,2,M,Hindu,2,1,1,1,1,1,1,1,4,2,1,4,4,4,1,1,1,1,1,1,1,5,3,7,6,7,7,1,1,A6,-1.776624212,0.5642525786926298,1.327603723709038,-0.504486918,0.3047460222002464,6,6,-1.009717175,-0.5,2
732,A0625,6,A,6A,Hindu,Enemies,Enemy6,2,21,M,25,3,6,6,7,7,5,6,7,5,6,7,2,8,NA,1,2,2,2,1,1,2,2,2,1,1,2,1,1,4,5,3,1,1,1,2,2,1,1,4,2,M,Jain,2,2,2,1,1,1,3,NA,2,4,2,4,5,6,2,2,3,1,3,2,1,2,3,7,4,7,1,1,0,A6,-1.776624212,0.5642525786926298,1.327603723709038,-0.504486918,0.3047460222002464,6,6,-1.009717175,-0.5,2
733,A0625,6,A,6A,Hindu,Enemies,Enemy7,2,26,M,25,3,6,6,7,7,5,6,7,5,6,7,2,8,NA,1,2,2,2,1,1,2,2,2,1,1,2,1,1,4,5,3,1,1,1,2,2,1,1,4,2,M,Hindu,1,1,2,1,4,1,5,1,5,1,1,4,4,4,1,1,1,1,1,1,1,3,3,7,1,6,2,1,1,A6,-1.776624212,0.5642525786926298,1.327603723709038,-0.504486918,0.3047460222002464,6,6,-1.009717175,-0.5,2
734,A0626,6,A,6A,Hindu,Enemies,Enemy1,2,2,M,26,1,7,1,7,6,2,7,7,2,4,5,2,1,NA,1,1,1,2,1,4,1,1,5,1,5,1,1,1,4,4,4,1,1,1,1,1,1,1,3,3,M,Muslim,1,3,1,1,1,3,1,1,1,1,1,4,4,4,2,1,2,2,2,1,1,5,4,7,4,6,7,1,0,A6,-1.776624212,0.5642525786926298,1.327603723709038,-0.504486918,0.3047460222002464,7,1,1.621549634144792,-0.5,4
735,A0626,6,A,6A,Hindu,Enemies,Enemy2,2,8,M,26,1,7,1,7,6,2,7,7,2,4,5,2,1,NA,1,1,1,2,1,4,1,1,5,1,5,1,1,1,4,4,4,1,1,1,1,1,1,1,3,3,M,NA,NA,NA,NA,NA,NA,NA,NA,NA,NA,NA,NA,NA,NA,NA,NA,NA,NA,NA,NA,NA,NA,NA,NA,NA,NA,NA,NA,1,NA,A6,-1.776624212,0.5642525786926298,1.327603723709038,-0.504486918,0.3047460222002464,7,1,1.621549634144792,-0.5,4
736,A0626,6,A,6A,Hindu,Enemies,Enemy3,2,10,M,26,1,7,1,7,6,2,7,7,2,4,5,2,1,NA,1,1,1,2,1,4,1,1,5,1,5,1,1,1,4,4,4,1,1,1,1,1,1,1,3,3,M,Hindu,3,3,2,1,2,1,4,1,3,2,2,4,3,3,2,1,1,1,1,1,1,5,5,7,1,6,2,1,1,A6,-1.776624212,0.5642525786926298,1.327603723709038,-0.504486918,0.3047460222002464,7,1,1.621549634144792,-0.5,4
737,A0626,6,A,6A,Hindu,Enemies,Enemy4,2,11,M,26,1,7,1,7,6,2,7,7,2,4,5,2,1,NA,1,1,1,2,1,4,1,1,5,1,5,1,1,1,4,4,4,1,1,1,1,1,1,1,3,3,M,Hindu,2,2,1,1,1,1,4,2,5,4,3,7,2,1,4,1,2,3,1,1,1,5,3,6,1,7,1,1,1,A6,-1.776624212,0.5642525786926298,1.327603723709038,-0.504486918,0.3047460222002464,7,1,1.621549634144792,-0.5,4
738,A0626,6,A,6A,Hindu,Enemies,Enemy5,2,13,M,26,1,7,1,7,6,2,7,7,2,4,5,2,1,NA,1,1,1,2,1,4,1,1,5,1,5,1,1,1,4,4,4,1,1,1,1,1,1,1,3,3,M,Hindu,2,2,2,3,2,1,4,2,2,2,2,4,7,7,2,3,3,2,3,1,1,1,3,6,1,6,6,1,1,A6,-1.776624212,0.5642525786926298,1.327603723709038,-0.504486918,0.3047460222002464,7,1,1.621549634144792,-0.5,4
739,A0626,6,A,6A,Hindu,Enemies,Enemy6,2,14,M,26,1,7,1,7,6,2,7,7,2,4,5,2,1,NA,1,1,1,2,1,4,1,1,5,1,5,1,1,1,4,4,4,1,1,1,1,1,1,1,3,3,M,Muslim,1,2,1,1,1,1,4,1,1,1,1,4,1,7,1,1,1,2,3,1,1,5,3,7,1,2,7,1,0,A6,-1.776624212,0.5642525786926298,1.327603723709038,-0.504486918,0.3047460222002464,7,1,1.621549634144792,-0.5,4
740,A0626,6,A,6A,Hindu,Enemies,Enemy7,2,15,M,26,1,7,1,7,6,2,7,7,2,4,5,2,1,NA,1,1,1,2,1,4,1,1,5,1,5,1,1,1,4,4,4,1,1,1,1,1,1,1,3,3,M,Hindu,1,1,1,1,1,1,1,2,2,3,1,4,4,4,4,1,1,3,2,1,1,5,3,7,1,7,5,1,1,A6,-1.776624212,0.5642525786926298,1.327603723709038,-0.504486918,0.3047460222002464,7,1,1.621549634144792,-0.5,4
741,A0626,6,A,6A,Hindu,Enemies,Enemy8,2,18,M,26,1,7,1,7,6,2,7,7,2,4,5,2,1,NA,1,1,1,2,1,4,1,1,5,1,5,1,1,1,4,4,4,1,1,1,1,1,1,1,3,3,M,Muslim,1,1,1,1,1,1,3,1,2,1,1,3,2,2,3,1,1,2,1,2,1,2,2,6,4,5,7,1,0,A6,-1.776624212,0.5642525786926298,1.327603723709038,-0.504486918,0.3047460222002464,7,1,1.621549634144792,-0.5,4
742,A0626,6,A,6A,Hindu,Enemies,Enemy9,2,20,M,26,1,7,1,7,6,2,7,7,2,4,5,2,1,NA,1,1,1,2,1,4,1,1,5,1,5,1,1,1,4,4,4,1,1,1,1,1,1,1,3,3,M,Jain,1,1,1,1,1,1,1,1,2,1,1,4,2,1,2,1,1,1,1,2,1,5,2,7,3,7,4,1,0,A6,-1.776624212,0.5642525786926298,1.327603723709038,-0.504486918,0.3047460222002464,7,1,1.621549634144792,-0.5,4
743,A0626,6,A,6A,Hindu,Enemies,Enemy10,2,22,M,26,1,7,1,7,6,2,7,7,2,4,5,2,1,NA,1,1,1,2,1,4,1,1,5,1,5,1,1,1,4,4,4,1,1,1,1,1,1,1,3,3,M,Muslim,2,3,4,2,1,2,1,1,1,1,1,5,7,7,1,1,1,2,1,1,1,3,5,6,5,5,7,1,0,A6,-1.776624212,0.5642525786926298,1.327603723709038,-0.504486918,0.3047460222002464,7,1,1.621549634144792,-0.5,4
744,A0626,6,A,6A,Hindu,Enemies,Enemy11,2,23,M,26,1,7,1,7,6,2,7,7,2,4,5,2,1,NA,1,1,1,2,1,4,1,1,5,1,5,1,1,1,4,4,4,1,1,1,1,1,1,1,3,3,M,Jain,2,1,3,1,2,1,2,1,4,2,2,4,5,3,1,2,3,2,1,1,1,5,5,7,7,6,4,1,0,A6,-1.776624212,0.5642525786926298,1.327603723709038,-0.504486918,0.3047460222002464,7,1,1.621549634144792,-0.5,4
745,A0626,6,A,6A,Hindu,Enemies,Enemy12,2,24,M,26,1,7,1,7,6,2,7,7,2,4,5,2,1,NA,1,1,1,2,1,4,1,1,5,1,5,1,1,1,4,4,4,1,1,1,1,1,1,1,3,3,M,Muslim,3,2,3,1,2,1,4,1,1,1,1,5,7,7,2,1,1,3,1,1,1,1,3,6,5,2,7,1,0,A6,-1.776624212,0.5642525786926298,1.327603723709038,-0.504486918,0.3047460222002464,7,1,1.621549634144792,-0.5,4
746,A0626,6,A,6A,Hindu,Enemies,Enemy13,2,25,M,26,1,7,1,7,6,2,7,7,2,4,5,2,1,NA,1,1,1,2,1,4,1,1,5,1,5,1,1,1,4,4,4,1,1,1,1,1,1,1,3,3,M,Hindu,2,2,2,1,1,2,2,1,1,2,1,4,5,3,1,1,1,2,2,1,1,4,2,6,6,7,5,1,1,A6,-1.776624212,0.5642525786926298,1.327603723709038,-0.504486918,0.3047460222002464,7,1,1.621549634144792,-0.5,4
747,A0626,6,A,6A,Hindu,Enemies,Enemy14,2,28,M,26,1,7,1,7,6,2,7,7,2,4,5,2,1,NA,1,1,1,2,1,4,1,1,5,1,5,1,1,1,4,4,4,1,1,1,1,1,1,1,3,3,F,Muslim,1,1,1,1,1,2,3,1,1,3,1,4,1,3,4,1,1,2,1,2,1,2,2,2,7,4,7,0,0,A6,-1.776624212,0.5642525786926298,1.327603723709038,-0.504486918,0.3047460222002464,7,1,1.621549634144792,-0.5,4
748,A0627,6,A,6A,Hindu,Enemies,Enemy1,2,62,F,27,4,3,6,7,6,4,6,6,6,4,7,3,8,NA,2,3,4,2,1,3,1,1,2,2,5,3,1,2,4,2,1,1,1,1,1,1,1,1,5,5,F,Hindu,1,1,1,1,2,1,2,1,3,3,1,4,3,3,3,1,1,3,1,1,1,2,3,2,6,7,5,1,1,A6,-1.776624212,0.5642525786926298,1.327603723709038,-0.504486918,0.3047460222002464,6,3,0.30591622948642044,-0.5,2
749,A0628,6,A,6A,Muslim,Enemies,Enemy1,2,6,F,28,4,2,7,6,4,7,7,7,4,5,4,4,6,NA,2,1,1,1,1,1,2,2,3,1,1,3,2,1,4,1,3,4,1,1,2,1,2,1,2,2,M,Hindu,2,1,1,2,1,1,3,1,2,2,1,4,1,1,1,3,2,3,2,3,1,2,1,7,6,7,4,0,0,A6,-1.776624212,0.5642525786926298,1.327603723709038,-0.504486918,0.3047460222002464,7,2,1.183005165925335,-0.5,3
750,A0628,6,A,6A,Muslim,Enemies,Enemy2,2,64,F,28,4,2,7,6,4,7,7,7,4,5,4,4,6,NA,2,1,1,1,1,1,2,2,3,1,1,3,2,1,4,1,3,4,1,1,2,1,2,1,2,2,F,Hindu,2,3,4,1,1,2,3,1,3,2,2,5,4,4,2,2,2,2,3,1,1,2,3,3,7,5,4,1,0,A6,-1.776624212,0.5642525786926298,1.327603723709038,-0.504486918,0.3047460222002464,7,2,1.183005165925335,-0.5,3
751,A0629,6,A,6A,Hindu,Enemies,Enemy1,2,34,F,29,2,4,7,7,7,1,NA,6,7,4,4,2,8,NA,2,1,1,2,1,1,2,1,1,3,5,4,1,1,4,1,1,4,3,2,3,1,1,3,5,2,F,NA,NA,NA,NA,NA,NA,NA,NA,NA,NA,NA,NA,NA,NA,NA,NA,NA,NA,NA,NA,NA,NA,NA,NA,NA,NA,NA,NA,1,NA,A6,-1.776624212,0.5642525786926298,1.327603723709038,-0.504486918,0.3047460222002464,7,4,0.30591622948642044,-0.5,6
752,A0629,6,A,6A,Hindu,Enemies,Enemy2,2,35,F,29,2,4,7,7,7,1,NA,6,7,4,4,2,8,NA,2,1,1,2,1,1,2,1,1,3,5,4,1,1,4,1,1,4,3,2,3,1,1,3,5,2,F,Muslim,1,1,1,1,1,1,NA,1,NA,1,1,4,1,1,1,1,1,3,2,2,1,5,4,1,7,4,7,1,0,A6,-1.776624212,0.5642525786926298,1.327603723709038,-0.504486918,0.3047460222002464,7,4,0.30591622948642044,-0.5,6
753,A0629,6,A,6A,Hindu,Enemies,Enemy3,2,44,F,29,2,4,7,7,7,1,NA,6,7,4,4,2,8,NA,2,1,1,2,1,1,2,1,1,3,5,4,1,1,4,1,1,4,3,2,3,1,1,3,5,2,F,Hindu,1,1,4,1,1,1,3,1,4,2,1,4,4,3,5,1,1,1,1,1,1,1,5,1,7,7,7,1,1,A6,-1.776624212,0.5642525786926298,1.327603723709038,-0.504486918,0.3047460222002464,7,4,0.30591622948642044,-0.5,6
754,A0629,6,A,6A,Hindu,Enemies,Enemy4,2,45,F,29,2,4,7,7,7,1,NA,6,7,4,4,2,8,NA,2,1,1,2,1,1,2,1,1,3,5,4,1,1,4,1,1,4,3,2,3,1,1,3,5,2,F,Hindu,1,2,1,1,1,1,3,4,2,3,1,4,3,3,2,2,1,2,1,2,1,2,2,4,7,7,5,1,1,A6,-1.776624212,0.5642525786926298,1.327603723709038,-0.504486918,0.3047460222002464,7,4,0.30591622948642044,-0.5,6
755,A0629,6,A,6A,Hindu,Enemies,Enemy5,2,57,F,29,2,4,7,7,7,1,NA,6,7,4,4,2,8,NA,2,1,1,2,1,1,2,1,1,3,5,4,1,1,4,1,1,4,3,2,3,1,1,3,5,2,F,Jain,1,1,1,1,2,1,4,4,5,2,1,4,2,1,2,1,2,1,3,2,1,5,5,5,7,7,5,1,0,A6,-1.776624212,0.5642525786926298,1.327603723709038,-0.504486918,0.3047460222002464,7,4,0.30591622948642044,-0.5,6
756,A0629,6,A,6A,Hindu,Enemies,Enemy6,2,62,F,29,2,4,7,7,7,1,NA,6,7,4,4,2,8,NA,2,1,1,2,1,1,2,1,1,3,5,4,1,1,4,1,1,4,3,2,3,1,1,3,5,2,F,Hindu,1,1,1,1,2,1,2,1,3,3,1,4,3,3,3,1,1,3,1,1,1,2,3,2,6,7,5,1,1,A6,-1.776624212,0.5642525786926298,1.327603723709038,-0.504486918,0.3047460222002464,7,4,0.30591622948642044,-0.5,6
757,A0629,6,A,6A,Hindu,Enemies,Enemy7,2,63,F,29,2,4,7,7,7,1,NA,6,7,4,4,2,8,NA,2,1,1,2,1,1,2,1,1,3,5,4,1,1,4,1,1,4,3,2,3,1,1,3,5,2,F,NA,NA,NA,NA,NA,NA,NA,NA,NA,NA,NA,NA,NA,NA,NA,NA,NA,NA,NA,NA,NA,NA,NA,NA,NA,NA,NA,NA,1,NA,A6,-1.776624212,0.5642525786926298,1.327603723709038,-0.504486918,0.3047460222002464,7,4,0.30591622948642044,-0.5,6
758,A0631,6,A,6A,Hindu,Enemies,Enemy1,2,46,F,31,2,1,7,7,7,4,7,6,4,4,4,2,2,NA,2,2,1,3,1,2,1,1,4,1,4,2,1,2,4,3,NA,3,1,1,1,1,2,1,5,3,F,Hindu,1,3,1,1,2,2,3,1,4,2,1,4,2,2,3,2,2,2,1,1,2,5,2,3,7,6,2,1,1,A6,-1.776624212,0.5642525786926298,1.327603723709038,-0.504486918,0.3047460222002464,7,1,1.621549634144792,-0.5,3
759,A0633,6,A,6A,Hindu,Enemies,Enemy1,2,51,F,33,4,4,7,6,7,5,6,6,6,6,5,5,8,NA,2,2,1,2,1,2,1,1,1,1,4,2,1,2,6,4,2,3,2,2,3,1,1,1,5,3,F,Muslim,1,3,1,1,1,1,4,1,2,1,2,4,3,3,3,1,3,1,5,1,4,1,5,4,7,4,5,1,0,A6,-1.776624212,0.5642525786926298,1.327603723709038,-0.504486918,0.3047460222002464,7,4,0.30591622948642044,-0.5,2
760,A0635,6,A,6A,Muslim,Enemies,Enemy1,2,29,F,35,4,1,7,7,4,7,7,7,4,5,7,7,8,NA,2,1,1,1,1,1,1,1,NA,1,NA,1,2,1,4,1,1,1,1,1,3,2,2,1,5,4,F,Hindu,1,1,2,1,1,2,1,3,5,4,1,4,1,1,4,3,2,3,1,1,3,5,2,4,7,7,1,1,0,A6,-1.776624212,0.5642525786926298,1.327603723709038,-0.504486918,0.3047460222002464,7,1,1.621549634144792,-0.5,3
761,A0635,6,A,6A,Muslim,Enemies,Enemy2,2,32,F,35,4,1,7,7,4,7,7,7,4,5,7,7,8,NA,2,1,1,1,1,1,1,1,NA,1,NA,1,2,1,4,1,1,1,1,1,3,2,2,1,5,4,F,NA,NA,NA,NA,NA,NA,NA,NA,NA,NA,NA,NA,NA,NA,NA,NA,NA,NA,NA,NA,NA,NA,NA,NA,NA,NA,NA,NA,1,NA,A6,-1.776624212,0.5642525786926298,1.327603723709038,-0.504486918,0.3047460222002464,7,1,1.621549634144792,-0.5,3
762,A0635,6,A,6A,Muslim,Enemies,Enemy3,2,40,F,35,4,1,7,7,4,7,7,7,4,5,7,7,8,NA,2,1,1,1,1,1,1,1,NA,1,NA,1,2,1,4,1,1,1,1,1,3,2,2,1,5,4,F,Muslim,1,1,2,1,1,1,3,1,1,1,1,4,2,4,3,2,1,1,1,1,1,5,5,1,6,1,7,1,1,A6,-1.776624212,0.5642525786926298,1.327603723709038,-0.504486918,0.3047460222002464,7,1,1.621549634144792,-0.5,3
763,A0635,6,A,6A,Muslim,Enemies,Enemy4,2,46,F,35,4,1,7,7,4,7,7,7,4,5,7,7,8,NA,2,1,1,1,1,1,1,1,NA,1,NA,1,2,1,4,1,1,1,1,1,3,2,2,1,5,4,F,Hindu,1,3,1,1,2,2,3,1,4,2,1,4,2,2,3,2,2,2,1,1,2,5,2,3,7,6,2,1,0,A6,-1.776624212,0.5642525786926298,1.327603723709038,-0.504486918,0.3047460222002464,7,1,1.621549634144792,-0.5,3
764,A0635,6,A,6A,Muslim,Enemies,Enemy5,2,59,F,35,4,1,7,7,4,7,7,7,4,5,7,7,8,NA,2,1,1,1,1,1,1,1,NA,1,NA,1,2,1,4,1,1,1,1,1,3,2,2,1,5,4,F,Hindu,3,3,2,1,3,2,3,1,5,3,3,4,2,2,2,1,1,3,1,1,2,4,3,4,4,6,4,1,0,A6,-1.776624212,0.5642525786926298,1.327603723709038,-0.504486918,0.3047460222002464,7,1,1.621549634144792,-0.5,3
765,A0635,6,A,6A,Muslim,Enemies,Enemy6,2,1,F,35,4,1,7,7,4,7,7,7,4,5,7,7,8,NA,2,1,1,1,1,1,1,1,NA,1,NA,1,2,1,4,1,1,1,1,1,3,2,2,1,5,4,M,Muslim,2,2,1,1,1,2,3,2,1,1,1,4,4,4,2,1,1,3,1,1,1,4,3,7,6,4,7,0,1,A6,-1.776624212,0.5642525786926298,1.327603723709038,-0.504486918,0.3047460222002464,7,1,1.621549634144792,-0.5,3
766,A0635,6,A,6A,Muslim,Enemies,Enemy7,2,62,F,35,4,1,7,7,4,7,7,7,4,5,7,7,8,NA,2,1,1,1,1,1,1,1,NA,1,NA,1,2,1,4,1,1,1,1,1,3,2,2,1,5,4,F,Hindu,1,1,1,1,2,1,2,1,3,3,1,4,3,3,3,1,1,3,1,1,1,2,3,2,6,7,5,1,0,A6,-1.776624212,0.5642525786926298,1.327603723709038,-0.504486918,0.3047460222002464,7,1,1.621549634144792,-0.5,3
767,A0636,6,A,6A,Muslim,Enemies,Enemy1,2,35,F,36,2,2,6,4,2,6,7,5,1,6,4,2,7,NA,2,1,1,3,2,1,2,4,5,1,1,1,2,2,5,1,1,1,1,2,3,1,3,2,1,5,F,Muslim,1,1,1,1,1,1,NA,1,NA,1,1,4,1,1,1,1,1,3,2,2,1,5,4,1,7,4,7,1,1,A6,-1.776624212,0.5642525786926298,1.327603723709038,-0.504486918,0.3047460222002464,6,2,0.7444606977058776,-0.5,4
768,A0637,6,A,6A,Muslim,Enemies,Enemy1,2,36,F,37,3,4,7,7,6,6,7,7,5,6,6,6,8,NA,2,1,2,2,1,1,2,1,4,1,1,1,2,1,4,3,5,1,1,1,2,1,1,1,1,5,F,Muslim,1,1,3,2,1,2,5,1,1,1,2,5,1,1,1,1,2,3,1,3,2,1,5,2,6,2,6,1,1,A6,-1.776624212,0.5642525786926298,1.327603723709038,-0.504486918,0.3047460222002464,7,4,0.30591622948642044,-0.5,0
769,A0638,6,A,6A,Muslim,Enemies,Enemy1,2,6,F,38,1,1,4,4,1,7,7,7,1,1,4,4,NA,NA,2,2,1,3,1,2,1,2,3,1,2,1,2,1,4,3,4,5,1,2,2,1,2,1,3,5,M,Hindu,2,1,1,2,1,1,3,1,2,2,1,4,1,1,1,3,2,3,2,3,1,2,1,7,6,7,4,0,0,A6,-1.776624212,0.5642525786926298,1.327603723709038,-0.504486918,0.3047460222002464,4,1,0.30591622948642044,-0.5,6
770,A0638,6,A,6A,Muslim,Enemies,Enemy2,2,2,F,38,1,1,4,4,1,7,7,7,1,1,4,4,NA,NA,2,2,1,3,1,2,1,2,3,1,2,1,2,1,4,3,4,5,1,2,2,1,2,1,3,5,M,Muslim,1,3,1,1,1,3,1,1,1,1,1,4,4,4,2,1,2,2,2,1,1,5,4,7,4,6,7,0,1,A6,-1.776624212,0.5642525786926298,1.327603723709038,-0.504486918,0.3047460222002464,4,1,0.30591622948642044,-0.5,6
771,A0638,6,A,6A,Muslim,Enemies,Enemy3,2,39,F,38,1,1,4,4,1,7,7,7,1,1,4,4,NA,NA,2,2,1,3,1,2,1,2,3,1,2,1,2,1,4,3,4,5,1,2,2,1,2,1,3,5,F,Hindu,1,1,3,1,2,1,3,1,1,2,1,4,5,6,2,1,1,1,1,1,1,5,3,3,7,6,2,1,0,A6,-1.776624212,0.5642525786926298,1.327603723709038,-0.504486918,0.3047460222002464,4,1,0.30591622948642044,-0.5,6
772,A0638,6,A,6A,Muslim,Enemies,Enemy4,2,41,F,38,1,1,4,4,1,7,7,7,1,1,4,4,NA,NA,2,2,1,3,1,2,1,2,3,1,2,1,2,1,4,3,4,5,1,2,2,1,2,1,3,5,F,NA,NA,NA,NA,NA,NA,NA,NA,NA,NA,NA,NA,NA,NA,NA,NA,NA,NA,NA,NA,NA,NA,NA,NA,NA,NA,NA,NA,1,NA,A6,-1.776624212,0.5642525786926298,1.327603723709038,-0.504486918,0.3047460222002464,4,1,0.30591622948642044,-0.5,6
773,A0638,6,A,6A,Muslim,Enemies,Enemy5,2,44,F,38,1,1,4,4,1,7,7,7,1,1,4,4,NA,NA,2,2,1,3,1,2,1,2,3,1,2,1,2,1,4,3,4,5,1,2,2,1,2,1,3,5,F,Hindu,1,1,4,1,1,1,3,1,4,2,1,4,4,3,5,1,1,1,1,1,1,1,5,1,7,7,7,1,0,A6,-1.776624212,0.5642525786926298,1.327603723709038,-0.504486918,0.3047460222002464,4,1,0.30591622948642044,-0.5,6
774,A0638,6,A,6A,Muslim,Enemies,Enemy6,2,55,F,38,1,1,4,4,1,7,7,7,1,1,4,4,NA,NA,2,2,1,3,1,2,1,2,3,1,2,1,2,1,4,3,4,5,1,2,2,1,2,1,3,5,F,Jain,4,2,2,2,3,1,3,1,5,2,2,4,3,3,3,2,3,2,1,1,5,5,2,4,7,7,2,1,0,A6,-1.776624212,0.5642525786926298,1.327603723709038,-0.504486918,0.3047460222002464,4,1,0.30591622948642044,-0.5,6
775,A0638,6,A,6A,Muslim,Enemies,Enemy7,2,62,F,38,1,1,4,4,1,7,7,7,1,1,4,4,NA,NA,2,2,1,3,1,2,1,2,3,1,2,1,2,1,4,3,4,5,1,2,2,1,2,1,3,5,F,Hindu,1,1,1,1,2,1,2,1,3,3,1,4,3,3,3,1,1,3,1,1,1,2,3,2,6,7,5,1,0,A6,-1.776624212,0.5642525786926298,1.327603723709038,-0.504486918,0.3047460222002464,4,1,0.30591622948642044,-0.5,6
776,A0639,6,A,6A,Hindu,Enemies,Enemy1,2,29,F,39,3,3,7,7,6,2,6,6,5,7,6,6,3,NA,2,1,1,3,1,2,1,3,3,1,1,2,1,1,4,5,6,2,1,1,1,1,1,1,5,3,F,Hindu,1,1,2,1,1,2,1,3,5,4,1,4,1,1,4,3,2,3,1,1,3,5,2,4,7,7,1,1,1,A6,-1.776624212,0.5642525786926298,1.327603723709038,-0.504486918,0.3047460222002464,7,3,0.7444606977058776,-0.5,4
777,A0639,6,A,6A,Hindu,Enemies,Enemy2,2,32,F,39,3,3,7,7,6,2,6,6,5,7,6,6,3,NA,2,1,1,3,1,2,1,3,3,1,1,2,1,1,4,5,6,2,1,1,1,1,1,1,5,3,F,NA,NA,NA,NA,NA,NA,NA,NA,NA,NA,NA,NA,NA,NA,NA,NA,NA,NA,NA,NA,NA,NA,NA,NA,NA,NA,NA,NA,1,NA,A6,-1.776624212,0.5642525786926298,1.327603723709038,-0.504486918,0.3047460222002464,7,3,0.7444606977058776,-0.5,4
778,A0639,6,A,6A,Hindu,Enemies,Enemy3,2,44,F,39,3,3,7,7,6,2,6,6,5,7,6,6,3,NA,2,1,1,3,1,2,1,3,3,1,1,2,1,1,4,5,6,2,1,1,1,1,1,1,5,3,F,Hindu,1,1,4,1,1,1,3,1,4,2,1,4,4,3,5,1,1,1,1,1,1,1,5,1,7,7,7,1,1,A6,-1.776624212,0.5642525786926298,1.327603723709038,-0.504486918,0.3047460222002464,7,3,0.7444606977058776,-0.5,4
779,A0640,6,A,6A,Muslim,Enemies,Enemy1,2,1,F,40,4,1,6,4,1,7,7,4,1,4,6,4,NA,Islam,2,1,1,2,1,1,1,2,3,1,1,1,2,1,4,2,4,3,2,1,1,1,1,1,5,5,M,Muslim,2,2,1,1,1,2,3,2,1,1,1,4,4,4,2,1,1,3,1,1,1,4,3,7,6,4,7,0,1,A6,-1.776624212,0.5642525786926298,1.327603723709038,-0.504486918,0.3047460222002464,6,1,1.183005165925335,-0.5,6
780,A0640,6,A,6A,Muslim,Enemies,Enemy2,2,4,F,40,4,1,6,4,1,7,7,4,1,4,6,4,NA,Islam,2,1,1,2,1,1,1,2,3,1,1,1,2,1,4,2,4,3,2,1,1,1,1,1,5,5,M,Hindu,3,3,4,1,2,3,2,1,3,2,1,4,3,3,1,3,1,2,2,3,1,5,4,5,4,6,3,0,0,A6,-1.776624212,0.5642525786926298,1.327603723709038,-0.504486918,0.3047460222002464,6,1,1.183005165925335,-0.5,6
781,A0640,6,A,6A,Muslim,Enemies,Enemy3,2,9,F,40,4,1,6,4,1,7,7,4,1,4,6,4,NA,Islam,2,1,1,2,1,1,1,2,3,1,1,1,2,1,4,2,4,3,2,1,1,1,1,1,5,5,M,Hindu,1,1,1,1,2,1,4,4,4,4,1,7,7,7,1,1,1,2,1,1,1,5,2,7,1,6,6,0,0,A6,-1.776624212,0.5642525786926298,1.327603723709038,-0.504486918,0.3047460222002464,6,1,1.183005165925335,-0.5,6
782,A0640,6,A,6A,Muslim,Enemies,Enemy4,2,13,F,40,4,1,6,4,1,7,7,4,1,4,6,4,NA,Islam,2,1,1,2,1,1,1,2,3,1,1,1,2,1,4,2,4,3,2,1,1,1,1,1,5,5,M,Hindu,2,2,2,3,2,1,4,2,2,2,2,4,7,7,2,3,3,2,3,1,1,1,3,6,1,6,6,0,0,A6,-1.776624212,0.5642525786926298,1.327603723709038,-0.504486918,0.3047460222002464,6,1,1.183005165925335,-0.5,6
783,A0640,6,A,6A,Muslim,Enemies,Enemy5,2,16,F,40,4,1,6,4,1,7,7,4,1,4,6,4,NA,Islam,2,1,1,2,1,1,1,2,3,1,1,1,2,1,4,2,4,3,2,1,1,1,1,1,5,5,M,Hindu,2,1,1,2,1,1,3,1,4,3,1,4,2,4,4,1,1,1,1,1,1,1,3,7,4,7,3,0,0,A6,-1.776624212,0.5642525786926298,1.327603723709038,-0.504486918,0.3047460222002464,6,1,1.183005165925335,-0.5,6
784,A0640,6,A,6A,Muslim,Enemies,Enemy6,2,19,F,40,4,1,6,4,1,7,7,4,1,4,6,4,NA,Islam,2,1,1,2,1,1,1,2,3,1,1,1,2,1,4,2,4,3,2,1,1,1,1,1,5,5,M,Muslim,1,1,2,1,1,1,5,1,1,1,1,7,4,4,2,2,3,1,1,3,1,1,5,7,7,7,3,0,1,A6,-1.776624212,0.5642525786926298,1.327603723709038,-0.504486918,0.3047460222002464,6,1,1.183005165925335,-0.5,6
785,A0640,6,A,6A,Muslim,Enemies,Enemy7,2,42,F,40,4,1,6,4,1,7,7,4,1,4,6,4,NA,Islam,2,1,1,2,1,1,1,2,3,1,1,1,2,1,4,2,4,3,2,1,1,1,1,1,5,5,F,Muslim,1,1,3,3,1,1,4,1,1,2,1,4,4,4,1,1,1,1,1,1,1,5,1,1,7,3,7,1,1,A6,-1.776624212,0.5642525786926298,1.327603723709038,-0.504486918,0.3047460222002464,6,1,1.183005165925335,-0.5,6
786,A0642,6,A,6A,Muslim,Enemies,Enemy1,2,6,F,42,1,1,7,7,3,7,7,7,6,7,7,1,6,Muslim,2,1,1,3,3,1,1,4,4,1,1,2,2,1,4,4,4,1,1,1,1,1,1,1,5,1,M,Hindu,2,1,1,2,1,1,3,1,2,2,1,4,1,1,1,3,2,3,2,3,1,2,1,7,6,7,4,0,0,A6,-1.776624212,0.5642525786926298,1.327603723709038,-0.504486918,0.3047460222002464,7,1,1.621549634144792,-0.5,4
787,A0642,6,A,6A,Muslim,Enemies,Enemy2,2,16,F,42,1,1,7,7,3,7,7,7,6,7,7,1,6,Muslim,2,1,1,3,3,1,1,4,4,1,1,2,2,1,4,4,4,1,1,1,1,1,1,1,5,1,M,Hindu,2,1,1,2,1,1,3,1,4,3,1,4,2,4,4,1,1,1,1,1,1,1,3,7,4,7,3,0,0,A6,-1.776624212,0.5642525786926298,1.327603723709038,-0.504486918,0.3047460222002464,7,1,1.621549634144792,-0.5,4
788,A0642,6,A,6A,Muslim,Enemies,Enemy3,2,61,F,42,1,1,7,7,3,7,7,7,6,7,7,1,6,Muslim,2,1,1,3,3,1,1,4,4,1,1,2,2,1,4,4,4,1,1,1,1,1,1,1,5,1,F,Hindu,1,2,2,1,2,1,3,1,5,5,3,4,4,2,1,1,2,1,1,1,1,3,2,3,7,7,4,1,0,A6,-1.776624212,0.5642525786926298,1.327603723709038,-0.504486918,0.3047460222002464,7,1,1.621549634144792,-0.5,4
789,A0643,6,A,6A,Hindu,Enemies,Enemy1,2,28,F,43,5,4,7,6,7,6,7,6,6,6,6,4,3,NA,2,3,1,NA,1,2,1,4,3,1,4,2,NA,1,4,4,1,NA,1,1,2,1,2,1,2,4,F,Muslim,1,1,1,1,1,2,3,1,1,3,1,4,1,3,4,1,1,2,1,2,1,2,2,2,7,4,7,1,0,A6,-1.776624212,0.5642525786926298,1.327603723709038,-0.504486918,0.3047460222002464,7,4,0.30591622948642044,-0.5,1
790,A0643,6,A,6A,Hindu,Enemies,Enemy2,2,47,F,43,5,4,7,6,7,6,7,6,6,6,6,4,3,NA,2,3,1,NA,1,2,1,4,3,1,4,2,NA,1,4,4,1,NA,1,1,2,1,2,1,2,4,F,Hindu,1,1,1,1,1,1,3,1,4,3,1,4,4,3,1,1,2,1,1,1,1,5,1,7,7,7,1,1,1,A6,-1.776624212,0.5642525786926298,1.327603723709038,-0.504486918,0.3047460222002464,7,4,0.30591622948642044,-0.5,1
791,A0644,6,A,6A,Hindu,Enemies,Enemy1,2,6,F,44,4,1,7,7,7,7,7,7,3,6,6,5,1,NA,2,1,1,4,1,1,1,2,3,1,4,2,1,1,4,4,3,5,1,1,1,1,1,1,1,5,M,Hindu,2,1,1,2,1,1,3,1,2,2,1,4,1,1,1,3,2,3,2,3,1,2,1,7,6,7,4,0,1,A6,-1.776624212,0.5642525786926298,1.327603723709038,-0.504486918,0.3047460222002464,7,1,1.621549634144792,-0.5,0
792,A0644,6,A,6A,Hindu,Enemies,Enemy2,2,17,F,44,4,1,7,7,7,7,7,7,3,6,6,5,1,NA,2,1,1,4,1,1,1,2,3,1,4,2,1,1,4,4,3,5,1,1,1,1,1,1,1,5,M,Hindu,2,1,1,1,1,1,1,1,4,2,1,4,4,4,1,1,1,1,1,1,1,5,3,7,6,7,7,0,1,A6,-1.776624212,0.5642525786926298,1.327603723709038,-0.504486918,0.3047460222002464,7,1,1.621549634144792,-0.5,0
793,A0644,6,A,6A,Hindu,Enemies,Enemy3,2,26,F,44,4,1,7,7,7,7,7,7,3,6,6,5,1,NA,2,1,1,4,1,1,1,2,3,1,4,2,1,1,4,4,3,5,1,1,1,1,1,1,1,5,M,Hindu,1,1,2,1,4,1,5,1,5,1,1,4,4,4,1,1,1,1,1,1,1,3,3,7,1,6,2,0,1,A6,-1.776624212,0.5642525786926298,1.327603723709038,-0.504486918,0.3047460222002464,7,1,1.621549634144792,-0.5,0
794,A0644,6,A,6A,Hindu,Enemies,Enemy4,2,33,F,44,4,1,7,7,7,7,7,7,3,6,6,5,1,NA,2,1,1,4,1,1,1,2,3,1,4,2,1,1,4,4,3,5,1,1,1,1,1,1,1,5,F,Hindu,2,1,2,1,2,1,1,1,4,2,2,6,4,2,3,2,2,3,1,1,1,5,3,4,7,7,5,1,1,A6,-1.776624212,0.5642525786926298,1.327603723709038,-0.504486918,0.3047460222002464,7,1,1.621549634144792,-0.5,0
795,A0644,6,A,6A,Hindu,Enemies,Enemy5,2,47,F,44,4,1,7,7,7,7,7,7,3,6,6,5,1,NA,2,1,1,4,1,1,1,2,3,1,4,2,1,1,4,4,3,5,1,1,1,1,1,1,1,5,F,Hindu,1,1,1,1,1,1,3,1,4,3,1,4,4,3,1,1,2,1,1,1,1,5,1,7,7,7,1,1,1,A6,-1.776624212,0.5642525786926298,1.327603723709038,-0.504486918,0.3047460222002464,7,1,1.621549634144792,-0.5,0
796,A0644,6,A,6A,Hindu,Enemies,Enemy6,2,61,F,44,4,1,7,7,7,7,7,7,3,6,6,5,1,NA,2,1,1,4,1,1,1,2,3,1,4,2,1,1,4,4,3,5,1,1,1,1,1,1,1,5,F,Hindu,1,2,2,1,2,1,3,1,5,5,3,4,4,2,1,1,2,1,1,1,1,3,2,3,7,7,4,1,1,A6,-1.776624212,0.5642525786926298,1.327603723709038,-0.504486918,0.3047460222002464,7,1,1.621549634144792,-0.5,0
797,A0645,6,A,6A,Hindu,Enemies,Enemy1,2,3,F,45,3,4,7,7,7,5,7,6,3,3,5,5,3,NA,2,1,2,1,1,1,1,1,3,4,2,3,1,1,4,3,3,2,2,1,2,1,2,1,2,2,M,Muslim,2,1,3,1,2,1,3,1,2,4,2,4,3,3,2,1,2,1,1,1,1,5,3,7,4,7,3,0,0,A6,-1.776624212,0.5642525786926298,1.327603723709038,-0.504486918,0.3047460222002464,7,4,0.30591622948642044,-0.5,2
798,A0645,6,A,6A,Hindu,Enemies,Enemy2,2,13,F,45,3,4,7,7,7,5,7,6,3,3,5,5,3,NA,2,1,2,1,1,1,1,1,3,4,2,3,1,1,4,3,3,2,2,1,2,1,2,1,2,2,M,Hindu,2,2,2,3,2,1,4,2,2,2,2,4,7,7,2,3,3,2,3,1,1,1,3,6,1,6,6,0,1,A6,-1.776624212,0.5642525786926298,1.327603723709038,-0.504486918,0.3047460222002464,7,4,0.30591622948642044,-0.5,2
799,A0645,6,A,6A,Hindu,Enemies,Enemy3,2,16,F,45,3,4,7,7,7,5,7,6,3,3,5,5,3,NA,2,1,2,1,1,1,1,1,3,4,2,3,1,1,4,3,3,2,2,1,2,1,2,1,2,2,M,Hindu,2,1,1,2,1,1,3,1,4,3,1,4,2,4,4,1,1,1,1,1,1,1,3,7,4,7,3,0,1,A6,-1.776624212,0.5642525786926298,1.327603723709038,-0.504486918,0.3047460222002464,7,4,0.30591622948642044,-0.5,2
800,A0645,6,A,6A,Hindu,Enemies,Enemy4,2,47,F,45,3,4,7,7,7,5,7,6,3,3,5,5,3,NA,2,1,2,1,1,1,1,1,3,4,2,3,1,1,4,3,3,2,2,1,2,1,2,1,2,2,F,Hindu,1,1,1,1,1,1,3,1,4,3,1,4,4,3,1,1,2,1,1,1,1,5,1,7,7,7,1,1,1,A6,-1.776624212,0.5642525786926298,1.327603723709038,-0.504486918,0.3047460222002464,7,4,0.30591622948642044,-0.5,2
801,A0646,6,A,6A,Hindu,Enemies,Enemy1,2,17,F,46,2,3,7,5,6,2,4,4,3,4,4,NA,8,NA,2,1,3,1,1,2,2,1,3,1,4,2,1,1,4,2,2,3,2,2,2,1,1,2,5,2,M,Hindu,2,1,1,1,1,1,1,1,4,2,1,4,4,4,1,1,1,1,1,1,1,5,3,7,6,7,7,0,1,A6,-1.776624212,0.5642525786926298,1.327603723709038,-0.504486918,0.3047460222002464,7,3,0.7444606977058776,-0.5,4
802,A0646,6,A,6A,Hindu,Enemies,Enemy2,2,26,F,46,2,3,7,5,6,2,4,4,3,4,4,NA,8,NA,2,1,3,1,1,2,2,1,3,1,4,2,1,1,4,2,2,3,2,2,2,1,1,2,5,2,M,Hindu,1,1,2,1,4,1,5,1,5,1,1,4,4,4,1,1,1,1,1,1,1,3,3,7,1,6,2,0,1,A6,-1.776624212,0.5642525786926298,1.327603723709038,-0.504486918,0.3047460222002464,7,3,0.7444606977058776,-0.5,4
803,A0647,6,A,6A,Hindu,Enemies,Enemy1,2,6,F,47,4,7,7,7,7,1,7,7,7,4,4,4,1,NA,2,1,1,1,1,1,1,1,3,1,4,3,1,1,4,4,3,1,1,2,1,1,1,1,5,1,M,Hindu,2,1,1,2,1,1,3,1,2,2,1,4,1,1,1,3,2,3,2,3,1,2,1,7,6,7,4,0,1,A6,-1.776624212,0.5642525786926298,1.327603723709038,-0.504486918,0.3047460222002464,7,7,-1.009717175,-0.5,6
804,A0647,6,A,6A,Hindu,Enemies,Enemy2,2,49,F,47,4,7,7,7,7,1,7,7,7,4,4,4,1,NA,2,1,1,1,1,1,1,1,3,1,4,3,1,1,4,4,3,1,1,2,1,1,1,1,5,1,F,Hindu,1,3,2,1,1,1,3,1,4,2,2,4,3,3,3,1,1,2,1,1,1,4,4,6,7,7,6,1,1,A6,-1.776624212,0.5642525786926298,1.327603723709038,-0.504486918,0.3047460222002464,7,7,-1.009717175,-0.5,6
805,A0647,6,A,6A,Hindu,Enemies,Enemy3,2,58,F,47,4,7,7,7,7,1,7,7,7,4,4,4,1,NA,2,1,1,1,1,1,1,1,3,1,4,3,1,1,4,4,3,1,1,2,1,1,1,1,5,1,F,Muslim,1,1,1,1,1,1,3,1,1,3,2,4,4,4,3,1,1,2,1,2,1,5,2,4,6,6,7,1,0,A6,-1.776624212,0.5642525786926298,1.327603723709038,-0.504486918,0.3047460222002464,7,7,-1.009717175,-0.5,6
806,A0647,6,A,6A,Hindu,Enemies,Enemy4,2,62,F,47,4,7,7,7,7,1,7,7,7,4,4,4,1,NA,2,1,1,1,1,1,1,1,3,1,4,3,1,1,4,4,3,1,1,2,1,1,1,1,5,1,F,Hindu,1,1,1,1,2,1,2,1,3,3,1,4,3,3,3,1,1,3,1,1,1,2,3,2,6,7,5,1,1,A6,-1.776624212,0.5642525786926298,1.327603723709038,-0.504486918,0.3047460222002464,7,7,-1.009717175,-0.5,6
807,A0648,6,A,6A,Hindu,Enemies,Enemy1,2,6,F,48,6,5,6,6,5,4,5,5,4,6,4,3,1,NA,2,5,5,3,4,4,2,1,3,2,5,3,1,3,7,3,3,2,2,2,3,2,3,1,5,2,M,Hindu,2,1,1,2,1,1,3,1,2,2,1,4,1,1,1,3,2,3,2,3,1,2,1,7,6,7,4,0,1,A6,-1.776624212,0.5642525786926298,1.327603723709038,-0.504486918,0.3047460222002464,6,5,-0.571172707,-0.5,1
808,A0648,6,A,6A,Hindu,Enemies,Enemy2,2,47,F,48,6,5,6,6,5,4,5,5,4,6,4,3,1,NA,2,5,5,3,4,4,2,1,3,2,5,3,1,3,7,3,3,2,2,2,3,2,3,1,5,2,F,Hindu,1,1,1,1,1,1,3,1,4,3,1,4,4,3,1,1,2,1,1,1,1,5,1,7,7,7,1,1,1,A6,-1.776624212,0.5642525786926298,1.327603723709038,-0.504486918,0.3047460222002464,6,5,-0.571172707,-0.5,1
809,A0649,6,A,6A,Hindu,Enemies,Enemy1,2,2,F,49,5,6,7,6,7,6,NA,6,6,5,7,4,3,NA,2,1,3,2,1,1,1,1,3,1,4,2,1,2,4,3,3,3,1,1,2,1,1,1,4,4,M,Muslim,1,3,1,1,1,3,1,1,1,1,1,4,4,4,2,1,2,2,2,1,1,5,4,7,4,6,7,0,0,A6,-1.776624212,0.5642525786926298,1.327603723709038,-0.504486918,0.3047460222002464,7,6,-0.571172707,-0.5,1
810,A0649,6,A,6A,Hindu,Enemies,Enemy2,2,6,F,49,5,6,7,6,7,6,NA,6,6,5,7,4,3,NA,2,1,3,2,1,1,1,1,3,1,4,2,1,2,4,3,3,3,1,1,2,1,1,1,4,4,M,Hindu,2,1,1,2,1,1,3,1,2,2,1,4,1,1,1,3,2,3,2,3,1,2,1,7,6,7,4,0,1,A6,-1.776624212,0.5642525786926298,1.327603723709038,-0.504486918,0.3047460222002464,7,6,-0.571172707,-0.5,1
811,A0650,6,A,6A,Hindu,Enemies,Enemy1,2,61,F,50,4,2,7,7,7,5,7,6,6,5,5,4,8,NA,2,5,4,3,3,1,2,1,2,1,2,2,1,2,6,5,5,2,1,1,1,1,4,1,4,4,F,Hindu,1,2,2,1,2,1,3,1,5,5,3,4,4,2,1,1,2,1,1,1,1,3,2,3,7,7,4,1,1,A6,-1.776624212,0.5642525786926298,1.327603723709038,-0.504486918,0.3047460222002464,7,2,1.183005165925335,-0.5,2
812,A0651,6,A,6A,Muslim,Enemies,Enemy1,2,29,F,51,2,4,7,4,4,5,7,6,4,5,2,1,8,Muslim,2,1,3,1,1,1,1,2,4,1,2,1,2,2,4,3,3,3,1,3,1,5,1,4,1,5,F,Hindu,1,1,2,1,1,2,1,3,5,4,1,4,1,1,4,3,2,3,1,1,3,5,2,4,7,7,1,1,0,A6,-1.776624212,0.5642525786926298,1.327603723709038,-0.504486918,0.3047460222002464,7,4,0.30591622948642044,-0.5,1
813,A0651,6,A,6A,Muslim,Enemies,Enemy2,2,33,F,51,2,4,7,4,4,5,7,6,4,5,2,1,8,Muslim,2,1,3,1,1,1,1,2,4,1,2,1,2,2,4,3,3,3,1,3,1,5,1,4,1,5,F,Hindu,2,1,2,1,2,1,1,1,4,2,2,6,4,2,3,2,2,3,1,1,1,5,3,4,7,7,5,1,0,A6,-1.776624212,0.5642525786926298,1.327603723709038,-0.504486918,0.3047460222002464,7,4,0.30591622948642044,-0.5,1
814,A0651,6,A,6A,Muslim,Enemies,Enemy3,2,34,F,51,2,4,7,4,4,5,7,6,4,5,2,1,8,Muslim,2,1,3,1,1,1,1,2,4,1,2,1,2,2,4,3,3,3,1,3,1,5,1,4,1,5,F,NA,NA,NA,NA,NA,NA,NA,NA,NA,NA,NA,NA,NA,NA,NA,NA,NA,NA,NA,NA,NA,NA,NA,NA,NA,NA,NA,NA,1,NA,A6,-1.776624212,0.5642525786926298,1.327603723709038,-0.504486918,0.3047460222002464,7,4,0.30591622948642044,-0.5,1
815,A0651,6,A,6A,Muslim,Enemies,Enemy4,2,36,F,51,2,4,7,4,4,5,7,6,4,5,2,1,8,Muslim,2,1,3,1,1,1,1,2,4,1,2,1,2,2,4,3,3,3,1,3,1,5,1,4,1,5,F,Muslim,1,1,3,2,1,2,5,1,1,1,2,5,1,1,1,1,2,3,1,3,2,1,5,2,6,2,6,1,1,A6,-1.776624212,0.5642525786926298,1.327603723709038,-0.504486918,0.3047460222002464,7,4,0.30591622948642044,-0.5,1
816,A0651,6,A,6A,Muslim,Enemies,Enemy5,2,39,F,51,2,4,7,4,4,5,7,6,4,5,2,1,8,Muslim,2,1,3,1,1,1,1,2,4,1,2,1,2,2,4,3,3,3,1,3,1,5,1,4,1,5,F,Hindu,1,1,3,1,2,1,3,1,1,2,1,4,5,6,2,1,1,1,1,1,1,5,3,3,7,6,2,1,0,A6,-1.776624212,0.5642525786926298,1.327603723709038,-0.504486918,0.3047460222002464,7,4,0.30591622948642044,-0.5,1
817,A0651,6,A,6A,Muslim,Enemies,Enemy6,2,43,F,51,2,4,7,4,4,5,7,6,4,5,2,1,8,Muslim,2,1,3,1,1,1,1,2,4,1,2,1,2,2,4,3,3,3,1,3,1,5,1,4,1,5,F,Hindu,3,1,NA,1,2,1,3,1,4,2,1,4,4,1,NA,1,1,2,1,2,1,2,4,4,7,7,6,1,0,A6,-1.776624212,0.5642525786926298,1.327603723709038,-0.504486918,0.3047460222002464,7,4,0.30591622948642044,-0.5,1
818,A0651,6,A,6A,Muslim,Enemies,Enemy7,2,46,F,51,2,4,7,4,4,5,7,6,4,5,2,1,8,Muslim,2,1,3,1,1,1,1,2,4,1,2,1,2,2,4,3,3,3,1,3,1,5,1,4,1,5,F,Hindu,1,3,1,1,2,2,3,1,4,2,1,4,2,2,3,2,2,2,1,1,2,5,2,3,7,6,2,1,0,A6,-1.776624212,0.5642525786926298,1.327603723709038,-0.504486918,0.3047460222002464,7,4,0.30591622948642044,-0.5,1
819,A0652,6,A,6A,Muslim,Enemies,Enemy1,2,40,F,52,4,1,7,6,3,7,7,6,5,4,6,4,7,Muslim,2,1,1,2,2,1,2,2,4,1,2,5,2,1,4,3,4,3,1,1,3,1,1,1,5,3,F,Muslim,1,1,2,1,1,1,3,1,1,1,1,4,2,4,3,2,1,1,1,1,1,5,5,1,6,1,7,1,1,A6,-1.776624212,0.5642525786926298,1.327603723709038,-0.504486918,0.3047460222002464,7,1,1.621549634144792,-0.5,4
820,A0652,6,A,6A,Muslim,Enemies,Enemy2,2,42,F,52,4,1,7,6,3,7,7,6,5,4,6,4,7,Muslim,2,1,1,2,2,1,2,2,4,1,2,5,2,1,4,3,4,3,1,1,3,1,1,1,5,3,F,Muslim,1,1,3,3,1,1,4,1,1,2,1,4,4,4,1,1,1,1,1,1,1,5,1,1,7,3,7,1,1,A6,-1.776624212,0.5642525786926298,1.327603723709038,-0.504486918,0.3047460222002464,7,1,1.621549634144792,-0.5,4
821,A0652,6,A,6A,Muslim,Enemies,Enemy3,2,47,F,52,4,1,7,6,3,7,7,6,5,4,6,4,7,Muslim,2,1,1,2,2,1,2,2,4,1,2,5,2,1,4,3,4,3,1,1,3,1,1,1,5,3,F,Hindu,1,1,1,1,1,1,3,1,4,3,1,4,4,3,1,1,2,1,1,1,1,5,1,7,7,7,1,1,0,A6,-1.776624212,0.5642525786926298,1.327603723709038,-0.504486918,0.3047460222002464,7,1,1.621549634144792,-0.5,4
822,A0652,6,A,6A,Muslim,Enemies,Enemy4,2,61,F,52,4,1,7,6,3,7,7,6,5,4,6,4,7,Muslim,2,1,1,2,2,1,2,2,4,1,2,5,2,1,4,3,4,3,1,1,3,1,1,1,5,3,F,Hindu,1,2,2,1,2,1,3,1,5,5,3,4,4,2,1,1,2,1,1,1,1,3,2,3,7,7,4,1,0,A6,-1.776624212,0.5642525786926298,1.327603723709038,-0.504486918,0.3047460222002464,7,1,1.621549634144792,-0.5,4
823,A0652,6,A,6A,Muslim,Enemies,Enemy5,2,62,F,52,4,1,7,6,3,7,7,6,5,4,6,4,7,Muslim,2,1,1,2,2,1,2,2,4,1,2,5,2,1,4,3,4,3,1,1,3,1,1,1,5,3,F,Hindu,1,1,1,1,2,1,2,1,3,3,1,4,3,3,3,1,1,3,1,1,1,2,3,2,6,7,5,1,0,A6,-1.776624212,0.5642525786926298,1.327603723709038,-0.504486918,0.3047460222002464,7,1,1.621549634144792,-0.5,4
824,A0652,6,A,6A,Muslim,Enemies,Enemy6,2,63,F,52,4,1,7,6,3,7,7,6,5,4,6,4,7,Muslim,2,1,1,2,2,1,2,2,4,1,2,5,2,1,4,3,4,3,1,1,3,1,1,1,5,3,F,NA,NA,NA,NA,NA,NA,NA,NA,NA,NA,NA,NA,NA,NA,NA,NA,NA,NA,NA,NA,NA,NA,NA,NA,NA,NA,NA,NA,1,NA,A6,-1.776624212,0.5642525786926298,1.327603723709038,-0.504486918,0.3047460222002464,7,1,1.621549634144792,-0.5,4
825,A0653,6,A,6A,Muslim,Enemies,Enemy1,2,45,F,53,4,3,6,4,5,7,7,4,6,4,4,4,8,Muslim,2,1,2,1,1,2,2,2,3,1,1,1,2,2,4,3,3,3,1,2,1,3,1,1,1,5,F,Hindu,1,2,1,1,1,1,3,4,2,3,1,4,3,3,2,2,1,2,1,2,1,2,2,4,7,7,5,1,0,A6,-1.776624212,0.5642525786926298,1.327603723709038,-0.504486918,0.3047460222002464,6,3,0.30591622948642044,-0.5,2
826,A0653,6,A,6A,Muslim,Enemies,Enemy2,2,46,F,53,4,3,6,4,5,7,7,4,6,4,4,4,8,Muslim,2,1,2,1,1,2,2,2,3,1,1,1,2,2,4,3,3,3,1,2,1,3,1,1,1,5,F,Hindu,1,3,1,1,2,2,3,1,4,2,1,4,2,2,3,2,2,2,1,1,2,5,2,3,7,6,2,1,0,A6,-1.776624212,0.5642525786926298,1.327603723709038,-0.504486918,0.3047460222002464,6,3,0.30591622948642044,-0.5,2
827,A0653,6,A,6A,Muslim,Enemies,Enemy3,2,47,F,53,4,3,6,4,5,7,7,4,6,4,4,4,8,Muslim,2,1,2,1,1,2,2,2,3,1,1,1,2,2,4,3,3,3,1,2,1,3,1,1,1,5,F,Hindu,1,1,1,1,1,1,3,1,4,3,1,4,4,3,1,1,2,1,1,1,1,5,1,7,7,7,1,1,0,A6,-1.776624212,0.5642525786926298,1.327603723709038,-0.504486918,0.3047460222002464,6,3,0.30591622948642044,-0.5,2
828,A0653,6,A,6A,Muslim,Enemies,Enemy4,2,61,F,53,4,3,6,4,5,7,7,4,6,4,4,4,8,Muslim,2,1,2,1,1,2,2,2,3,1,1,1,2,2,4,3,3,3,1,2,1,3,1,1,1,5,F,Hindu,1,2,2,1,2,1,3,1,5,5,3,4,4,2,1,1,2,1,1,1,1,3,2,3,7,7,4,1,0,A6,-1.776624212,0.5642525786926298,1.327603723709038,-0.504486918,0.3047460222002464,6,3,0.30591622948642044,-0.5,2
829,A0653,6,A,6A,Muslim,Enemies,Enemy5,2,62,F,53,4,3,6,4,5,7,7,4,6,4,4,4,8,Muslim,2,1,2,1,1,2,2,2,3,1,1,1,2,2,4,3,3,3,1,2,1,3,1,1,1,5,F,Hindu,1,1,1,1,2,1,2,1,3,3,1,4,3,3,3,1,1,3,1,1,1,2,3,2,6,7,5,1,0,A6,-1.776624212,0.5642525786926298,1.327603723709038,-0.504486918,0.3047460222002464,6,3,0.30591622948642044,-0.5,2
830,A0653,6,A,6A,Muslim,Enemies,Enemy6,2,63,F,53,4,3,6,4,5,7,7,4,6,4,4,4,8,Muslim,2,1,2,1,1,2,2,2,3,1,1,1,2,2,4,3,3,3,1,2,1,3,1,1,1,5,F,NA,NA,NA,NA,NA,NA,NA,NA,NA,NA,NA,NA,NA,NA,NA,NA,NA,NA,NA,NA,NA,NA,NA,NA,NA,NA,NA,NA,1,NA,A6,-1.776624212,0.5642525786926298,1.327603723709038,-0.504486918,0.3047460222002464,6,3,0.30591622948642044,-0.5,2
831,A0655,6,A,6A,Jain,Enemies,Enemy1,2,2,F,55,6,4,7,7,7,2,6,7,6,4,4,4,8,NA,2,4,2,2,2,3,1,1,3,1,5,2,3,2,4,3,3,3,2,3,2,1,1,5,5,2,M,Muslim,1,3,1,1,1,3,1,1,1,1,1,4,4,4,2,1,2,2,2,1,1,5,4,7,4,6,7,0,0,A6,-1.776624212,0.5642525786926298,1.327603723709038,-0.504486918,0.3047460222002464,7,4,0.30591622948642044,-0.5,-5
832,A0655,6,A,6A,Jain,Enemies,Enemy2,2,5,F,55,6,4,7,7,7,2,6,7,6,4,4,4,8,NA,2,4,2,2,2,3,1,1,3,1,5,2,3,2,4,3,3,3,2,3,2,1,1,5,5,2,M,Hindu,4,2,5,1,3,1,4,1,5,1,1,6,2,2,1,1,1,1,1,1,1,5,5,6,6,7,4,0,0,A6,-1.776624212,0.5642525786926298,1.327603723709038,-0.504486918,0.3047460222002464,7,4,0.30591622948642044,-0.5,-5
833,A0655,6,A,6A,Jain,Enemies,Enemy3,2,11,F,55,6,4,7,7,7,2,6,7,6,4,4,4,8,NA,2,4,2,2,2,3,1,1,3,1,5,2,3,2,4,3,3,3,2,3,2,1,1,5,5,2,M,Hindu,2,2,1,1,1,1,4,2,5,4,3,7,2,1,4,1,2,3,1,1,1,5,3,6,1,7,1,0,0,A6,-1.776624212,0.5642525786926298,1.327603723709038,-0.504486918,0.3047460222002464,7,4,0.30591622948642044,-0.5,-5
834,A0655,6,A,6A,Jain,Enemies,Enemy4,2,20,F,55,6,4,7,7,7,2,6,7,6,4,4,4,8,NA,2,4,2,2,2,3,1,1,3,1,5,2,3,2,4,3,3,3,2,3,2,1,1,5,5,2,M,Jain,1,1,1,1,1,1,1,1,2,1,1,4,2,1,2,1,1,1,1,2,1,5,2,7,3,7,4,0,1,A6,-1.776624212,0.5642525786926298,1.327603723709038,-0.504486918,0.3047460222002464,7,4,0.30591622948642044,-0.5,-5
835,A0655,6,A,6A,Jain,Enemies,Enemy5,2,32,F,55,6,4,7,7,7,2,6,7,6,4,4,4,8,NA,2,4,2,2,2,3,1,1,3,1,5,2,3,2,4,3,3,3,2,3,2,1,1,5,5,2,F,NA,NA,NA,NA,NA,NA,NA,NA,NA,NA,NA,NA,NA,NA,NA,NA,NA,NA,NA,NA,NA,NA,NA,NA,NA,NA,NA,NA,1,NA,A6,-1.776624212,0.5642525786926298,1.327603723709038,-0.504486918,0.3047460222002464,7,4,0.30591622948642044,-0.5,-5
836,A0655,6,A,6A,Jain,Enemies,Enemy6,2,62,F,55,6,4,7,7,7,2,6,7,6,4,4,4,8,NA,2,4,2,2,2,3,1,1,3,1,5,2,3,2,4,3,3,3,2,3,2,1,1,5,5,2,F,Hindu,1,1,1,1,2,1,2,1,3,3,1,4,3,3,3,1,1,3,1,1,1,2,3,2,6,7,5,1,0,A6,-1.776624212,0.5642525786926298,1.327603723709038,-0.504486918,0.3047460222002464,7,4,0.30591622948642044,-0.5,-5
837,A0655,6,A,6A,Jain,Enemies,Enemy7,2,64,F,55,6,4,7,7,7,2,6,7,6,4,4,4,8,NA,2,4,2,2,2,3,1,1,3,1,5,2,3,2,4,3,3,3,2,3,2,1,1,5,5,2,F,Hindu,2,3,4,1,1,2,3,1,3,2,2,5,4,4,2,2,2,2,3,1,1,2,3,3,7,5,4,1,0,A6,-1.776624212,0.5642525786926298,1.327603723709038,-0.504486918,0.3047460222002464,7,4,0.30591622948642044,-0.5,-5
838,A0656,6,A,6A,Hindu,Enemies,Enemy1,2,47,F,56,4,5,7,6,7,4,6,7,4,6,4,6,3,NA,2,2,1,1,1,2,2,2,2,4,3,1,1,1,6,2,4,2,3,3,2,2,1,1,3,3,F,Hindu,1,1,1,1,1,1,3,1,4,3,1,4,4,3,1,1,2,1,1,1,1,5,1,7,7,7,1,1,1,A6,-1.776624212,0.5642525786926298,1.327603723709038,-0.504486918,0.3047460222002464,7,5,-0.132628239,-0.5,3
839,A0657,6,A,6A,Jain,Enemies,Enemy1,2,1,F,57,2,5,7,6,7,5,7,7,3,5,6,6,8,NA,2,1,1,1,1,2,1,1,4,4,5,2,3,1,4,2,1,2,1,2,1,3,2,1,5,5,M,Muslim,2,2,1,1,1,2,3,2,1,1,1,4,4,4,2,1,1,3,1,1,1,4,3,7,6,4,7,0,0,A6,-1.776624212,0.5642525786926298,1.327603723709038,-0.504486918,0.3047460222002464,7,5,-0.132628239,-0.5,-2
840,A0657,6,A,6A,Jain,Enemies,Enemy2,2,2,F,57,2,5,7,6,7,5,7,7,3,5,6,6,8,NA,2,1,1,1,1,2,1,1,4,4,5,2,3,1,4,2,1,2,1,2,1,3,2,1,5,5,M,Muslim,1,3,1,1,1,3,1,1,1,1,1,4,4,4,2,1,2,2,2,1,1,5,4,7,4,6,7,0,0,A6,-1.776624212,0.5642525786926298,1.327603723709038,-0.504486918,0.3047460222002464,7,5,-0.132628239,-0.5,-2
841,A0657,6,A,6A,Jain,Enemies,Enemy3,2,11,F,57,2,5,7,6,7,5,7,7,3,5,6,6,8,NA,2,1,1,1,1,2,1,1,4,4,5,2,3,1,4,2,1,2,1,2,1,3,2,1,5,5,M,Hindu,2,2,1,1,1,1,4,2,5,4,3,7,2,1,4,1,2,3,1,1,1,5,3,6,1,7,1,0,0,A6,-1.776624212,0.5642525786926298,1.327603723709038,-0.504486918,0.3047460222002464,7,5,-0.132628239,-0.5,-2
842,A0657,6,A,6A,Jain,Enemies,Enemy4,2,16,F,57,2,5,7,6,7,5,7,7,3,5,6,6,8,NA,2,1,1,1,1,2,1,1,4,4,5,2,3,1,4,2,1,2,1,2,1,3,2,1,5,5,M,Hindu,2,1,1,2,1,1,3,1,4,3,1,4,2,4,4,1,1,1,1,1,1,1,3,7,4,7,3,0,0,A6,-1.776624212,0.5642525786926298,1.327603723709038,-0.504486918,0.3047460222002464,7,5,-0.132628239,-0.5,-2
843,A0657,6,A,6A,Jain,Enemies,Enemy5,2,21,F,57,2,5,7,6,7,5,7,7,3,5,6,6,8,NA,2,1,1,1,1,2,1,1,4,4,5,2,3,1,4,2,1,2,1,2,1,3,2,1,5,5,M,Jain,2,2,2,1,1,1,3,NA,2,4,2,4,5,6,2,2,3,1,3,2,1,2,3,7,4,7,1,0,1,A6,-1.776624212,0.5642525786926298,1.327603723709038,-0.504486918,0.3047460222002464,7,5,-0.132628239,-0.5,-2
844,A0657,6,A,6A,Jain,Enemies,Enemy6,2,22,F,57,2,5,7,6,7,5,7,7,3,5,6,6,8,NA,2,1,1,1,1,2,1,1,4,4,5,2,3,1,4,2,1,2,1,2,1,3,2,1,5,5,M,Muslim,2,3,4,2,1,2,1,1,1,1,1,5,7,7,1,1,1,2,1,1,1,3,5,6,5,5,7,0,0,A6,-1.776624212,0.5642525786926298,1.327603723709038,-0.504486918,0.3047460222002464,7,5,-0.132628239,-0.5,-2
845,A0657,6,A,6A,Jain,Enemies,Enemy7,2,34,F,57,2,5,7,6,7,5,7,7,3,5,6,6,8,NA,2,1,1,1,1,2,1,1,4,4,5,2,3,1,4,2,1,2,1,2,1,3,2,1,5,5,F,NA,NA,NA,NA,NA,NA,NA,NA,NA,NA,NA,NA,NA,NA,NA,NA,NA,NA,NA,NA,NA,NA,NA,NA,NA,NA,NA,NA,1,NA,A6,-1.776624212,0.5642525786926298,1.327603723709038,-0.504486918,0.3047460222002464,7,5,-0.132628239,-0.5,-2
846,A0658,6,A,6A,Muslim,Enemies,Enemy1,2,35,F,58,4,4,6,4,6,7,6,4,5,5,7,4,8,NA,2,1,1,1,1,1,1,1,3,1,1,3,2,2,4,4,4,3,1,1,2,1,2,1,5,2,F,Muslim,1,1,1,1,1,1,NA,1,NA,1,1,4,1,1,1,1,1,3,2,2,1,5,4,1,7,4,7,1,1,A6,-1.776624212,0.5642525786926298,1.327603723709038,-0.504486918,0.3047460222002464,6,4,-0.132628239,-0.5,1
847,A0658,6,A,6A,Muslim,Enemies,Enemy2,2,52,F,58,4,4,6,4,6,7,6,4,5,5,7,4,8,NA,2,1,1,1,1,1,1,1,3,1,1,3,2,2,4,4,4,3,1,1,2,1,2,1,5,2,F,Muslim,1,1,2,2,1,2,4,1,2,5,1,4,3,4,3,1,1,3,1,1,1,5,3,1,7,3,7,1,1,A6,-1.776624212,0.5642525786926298,1.327603723709038,-0.504486918,0.3047460222002464,6,4,-0.132628239,-0.5,1
848,A0658,6,A,6A,Muslim,Enemies,Enemy3,2,62,F,58,4,4,6,4,6,7,6,4,5,5,7,4,8,NA,2,1,1,1,1,1,1,1,3,1,1,3,2,2,4,4,4,3,1,1,2,1,2,1,5,2,F,Hindu,1,1,1,1,2,1,2,1,3,3,1,4,3,3,3,1,1,3,1,1,1,2,3,2,6,7,5,1,0,A6,-1.776624212,0.5642525786926298,1.327603723709038,-0.504486918,0.3047460222002464,6,4,-0.132628239,-0.5,1
849,A0658,6,A,6A,Muslim,Enemies,Enemy4,2,63,F,58,4,4,6,4,6,7,6,4,5,5,7,4,8,NA,2,1,1,1,1,1,1,1,3,1,1,3,2,2,4,4,4,3,1,1,2,1,2,1,5,2,F,NA,NA,NA,NA,NA,NA,NA,NA,NA,NA,NA,NA,NA,NA,NA,NA,NA,NA,NA,NA,NA,NA,NA,NA,NA,NA,NA,NA,1,NA,A6,-1.776624212,0.5642525786926298,1.327603723709038,-0.504486918,0.3047460222002464,6,4,-0.132628239,-0.5,1
850,A0659,6,A,6A,Hindu,Enemies,Enemy1,2,20,F,59,4,4,4,7,6,4,6,7,4,4,4,4,2,NA,2,3,3,2,1,3,2,1,3,1,5,3,1,3,4,2,2,2,1,1,3,1,1,2,4,3,M,Jain,1,1,1,1,1,1,1,1,2,1,1,4,2,1,2,1,1,1,1,2,1,5,2,7,3,7,4,0,0,A6,-1.776624212,0.5642525786926298,1.327603723709038,-0.504486918,0.3047460222002464,4,4,-1.009717175,-0.5,2
851,A0661,6,A,6A,Hindu,Enemies,Enemy1,2,10,F,61,1,3,7,7,7,4,7,4,4,4,4,4,8,NA,2,1,2,2,1,2,1,4,3,1,5,5,1,3,4,4,2,1,1,2,1,1,1,1,3,2,M,Hindu,3,3,2,1,2,1,4,1,3,2,2,4,3,3,2,1,1,1,1,1,1,5,5,7,1,6,2,0,1,A6,-1.776624212,0.5642525786926298,1.327603723709038,-0.504486918,0.3047460222002464,7,3,0.7444606977058776,-0.5,3
852,A0661,6,A,6A,Hindu,Enemies,Enemy2,2,19,F,61,1,3,7,7,7,4,7,4,4,4,4,4,8,NA,2,1,2,2,1,2,1,4,3,1,5,5,1,3,4,4,2,1,1,2,1,1,1,1,3,2,M,Muslim,1,1,2,1,1,1,5,1,1,1,1,7,4,4,2,2,3,1,1,3,1,1,5,7,7,7,3,0,0,A6,-1.776624212,0.5642525786926298,1.327603723709038,-0.504486918,0.3047460222002464,7,3,0.7444606977058776,-0.5,3
853,A0661,6,A,6A,Hindu,Enemies,Enemy3,2,26,F,61,1,3,7,7,7,4,7,4,4,4,4,4,8,NA,2,1,2,2,1,2,1,4,3,1,5,5,1,3,4,4,2,1,1,2,1,1,1,1,3,2,M,Hindu,1,1,2,1,4,1,5,1,5,1,1,4,4,4,1,1,1,1,1,1,1,3,3,7,1,6,2,0,1,A6,-1.776624212,0.5642525786926298,1.327603723709038,-0.504486918,0.3047460222002464,7,3,0.7444606977058776,-0.5,3
854,A0661,6,A,6A,Hindu,Enemies,Enemy4,2,27,F,61,1,3,7,7,7,4,7,4,4,4,4,4,8,NA,2,1,2,2,1,2,1,4,3,1,5,5,1,3,4,4,2,1,1,2,1,1,1,1,3,2,F,Hindu,3,4,2,1,3,1,2,2,5,3,2,4,2,1,1,1,1,1,1,1,1,5,5,3,6,6,4,1,1,A6,-1.776624212,0.5642525786926298,1.327603723709038,-0.504486918,0.3047460222002464,7,3,0.7444606977058776,-0.5,3
855,A0661,6,A,6A,Hindu,Enemies,Enemy5,2,29,F,61,1,3,7,7,7,4,7,4,4,4,4,4,8,NA,2,1,2,2,1,2,1,4,3,1,5,5,1,3,4,4,2,1,1,2,1,1,1,1,3,2,F,Hindu,1,1,2,1,1,2,1,3,5,4,1,4,1,1,4,3,2,3,1,1,3,5,2,4,7,7,1,1,1,A6,-1.776624212,0.5642525786926298,1.327603723709038,-0.504486918,0.3047460222002464,7,3,0.7444606977058776,-0.5,3
856,A0661,6,A,6A,Hindu,Enemies,Enemy6,2,60,F,61,1,3,7,7,7,4,7,4,4,4,4,4,8,NA,2,1,2,2,1,2,1,4,3,1,5,5,1,3,4,4,2,1,1,2,1,1,1,1,3,2,F,NA,NA,NA,NA,NA,NA,NA,NA,NA,NA,NA,NA,NA,NA,NA,NA,NA,NA,NA,NA,NA,NA,NA,NA,NA,NA,NA,NA,1,NA,A6,-1.776624212,0.5642525786926298,1.327603723709038,-0.504486918,0.3047460222002464,7,3,0.7444606977058776,-0.5,3
857,A0661,6,A,6A,Hindu,Enemies,Enemy7,2,63,F,61,1,3,7,7,7,4,7,4,4,4,4,4,8,NA,2,1,2,2,1,2,1,4,3,1,5,5,1,3,4,4,2,1,1,2,1,1,1,1,3,2,F,NA,NA,NA,NA,NA,NA,NA,NA,NA,NA,NA,NA,NA,NA,NA,NA,NA,NA,NA,NA,NA,NA,NA,NA,NA,NA,NA,NA,1,NA,A6,-1.776624212,0.5642525786926298,1.327603723709038,-0.504486918,0.3047460222002464,7,3,0.7444606977058776,-0.5,3
858,A0662,6,A,6A,Hindu,Enemies,Enemy1,2,6,F,62,2,2,6,5,7,5,7,7,4,5,4,2,1,NA,2,1,1,1,1,2,1,2,2,1,3,3,1,1,4,3,3,3,1,1,3,1,1,1,2,3,M,Hindu,2,1,1,2,1,1,3,1,2,2,1,4,1,1,1,3,2,3,2,3,1,2,1,7,6,7,4,0,1,A6,-1.776624212,0.5642525786926298,1.327603723709038,-0.504486918,0.3047460222002464,6,2,0.7444606977058776,-0.5,2
859,A0662,6,A,6A,Hindu,Enemies,Enemy2,2,30,F,62,2,2,6,5,7,5,7,7,4,5,4,2,1,NA,2,1,1,1,1,2,1,2,2,1,3,3,1,1,4,3,3,3,1,1,3,1,1,1,2,3,F,Hindu,2,1,3,2,2,1,4,1,2,3,2,4,3,3,3,1,1,2,1,2,1,1,4,4,4,7,1,1,1,A6,-1.776624212,0.5642525786926298,1.327603723709038,-0.504486918,0.3047460222002464,6,2,0.7444606977058776,-0.5,2
860,A0662,6,A,6A,Hindu,Enemies,Enemy3,2,41,F,62,2,2,6,5,7,5,7,7,4,5,4,2,1,NA,2,1,1,1,1,2,1,2,2,1,3,3,1,1,4,3,3,3,1,1,3,1,1,1,2,3,F,NA,NA,NA,NA,NA,NA,NA,NA,NA,NA,NA,NA,NA,NA,NA,NA,NA,NA,NA,NA,NA,NA,NA,NA,NA,NA,NA,NA,1,NA,A6,-1.776624212,0.5642525786926298,1.327603723709038,-0.504486918,0.3047460222002464,6,2,0.7444606977058776,-0.5,2
861,A0662,6,A,6A,Hindu,Enemies,Enemy4,2,44,F,62,2,2,6,5,7,5,7,7,4,5,4,2,1,NA,2,1,1,1,1,2,1,2,2,1,3,3,1,1,4,3,3,3,1,1,3,1,1,1,2,3,F,Hindu,1,1,4,1,1,1,3,1,4,2,1,4,4,3,5,1,1,1,1,1,1,1,5,1,7,7,7,1,1,A6,-1.776624212,0.5642525786926298,1.327603723709038,-0.504486918,0.3047460222002464,6,2,0.7444606977058776,-0.5,2
862,A0662,6,A,6A,Hindu,Enemies,Enemy5,2,47,F,62,2,2,6,5,7,5,7,7,4,5,4,2,1,NA,2,1,1,1,1,2,1,2,2,1,3,3,1,1,4,3,3,3,1,1,3,1,1,1,2,3,F,Hindu,1,1,1,1,1,1,3,1,4,3,1,4,4,3,1,1,2,1,1,1,1,5,1,7,7,7,1,1,1,A6,-1.776624212,0.5642525786926298,1.327603723709038,-0.504486918,0.3047460222002464,6,2,0.7444606977058776,-0.5,2
863,A0662,6,A,6A,Hindu,Enemies,Enemy6,2,53,F,62,2,2,6,5,7,5,7,7,4,5,4,2,1,NA,2,1,1,1,1,2,1,2,2,1,3,3,1,1,4,3,3,3,1,1,3,1,1,1,2,3,F,Muslim,1,2,1,1,2,2,3,1,1,1,2,4,3,3,3,1,2,1,3,1,1,1,5,3,6,5,7,1,0,A6,-1.776624212,0.5642525786926298,1.327603723709038,-0.504486918,0.3047460222002464,6,2,0.7444606977058776,-0.5,2
864,B0601,6,B,6B,Muslim,Enemies,Enemy1,2,53,M,1,4,7,4,4,5,7,7,4,4,4,4,4,7,NA,1,1,1,1,1,1,1,1,5,1,1,1,2,1,3,3,3,3,3,1,1,2,3,3,4,4,F,NA,NA,NA,NA,NA,NA,NA,NA,NA,NA,NA,NA,NA,NA,NA,NA,NA,NA,NA,NA,NA,NA,NA,NA,NA,NA,NA,NA,0,NA,B6,0.394193193,-0.348767153,-0.563709629,-0.268344105,-0.13969317,7,4,0.30591622948642044,-0.5,2
865,B0602,6,B,6B,Hindu,Enemies,Enemy1,2,1,M,2,1,7,4,7,3,1,3,6,3,3,3,1,2,NA,1,3,1,2,1,2,1,4,4,4,5,2,NA,1,7,7,1,2,1,1,2,1,1,1,2,5,M,Muslim,1,1,1,1,1,1,5,1,1,1,1,3,3,3,3,3,1,1,2,3,3,4,4,7,4,5,7,1,0,B6,0.394193193,-0.348767153,-0.563709629,-0.268344105,-0.13969317,7,4,0.30591622948642044,-0.5,2
866,B0602,6,B,6B,Hindu,Enemies,Enemy2,2,26,M,2,1,7,4,7,3,1,3,6,3,3,3,1,2,NA,1,3,1,2,1,2,1,4,4,4,5,2,NA,1,7,7,1,2,1,1,2,1,1,1,2,5,M,NA,NA,NA,NA,NA,NA,NA,NA,NA,NA,NA,NA,NA,NA,NA,NA,NA,NA,NA,NA,NA,NA,NA,NA,NA,NA,NA,NA,1,NA,B6,0.394193193,-0.348767153,-0.563709629,-0.268344105,-0.13969317,7,4,0.30591622948642044,-0.5,2
867,B0602,6,B,6B,Hindu,Enemies,Enemy3,2,27,M,2,1,7,4,7,3,1,3,6,3,3,3,1,2,NA,1,3,1,2,1,2,1,4,4,4,5,2,NA,1,7,7,1,2,1,1,2,1,1,1,2,5,M,NA,NA,NA,NA,NA,NA,NA,NA,NA,NA,NA,NA,NA,NA,NA,NA,NA,NA,NA,NA,NA,NA,NA,NA,NA,NA,NA,NA,1,NA,B6,0.394193193,-0.348767153,-0.563709629,-0.268344105,-0.13969317,7,4,0.30591622948642044,-0.5,2
868,B0603,6,B,6B,Hindu,Enemies,Enemy1,2,1,M,3,7,5,2,NA,7,1,6,4,2,3,5,6,2,NA,1,1,3,2,3,1,2,1,3,4,2,2,1,1,3,3,2,1,2,3,2,1,1,1,3,2,M,Muslim,1,1,1,1,1,1,5,1,1,1,1,3,3,3,3,3,1,1,2,3,3,4,4,7,4,5,7,1,0,B6,0.394193193,-0.348767153,-0.563709629,-0.268344105,-0.13969317,5,2,0.30591622948642044,-0.5,6
869,B0603,6,B,6B,Hindu,Enemies,Enemy2,2,5,M,3,7,5,2,NA,7,1,6,4,2,3,5,6,2,NA,1,1,3,2,3,1,2,1,3,4,2,2,1,1,3,3,2,1,2,3,2,1,1,1,3,2,M,Muslim,1,4,1,1,1,3,4,2,1,3,1,4,3,4,2,1,1,2,1,5,2,5,1,NA,2,3,7,1,0,B6,0.394193193,-0.348767153,-0.563709629,-0.268344105,-0.13969317,5,2,0.30591622948642044,-0.5,6
870,B0603,6,B,6B,Hindu,Enemies,Enemy3,2,7,M,3,7,5,2,NA,7,1,6,4,2,3,5,6,2,NA,1,1,3,2,3,1,2,1,3,4,2,2,1,1,3,3,2,1,2,3,2,1,1,1,3,2,M,Muslim,1,1,2,1,1,1,4,1,1,1,1,4,4,4,1,1,1,3,4,5,1,5,3,7,7,3,NA,1,0,B6,0.394193193,-0.348767153,-0.563709629,-0.268344105,-0.13969317,5,2,0.30591622948642044,-0.5,6
871,B0603,6,B,6B,Hindu,Enemies,Enemy4,2,8,M,3,7,5,2,NA,7,1,6,4,2,3,5,6,2,NA,1,1,3,2,3,1,2,1,3,4,2,2,1,1,3,3,2,1,2,3,2,1,1,1,3,2,M,Muslim,2,2,1,1,1,1,2,1,2,1,3,4,4,3,2,2,1,1,1,1,1,3,3,7,5,3,7,1,0,B6,0.394193193,-0.348767153,-0.563709629,-0.268344105,-0.13969317,5,2,0.30591622948642044,-0.5,6
872,B0603,6,B,6B,Hindu,Enemies,Enemy5,2,11,M,3,7,5,2,NA,7,1,6,4,2,3,5,6,2,NA,1,1,3,2,3,1,2,1,3,4,2,2,1,1,3,3,2,1,2,3,2,1,1,1,3,2,M,Hindu,1,2,1,1,1,1,2,1,1,2,1,7,4,5,2,3,2,2,1,1,1,2,4,7,3,7,1,1,1,B6,0.394193193,-0.348767153,-0.563709629,-0.268344105,-0.13969317,5,2,0.30591622948642044,-0.5,6
873,B0603,6,B,6B,Hindu,Enemies,Enemy6,2,13,M,3,7,5,2,NA,7,1,6,4,2,3,5,6,2,NA,1,1,3,2,3,1,2,1,3,4,2,2,1,1,3,3,2,1,2,3,2,1,1,1,3,2,M,NA,NA,NA,NA,NA,NA,NA,NA,NA,NA,NA,NA,NA,NA,NA,NA,NA,NA,NA,NA,NA,NA,NA,NA,NA,NA,NA,NA,1,NA,B6,0.394193193,-0.348767153,-0.563709629,-0.268344105,-0.13969317,5,2,0.30591622948642044,-0.5,6
874,B0603,6,B,6B,Hindu,Enemies,Enemy7,2,15,M,3,7,5,2,NA,7,1,6,4,2,3,5,6,2,NA,1,1,3,2,3,1,2,1,3,4,2,2,1,1,3,3,2,1,2,3,2,1,1,1,3,2,M,Muslim,NA,1,2,2,1,1,1,4,5,1,1,7,5,7,1,5,2,1,3,1,1,2,3,7,7,1,7,1,0,B6,0.394193193,-0.348767153,-0.563709629,-0.268344105,-0.13969317,5,2,0.30591622948642044,-0.5,6
875,B0604,6,B,6B,Hindu,Enemies,Enemy1,2,1,M,4,5,7,7,7,7,6,7,7,6,7,7,1,2,NA,1,1,1,1,1,1,1,4,3,1,2,2,1,1,4,7,2,5,5,5,5,5,4,5,1,5,M,Muslim,1,1,1,1,1,1,5,1,1,1,1,3,3,3,3,3,1,1,2,3,3,4,4,7,4,5,7,1,0,B6,0.394193193,-0.348767153,-0.563709629,-0.268344105,-0.13969317,7,7,-1.009717175,-0.5,1
876,B0604,6,B,6B,Hindu,Enemies,Enemy2,2,5,M,4,5,7,7,7,7,6,7,7,6,7,7,1,2,NA,1,1,1,1,1,1,1,4,3,1,2,2,1,1,4,7,2,5,5,5,5,5,4,5,1,5,M,Muslim,1,4,1,1,1,3,4,2,1,3,1,4,3,4,2,1,1,2,1,5,2,5,1,NA,2,3,7,1,0,B6,0.394193193,-0.348767153,-0.563709629,-0.268344105,-0.13969317,7,7,-1.009717175,-0.5,1
877,B0604,6,B,6B,Hindu,Enemies,Enemy3,2,7,M,4,5,7,7,7,7,6,7,7,6,7,7,1,2,NA,1,1,1,1,1,1,1,4,3,1,2,2,1,1,4,7,2,5,5,5,5,5,4,5,1,5,M,Muslim,1,1,2,1,1,1,4,1,1,1,1,4,4,4,1,1,1,3,4,5,1,5,3,7,7,3,NA,1,0,B6,0.394193193,-0.348767153,-0.563709629,-0.268344105,-0.13969317,7,7,-1.009717175,-0.5,1
878,B0604,6,B,6B,Hindu,Enemies,Enemy4,2,13,M,4,5,7,7,7,7,6,7,7,6,7,7,1,2,NA,1,1,1,1,1,1,1,4,3,1,2,2,1,1,4,7,2,5,5,5,5,5,4,5,1,5,M,NA,NA,NA,NA,NA,NA,NA,NA,NA,NA,NA,NA,NA,NA,NA,NA,NA,NA,NA,NA,NA,NA,NA,NA,NA,NA,NA,NA,1,NA,B6,0.394193193,-0.348767153,-0.563709629,-0.268344105,-0.13969317,7,7,-1.009717175,-0.5,1
879,B0604,6,B,6B,Hindu,Enemies,Enemy5,2,15,M,4,5,7,7,7,7,6,7,7,6,7,7,1,2,NA,1,1,1,1,1,1,1,4,3,1,2,2,1,1,4,7,2,5,5,5,5,5,4,5,1,5,M,Muslim,NA,1,2,2,1,1,1,4,5,1,1,7,5,7,1,5,2,1,3,1,1,2,3,7,7,1,7,1,0,B6,0.394193193,-0.348767153,-0.563709629,-0.268344105,-0.13969317,7,7,-1.009717175,-0.5,1
880,B0604,6,B,6B,Hindu,Enemies,Enemy6,2,20,M,4,5,7,7,7,7,6,7,7,6,7,7,1,2,NA,1,1,1,1,1,1,1,4,3,1,2,2,1,1,4,7,2,5,5,5,5,5,4,5,1,5,M,Muslim,1,1,1,1,1,1,2,1,2,1,1,4,4,4,2,3,4,1,2,1,3,5,2,7,NA,1,7,1,0,B6,0.394193193,-0.348767153,-0.563709629,-0.268344105,-0.13969317,7,7,-1.009717175,-0.5,1
881,B0604,6,B,6B,Hindu,Enemies,Enemy7,2,54,M,4,5,7,7,7,7,6,7,7,6,7,7,1,2,NA,1,1,1,1,1,1,1,4,3,1,2,2,1,1,4,7,2,5,5,5,5,5,4,5,1,5,F,Hindu,1,1,1,1,1,1,2,2,5,4,3,4,5,5,1,1,4,2,1,1,1,3,4,6,7,7,1,0,1,B6,0.394193193,-0.348767153,-0.563709629,-0.268344105,-0.13969317,7,7,-1.009717175,-0.5,1
882,B0606,6,B,6B,Hindu,Enemies,Enemy1,2,5,M,6,1,4,4,5,7,4,2,6,4,4,1,5,1,NA,1,2,3,1,1,1,1,4,3,1,2,2,1,1,4,5,7,2,2,2,1,3,1,1,3,2,M,Muslim,1,4,1,1,1,3,4,2,1,3,1,4,3,4,2,1,1,2,1,5,2,5,1,NA,2,3,7,1,0,B6,0.394193193,-0.348767153,-0.563709629,-0.268344105,-0.13969317,4,4,-1.009717175,-0.5,3
883,B0606,6,B,6B,Hindu,Enemies,Enemy2,2,7,M,6,1,4,4,5,7,4,2,6,4,4,1,5,1,NA,1,2,3,1,1,1,1,4,3,1,2,2,1,1,4,5,7,2,2,2,1,3,1,1,3,2,M,Muslim,1,1,2,1,1,1,4,1,1,1,1,4,4,4,1,1,1,3,4,5,1,5,3,7,7,3,NA,1,0,B6,0.394193193,-0.348767153,-0.563709629,-0.268344105,-0.13969317,4,4,-1.009717175,-0.5,3
884,B0606,6,B,6B,Hindu,Enemies,Enemy3,2,8,M,6,1,4,4,5,7,4,2,6,4,4,1,5,1,NA,1,2,3,1,1,1,1,4,3,1,2,2,1,1,4,5,7,2,2,2,1,3,1,1,3,2,M,Muslim,2,2,1,1,1,1,2,1,2,1,3,4,4,3,2,2,1,1,1,1,1,3,3,7,5,3,7,1,0,B6,0.394193193,-0.348767153,-0.563709629,-0.268344105,-0.13969317,4,4,-1.009717175,-0.5,3
885,B0606,6,B,6B,Hindu,Enemies,Enemy4,2,12,M,6,1,4,4,5,7,4,2,6,4,4,1,5,1,NA,1,2,3,1,1,1,1,4,3,1,2,2,1,1,4,5,7,2,2,2,1,3,1,1,3,2,M,Muslim,3,1,2,2,1,2,NA,2,1,1,1,4,1,7,5,1,3,2,1,2,1,3,4,7,1,1,7,1,0,B6,0.394193193,-0.348767153,-0.563709629,-0.268344105,-0.13969317,4,4,-1.009717175,-0.5,3
886,B0606,6,B,6B,Hindu,Enemies,Enemy5,2,13,M,6,1,4,4,5,7,4,2,6,4,4,1,5,1,NA,1,2,3,1,1,1,1,4,3,1,2,2,1,1,4,5,7,2,2,2,1,3,1,1,3,2,M,NA,NA,NA,NA,NA,NA,NA,NA,NA,NA,NA,NA,NA,NA,NA,NA,NA,NA,NA,NA,NA,NA,NA,NA,NA,NA,NA,NA,1,NA,B6,0.394193193,-0.348767153,-0.563709629,-0.268344105,-0.13969317,4,4,-1.009717175,-0.5,3
887,B0606,6,B,6B,Hindu,Enemies,Enemy6,2,20,M,6,1,4,4,5,7,4,2,6,4,4,1,5,1,NA,1,2,3,1,1,1,1,4,3,1,2,2,1,1,4,5,7,2,2,2,1,3,1,1,3,2,M,Muslim,1,1,1,1,1,1,2,1,2,1,1,4,4,4,2,3,4,1,2,1,3,5,2,7,NA,1,7,1,0,B6,0.394193193,-0.348767153,-0.563709629,-0.268344105,-0.13969317,4,4,-1.009717175,-0.5,3
888,B0606,6,B,6B,Hindu,Enemies,Enemy7,2,33,M,6,1,4,4,5,7,4,2,6,4,4,1,5,1,NA,1,2,3,1,1,1,1,4,3,1,2,2,1,1,4,5,7,2,2,2,1,3,1,1,3,2,M,NA,NA,NA,NA,NA,NA,NA,NA,NA,NA,NA,NA,NA,NA,NA,NA,NA,NA,NA,NA,NA,NA,NA,NA,NA,NA,NA,NA,1,NA,B6,0.394193193,-0.348767153,-0.563709629,-0.268344105,-0.13969317,4,4,-1.009717175,-0.5,3
889,B0607,6,B,6B,Muslim,Enemies,Enemy1,2,1,M,7,2,7,7,6,3,NA,6,7,6,5,2,7,7,NA,1,1,1,2,1,1,1,2,4,1,1,1,2,1,4,4,4,1,1,1,3,4,5,1,5,3,M,Muslim,1,1,1,1,1,1,5,1,1,1,1,3,3,3,3,3,1,1,2,3,3,4,4,7,4,5,7,1,1,B6,0.394193193,-0.348767153,-0.563709629,-0.268344105,-0.13969317,7,7,-1.009717175,-0.5,NA
890,B0607,6,B,6B,Muslim,Enemies,Enemy2,2,12,M,7,2,7,7,6,3,NA,6,7,6,5,2,7,7,NA,1,1,1,2,1,1,1,2,4,1,1,1,2,1,4,4,4,1,1,1,3,4,5,1,5,3,M,Muslim,3,1,2,2,1,2,NA,2,1,1,1,4,1,7,5,1,3,2,1,2,1,3,4,7,1,1,7,1,1,B6,0.394193193,-0.348767153,-0.563709629,-0.268344105,-0.13969317,7,7,-1.009717175,-0.5,NA
891,B0607,6,B,6B,Muslim,Enemies,Enemy3,2,13,M,7,2,7,7,6,3,NA,6,7,6,5,2,7,7,NA,1,1,1,2,1,1,1,2,4,1,1,1,2,1,4,4,4,1,1,1,3,4,5,1,5,3,M,NA,NA,NA,NA,NA,NA,NA,NA,NA,NA,NA,NA,NA,NA,NA,NA,NA,NA,NA,NA,NA,NA,NA,NA,NA,NA,NA,NA,1,NA,B6,0.394193193,-0.348767153,-0.563709629,-0.268344105,-0.13969317,7,7,-1.009717175,-0.5,NA
892,B0607,6,B,6B,Muslim,Enemies,Enemy4,2,17,M,7,2,7,7,6,3,NA,6,7,6,5,2,7,7,NA,1,1,1,2,1,1,1,2,4,1,1,1,2,1,4,4,4,1,1,1,3,4,5,1,5,3,M,Muslim,NA,NA,NA,1,1,1,1,1,1,1,1,4,1,3,1,5,3,1,5,1,1,3,5,7,1,1,7,1,1,B6,0.394193193,-0.348767153,-0.563709629,-0.268344105,-0.13969317,7,7,-1.009717175,-0.5,NA
893,B0607,6,B,6B,Muslim,Enemies,Enemy5,2,21,M,7,2,7,7,6,3,NA,6,7,6,5,2,7,7,NA,1,1,1,2,1,1,1,2,4,1,1,1,2,1,4,4,4,1,1,1,3,4,5,1,5,3,M,Muslim,2,2,1,1,1,1,2,1,1,1,1,4,4,4,NA,1,2,NA,1,1,1,3,3,6,6,5,7,1,1,B6,0.394193193,-0.348767153,-0.563709629,-0.268344105,-0.13969317,7,7,-1.009717175,-0.5,NA
894,B0610,6,B,6B,Hindu,Enemies,Enemy1,2,5,M,10,2,7,1,7,6,1,6,6,5,6,5,6,2,NA,1,2,2,1,1,1,1,4,3,1,2,2,1,1,7,7,3,5,2,2,1,1,1,1,2,2,M,Muslim,1,4,1,1,1,3,4,2,1,3,1,4,3,4,2,1,1,2,1,5,2,5,1,NA,2,3,7,1,0,B6,0.394193193,-0.348767153,-0.563709629,-0.268344105,-0.13969317,7,1,1.621549634144792,-0.5,5
895,B0610,6,B,6B,Hindu,Enemies,Enemy2,2,12,M,10,2,7,1,7,6,1,6,6,5,6,5,6,2,NA,1,2,2,1,1,1,1,4,3,1,2,2,1,1,7,7,3,5,2,2,1,1,1,1,2,2,M,Muslim,3,1,2,2,1,2,NA,2,1,1,1,4,1,7,5,1,3,2,1,2,1,3,4,7,1,1,7,1,0,B6,0.394193193,-0.348767153,-0.563709629,-0.268344105,-0.13969317,7,1,1.621549634144792,-0.5,5
896,B0610,6,B,6B,Hindu,Enemies,Enemy3,2,18,M,10,2,7,1,7,6,1,6,6,5,6,5,6,2,NA,1,2,2,1,1,1,1,4,3,1,2,2,1,1,7,7,3,5,2,2,1,1,1,1,2,2,M,Muslim,1,NA,1,1,1,1,1,1,1,2,1,4,4,4,5,1,5,1,5,5,2,2,1,NA,NA,NA,NA,1,0,B6,0.394193193,-0.348767153,-0.563709629,-0.268344105,-0.13969317,7,1,1.621549634144792,-0.5,5
897,B0610,6,B,6B,Hindu,Enemies,Enemy4,2,26,M,10,2,7,1,7,6,1,6,6,5,6,5,6,2,NA,1,2,2,1,1,1,1,4,3,1,2,2,1,1,7,7,3,5,2,2,1,1,1,1,2,2,M,NA,NA,NA,NA,NA,NA,NA,NA,NA,NA,NA,NA,NA,NA,NA,NA,NA,NA,NA,NA,NA,NA,NA,NA,NA,NA,NA,NA,1,NA,B6,0.394193193,-0.348767153,-0.563709629,-0.268344105,-0.13969317,7,1,1.621549634144792,-0.5,5
898,B0610,6,B,6B,Hindu,Enemies,Enemy5,2,27,M,10,2,7,1,7,6,1,6,6,5,6,5,6,2,NA,1,2,2,1,1,1,1,4,3,1,2,2,1,1,7,7,3,5,2,2,1,1,1,1,2,2,M,NA,NA,NA,NA,NA,NA,NA,NA,NA,NA,NA,NA,NA,NA,NA,NA,NA,NA,NA,NA,NA,NA,NA,NA,NA,NA,NA,NA,1,NA,B6,0.394193193,-0.348767153,-0.563709629,-0.268344105,-0.13969317,7,1,1.621549634144792,-0.5,5
899,B0611,6,B,6B,Hindu,Enemies,Enemy1,2,18,M,11,2,7,3,6,7,1,NA,7,4,5,NA,3,6,NA,1,1,2,1,1,1,1,4,2,1,1,2,1,1,7,4,5,2,3,2,2,1,1,1,2,4,M,Muslim,1,NA,1,1,1,1,1,1,1,2,1,4,4,4,5,1,5,1,5,5,2,2,1,NA,NA,NA,NA,1,0,B6,0.394193193,-0.348767153,-0.563709629,-0.268344105,-0.13969317,7,3,0.7444606977058776,-0.5,6
900,B0614,6,B,6B,Hindu,Enemies,Enemy1,2,8,M,14,6,7,4,7,7,2,6,7,5,6,6,5,2,NA,1,2,1,2,1,1,2,1,2,1,2,2,1,1,7,5,4,2,1,1,2,2,1,1,2,2,M,Muslim,2,2,1,1,1,1,2,1,2,1,3,4,4,3,2,2,1,1,1,1,1,3,3,7,5,3,7,1,0,B6,0.394193193,-0.348767153,-0.563709629,-0.268344105,-0.13969317,7,4,0.30591622948642044,-0.5,5
901,B0614,6,B,6B,Hindu,Enemies,Enemy2,2,12,M,14,6,7,4,7,7,2,6,7,5,6,6,5,2,NA,1,2,1,2,1,1,2,1,2,1,2,2,1,1,7,5,4,2,1,1,2,2,1,1,2,2,M,Muslim,3,1,2,2,1,2,NA,2,1,1,1,4,1,7,5,1,3,2,1,2,1,3,4,7,1,1,7,1,0,B6,0.394193193,-0.348767153,-0.563709629,-0.268344105,-0.13969317,7,4,0.30591622948642044,-0.5,5
902,B0614,6,B,6B,Hindu,Enemies,Enemy3,2,15,M,14,6,7,4,7,7,2,6,7,5,6,6,5,2,NA,1,2,1,2,1,1,2,1,2,1,2,2,1,1,7,5,4,2,1,1,2,2,1,1,2,2,M,Muslim,NA,1,2,2,1,1,1,4,5,1,1,7,5,7,1,5,2,1,3,1,1,2,3,7,7,1,7,1,0,B6,0.394193193,-0.348767153,-0.563709629,-0.268344105,-0.13969317,7,4,0.30591622948642044,-0.5,5
903,B0614,6,B,6B,Hindu,Enemies,Enemy4,2,17,M,14,6,7,4,7,7,2,6,7,5,6,6,5,2,NA,1,2,1,2,1,1,2,1,2,1,2,2,1,1,7,5,4,2,1,1,2,2,1,1,2,2,M,Muslim,NA,NA,NA,1,1,1,1,1,1,1,1,4,1,3,1,5,3,1,5,1,1,3,5,7,1,1,7,1,0,B6,0.394193193,-0.348767153,-0.563709629,-0.268344105,-0.13969317,7,4,0.30591622948642044,-0.5,5
904,B0614,6,B,6B,Hindu,Enemies,Enemy5,2,23,M,14,6,7,4,7,7,2,6,7,5,6,6,5,2,NA,1,2,1,2,1,1,2,1,2,1,2,2,1,1,7,5,4,2,1,1,2,2,1,1,2,2,M,Hindu,2,1,1,1,1,1,1,1,2,1,1,4,4,3,3,1,1,1,1,3,2,1,1,7,1,7,1,1,1,B6,0.394193193,-0.348767153,-0.563709629,-0.268344105,-0.13969317,7,4,0.30591622948642044,-0.5,5
905,B0614,6,B,6B,Hindu,Enemies,Enemy6,2,26,M,14,6,7,4,7,7,2,6,7,5,6,6,5,2,NA,1,2,1,2,1,1,2,1,2,1,2,2,1,1,7,5,4,2,1,1,2,2,1,1,2,2,M,NA,NA,NA,NA,NA,NA,NA,NA,NA,NA,NA,NA,NA,NA,NA,NA,NA,NA,NA,NA,NA,NA,NA,NA,NA,NA,NA,NA,1,NA,B6,0.394193193,-0.348767153,-0.563709629,-0.268344105,-0.13969317,7,4,0.30591622948642044,-0.5,5
906,B0614,6,B,6B,Hindu,Enemies,Enemy7,2,31,M,14,6,7,4,7,7,2,6,7,5,6,6,5,2,NA,1,2,1,2,1,1,2,1,2,1,2,2,1,1,7,5,4,2,1,1,2,2,1,1,2,2,M,Muslim,3,1,2,3,2,1,2,5,1,NA,2,3,1,2,3,2,2,1,1,2,2,1,3,6,5,4,3,1,0,B6,0.394193193,-0.348767153,-0.563709629,-0.268344105,-0.13969317,7,4,0.30591622948642044,-0.5,5
907,B0616,6,B,6B,Hindu,Enemies,Enemy1,2,1,M,16,1,7,6,7,7,6,6,6,2,3,7,4,2,NA,1,3,1,3,2,2,1,1,3,1,2,5,1,1,3,4,4,4,1,1,1,1,5,1,5,5,M,Muslim,1,1,1,1,1,1,5,1,1,1,1,3,3,3,3,3,1,1,2,3,3,4,4,7,4,5,7,1,0,B6,0.394193193,-0.348767153,-0.563709629,-0.268344105,-0.13969317,7,6,-0.571172707,-0.5,1
908,B0616,6,B,6B,Hindu,Enemies,Enemy2,2,5,M,16,1,7,6,7,7,6,6,6,2,3,7,4,2,NA,1,3,1,3,2,2,1,1,3,1,2,5,1,1,3,4,4,4,1,1,1,1,5,1,5,5,M,Muslim,1,4,1,1,1,3,4,2,1,3,1,4,3,4,2,1,1,2,1,5,2,5,1,NA,2,3,7,1,0,B6,0.394193193,-0.348767153,-0.563709629,-0.268344105,-0.13969317,7,6,-0.571172707,-0.5,1
909,B0616,6,B,6B,Hindu,Enemies,Enemy3,2,7,M,16,1,7,6,7,7,6,6,6,2,3,7,4,2,NA,1,3,1,3,2,2,1,1,3,1,2,5,1,1,3,4,4,4,1,1,1,1,5,1,5,5,M,Muslim,1,1,2,1,1,1,4,1,1,1,1,4,4,4,1,1,1,3,4,5,1,5,3,7,7,3,NA,1,0,B6,0.394193193,-0.348767153,-0.563709629,-0.268344105,-0.13969317,7,6,-0.571172707,-0.5,1
910,B0616,6,B,6B,Hindu,Enemies,Enemy4,2,8,M,16,1,7,6,7,7,6,6,6,2,3,7,4,2,NA,1,3,1,3,2,2,1,1,3,1,2,5,1,1,3,4,4,4,1,1,1,1,5,1,5,5,M,Muslim,2,2,1,1,1,1,2,1,2,1,3,4,4,3,2,2,1,1,1,1,1,3,3,7,5,3,7,1,0,B6,0.394193193,-0.348767153,-0.563709629,-0.268344105,-0.13969317,7,6,-0.571172707,-0.5,1
911,B0616,6,B,6B,Hindu,Enemies,Enemy5,2,12,M,16,1,7,6,7,7,6,6,6,2,3,7,4,2,NA,1,3,1,3,2,2,1,1,3,1,2,5,1,1,3,4,4,4,1,1,1,1,5,1,5,5,M,Muslim,3,1,2,2,1,2,NA,2,1,1,1,4,1,7,5,1,3,2,1,2,1,3,4,7,1,1,7,1,0,B6,0.394193193,-0.348767153,-0.563709629,-0.268344105,-0.13969317,7,6,-0.571172707,-0.5,1
912,B0616,6,B,6B,Hindu,Enemies,Enemy6,2,13,M,16,1,7,6,7,7,6,6,6,2,3,7,4,2,NA,1,3,1,3,2,2,1,1,3,1,2,5,1,1,3,4,4,4,1,1,1,1,5,1,5,5,M,NA,NA,NA,NA,NA,NA,NA,NA,NA,NA,NA,NA,NA,NA,NA,NA,NA,NA,NA,NA,NA,NA,NA,NA,NA,NA,NA,NA,1,NA,B6,0.394193193,-0.348767153,-0.563709629,-0.268344105,-0.13969317,7,6,-0.571172707,-0.5,1
913,B0616,6,B,6B,Hindu,Enemies,Enemy7,2,15,M,16,1,7,6,7,7,6,6,6,2,3,7,4,2,NA,1,3,1,3,2,2,1,1,3,1,2,5,1,1,3,4,4,4,1,1,1,1,5,1,5,5,M,Muslim,NA,1,2,2,1,1,1,4,5,1,1,7,5,7,1,5,2,1,3,1,1,2,3,7,7,1,7,1,0,B6,0.394193193,-0.348767153,-0.563709629,-0.268344105,-0.13969317,7,6,-0.571172707,-0.5,1
914,B0617,6,B,6B,Muslim,Enemies,Enemy1,2,2,M,17,1,7,1,7,1,7,3,6,1,3,1,2,2,NA,1,NA,NA,NA,1,1,1,2,1,1,1,1,2,1,4,1,3,1,5,3,1,5,1,1,3,5,M,Hindu,3,1,2,1,2,1,4,4,5,2,1,7,7,1,2,1,1,2,1,1,1,2,5,7,4,3,1,1,0,B6,0.394193193,-0.348767153,-0.563709629,-0.268344105,-0.13969317,7,1,1.621549634144792,-0.5,6
915,B0617,6,B,6B,Muslim,Enemies,Enemy2,2,3,M,17,1,7,1,7,1,7,3,6,1,3,1,2,2,NA,1,NA,NA,NA,1,1,1,2,1,1,1,1,2,1,4,1,3,1,5,3,1,5,1,1,3,5,M,Hindu,1,3,2,3,1,2,3,4,2,2,1,3,3,2,1,2,3,2,1,1,1,3,2,5,2,7,1,1,0,B6,0.394193193,-0.348767153,-0.563709629,-0.268344105,-0.13969317,7,1,1.621549634144792,-0.5,6
916,B0617,6,B,6B,Muslim,Enemies,Enemy3,2,9,M,17,1,7,1,7,1,7,3,6,1,3,1,2,2,NA,1,NA,NA,NA,1,1,1,2,1,1,1,1,2,1,4,1,3,1,5,3,1,5,1,1,3,5,M,Hindu,2,1,1,1,1,1,3,1,4,2,3,4,4,4,1,1,2,5,1,3,1,5,1,7,7,5,6,1,0,B6,0.394193193,-0.348767153,-0.563709629,-0.268344105,-0.13969317,7,1,1.621549634144792,-0.5,6
917,B0617,6,B,6B,Muslim,Enemies,Enemy4,2,11,M,17,1,7,1,7,1,7,3,6,1,3,1,2,2,NA,1,NA,NA,NA,1,1,1,2,1,1,1,1,2,1,4,1,3,1,5,3,1,5,1,1,3,5,M,Hindu,1,2,1,1,1,1,2,1,1,2,1,7,4,5,2,3,2,2,1,1,1,2,4,7,3,7,1,1,0,B6,0.394193193,-0.348767153,-0.563709629,-0.268344105,-0.13969317,7,1,1.621549634144792,-0.5,6
918,B0617,6,B,6B,Muslim,Enemies,Enemy5,2,14,M,17,1,7,1,7,1,7,3,6,1,3,1,2,2,NA,1,NA,NA,NA,1,1,1,2,1,1,1,1,2,1,4,1,3,1,5,3,1,5,1,1,3,5,M,Hindu,2,1,2,1,1,2,2,1,2,2,1,7,5,4,2,1,1,2,2,1,1,2,2,7,4,7,2,1,0,B6,0.394193193,-0.348767153,-0.563709629,-0.268344105,-0.13969317,7,1,1.621549634144792,-0.5,6
919,B0618,6,B,6B,Muslim,Enemies,Enemy1,2,1,M,18,NA,NA,NA,NA,NA,NA,NA,NA,NA,NA,4,NA,8,NA,1,1,NA,1,1,1,1,2,1,1,1,2,2,1,4,4,4,5,1,5,1,5,5,2,2,1,M,Muslim,1,1,1,1,1,1,5,1,1,1,1,3,3,3,3,3,1,1,2,3,3,4,4,7,4,5,7,1,1,B6,0.394193193,-0.348767153,-0.563709629,-0.268344105,-0.13969317,NA,NA,NA,-0.5,NA
920,B0620,6,B,6B,Muslim,Enemies,Enemy1,2,1,M,20,NA,7,NA,7,1,7,6,6,5,6,7,3,8,8,1,1,1,1,1,1,1,4,2,1,2,1,2,1,4,4,4,2,3,4,1,2,1,3,5,2,M,Muslim,1,1,1,1,1,1,5,1,1,1,1,3,3,3,3,3,1,1,2,3,3,4,4,7,4,5,7,1,1,B6,0.394193193,-0.348767153,-0.563709629,-0.268344105,-0.13969317,7,NA,NA,-0.5,6
921,B0620,6,B,6B,Muslim,Enemies,Enemy2,2,2,M,20,NA,7,NA,7,1,7,6,6,5,6,7,3,8,8,1,1,1,1,1,1,1,4,2,1,2,1,2,1,4,4,4,2,3,4,1,2,1,3,5,2,M,Hindu,3,1,2,1,2,1,4,4,5,2,1,7,7,1,2,1,1,2,1,1,1,2,5,7,4,3,1,1,0,B6,0.394193193,-0.348767153,-0.563709629,-0.268344105,-0.13969317,7,NA,NA,-0.5,6
922,B0620,6,B,6B,Muslim,Enemies,Enemy3,2,3,M,20,NA,7,NA,7,1,7,6,6,5,6,7,3,8,8,1,1,1,1,1,1,1,4,2,1,2,1,2,1,4,4,4,2,3,4,1,2,1,3,5,2,M,Hindu,1,3,2,3,1,2,3,4,2,2,1,3,3,2,1,2,3,2,1,1,1,3,2,5,2,7,1,1,0,B6,0.394193193,-0.348767153,-0.563709629,-0.268344105,-0.13969317,7,NA,NA,-0.5,6
923,B0620,6,B,6B,Muslim,Enemies,Enemy4,2,4,M,20,NA,7,NA,7,1,7,6,6,5,6,7,3,8,8,1,1,1,1,1,1,1,4,2,1,2,1,2,1,4,4,4,2,3,4,1,2,1,3,5,2,M,Hindu,1,1,1,1,1,1,3,1,2,2,1,4,7,2,5,5,5,5,5,4,5,1,5,7,7,7,6,1,0,B6,0.394193193,-0.348767153,-0.563709629,-0.268344105,-0.13969317,7,NA,NA,-0.5,6
924,B0620,6,B,6B,Muslim,Enemies,Enemy5,2,6,M,20,NA,7,NA,7,1,7,6,6,5,6,7,3,8,8,1,1,1,1,1,1,1,4,2,1,2,1,2,1,4,4,4,2,3,4,1,2,1,3,5,2,M,Hindu,2,3,1,1,1,1,3,1,2,2,1,4,5,7,2,2,2,1,3,1,1,3,2,4,4,7,4,1,0,B6,0.394193193,-0.348767153,-0.563709629,-0.268344105,-0.13969317,7,NA,NA,-0.5,6
925,B0620,6,B,6B,Muslim,Enemies,Enemy6,2,9,M,20,NA,7,NA,7,1,7,6,6,5,6,7,3,8,8,1,1,1,1,1,1,1,4,2,1,2,1,2,1,4,4,4,2,3,4,1,2,1,3,5,2,M,Hindu,2,1,1,1,1,1,3,1,4,2,3,4,4,4,1,1,2,5,1,3,1,5,1,7,7,5,6,1,0,B6,0.394193193,-0.348767153,-0.563709629,-0.268344105,-0.13969317,7,NA,NA,-0.5,6
926,B0620,6,B,6B,Muslim,Enemies,Enemy7,2,25,M,20,NA,7,NA,7,1,7,6,6,5,6,7,3,8,8,1,1,1,1,1,1,1,4,2,1,2,1,2,1,4,4,4,2,3,4,1,2,1,3,5,2,M,Hindu,1,1,1,2,1,2,3,1,1,2,1,6,7,7,2,1,2,1,1,2,1,5,3,7,5,7,3,1,0,B6,0.394193193,-0.348767153,-0.563709629,-0.268344105,-0.13969317,7,NA,NA,-0.5,6
927,B0621,6,B,6B,Muslim,Enemies,Enemy1,2,2,M,21,5,6,6,7,5,7,7,5,5,6,7,5,8,NA,1,2,2,1,1,1,1,2,2,1,1,1,2,1,4,4,4,NA,1,2,NA,1,1,1,3,3,M,Hindu,3,1,2,1,2,1,4,4,5,2,1,7,7,1,2,1,1,2,1,1,1,2,5,7,4,3,1,1,0,B6,0.394193193,-0.348767153,-0.563709629,-0.268344105,-0.13969317,6,6,-1.009717175,-0.5,2
928,B0621,6,B,6B,Muslim,Enemies,Enemy2,2,15,M,21,5,6,6,7,5,7,7,5,5,6,7,5,8,NA,1,2,2,1,1,1,1,2,2,1,1,1,2,1,4,4,4,NA,1,2,NA,1,1,1,3,3,M,Muslim,NA,1,2,2,1,1,1,4,5,1,1,7,5,7,1,5,2,1,3,1,1,2,3,7,7,1,7,1,1,B6,0.394193193,-0.348767153,-0.563709629,-0.268344105,-0.13969317,6,6,-1.009717175,-0.5,2
929,B0621,6,B,6B,Muslim,Enemies,Enemy3,2,23,M,21,5,6,6,7,5,7,7,5,5,6,7,5,8,NA,1,2,2,1,1,1,1,2,2,1,1,1,2,1,4,4,4,NA,1,2,NA,1,1,1,3,3,M,Hindu,2,1,1,1,1,1,1,1,2,1,1,4,4,3,3,1,1,1,1,3,2,1,1,7,1,7,1,1,0,B6,0.394193193,-0.348767153,-0.563709629,-0.268344105,-0.13969317,6,6,-1.009717175,-0.5,2
930,B0621,6,B,6B,Muslim,Enemies,Enemy4,2,26,M,21,5,6,6,7,5,7,7,5,5,6,7,5,8,NA,1,2,2,1,1,1,1,2,2,1,1,1,2,1,4,4,4,NA,1,2,NA,1,1,1,3,3,M,NA,NA,NA,NA,NA,NA,NA,NA,NA,NA,NA,NA,NA,NA,NA,NA,NA,NA,NA,NA,NA,NA,NA,NA,NA,NA,NA,NA,1,NA,B6,0.394193193,-0.348767153,-0.563709629,-0.268344105,-0.13969317,6,6,-1.009717175,-0.5,2
931,B0621,6,B,6B,Muslim,Enemies,Enemy5,2,41,M,21,5,6,6,7,5,7,7,5,5,6,7,5,8,NA,1,2,2,1,1,1,1,2,2,1,1,1,2,1,4,4,4,NA,1,2,NA,1,1,1,3,3,M,Muslim,2,1,1,1,2,1,4,1,1,1,1,4,4,4,1,1,2,1,5,1,1,5,5,7,7,1,7,1,1,B6,0.394193193,-0.348767153,-0.563709629,-0.268344105,-0.13969317,6,6,-1.009717175,-0.5,2
932,B0621,6,B,6B,Muslim,Enemies,Enemy6,2,53,M,21,5,6,6,7,5,7,7,5,5,6,7,5,8,NA,1,2,2,1,1,1,1,2,2,1,1,1,2,1,4,4,4,NA,1,2,NA,1,1,1,3,3,F,NA,NA,NA,NA,NA,NA,NA,NA,NA,NA,NA,NA,NA,NA,NA,NA,NA,NA,NA,NA,NA,NA,NA,NA,NA,NA,NA,NA,0,NA,B6,0.394193193,-0.348767153,-0.563709629,-0.268344105,-0.13969317,6,6,-1.009717175,-0.5,2
933,B0622,6,B,6B,Hindu,Enemies,Enemy1,2,5,M,22,3,7,1,5,7,1,6,7,2,1,4,7,1,NA,1,5,1,1,3,2,1,1,1,4,2,3,1,1,4,4,2,1,4,3,2,1,3,1,1,1,M,Muslim,1,4,1,1,1,3,4,2,1,3,1,4,3,4,2,1,1,2,1,5,2,5,1,NA,2,3,7,1,0,B6,0.394193193,-0.348767153,-0.563709629,-0.268344105,-0.13969317,7,1,1.621549634144792,-0.5,6
934,B0622,6,B,6B,Hindu,Enemies,Enemy2,2,12,M,22,3,7,1,5,7,1,6,7,2,1,4,7,1,NA,1,5,1,1,3,2,1,1,1,4,2,3,1,1,4,4,2,1,4,3,2,1,3,1,1,1,M,Muslim,3,1,2,2,1,2,NA,2,1,1,1,4,1,7,5,1,3,2,1,2,1,3,4,7,1,1,7,1,0,B6,0.394193193,-0.348767153,-0.563709629,-0.268344105,-0.13969317,7,1,1.621549634144792,-0.5,6
935,B0622,6,B,6B,Hindu,Enemies,Enemy3,2,13,M,22,3,7,1,5,7,1,6,7,2,1,4,7,1,NA,1,5,1,1,3,2,1,1,1,4,2,3,1,1,4,4,2,1,4,3,2,1,3,1,1,1,M,NA,NA,NA,NA,NA,NA,NA,NA,NA,NA,NA,NA,NA,NA,NA,NA,NA,NA,NA,NA,NA,NA,NA,NA,NA,NA,NA,NA,1,NA,B6,0.394193193,-0.348767153,-0.563709629,-0.268344105,-0.13969317,7,1,1.621549634144792,-0.5,6
936,B0622,6,B,6B,Hindu,Enemies,Enemy4,2,15,M,22,3,7,1,5,7,1,6,7,2,1,4,7,1,NA,1,5,1,1,3,2,1,1,1,4,2,3,1,1,4,4,2,1,4,3,2,1,3,1,1,1,M,Muslim,NA,1,2,2,1,1,1,4,5,1,1,7,5,7,1,5,2,1,3,1,1,2,3,7,7,1,7,1,0,B6,0.394193193,-0.348767153,-0.563709629,-0.268344105,-0.13969317,7,1,1.621549634144792,-0.5,6
937,B0622,6,B,6B,Hindu,Enemies,Enemy5,2,19,M,22,3,7,1,5,7,1,6,7,2,1,4,7,1,NA,1,5,1,1,3,2,1,1,1,4,2,3,1,1,4,4,2,1,4,3,2,1,3,1,1,1,M,NA,NA,NA,NA,NA,NA,NA,NA,NA,NA,NA,NA,NA,NA,NA,NA,NA,NA,NA,NA,NA,NA,NA,NA,NA,NA,NA,NA,1,NA,B6,0.394193193,-0.348767153,-0.563709629,-0.268344105,-0.13969317,7,1,1.621549634144792,-0.5,6
938,B0622,6,B,6B,Hindu,Enemies,Enemy6,2,40,M,22,3,7,1,5,7,1,6,7,2,1,4,7,1,NA,1,5,1,1,3,2,1,1,1,4,2,3,1,1,4,4,2,1,4,3,2,1,3,1,1,1,M,Hindu,2,3,1,1,2,1,2,1,3,1,1,4,3,4,2,2,1,1,1,1,1,NA,2,7,2,7,1,1,1,B6,0.394193193,-0.348767153,-0.563709629,-0.268344105,-0.13969317,7,1,1.621549634144792,-0.5,6
939,B0622,6,B,6B,Hindu,Enemies,Enemy7,2,41,M,22,3,7,1,5,7,1,6,7,2,1,4,7,1,NA,1,5,1,1,3,2,1,1,1,4,2,3,1,1,4,4,2,1,4,3,2,1,3,1,1,1,M,Muslim,2,1,1,1,2,1,4,1,1,1,1,4,4,4,1,1,2,1,5,1,1,5,5,7,7,1,7,1,0,B6,0.394193193,-0.348767153,-0.563709629,-0.268344105,-0.13969317,7,1,1.621549634144792,-0.5,6
940,B0623,6,B,6B,Hindu,Enemies,Enemy1,2,53,M,23,1,7,1,7,7,1,7,7,4,2,7,7,8,NA,1,2,1,1,1,1,1,NA,1,1,2,1,1,1,4,4,3,3,1,1,1,1,3,2,1,1,F,NA,NA,NA,NA,NA,NA,NA,NA,NA,NA,NA,NA,NA,NA,NA,NA,NA,NA,NA,NA,NA,NA,NA,NA,NA,NA,NA,NA,0,NA,B6,0.394193193,-0.348767153,-0.563709629,-0.268344105,-0.13969317,7,1,1.621549634144792,-0.5,6
941,B0624,6,B,6B,Muslim,Enemies,Enemy1,2,2,M,24,2,7,7,5,1,7,6,4,1,4,NA,NA,6,NA,1,1,1,1,1,1,1,2,4,1,1,1,2,1,4,4,4,3,1,1,1,1,5,1,1,2,M,Hindu,3,1,2,1,2,1,4,4,5,2,1,7,7,1,2,1,1,2,1,1,1,2,5,7,4,3,1,1,0,B6,0.394193193,-0.348767153,-0.563709629,-0.268344105,-0.13969317,7,7,-1.009717175,-0.5,6
942,B0624,6,B,6B,Muslim,Enemies,Enemy2,2,3,M,24,2,7,7,5,1,7,6,4,1,4,NA,NA,6,NA,1,1,1,1,1,1,1,2,4,1,1,1,2,1,4,4,4,3,1,1,1,1,5,1,1,2,M,Hindu,1,3,2,3,1,2,3,4,2,2,1,3,3,2,1,2,3,2,1,1,1,3,2,5,2,7,1,1,0,B6,0.394193193,-0.348767153,-0.563709629,-0.268344105,-0.13969317,7,7,-1.009717175,-0.5,6
943,B0624,6,B,6B,Muslim,Enemies,Enemy3,2,10,M,24,2,7,7,5,1,7,6,4,1,4,NA,NA,6,NA,1,1,1,1,1,1,1,2,4,1,1,1,2,1,4,4,4,3,1,1,1,1,5,1,1,2,M,Hindu,2,2,1,1,1,1,3,1,2,2,1,7,7,3,5,2,2,1,1,1,1,2,2,7,1,6,1,1,0,B6,0.394193193,-0.348767153,-0.563709629,-0.268344105,-0.13969317,7,7,-1.009717175,-0.5,6
944,B0624,6,B,6B,Muslim,Enemies,Enemy4,2,16,M,24,2,7,7,5,1,7,6,4,1,4,NA,NA,6,NA,1,1,1,1,1,1,1,2,4,1,1,1,2,1,4,4,4,3,1,1,1,1,5,1,1,2,M,Hindu,3,1,3,2,2,1,3,1,2,5,1,3,4,4,4,1,1,1,1,5,1,5,5,7,6,7,6,1,0,B6,0.394193193,-0.348767153,-0.563709629,-0.268344105,-0.13969317,7,7,-1.009717175,-0.5,6
945,B0624,6,B,6B,Muslim,Enemies,Enemy5,2,28,M,24,2,7,7,5,1,7,6,4,1,4,NA,NA,6,NA,1,1,1,1,1,1,1,2,4,1,1,1,2,1,4,4,4,3,1,1,1,1,5,1,1,2,M,other,1,1,1,1,1,1,1,1,1,1,1,7,7,7,5,5,5,5,5,3,5,3,5,7,7,7,7,1,0,B6,0.394193193,-0.348767153,-0.563709629,-0.268344105,-0.13969317,7,7,-1.009717175,-0.5,6
946,B0624,6,B,6B,Muslim,Enemies,Enemy6,2,36,M,24,2,7,7,5,1,7,6,4,1,4,NA,NA,6,NA,1,1,1,1,1,1,1,2,4,1,1,1,2,1,4,4,4,3,1,1,1,1,5,1,1,2,M,Hindu,1,1,1,1,1,1,1,1,1,5,1,4,1,1,1,1,1,3,1,1,1,4,1,7,6,6,6,1,0,B6,0.394193193,-0.348767153,-0.563709629,-0.268344105,-0.13969317,7,7,-1.009717175,-0.5,6
947,B0624,6,B,6B,Muslim,Enemies,Enemy7,2,38,M,24,2,7,7,5,1,7,6,4,1,4,NA,NA,6,NA,1,1,1,1,1,1,1,2,4,1,1,1,2,1,4,4,4,3,1,1,1,1,5,1,1,2,M,NA,NA,NA,NA,NA,NA,NA,NA,NA,NA,NA,NA,NA,NA,NA,NA,NA,NA,NA,NA,NA,NA,NA,NA,NA,NA,NA,NA,1,NA,B6,0.394193193,-0.348767153,-0.563709629,-0.268344105,-0.13969317,7,7,-1.009717175,-0.5,6
948,B0625,6,B,6B,Hindu,Enemies,Enemy1,2,35,M,25,1,7,5,5,7,3,7,7,4,6,5,4,3,NA,1,1,1,1,2,1,2,1,3,1,1,2,1,1,6,7,7,2,1,2,1,1,2,1,5,3,M,Muslim,1,1,1,1,1,2,4,1,1,1,1,7,5,5,1,1,1,3,1,1,1,1,1,7,7,1,7,1,0,B6,0.394193193,-0.348767153,-0.563709629,-0.268344105,-0.13969317,7,5,-0.132628239,-0.5,4
949,B0625,6,B,6B,Hindu,Enemies,Enemy2,2,53,M,25,1,7,5,5,7,3,7,7,4,6,5,4,3,NA,1,1,1,1,2,1,2,1,3,1,1,2,1,1,6,7,7,2,1,2,1,1,2,1,5,3,F,NA,NA,NA,NA,NA,NA,NA,NA,NA,NA,NA,NA,NA,NA,NA,NA,NA,NA,NA,NA,NA,NA,NA,NA,NA,NA,NA,NA,0,NA,B6,0.394193193,-0.348767153,-0.563709629,-0.268344105,-0.13969317,7,5,-0.132628239,-0.5,4
950,B0629,6,B,6B,Hindu,Enemies,Enemy1,2,12,M,29,3,7,5,7,7,4,2,3,1,5,1,NA,2,NA,1,2,3,1,1,2,1,2,1,1,4,3,1,1,4,5,3,2,1,2,1,1,1,2,5,1,M,Muslim,3,1,2,2,1,2,NA,2,1,1,1,4,1,7,5,1,3,2,1,2,1,3,4,7,1,1,7,1,0,B6,0.394193193,-0.348767153,-0.563709629,-0.268344105,-0.13969317,7,5,-0.132628239,-0.5,3
951,B0629,6,B,6B,Hindu,Enemies,Enemy2,2,15,M,29,3,7,5,7,7,4,2,3,1,5,1,NA,2,NA,1,2,3,1,1,2,1,2,1,1,4,3,1,1,4,5,3,2,1,2,1,1,1,2,5,1,M,Muslim,NA,1,2,2,1,1,1,4,5,1,1,7,5,7,1,5,2,1,3,1,1,2,3,7,7,1,7,1,0,B6,0.394193193,-0.348767153,-0.563709629,-0.268344105,-0.13969317,7,5,-0.132628239,-0.5,3
952,B0629,6,B,6B,Hindu,Enemies,Enemy3,2,17,M,29,3,7,5,7,7,4,2,3,1,5,1,NA,2,NA,1,2,3,1,1,2,1,2,1,1,4,3,1,1,4,5,3,2,1,2,1,1,1,2,5,1,M,Muslim,NA,NA,NA,1,1,1,1,1,1,1,1,4,1,3,1,5,3,1,5,1,1,3,5,7,1,1,7,1,0,B6,0.394193193,-0.348767153,-0.563709629,-0.268344105,-0.13969317,7,5,-0.132628239,-0.5,3
953,B0629,6,B,6B,Hindu,Enemies,Enemy4,2,27,M,29,3,7,5,7,7,4,2,3,1,5,1,NA,2,NA,1,2,3,1,1,2,1,2,1,1,4,3,1,1,4,5,3,2,1,2,1,1,1,2,5,1,M,NA,NA,NA,NA,NA,NA,NA,NA,NA,NA,NA,NA,NA,NA,NA,NA,NA,NA,NA,NA,NA,NA,NA,NA,NA,NA,NA,NA,1,NA,B6,0.394193193,-0.348767153,-0.563709629,-0.268344105,-0.13969317,7,5,-0.132628239,-0.5,3
954,B0629,6,B,6B,Hindu,Enemies,Enemy5,2,41,M,29,3,7,5,7,7,4,2,3,1,5,1,NA,2,NA,1,2,3,1,1,2,1,2,1,1,4,3,1,1,4,5,3,2,1,2,1,1,1,2,5,1,M,Muslim,2,1,1,1,2,1,4,1,1,1,1,4,4,4,1,1,2,1,5,1,1,5,5,7,7,1,7,1,0,B6,0.394193193,-0.348767153,-0.563709629,-0.268344105,-0.13969317,7,5,-0.132628239,-0.5,3
955,B0630,6,B,6B,Muslim,Enemies,Enemy1,2,12,M,30,3,7,5,7,4,3,7,5,6,5,4,5,8,DOWERE NOHARA,1,1,3,3,1,3,2,4,5,1,4,1,3,3,4,5,5,2,1,1,3,1,2,2,3,3,M,Muslim,3,1,2,2,1,2,NA,2,1,1,1,4,1,7,5,1,3,2,1,2,1,3,4,7,1,1,7,1,1,B6,0.394193193,-0.348767153,-0.563709629,-0.268344105,-0.13969317,7,5,-0.132628239,-0.5,-1
956,B0630,6,B,6B,Muslim,Enemies,Enemy2,2,15,M,30,3,7,5,7,4,3,7,5,6,5,4,5,8,DOWERE NOHARA,1,1,3,3,1,3,2,4,5,1,4,1,3,3,4,5,5,2,1,1,3,1,2,2,3,3,M,Muslim,NA,1,2,2,1,1,1,4,5,1,1,7,5,7,1,5,2,1,3,1,1,2,3,7,7,1,7,1,1,B6,0.394193193,-0.348767153,-0.563709629,-0.268344105,-0.13969317,7,5,-0.132628239,-0.5,-1
957,B0630,6,B,6B,Muslim,Enemies,Enemy3,2,23,M,30,3,7,5,7,4,3,7,5,6,5,4,5,8,DOWERE NOHARA,1,1,3,3,1,3,2,4,5,1,4,1,3,3,4,5,5,2,1,1,3,1,2,2,3,3,M,Hindu,2,1,1,1,1,1,1,1,2,1,1,4,4,3,3,1,1,1,1,3,2,1,1,7,1,7,1,1,0,B6,0.394193193,-0.348767153,-0.563709629,-0.268344105,-0.13969317,7,5,-0.132628239,-0.5,-1
958,B0630,6,B,6B,Muslim,Enemies,Enemy4,2,40,M,30,3,7,5,7,4,3,7,5,6,5,4,5,8,DOWERE NOHARA,1,1,3,3,1,3,2,4,5,1,4,1,3,3,4,5,5,2,1,1,3,1,2,2,3,3,M,Hindu,2,3,1,1,2,1,2,1,3,1,1,4,3,4,2,2,1,1,1,1,1,NA,2,7,2,7,1,1,0,B6,0.394193193,-0.348767153,-0.563709629,-0.268344105,-0.13969317,7,5,-0.132628239,-0.5,-1
959,B0630,6,B,6B,Muslim,Enemies,Enemy5,2,41,M,30,3,7,5,7,4,3,7,5,6,5,4,5,8,DOWERE NOHARA,1,1,3,3,1,3,2,4,5,1,4,1,3,3,4,5,5,2,1,1,3,1,2,2,3,3,M,Muslim,2,1,1,1,2,1,4,1,1,1,1,4,4,4,1,1,2,1,5,1,1,5,5,7,7,1,7,1,1,B6,0.394193193,-0.348767153,-0.563709629,-0.268344105,-0.13969317,7,5,-0.132628239,-0.5,-1
960,B0631,6,B,6B,Muslim,Enemies,Enemy1,2,28,M,31,2,6,5,7,4,3,5,5,1,3,1,5,7,NA,1,3,1,2,3,2,1,2,2,5,1,NA,2,2,3,1,2,3,2,2,1,1,2,2,1,3,M,other,1,1,1,1,1,1,1,1,1,1,1,7,7,7,5,5,5,5,5,3,5,3,5,7,7,7,7,1,0,B6,0.394193193,-0.348767153,-0.563709629,-0.268344105,-0.13969317,6,5,-0.571172707,-0.5,-1
961,B0631,6,B,6B,Muslim,Enemies,Enemy2,2,29,M,31,2,6,5,7,4,3,5,5,1,3,1,5,7,NA,1,3,1,2,3,2,1,2,2,5,1,NA,2,2,3,1,2,3,2,2,1,1,2,2,1,3,M,Hindu,2,3,1,1,2,1,1,1,4,3,1,4,5,3,2,1,2,1,1,1,2,5,1,7,5,7,4,1,0,B6,0.394193193,-0.348767153,-0.563709629,-0.268344105,-0.13969317,6,5,-0.571172707,-0.5,-1
962,B0632,6,B,6B,Muslim,Enemies,Enemy1,2,1,M,32,NA,1,NA,NA,NA,NA,NA,NA,NA,1,NA,NA,7,NA,1,2,2,3,1,3,1,2,3,1,4,2,2,1,4,1,3,1,1,2,2,1,1,1,1,4,M,Muslim,1,1,1,1,1,1,5,1,1,1,1,3,3,3,3,3,1,1,2,3,3,4,4,7,4,5,7,1,1,B6,0.394193193,-0.348767153,-0.563709629,-0.268344105,-0.13969317,1,NA,NA,-0.5,NA
963,B0632,6,B,6B,Muslim,Enemies,Enemy2,2,17,M,32,NA,1,NA,NA,NA,NA,NA,NA,NA,1,NA,NA,7,NA,1,2,2,3,1,3,1,2,3,1,4,2,2,1,4,1,3,1,1,2,2,1,1,1,1,4,M,Muslim,NA,NA,NA,1,1,1,1,1,1,1,1,4,1,3,1,5,3,1,5,1,1,3,5,7,1,1,7,1,1,B6,0.394193193,-0.348767153,-0.563709629,-0.268344105,-0.13969317,1,NA,NA,-0.5,NA
964,B0632,6,B,6B,Muslim,Enemies,Enemy3,2,18,M,32,NA,1,NA,NA,NA,NA,NA,NA,NA,1,NA,NA,7,NA,1,2,2,3,1,3,1,2,3,1,4,2,2,1,4,1,3,1,1,2,2,1,1,1,1,4,M,Muslim,1,NA,1,1,1,1,1,1,1,2,1,4,4,4,5,1,5,1,5,5,2,2,1,NA,NA,NA,NA,1,1,B6,0.394193193,-0.348767153,-0.563709629,-0.268344105,-0.13969317,1,NA,NA,-0.5,NA
965,B0632,6,B,6B,Muslim,Enemies,Enemy4,2,19,M,32,NA,1,NA,NA,NA,NA,NA,NA,NA,1,NA,NA,7,NA,1,2,2,3,1,3,1,2,3,1,4,2,2,1,4,1,3,1,1,2,2,1,1,1,1,4,M,NA,NA,NA,NA,NA,NA,NA,NA,NA,NA,NA,NA,NA,NA,NA,NA,NA,NA,NA,NA,NA,NA,NA,NA,NA,NA,NA,NA,1,NA,B6,0.394193193,-0.348767153,-0.563709629,-0.268344105,-0.13969317,1,NA,NA,-0.5,NA
966,B0632,6,B,6B,Muslim,Enemies,Enemy5,2,29,M,32,NA,1,NA,NA,NA,NA,NA,NA,NA,1,NA,NA,7,NA,1,2,2,3,1,3,1,2,3,1,4,2,2,1,4,1,3,1,1,2,2,1,1,1,1,4,M,Hindu,2,3,1,1,2,1,1,1,4,3,1,4,5,3,2,1,2,1,1,1,2,5,1,7,5,7,4,1,0,B6,0.394193193,-0.348767153,-0.563709629,-0.268344105,-0.13969317,1,NA,NA,-0.5,NA
967,B0632,6,B,6B,Muslim,Enemies,Enemy6,2,36,M,32,NA,1,NA,NA,NA,NA,NA,NA,NA,1,NA,NA,7,NA,1,2,2,3,1,3,1,2,3,1,4,2,2,1,4,1,3,1,1,2,2,1,1,1,1,4,M,Hindu,1,1,1,1,1,1,1,1,1,5,1,4,1,1,1,1,1,3,1,1,1,4,1,7,6,6,6,1,0,B6,0.394193193,-0.348767153,-0.563709629,-0.268344105,-0.13969317,1,NA,NA,-0.5,NA
968,B0632,6,B,6B,Muslim,Enemies,Enemy7,2,37,M,32,NA,1,NA,NA,NA,NA,NA,NA,NA,1,NA,NA,7,NA,1,2,2,3,1,3,1,2,3,1,4,2,2,1,4,1,3,1,1,2,2,1,1,1,1,4,M,Hindu,1,3,4,1,2,1,3,1,3,3,1,4,5,3,2,1,1,3,1,2,1,5,5,5,4,6,3,1,0,B6,0.394193193,-0.348767153,-0.563709629,-0.268344105,-0.13969317,1,NA,NA,-0.5,NA
969,B0635,6,B,6B,Muslim,Enemies,Enemy1,2,36,M,35,5,7,7,3,1,7,5,6,7,6,5,1,7,NA,1,1,1,1,1,1,2,2,4,1,1,1,2,1,7,5,5,1,1,1,3,1,1,1,1,1,M,Hindu,1,1,1,1,1,1,1,1,1,5,1,4,1,1,1,1,1,3,1,1,1,4,1,7,6,6,6,1,0,B6,0.394193193,-0.348767153,-0.563709629,-0.268344105,-0.13969317,7,7,-1.009717175,-0.5,6
970,B0635,6,B,6B,Muslim,Enemies,Enemy2,2,53,M,35,5,7,7,3,1,7,5,6,7,6,5,1,7,NA,1,1,1,1,1,1,2,2,4,1,1,1,2,1,7,5,5,1,1,1,3,1,1,1,1,1,F,NA,NA,NA,NA,NA,NA,NA,NA,NA,NA,NA,NA,NA,NA,NA,NA,NA,NA,NA,NA,NA,NA,NA,NA,NA,NA,NA,NA,0,NA,B6,0.394193193,-0.348767153,-0.563709629,-0.268344105,-0.13969317,7,7,-1.009717175,-0.5,6
971,B0636,6,B,6B,Hindu,Enemies,Enemy1,2,23,M,36,2,7,6,7,6,6,7,7,6,6,7,6,1,NA,1,1,1,1,1,1,1,4,1,1,1,5,1,1,4,1,1,1,1,1,3,1,1,1,4,1,M,Hindu,2,1,1,1,1,1,1,1,2,1,1,4,4,3,3,1,1,1,1,3,2,1,1,7,1,7,1,1,1,B6,0.394193193,-0.348767153,-0.563709629,-0.268344105,-0.13969317,7,6,-0.571172707,-0.5,0
972,B0636,6,B,6B,Hindu,Enemies,Enemy2,2,29,M,36,2,7,6,7,6,6,7,7,6,6,7,6,1,NA,1,1,1,1,1,1,1,4,1,1,1,5,1,1,4,1,1,1,1,1,3,1,1,1,4,1,M,Hindu,2,3,1,1,2,1,1,1,4,3,1,4,5,3,2,1,2,1,1,1,2,5,1,7,5,7,4,1,1,B6,0.394193193,-0.348767153,-0.563709629,-0.268344105,-0.13969317,7,6,-0.571172707,-0.5,0
973,B0636,6,B,6B,Hindu,Enemies,Enemy3,2,40,M,36,2,7,6,7,6,6,7,7,6,6,7,6,1,NA,1,1,1,1,1,1,1,4,1,1,1,5,1,1,4,1,1,1,1,1,3,1,1,1,4,1,M,Hindu,2,3,1,1,2,1,2,1,3,1,1,4,3,4,2,2,1,1,1,1,1,NA,2,7,2,7,1,1,1,B6,0.394193193,-0.348767153,-0.563709629,-0.268344105,-0.13969317,7,6,-0.571172707,-0.5,0
974,B0637,6,B,6B,Hindu,Enemies,Enemy1,2,12,M,37,3,5,4,4,6,3,5,4,4,4,3,4,6,NA,1,1,3,4,1,2,1,1,3,1,3,3,1,1,4,5,3,2,1,1,3,1,2,1,5,5,M,Muslim,3,1,2,2,1,2,NA,2,1,1,1,4,1,7,5,1,3,2,1,2,1,3,4,7,1,1,7,1,0,B6,0.394193193,-0.348767153,-0.563709629,-0.268344105,-0.13969317,5,4,-0.571172707,-0.5,3
975,B0637,6,B,6B,Hindu,Enemies,Enemy2,2,34,M,37,3,5,4,4,6,3,5,4,4,4,3,4,6,NA,1,1,3,4,1,2,1,1,3,1,3,3,1,1,4,5,3,2,1,1,3,1,2,1,5,5,M,Muslim,4,NA,1,1,NA,1,4,1,1,3,2,4,2,7,3,1,2,1,1,1,1,1,NA,6,5,NA,4,1,0,B6,0.394193193,-0.348767153,-0.563709629,-0.268344105,-0.13969317,5,4,-0.571172707,-0.5,3
976,B0637,6,B,6B,Hindu,Enemies,Enemy3,2,35,M,37,3,5,4,4,6,3,5,4,4,4,3,4,6,NA,1,1,3,4,1,2,1,1,3,1,3,3,1,1,4,5,3,2,1,1,3,1,2,1,5,5,M,Muslim,1,1,1,1,1,2,4,1,1,1,1,7,5,5,1,1,1,3,1,1,1,1,1,7,7,1,7,1,0,B6,0.394193193,-0.348767153,-0.563709629,-0.268344105,-0.13969317,5,4,-0.571172707,-0.5,3
977,B0640,6,B,6B,Hindu,Enemies,Enemy1,2,1,M,40,1,7,2,7,7,1,NA,7,3,4,6,3,1,NA,1,2,3,1,1,2,1,1,2,1,3,1,1,1,4,3,4,2,2,1,1,1,1,1,NA,2,M,Muslim,1,1,1,1,1,1,5,1,1,1,1,3,3,3,3,3,1,1,2,3,3,4,4,7,4,5,7,1,0,B6,0.394193193,-0.348767153,-0.563709629,-0.268344105,-0.13969317,7,2,1.183005165925335,-0.5,6
978,B0640,6,B,6B,Hindu,Enemies,Enemy2,2,5,M,40,1,7,2,7,7,1,NA,7,3,4,6,3,1,NA,1,2,3,1,1,2,1,1,2,1,3,1,1,1,4,3,4,2,2,1,1,1,1,1,NA,2,M,Muslim,1,4,1,1,1,3,4,2,1,3,1,4,3,4,2,1,1,2,1,5,2,5,1,NA,2,3,7,1,0,B6,0.394193193,-0.348767153,-0.563709629,-0.268344105,-0.13969317,7,2,1.183005165925335,-0.5,6
979,B0640,6,B,6B,Hindu,Enemies,Enemy3,2,8,M,40,1,7,2,7,7,1,NA,7,3,4,6,3,1,NA,1,2,3,1,1,2,1,1,2,1,3,1,1,1,4,3,4,2,2,1,1,1,1,1,NA,2,M,Muslim,2,2,1,1,1,1,2,1,2,1,3,4,4,3,2,2,1,1,1,1,1,3,3,7,5,3,7,1,0,B6,0.394193193,-0.348767153,-0.563709629,-0.268344105,-0.13969317,7,2,1.183005165925335,-0.5,6
980,B0640,6,B,6B,Hindu,Enemies,Enemy4,2,17,M,40,1,7,2,7,7,1,NA,7,3,4,6,3,1,NA,1,2,3,1,1,2,1,1,2,1,3,1,1,1,4,3,4,2,2,1,1,1,1,1,NA,2,M,Muslim,NA,NA,NA,1,1,1,1,1,1,1,1,4,1,3,1,5,3,1,5,1,1,3,5,7,1,1,7,1,0,B6,0.394193193,-0.348767153,-0.563709629,-0.268344105,-0.13969317,7,2,1.183005165925335,-0.5,6
981,B0640,6,B,6B,Hindu,Enemies,Enemy5,2,18,M,40,1,7,2,7,7,1,NA,7,3,4,6,3,1,NA,1,2,3,1,1,2,1,1,2,1,3,1,1,1,4,3,4,2,2,1,1,1,1,1,NA,2,M,Muslim,1,NA,1,1,1,1,1,1,1,2,1,4,4,4,5,1,5,1,5,5,2,2,1,NA,NA,NA,NA,1,0,B6,0.394193193,-0.348767153,-0.563709629,-0.268344105,-0.13969317,7,2,1.183005165925335,-0.5,6
982,B0641,6,B,6B,Muslim,Enemies,Enemy1,2,6,M,41,2,7,7,6,1,7,2,7,2,1,2,5,7,NA,1,2,1,1,1,2,1,2,4,1,1,1,2,1,4,4,4,1,1,2,1,5,1,1,5,5,M,Hindu,2,3,1,1,1,1,3,1,2,2,1,4,5,7,2,2,2,1,3,1,1,3,2,4,4,7,4,1,0,B6,0.394193193,-0.348767153,-0.563709629,-0.268344105,-0.13969317,7,7,-1.009717175,-0.5,6
983,B0641,6,B,6B,Muslim,Enemies,Enemy2,2,9,M,41,2,7,7,6,1,7,2,7,2,1,2,5,7,NA,1,2,1,1,1,2,1,2,4,1,1,1,2,1,4,4,4,1,1,2,1,5,1,1,5,5,M,Hindu,2,1,1,1,1,1,3,1,4,2,3,4,4,4,1,1,2,5,1,3,1,5,1,7,7,5,6,1,0,B6,0.394193193,-0.348767153,-0.563709629,-0.268344105,-0.13969317,7,7,-1.009717175,-0.5,6
984,B0641,6,B,6B,Muslim,Enemies,Enemy3,2,29,M,41,2,7,7,6,1,7,2,7,2,1,2,5,7,NA,1,2,1,1,1,2,1,2,4,1,1,1,2,1,4,4,4,1,1,2,1,5,1,1,5,5,M,Hindu,2,3,1,1,2,1,1,1,4,3,1,4,5,3,2,1,2,1,1,1,2,5,1,7,5,7,4,1,0,B6,0.394193193,-0.348767153,-0.563709629,-0.268344105,-0.13969317,7,7,-1.009717175,-0.5,6
985,B0641,6,B,6B,Muslim,Enemies,Enemy4,2,30,M,41,2,7,7,6,1,7,2,7,2,1,2,5,7,NA,1,2,1,1,1,2,1,2,4,1,1,1,2,1,4,4,4,1,1,2,1,5,1,1,5,5,M,Muslim,1,3,3,1,3,2,5,1,4,1,3,4,5,5,2,1,1,3,1,2,2,3,3,7,5,4,3,1,1,B6,0.394193193,-0.348767153,-0.563709629,-0.268344105,-0.13969317,7,7,-1.009717175,-0.5,6
986,B0641,6,B,6B,Muslim,Enemies,Enemy5,2,31,M,41,2,7,7,6,1,7,2,7,2,1,2,5,7,NA,1,2,1,1,1,2,1,2,4,1,1,1,2,1,4,4,4,1,1,2,1,5,1,1,5,5,M,Muslim,3,1,2,3,2,1,2,5,1,NA,2,3,1,2,3,2,2,1,1,2,2,1,3,6,5,4,3,1,1,B6,0.394193193,-0.348767153,-0.563709629,-0.268344105,-0.13969317,7,7,-1.009717175,-0.5,6
987,B0641,6,B,6B,Muslim,Enemies,Enemy6,2,36,M,41,2,7,7,6,1,7,2,7,2,1,2,5,7,NA,1,2,1,1,1,2,1,2,4,1,1,1,2,1,4,4,4,1,1,2,1,5,1,1,5,5,M,Hindu,1,1,1,1,1,1,1,1,1,5,1,4,1,1,1,1,1,3,1,1,1,4,1,7,6,6,6,1,0,B6,0.394193193,-0.348767153,-0.563709629,-0.268344105,-0.13969317,7,7,-1.009717175,-0.5,6
988,B0644,6,B,6B,Muslim,Enemies,Enemy1,2,1,F,44,5,1,7,7,5,6,7,6,6,6,5,4,NA,BOHRA,2,1,1,2,2,1,1,1,3,1,1,3,3,1,4,2,3,2,1,1,4,1,5,1,5,1,M,Muslim,1,1,1,1,1,1,5,1,1,1,1,3,3,3,3,3,1,1,2,3,3,4,4,7,4,5,7,0,1,B6,0.394193193,-0.348767153,-0.563709629,-0.268344105,-0.13969317,7,1,1.621549634144792,-0.5,1
989,B0644,6,B,6B,Muslim,Enemies,Enemy2,2,5,F,44,5,1,7,7,5,6,7,6,6,6,5,4,NA,BOHRA,2,1,1,2,2,1,1,1,3,1,1,3,3,1,4,2,3,2,1,1,4,1,5,1,5,1,M,Muslim,1,4,1,1,1,3,4,2,1,3,1,4,3,4,2,1,1,2,1,5,2,5,1,NA,2,3,7,0,1,B6,0.394193193,-0.348767153,-0.563709629,-0.268344105,-0.13969317,7,1,1.621549634144792,-0.5,1
990,B0644,6,B,6B,Muslim,Enemies,Enemy3,2,12,F,44,5,1,7,7,5,6,7,6,6,6,5,4,NA,BOHRA,2,1,1,2,2,1,1,1,3,1,1,3,3,1,4,2,3,2,1,1,4,1,5,1,5,1,M,Muslim,3,1,2,2,1,2,NA,2,1,1,1,4,1,7,5,1,3,2,1,2,1,3,4,7,1,1,7,0,1,B6,0.394193193,-0.348767153,-0.563709629,-0.268344105,-0.13969317,7,1,1.621549634144792,-0.5,1
991,B0644,6,B,6B,Muslim,Enemies,Enemy4,2,15,F,44,5,1,7,7,5,6,7,6,6,6,5,4,NA,BOHRA,2,1,1,2,2,1,1,1,3,1,1,3,3,1,4,2,3,2,1,1,4,1,5,1,5,1,M,Muslim,NA,1,2,2,1,1,1,4,5,1,1,7,5,7,1,5,2,1,3,1,1,2,3,7,7,1,7,0,1,B6,0.394193193,-0.348767153,-0.563709629,-0.268344105,-0.13969317,7,1,1.621549634144792,-0.5,1
992,B0644,6,B,6B,Muslim,Enemies,Enemy5,2,18,F,44,5,1,7,7,5,6,7,6,6,6,5,4,NA,BOHRA,2,1,1,2,2,1,1,1,3,1,1,3,3,1,4,2,3,2,1,1,4,1,5,1,5,1,M,Muslim,1,NA,1,1,1,1,1,1,1,2,1,4,4,4,5,1,5,1,5,5,2,2,1,NA,NA,NA,NA,0,1,B6,0.394193193,-0.348767153,-0.563709629,-0.268344105,-0.13969317,7,1,1.621549634144792,-0.5,1
993,B0644,6,B,6B,Muslim,Enemies,Enemy6,2,26,F,44,5,1,7,7,5,6,7,6,6,6,5,4,NA,BOHRA,2,1,1,2,2,1,1,1,3,1,1,3,3,1,4,2,3,2,1,1,4,1,5,1,5,1,M,NA,NA,NA,NA,NA,NA,NA,NA,NA,NA,NA,NA,NA,NA,NA,NA,NA,NA,NA,NA,NA,NA,NA,NA,NA,NA,NA,NA,0,NA,B6,0.394193193,-0.348767153,-0.563709629,-0.268344105,-0.13969317,7,1,1.621549634144792,-0.5,1
994,B0644,6,B,6B,Muslim,Enemies,Enemy7,2,41,F,44,5,1,7,7,5,6,7,6,6,6,5,4,NA,BOHRA,2,1,1,2,2,1,1,1,3,1,1,3,3,1,4,2,3,2,1,1,4,1,5,1,5,1,M,Muslim,2,1,1,1,2,1,4,1,1,1,1,4,4,4,1,1,2,1,5,1,1,5,5,7,7,1,7,0,1,B6,0.394193193,-0.348767153,-0.563709629,-0.268344105,-0.13969317,7,1,1.621549634144792,-0.5,1
995,B0645,6,B,6B,Hindu,Enemies,Enemy1,2,1,F,45,1,4,7,7,7,1,7,7,7,4,5,5,4,NA,2,2,2,1,1,1,1,1,4,1,3,2,1,1,7,7,6,2,1,1,1,1,1,1,5,5,M,Muslim,1,1,1,1,1,1,5,1,1,1,1,3,3,3,3,3,1,1,2,3,3,4,4,7,4,5,7,0,0,B6,0.394193193,-0.348767153,-0.563709629,-0.268344105,-0.13969317,7,4,0.30591622948642044,-0.5,6
996,B0645,6,B,6B,Hindu,Enemies,Enemy2,2,51,F,45,1,4,7,7,7,1,7,7,7,4,5,5,4,NA,2,2,2,1,1,1,1,1,4,1,3,2,1,1,7,7,6,2,1,1,1,1,1,1,5,5,F,Muslim,3,4,1,1,1,2,4,1,5,1,4,4,4,7,3,1,4,1,5,5,1,1,5,4,7,2,2,1,0,B6,0.394193193,-0.348767153,-0.563709629,-0.268344105,-0.13969317,7,4,0.30591622948642044,-0.5,6
997,B0645,6,B,6B,Hindu,Enemies,Enemy3,2,55,F,45,1,4,7,7,7,1,7,7,7,4,5,5,4,NA,2,2,2,1,1,1,1,1,4,1,3,2,1,1,7,7,6,2,1,1,1,1,1,1,5,5,F,Hindu,3,1,1,1,2,1,4,1,5,2,1,7,4,1,1,3,2,2,1,1,1,2,2,2,6,6,2,1,1,B6,0.394193193,-0.348767153,-0.563709629,-0.268344105,-0.13969317,7,4,0.30591622948642044,-0.5,6
998,B0645,6,B,6B,Hindu,Enemies,Enemy4,2,56,F,45,1,4,7,7,7,1,7,7,7,4,5,5,4,NA,2,2,2,1,1,1,1,1,4,1,3,2,1,1,7,7,6,2,1,1,1,1,1,1,5,5,F,Hindu,4,2,2,2,1,1,4,1,1,1,1,4,3,3,3,4,3,2,2,2,1,4,3,2,6,4,1,1,1,B6,0.394193193,-0.348767153,-0.563709629,-0.268344105,-0.13969317,7,4,0.30591622948642044,-0.5,6
999,B0645,6,B,6B,Hindu,Enemies,Enemy5,2,57,F,45,1,4,7,7,7,1,7,7,7,4,5,5,4,NA,2,2,2,1,1,1,1,1,4,1,3,2,1,1,7,7,6,2,1,1,1,1,1,1,5,5,F,Hindu,1,1,1,2,1,1,3,1,2,1,1,4,4,1,5,1,3,5,5,1,3,1,1,2,7,7,4,1,1,B6,0.394193193,-0.348767153,-0.563709629,-0.268344105,-0.13969317,7,4,0.30591622948642044,-0.5,6
1000,B0645,6,B,6B,Hindu,Enemies,Enemy6,2,63,F,45,1,4,7,7,7,1,7,7,7,4,5,5,4,NA,2,2,2,1,1,1,1,1,4,1,3,2,1,1,7,7,6,2,1,1,1,1,1,1,5,5,F,Muslim,2,1,1,2,1,2,2,4,5,3,NA,4,1,7,1,2,1,3,1,1,1,5,4,5,7,4,7,1,0,B6,0.394193193,-0.348767153,-0.563709629,-0.268344105,-0.13969317,7,4,0.30591622948642044,-0.5,6
1001,B0646,6,B,6B,Hindu,Enemies,Enemy1,2,7,F,46,1,7,7,7,7,1,7,7,5,6,3,5,2,NA,2,1,1,1,1,1,1,4,3,1,2,2,1,1,7,6,3,5,5,5,2,5,5,5,3,5,M,Muslim,1,1,2,1,1,1,4,1,1,1,1,4,4,4,1,1,1,3,4,5,1,5,3,7,7,3,NA,0,0,B6,0.394193193,-0.348767153,-0.563709629,-0.268344105,-0.13969317,7,7,-1.009717175,-0.5,6
1002,B0646,6,B,6B,Hindu,Enemies,Enemy2,2,53,F,46,1,7,7,7,7,1,7,7,5,6,3,5,2,NA,2,1,1,1,1,1,1,4,3,1,2,2,1,1,7,6,3,5,5,5,2,5,5,5,3,5,F,NA,NA,NA,NA,NA,NA,NA,NA,NA,NA,NA,NA,NA,NA,NA,NA,NA,NA,NA,NA,NA,NA,NA,NA,NA,NA,NA,NA,1,NA,B6,0.394193193,-0.348767153,-0.563709629,-0.268344105,-0.13969317,7,7,-1.009717175,-0.5,6
1003,B0646,6,B,6B,Hindu,Enemies,Enemy3,2,61,F,46,1,7,7,7,7,1,7,7,5,6,3,5,2,NA,2,1,1,1,1,1,1,4,3,1,2,2,1,1,7,6,3,5,5,5,2,5,5,5,3,5,F,Muslim,1,1,1,1,1,1,4,1,1,1,1,4,2,7,2,1,1,1,1,NA,1,1,NA,2,7,3,7,1,0,B6,0.394193193,-0.348767153,-0.563709629,-0.268344105,-0.13969317,7,7,-1.009717175,-0.5,6
1004,B0646,6,B,6B,Hindu,Enemies,Enemy4,2,63,F,46,1,7,7,7,7,1,7,7,5,6,3,5,2,NA,2,1,1,1,1,1,1,4,3,1,2,2,1,1,7,6,3,5,5,5,2,5,5,5,3,5,F,Muslim,2,1,1,2,1,2,2,4,5,3,NA,4,1,7,1,2,1,3,1,1,1,5,4,5,7,4,7,1,0,B6,0.394193193,-0.348767153,-0.563709629,-0.268344105,-0.13969317,7,7,-1.009717175,-0.5,6
1005,B0647,6,B,6B,Hindu,Enemies,Enemy1,2,59,F,47,1,1,7,5,6,5,6,6,5,5,3,4,8,NA,2,1,1,1,1,1,1,1,3,1,4,NA,1,2,4,2,4,2,1,1,1,3,1,1,3,3,F,Hindu,1,1,1,2,1,2,4,1,1,1,1,4,4,7,3,1,2,2,3,2,2,5,5,6,7,7,1,1,1,B6,0.394193193,-0.348767153,-0.563709629,-0.268344105,-0.13969317,7,1,1.621549634144792,-0.5,1
1006,B0649,6,B,6B,Muslim,Enemies,Enemy1,2,1,F,49,2,4,7,7,5,7,7,6,6,7,6,1,6,NA,2,NA,2,1,1,3,1,3,4,2,1,1,2,1,7,4,4,3,2,1,1,1,4,1,5,5,M,Muslim,1,1,1,1,1,1,5,1,1,1,1,3,3,3,3,3,1,1,2,3,3,4,4,7,4,5,7,0,1,B6,0.394193193,-0.348767153,-0.563709629,-0.268344105,-0.13969317,7,4,0.30591622948642044,-0.5,2
1007,B0649,6,B,6B,Muslim,Enemies,Enemy2,2,23,F,49,2,4,7,7,5,7,7,6,6,7,6,1,6,NA,2,NA,2,1,1,3,1,3,4,2,1,1,2,1,7,4,4,3,2,1,1,1,4,1,5,5,M,Hindu,2,1,1,1,1,1,1,1,2,1,1,4,4,3,3,1,1,1,1,3,2,1,1,7,1,7,1,0,0,B6,0.394193193,-0.348767153,-0.563709629,-0.268344105,-0.13969317,7,4,0.30591622948642044,-0.5,2
1008,B0649,6,B,6B,Muslim,Enemies,Enemy3,2,26,F,49,2,4,7,7,5,7,7,6,6,7,6,1,6,NA,2,NA,2,1,1,3,1,3,4,2,1,1,2,1,7,4,4,3,2,1,1,1,4,1,5,5,M,NA,NA,NA,NA,NA,NA,NA,NA,NA,NA,NA,NA,NA,NA,NA,NA,NA,NA,NA,NA,NA,NA,NA,NA,NA,NA,NA,NA,0,NA,B6,0.394193193,-0.348767153,-0.563709629,-0.268344105,-0.13969317,7,4,0.30591622948642044,-0.5,2
1009,B0649,6,B,6B,Muslim,Enemies,Enemy4,2,27,F,49,2,4,7,7,5,7,7,6,6,7,6,1,6,NA,2,NA,2,1,1,3,1,3,4,2,1,1,2,1,7,4,4,3,2,1,1,1,4,1,5,5,M,NA,NA,NA,NA,NA,NA,NA,NA,NA,NA,NA,NA,NA,NA,NA,NA,NA,NA,NA,NA,NA,NA,NA,NA,NA,NA,NA,NA,0,NA,B6,0.394193193,-0.348767153,-0.563709629,-0.268344105,-0.13969317,7,4,0.30591622948642044,-0.5,2
1010,B0649,6,B,6B,Muslim,Enemies,Enemy5,2,36,F,49,2,4,7,7,5,7,7,6,6,7,6,1,6,NA,2,NA,2,1,1,3,1,3,4,2,1,1,2,1,7,4,4,3,2,1,1,1,4,1,5,5,M,Hindu,1,1,1,1,1,1,1,1,1,5,1,4,1,1,1,1,1,3,1,1,1,4,1,7,6,6,6,0,0,B6,0.394193193,-0.348767153,-0.563709629,-0.268344105,-0.13969317,7,4,0.30591622948642044,-0.5,2
1011,B0649,6,B,6B,Muslim,Enemies,Enemy6,2,40,F,49,2,4,7,7,5,7,7,6,6,7,6,1,6,NA,2,NA,2,1,1,3,1,3,4,2,1,1,2,1,7,4,4,3,2,1,1,1,4,1,5,5,M,Hindu,2,3,1,1,2,1,2,1,3,1,1,4,3,4,2,2,1,1,1,1,1,NA,2,7,2,7,1,0,0,B6,0.394193193,-0.348767153,-0.563709629,-0.268344105,-0.13969317,7,4,0.30591622948642044,-0.5,2
1012,B0650,6,B,6B,Muslim,Enemies,Enemy1,2,2,F,50,4,5,7,7,6,7,7,7,6,6,6,5,8,NA,2,2,2,1,1,1,1,1,2,1,1,1,2,1,7,1,3,1,1,1,1,1,1,1,5,2,M,Hindu,3,1,2,1,2,1,4,4,5,2,1,7,7,1,2,1,1,2,1,1,1,2,5,7,4,3,1,0,0,B6,0.394193193,-0.348767153,-0.563709629,-0.268344105,-0.13969317,7,5,-0.132628239,-0.5,1
1013,B0650,6,B,6B,Muslim,Enemies,Enemy2,2,8,F,50,4,5,7,7,6,7,7,7,6,6,6,5,8,NA,2,2,2,1,1,1,1,1,2,1,1,1,2,1,7,1,3,1,1,1,1,1,1,1,5,2,M,Muslim,2,2,1,1,1,1,2,1,2,1,3,4,4,3,2,2,1,1,1,1,1,3,3,7,5,3,7,0,1,B6,0.394193193,-0.348767153,-0.563709629,-0.268344105,-0.13969317,7,5,-0.132628239,-0.5,1
1014,B0650,6,B,6B,Muslim,Enemies,Enemy3,2,9,F,50,4,5,7,7,6,7,7,7,6,6,6,5,8,NA,2,2,2,1,1,1,1,1,2,1,1,1,2,1,7,1,3,1,1,1,1,1,1,1,5,2,M,Hindu,2,1,1,1,1,1,3,1,4,2,3,4,4,4,1,1,2,5,1,3,1,5,1,7,7,5,6,0,0,B6,0.394193193,-0.348767153,-0.563709629,-0.268344105,-0.13969317,7,5,-0.132628239,-0.5,1
1015,B0650,6,B,6B,Muslim,Enemies,Enemy4,2,16,F,50,4,5,7,7,6,7,7,7,6,6,6,5,8,NA,2,2,2,1,1,1,1,1,2,1,1,1,2,1,7,1,3,1,1,1,1,1,1,1,5,2,M,Hindu,3,1,3,2,2,1,3,1,2,5,1,3,4,4,4,1,1,1,1,5,1,5,5,7,6,7,6,0,0,B6,0.394193193,-0.348767153,-0.563709629,-0.268344105,-0.13969317,7,5,-0.132628239,-0.5,1
1016,B0650,6,B,6B,Muslim,Enemies,Enemy5,2,19,F,50,4,5,7,7,6,7,7,7,6,6,6,5,8,NA,2,2,2,1,1,1,1,1,2,1,1,1,2,1,7,1,3,1,1,1,1,1,1,1,5,2,M,NA,NA,NA,NA,NA,NA,NA,NA,NA,NA,NA,NA,NA,NA,NA,NA,NA,NA,NA,NA,NA,NA,NA,NA,NA,NA,NA,NA,0,NA,B6,0.394193193,-0.348767153,-0.563709629,-0.268344105,-0.13969317,7,5,-0.132628239,-0.5,1
1017,B0651,6,B,6B,Muslim,Enemies,Enemy1,2,1,F,51,7,4,7,5,2,2,7,7,4,NA,7,7,8,NA,2,3,4,1,1,1,2,2,4,1,5,1,2,4,4,4,7,3,1,4,1,5,5,1,1,5,M,Muslim,1,1,1,1,1,1,5,1,1,1,1,3,3,3,3,3,1,1,2,3,3,4,4,7,4,5,7,0,1,B6,0.394193193,-0.348767153,-0.563709629,-0.268344105,-0.13969317,7,4,0.30591622948642044,-0.5,0
1018,B0651,6,B,6B,Muslim,Enemies,Enemy2,2,2,F,51,7,4,7,5,2,2,7,7,4,NA,7,7,8,NA,2,3,4,1,1,1,2,2,4,1,5,1,2,4,4,4,7,3,1,4,1,5,5,1,1,5,M,Hindu,3,1,2,1,2,1,4,4,5,2,1,7,7,1,2,1,1,2,1,1,1,2,5,7,4,3,1,0,0,B6,0.394193193,-0.348767153,-0.563709629,-0.268344105,-0.13969317,7,4,0.30591622948642044,-0.5,0
1019,B0651,6,B,6B,Muslim,Enemies,Enemy3,2,15,F,51,7,4,7,5,2,2,7,7,4,NA,7,7,8,NA,2,3,4,1,1,1,2,2,4,1,5,1,2,4,4,4,7,3,1,4,1,5,5,1,1,5,M,Muslim,NA,1,2,2,1,1,1,4,5,1,1,7,5,7,1,5,2,1,3,1,1,2,3,7,7,1,7,0,1,B6,0.394193193,-0.348767153,-0.563709629,-0.268344105,-0.13969317,7,4,0.30591622948642044,-0.5,0
1020,B0651,6,B,6B,Muslim,Enemies,Enemy4,2,41,F,51,7,4,7,5,2,2,7,7,4,NA,7,7,8,NA,2,3,4,1,1,1,2,2,4,1,5,1,2,4,4,4,7,3,1,4,1,5,5,1,1,5,M,Muslim,2,1,1,1,2,1,4,1,1,1,1,4,4,4,1,1,2,1,5,1,1,5,5,7,7,1,7,0,1,B6,0.394193193,-0.348767153,-0.563709629,-0.268344105,-0.13969317,7,4,0.30591622948642044,-0.5,0
1021,B0652,6,B,6B,Hindu,Enemies,Enemy1,2,23,F,52,4,6,4,7,7,4,7,7,5,6,5,6,6,NA,2,2,1,4,1,2,1,1,3,1,2,1,1,1,4,4,4,4,1,1,1,1,5,1,5,5,M,Hindu,2,1,1,1,1,1,1,1,2,1,1,4,4,3,3,1,1,1,1,3,2,1,1,7,1,7,1,0,1,B6,0.394193193,-0.348767153,-0.563709629,-0.268344105,-0.13969317,4,6,-1.886806112,-0.5,3
1022,B0652,6,B,6B,Hindu,Enemies,Enemy2,2,26,F,52,4,6,4,7,7,4,7,7,5,6,5,6,6,NA,2,2,1,4,1,2,1,1,3,1,2,1,1,1,4,4,4,4,1,1,1,1,5,1,5,5,M,NA,NA,NA,NA,NA,NA,NA,NA,NA,NA,NA,NA,NA,NA,NA,NA,NA,NA,NA,NA,NA,NA,NA,NA,NA,NA,NA,NA,0,NA,B6,0.394193193,-0.348767153,-0.563709629,-0.268344105,-0.13969317,4,6,-1.886806112,-0.5,3
1023,B0652,6,B,6B,Hindu,Enemies,Enemy3,2,27,F,52,4,6,4,7,7,4,7,7,5,6,5,6,6,NA,2,2,1,4,1,2,1,1,3,1,2,1,1,1,4,4,4,4,1,1,1,1,5,1,5,5,M,NA,NA,NA,NA,NA,NA,NA,NA,NA,NA,NA,NA,NA,NA,NA,NA,NA,NA,NA,NA,NA,NA,NA,NA,NA,NA,NA,NA,0,NA,B6,0.394193193,-0.348767153,-0.563709629,-0.268344105,-0.13969317,4,6,-1.886806112,-0.5,3
1024,B0652,6,B,6B,Hindu,Enemies,Enemy4,2,33,F,52,4,6,4,7,7,4,7,7,5,6,5,6,6,NA,2,2,1,4,1,2,1,1,3,1,2,1,1,1,4,4,4,4,1,1,1,1,5,1,5,5,M,NA,NA,NA,NA,NA,NA,NA,NA,NA,NA,NA,NA,NA,NA,NA,NA,NA,NA,NA,NA,NA,NA,NA,NA,NA,NA,NA,NA,0,NA,B6,0.394193193,-0.348767153,-0.563709629,-0.268344105,-0.13969317,4,6,-1.886806112,-0.5,3
1025,B0652,6,B,6B,Hindu,Enemies,Enemy5,2,59,F,52,4,6,4,7,7,4,7,7,5,6,5,6,6,NA,2,2,1,4,1,2,1,1,3,1,2,1,1,1,4,4,4,4,1,1,1,1,5,1,5,5,F,Hindu,1,1,1,2,1,2,4,1,1,1,1,4,4,7,3,1,2,2,3,2,2,5,5,6,7,7,1,1,1,B6,0.394193193,-0.348767153,-0.563709629,-0.268344105,-0.13969317,4,6,-1.886806112,-0.5,3
1026,B0654,6,B,6B,Hindu,Enemies,Enemy1,2,55,F,54,5,6,7,6,7,1,6,5,4,5,6,2,8,NA,2,1,1,1,1,1,1,1,2,2,5,4,1,3,4,5,5,1,1,4,2,1,1,1,3,4,F,Hindu,3,1,1,1,2,1,4,1,5,2,1,7,4,1,1,3,2,2,1,1,1,2,2,2,6,6,2,1,1,B6,0.394193193,-0.348767153,-0.563709629,-0.268344105,-0.13969317,7,6,-0.571172707,-0.5,6
1027,B0654,6,B,6B,Hindu,Enemies,Enemy2,2,59,F,54,5,6,7,6,7,1,6,5,4,5,6,2,8,NA,2,1,1,1,1,1,1,1,2,2,5,4,1,3,4,5,5,1,1,4,2,1,1,1,3,4,F,Hindu,1,1,1,2,1,2,4,1,1,1,1,4,4,7,3,1,2,2,3,2,2,5,5,6,7,7,1,1,1,B6,0.394193193,-0.348767153,-0.563709629,-0.268344105,-0.13969317,7,6,-0.571172707,-0.5,6
1028,B0655,6,B,6B,Hindu,Enemies,Enemy1,2,45,F,55,2,2,6,6,6,2,6,2,2,2,2,6,8,NA,2,3,1,1,1,2,1,1,4,1,5,2,1,1,7,4,1,1,3,2,2,1,1,1,2,2,F,Hindu,2,2,1,1,1,1,4,1,3,2,1,7,7,6,2,1,1,1,1,1,1,5,5,4,7,7,1,1,1,B6,0.394193193,-0.348767153,-0.563709629,-0.268344105,-0.13969317,6,2,0.7444606977058776,-0.5,4
1029,B0655,6,B,6B,Hindu,Enemies,Enemy2,2,47,F,55,2,2,6,6,6,2,6,2,2,2,2,6,8,NA,2,3,1,1,1,2,1,1,4,1,5,2,1,1,7,4,1,1,3,2,2,1,1,1,2,2,F,Hindu,1,1,1,1,1,1,3,1,4,NA,2,4,2,4,2,1,1,1,3,1,1,3,3,1,7,6,5,1,1,B6,0.394193193,-0.348767153,-0.563709629,-0.268344105,-0.13969317,6,2,0.7444606977058776,-0.5,4
1030,B0655,6,B,6B,Hindu,Enemies,Enemy3,2,48,F,55,2,2,6,6,6,2,6,2,2,2,2,6,8,NA,2,3,1,1,1,2,1,1,4,1,5,2,1,1,7,4,1,1,3,2,2,1,1,1,2,2,F,Hindu,1,1,2,1,1,1,3,2,2,2,1,4,6,7,2,1,1,2,1,5,2,5,2,6,7,7,6,1,1,B6,0.394193193,-0.348767153,-0.563709629,-0.268344105,-0.13969317,6,2,0.7444606977058776,-0.5,4
1031,B0655,6,B,6B,Hindu,Enemies,Enemy4,2,50,F,55,2,2,6,6,6,2,6,2,2,2,2,6,8,NA,2,3,1,1,1,2,1,1,4,1,5,2,1,1,7,4,1,1,3,2,2,1,1,1,2,2,F,Muslim,2,2,1,1,1,1,2,1,1,1,1,7,1,3,1,1,1,1,1,1,1,5,2,5,7,6,7,1,0,B6,0.394193193,-0.348767153,-0.563709629,-0.268344105,-0.13969317,6,2,0.7444606977058776,-0.5,4
1032,B0655,6,B,6B,Hindu,Enemies,Enemy5,2,52,F,55,2,2,6,6,6,2,6,2,2,2,2,6,8,NA,2,3,1,1,1,2,1,1,4,1,5,2,1,1,7,4,1,1,3,2,2,1,1,1,2,2,F,Hindu,2,1,4,1,2,1,3,1,2,1,1,4,4,4,4,1,1,1,1,5,1,5,5,6,4,7,4,1,1,B6,0.394193193,-0.348767153,-0.563709629,-0.268344105,-0.13969317,6,2,0.7444606977058776,-0.5,4
1033,B0655,6,B,6B,Hindu,Enemies,Enemy6,2,53,F,55,2,2,6,6,6,2,6,2,2,2,2,6,8,NA,2,3,1,1,1,2,1,1,4,1,5,2,1,1,7,4,1,1,3,2,2,1,1,1,2,2,F,NA,NA,NA,NA,NA,NA,NA,NA,NA,NA,NA,NA,NA,NA,NA,NA,NA,NA,NA,NA,NA,NA,NA,NA,NA,NA,NA,NA,1,NA,B6,0.394193193,-0.348767153,-0.563709629,-0.268344105,-0.13969317,6,2,0.7444606977058776,-0.5,4
1034,B0655,6,B,6B,Hindu,Enemies,Enemy7,2,56,F,55,2,2,6,6,6,2,6,2,2,2,2,6,8,NA,2,3,1,1,1,2,1,1,4,1,5,2,1,1,7,4,1,1,3,2,2,1,1,1,2,2,F,Hindu,4,2,2,2,1,1,4,1,1,1,1,4,3,3,3,4,3,2,2,2,1,4,3,2,6,4,1,1,1,B6,0.394193193,-0.348767153,-0.563709629,-0.268344105,-0.13969317,6,2,0.7444606977058776,-0.5,4
1035,B0655,6,B,6B,Hindu,Enemies,Enemy8,2,57,F,55,2,2,6,6,6,2,6,2,2,2,2,6,8,NA,2,3,1,1,1,2,1,1,4,1,5,2,1,1,7,4,1,1,3,2,2,1,1,1,2,2,F,Hindu,1,1,1,2,1,1,3,1,2,1,1,4,4,1,5,1,3,5,5,1,3,1,1,2,7,7,4,1,1,B6,0.394193193,-0.348767153,-0.563709629,-0.268344105,-0.13969317,6,2,0.7444606977058776,-0.5,4
1036,B0655,6,B,6B,Hindu,Enemies,Enemy9,2,59,F,55,2,2,6,6,6,2,6,2,2,2,2,6,8,NA,2,3,1,1,1,2,1,1,4,1,5,2,1,1,7,4,1,1,3,2,2,1,1,1,2,2,F,Hindu,1,1,1,2,1,2,4,1,1,1,1,4,4,7,3,1,2,2,3,2,2,5,5,6,7,7,1,1,1,B6,0.394193193,-0.348767153,-0.563709629,-0.268344105,-0.13969317,6,2,0.7444606977058776,-0.5,4
1037,B0655,6,B,6B,Hindu,Enemies,Enemy10,2,60,F,55,2,2,6,6,6,2,6,2,2,2,2,6,8,NA,2,3,1,1,1,2,1,1,4,1,5,2,1,1,7,4,1,1,3,2,2,1,1,1,2,2,F,Hindu,1,1,1,1,1,1,1,2,2,1,1,7,6,5,3,1,2,1,3,NA,1,NA,3,1,7,7,1,1,1,B6,0.394193193,-0.348767153,-0.563709629,-0.268344105,-0.13969317,6,2,0.7444606977058776,-0.5,4
1038,B0655,6,B,6B,Hindu,Enemies,Enemy11,2,61,F,55,2,2,6,6,6,2,6,2,2,2,2,6,8,NA,2,3,1,1,1,2,1,1,4,1,5,2,1,1,7,4,1,1,3,2,2,1,1,1,2,2,F,Muslim,1,1,1,1,1,1,4,1,1,1,1,4,2,7,2,1,1,1,1,NA,1,1,NA,2,7,3,7,1,0,B6,0.394193193,-0.348767153,-0.563709629,-0.268344105,-0.13969317,6,2,0.7444606977058776,-0.5,4
1039,B0655,6,B,6B,Hindu,Enemies,Enemy12,2,62,F,55,2,2,6,6,6,2,6,2,2,2,2,6,8,NA,2,3,1,1,1,2,1,1,4,1,5,2,1,1,7,4,1,1,3,2,2,1,1,1,2,2,F,NA,NA,NA,NA,NA,NA,NA,NA,NA,NA,NA,NA,NA,NA,NA,NA,NA,NA,NA,NA,NA,NA,NA,NA,NA,NA,NA,NA,1,NA,B6,0.394193193,-0.348767153,-0.563709629,-0.268344105,-0.13969317,6,2,0.7444606977058776,-0.5,4
1040,B0655,6,B,6B,Hindu,Enemies,Enemy13,2,63,F,55,2,2,6,6,6,2,6,2,2,2,2,6,8,NA,2,3,1,1,1,2,1,1,4,1,5,2,1,1,7,4,1,1,3,2,2,1,1,1,2,2,F,Muslim,2,1,1,2,1,2,2,4,5,3,NA,4,1,7,1,2,1,3,1,1,1,5,4,5,7,4,7,1,0,B6,0.394193193,-0.348767153,-0.563709629,-0.268344105,-0.13969317,6,2,0.7444606977058776,-0.5,4
1041,B0655,6,B,6B,Hindu,Enemies,Enemy14,2,64,F,55,2,2,6,6,6,2,6,2,2,2,2,6,8,NA,2,3,1,1,1,2,1,1,4,1,5,2,1,1,7,4,1,1,3,2,2,1,1,1,2,2,F,Muslim,1,1,1,1,1,1,1,1,1,1,1,7,7,2,3,2,2,2,2,1,2,3,2,1,7,3,7,1,0,B6,0.394193193,-0.348767153,-0.563709629,-0.268344105,-0.13969317,6,2,0.7444606977058776,-0.5,4
1042,B0655,6,B,6B,Hindu,Enemies,Enemy15,2,65,F,55,2,2,6,6,6,2,6,2,2,2,2,6,8,NA,2,3,1,1,1,2,1,1,4,1,5,2,1,1,7,4,1,1,3,2,2,1,1,1,2,2,F,Hindu,1,1,3,1,2,1,3,1,2,3,3,3,2,1,2,1,1,1,3,5,1,5,1,1,7,7,1,1,1,B6,0.394193193,-0.348767153,-0.563709629,-0.268344105,-0.13969317,6,2,0.7444606977058776,-0.5,4
1043,B0656,6,B,6B,Hindu,Enemies,Enemy1,2,2,F,56,2,2,6,6,4,1,7,2,3,6,5,3,7,NA,2,4,2,2,2,1,1,1,4,1,1,1,1,1,4,3,3,3,4,3,2,2,2,1,4,3,M,Hindu,3,1,2,1,2,1,4,4,5,2,1,7,7,1,2,1,1,2,1,1,1,2,5,7,4,3,1,0,1,B6,0.394193193,-0.348767153,-0.563709629,-0.268344105,-0.13969317,6,2,0.7444606977058776,-0.5,3
1044,B0656,6,B,6B,Hindu,Enemies,Enemy2,2,16,F,56,2,2,6,6,4,1,7,2,3,6,5,3,7,NA,2,4,2,2,2,1,1,1,4,1,1,1,1,1,4,3,3,3,4,3,2,2,2,1,4,3,M,Hindu,3,1,3,2,2,1,3,1,2,5,1,3,4,4,4,1,1,1,1,5,1,5,5,7,6,7,6,0,1,B6,0.394193193,-0.348767153,-0.563709629,-0.268344105,-0.13969317,6,2,0.7444606977058776,-0.5,3
1045,B0656,6,B,6B,Hindu,Enemies,Enemy3,2,26,F,56,2,2,6,6,4,1,7,2,3,6,5,3,7,NA,2,4,2,2,2,1,1,1,4,1,1,1,1,1,4,3,3,3,4,3,2,2,2,1,4,3,M,NA,NA,NA,NA,NA,NA,NA,NA,NA,NA,NA,NA,NA,NA,NA,NA,NA,NA,NA,NA,NA,NA,NA,NA,NA,NA,NA,NA,0,NA,B6,0.394193193,-0.348767153,-0.563709629,-0.268344105,-0.13969317,6,2,0.7444606977058776,-0.5,3
1046,B0656,6,B,6B,Hindu,Enemies,Enemy4,2,27,F,56,2,2,6,6,4,1,7,2,3,6,5,3,7,NA,2,4,2,2,2,1,1,1,4,1,1,1,1,1,4,3,3,3,4,3,2,2,2,1,4,3,M,NA,NA,NA,NA,NA,NA,NA,NA,NA,NA,NA,NA,NA,NA,NA,NA,NA,NA,NA,NA,NA,NA,NA,NA,NA,NA,NA,NA,0,NA,B6,0.394193193,-0.348767153,-0.563709629,-0.268344105,-0.13969317,6,2,0.7444606977058776,-0.5,3
1047,B0657,6,B,6B,Hindu,Enemies,Enemy1,2,43,F,57,4,2,7,5,7,4,7,6,6,7,4,7,7,NA,2,1,1,1,2,1,1,1,3,1,2,1,1,1,4,4,1,5,1,3,5,5,1,3,1,1,F,NA,NA,NA,NA,NA,NA,NA,NA,NA,NA,NA,NA,NA,NA,NA,NA,NA,NA,NA,NA,NA,NA,NA,NA,NA,NA,NA,NA,1,NA,B6,0.394193193,-0.348767153,-0.563709629,-0.268344105,-0.13969317,7,2,1.183005165925335,-0.5,3
1048,B0657,6,B,6B,Hindu,Enemies,Enemy2,2,45,F,57,4,2,7,5,7,4,7,6,6,7,4,7,7,NA,2,1,1,1,2,1,1,1,3,1,2,1,1,1,4,4,1,5,1,3,5,5,1,3,1,1,F,Hindu,2,2,1,1,1,1,4,1,3,2,1,7,7,6,2,1,1,1,1,1,1,5,5,4,7,7,1,1,1,B6,0.394193193,-0.348767153,-0.563709629,-0.268344105,-0.13969317,7,2,1.183005165925335,-0.5,3
1049,B0657,6,B,6B,Hindu,Enemies,Enemy3,2,47,F,57,4,2,7,5,7,4,7,6,6,7,4,7,7,NA,2,1,1,1,2,1,1,1,3,1,2,1,1,1,4,4,1,5,1,3,5,5,1,3,1,1,F,Hindu,1,1,1,1,1,1,3,1,4,NA,2,4,2,4,2,1,1,1,3,1,1,3,3,1,7,6,5,1,1,B6,0.394193193,-0.348767153,-0.563709629,-0.268344105,-0.13969317,7,2,1.183005165925335,-0.5,3
1050,B0657,6,B,6B,Hindu,Enemies,Enemy4,2,49,F,57,4,2,7,5,7,4,7,6,6,7,4,7,7,NA,2,1,1,1,2,1,1,1,3,1,2,1,1,1,4,4,1,5,1,3,5,5,1,3,1,1,F,Muslim,NA,2,1,1,3,1,4,2,1,1,1,7,4,4,3,2,1,1,1,4,1,5,5,4,7,5,7,1,0,B6,0.394193193,-0.348767153,-0.563709629,-0.268344105,-0.13969317,7,2,1.183005165925335,-0.5,3
1051,B0657,6,B,6B,Hindu,Enemies,Enemy5,2,53,F,57,4,2,7,5,7,4,7,6,6,7,4,7,7,NA,2,1,1,1,2,1,1,1,3,1,2,1,1,1,4,4,1,5,1,3,5,5,1,3,1,1,F,NA,NA,NA,NA,NA,NA,NA,NA,NA,NA,NA,NA,NA,NA,NA,NA,NA,NA,NA,NA,NA,NA,NA,NA,NA,NA,NA,NA,1,NA,B6,0.394193193,-0.348767153,-0.563709629,-0.268344105,-0.13969317,7,2,1.183005165925335,-0.5,3
1052,B0658,6,B,6B,Muslim,Enemies,Enemy1,2,56,F,58,4,4,7,4,4,7,7,4,4,7,4,4,8,NA,2,1,1,2,1,1,1,2,3,3,1,2,2,1,4,1,7,2,1,2,5,1,3,4,1,1,F,Hindu,4,2,2,2,1,1,4,1,1,1,1,4,3,3,3,4,3,2,2,2,1,4,3,2,6,4,1,1,0,B6,0.394193193,-0.348767153,-0.563709629,-0.268344105,-0.13969317,7,4,0.30591622948642044,-0.5,3
1053,B0658,6,B,6B,Muslim,Enemies,Enemy2,2,59,F,58,4,4,7,4,4,7,7,4,4,7,4,4,8,NA,2,1,1,2,1,1,1,2,3,3,1,2,2,1,4,1,7,2,1,2,5,1,3,4,1,1,F,Hindu,1,1,1,2,1,2,4,1,1,1,1,4,4,7,3,1,2,2,3,2,2,5,5,6,7,7,1,1,0,B6,0.394193193,-0.348767153,-0.563709629,-0.268344105,-0.13969317,7,4,0.30591622948642044,-0.5,3
1054,B0658,6,B,6B,Muslim,Enemies,Enemy3,2,63,F,58,4,4,7,4,4,7,7,4,4,7,4,4,8,NA,2,1,1,2,1,1,1,2,3,3,1,2,2,1,4,1,7,2,1,2,5,1,3,4,1,1,F,Muslim,2,1,1,2,1,2,2,4,5,3,NA,4,1,7,1,2,1,3,1,1,1,5,4,5,7,4,7,1,1,B6,0.394193193,-0.348767153,-0.563709629,-0.268344105,-0.13969317,7,4,0.30591622948642044,-0.5,3
1055,B0659,6,B,6B,Hindu,Enemies,Enemy1,2,6,F,59,2,6,7,6,7,1,7,6,3,5,5,7,1,NA,2,1,1,1,2,1,2,1,4,1,1,1,1,1,4,4,7,3,1,2,2,3,2,2,5,5,M,Hindu,2,3,1,1,1,1,3,1,2,2,1,4,5,7,2,2,2,1,3,1,1,3,2,4,4,7,4,0,1,B6,0.394193193,-0.348767153,-0.563709629,-0.268344105,-0.13969317,7,6,-0.571172707,-0.5,6
1056,B0659,6,B,6B,Hindu,Enemies,Enemy2,2,10,F,59,2,6,7,6,7,1,7,6,3,5,5,7,1,NA,2,1,1,1,2,1,2,1,4,1,1,1,1,1,4,4,7,3,1,2,2,3,2,2,5,5,M,Hindu,2,2,1,1,1,1,3,1,2,2,1,7,7,3,5,2,2,1,1,1,1,2,2,7,1,6,1,0,1,B6,0.394193193,-0.348767153,-0.563709629,-0.268344105,-0.13969317,7,6,-0.571172707,-0.5,6
1057,B0659,6,B,6B,Hindu,Enemies,Enemy3,2,11,F,59,2,6,7,6,7,1,7,6,3,5,5,7,1,NA,2,1,1,1,2,1,2,1,4,1,1,1,1,1,4,4,7,3,1,2,2,3,2,2,5,5,M,Hindu,1,2,1,1,1,1,2,1,1,2,1,7,4,5,2,3,2,2,1,1,1,2,4,7,3,7,1,0,1,B6,0.394193193,-0.348767153,-0.563709629,-0.268344105,-0.13969317,7,6,-0.571172707,-0.5,6
1058,B0659,6,B,6B,Hindu,Enemies,Enemy4,2,15,F,59,2,6,7,6,7,1,7,6,3,5,5,7,1,NA,2,1,1,1,2,1,2,1,4,1,1,1,1,1,4,4,7,3,1,2,2,3,2,2,5,5,M,Muslim,NA,1,2,2,1,1,1,4,5,1,1,7,5,7,1,5,2,1,3,1,1,2,3,7,7,1,7,0,0,B6,0.394193193,-0.348767153,-0.563709629,-0.268344105,-0.13969317,7,6,-0.571172707,-0.5,6
1059,B0659,6,B,6B,Hindu,Enemies,Enemy5,2,17,F,59,2,6,7,6,7,1,7,6,3,5,5,7,1,NA,2,1,1,1,2,1,2,1,4,1,1,1,1,1,4,4,7,3,1,2,2,3,2,2,5,5,M,Muslim,NA,NA,NA,1,1,1,1,1,1,1,1,4,1,3,1,5,3,1,5,1,1,3,5,7,1,1,7,0,0,B6,0.394193193,-0.348767153,-0.563709629,-0.268344105,-0.13969317,7,6,-0.571172707,-0.5,6
1060,B0659,6,B,6B,Hindu,Enemies,Enemy6,2,18,F,59,2,6,7,6,7,1,7,6,3,5,5,7,1,NA,2,1,1,1,2,1,2,1,4,1,1,1,1,1,4,4,7,3,1,2,2,3,2,2,5,5,M,Muslim,1,NA,1,1,1,1,1,1,1,2,1,4,4,4,5,1,5,1,5,5,2,2,1,NA,NA,NA,NA,0,0,B6,0.394193193,-0.348767153,-0.563709629,-0.268344105,-0.13969317,7,6,-0.571172707,-0.5,6
1061,B0659,6,B,6B,Hindu,Enemies,Enemy7,2,53,F,59,2,6,7,6,7,1,7,6,3,5,5,7,1,NA,2,1,1,1,2,1,2,1,4,1,1,1,1,1,4,4,7,3,1,2,2,3,2,2,5,5,F,NA,NA,NA,NA,NA,NA,NA,NA,NA,NA,NA,NA,NA,NA,NA,NA,NA,NA,NA,NA,NA,NA,NA,NA,NA,NA,NA,NA,1,NA,B6,0.394193193,-0.348767153,-0.563709629,-0.268344105,-0.13969317,7,6,-0.571172707,-0.5,6
1062,B0660,6,B,6B,Hindu,Enemies,Enemy1,2,61,F,60,1,1,7,5,7,1,7,5,2,4,6,6,8,NA,2,1,1,1,1,1,1,1,1,2,2,1,1,1,7,6,5,3,1,2,1,3,NA,1,NA,3,F,Muslim,1,1,1,1,1,1,4,1,1,1,1,4,2,7,2,1,1,1,1,NA,1,1,NA,2,7,3,7,1,0,B6,0.394193193,-0.348767153,-0.563709629,-0.268344105,-0.13969317,7,1,1.621549634144792,-0.5,6
1063,B0660,6,B,6B,Hindu,Enemies,Enemy2,2,62,F,60,1,1,7,5,7,1,7,5,2,4,6,6,8,NA,2,1,1,1,1,1,1,1,1,2,2,1,1,1,7,6,5,3,1,2,1,3,NA,1,NA,3,F,NA,NA,NA,NA,NA,NA,NA,NA,NA,NA,NA,NA,NA,NA,NA,NA,NA,NA,NA,NA,NA,NA,NA,NA,NA,NA,NA,NA,1,NA,B6,0.394193193,-0.348767153,-0.563709629,-0.268344105,-0.13969317,7,1,1.621549634144792,-0.5,6
1064,B0660,6,B,6B,Hindu,Enemies,Enemy3,2,63,F,60,1,1,7,5,7,1,7,5,2,4,6,6,8,NA,2,1,1,1,1,1,1,1,1,2,2,1,1,1,7,6,5,3,1,2,1,3,NA,1,NA,3,F,Muslim,2,1,1,2,1,2,2,4,5,3,NA,4,1,7,1,2,1,3,1,1,1,5,4,5,7,4,7,1,0,B6,0.394193193,-0.348767153,-0.563709629,-0.268344105,-0.13969317,7,1,1.621549634144792,-0.5,6
1065,B0661,6,B,6B,Muslim,Enemies,Enemy1,2,53,F,61,1,2,7,7,3,7,7,6,5,5,2,6,7,NA,2,1,1,1,1,1,1,2,4,1,1,1,2,1,4,2,7,2,1,1,1,1,NA,1,1,NA,F,NA,NA,NA,NA,NA,NA,NA,NA,NA,NA,NA,NA,NA,NA,NA,NA,NA,NA,NA,NA,NA,NA,NA,NA,NA,NA,NA,NA,1,NA,B6,0.394193193,-0.348767153,-0.563709629,-0.268344105,-0.13969317,7,2,1.183005165925335,-0.5,4
1066,B0663,6,B,6B,Muslim,Enemies,Enemy1,2,27,F,63,4,5,7,6,4,7,6,6,4,6,4,4,NA,SUNEE,2,2,1,1,2,1,2,2,2,4,5,3,2,NA,4,1,7,1,2,1,3,1,1,1,5,4,M,NA,NA,NA,NA,NA,NA,NA,NA,NA,NA,NA,NA,NA,NA,NA,NA,NA,NA,NA,NA,NA,NA,NA,NA,NA,NA,NA,NA,0,NA,B6,0.394193193,-0.348767153,-0.563709629,-0.268344105,-0.13969317,7,5,-0.132628239,-0.5,3
1067,B0663,6,B,6B,Muslim,Enemies,Enemy2,2,53,F,63,4,5,7,6,4,7,6,6,4,6,4,4,NA,SUNEE,2,2,1,1,2,1,2,2,2,4,5,3,2,NA,4,1,7,1,2,1,3,1,1,1,5,4,F,NA,NA,NA,NA,NA,NA,NA,NA,NA,NA,NA,NA,NA,NA,NA,NA,NA,NA,NA,NA,NA,NA,NA,NA,NA,NA,NA,NA,1,NA,B6,0.394193193,-0.348767153,-0.563709629,-0.268344105,-0.13969317,7,5,-0.132628239,-0.5,3
1068,B0665,6,B,6B,Hindu,Enemies,Enemy1,2,44,F,65,1,1,7,7,7,1,7,7,6,6,2,4,1,NA,2,1,1,3,1,2,1,4,3,1,2,3,1,3,3,2,1,2,1,1,1,3,5,1,5,1,F,Muslim,1,1,2,2,1,1,3,1,1,3,1,4,2,3,2,1,1,4,1,5,1,5,1,1,7,5,6,1,0,B6,0.394193193,-0.348767153,-0.563709629,-0.268344105,-0.13969317,7,1,1.621549634144792,-0.5,6
1069,B0665,6,B,6B,Hindu,Enemies,Enemy2,2,59,F,65,1,1,7,7,7,1,7,7,6,6,2,4,1,NA,2,1,1,3,1,2,1,4,3,1,2,3,1,3,3,2,1,2,1,1,1,3,5,1,5,1,F,Hindu,1,1,1,2,1,2,4,1,1,1,1,4,4,7,3,1,2,2,3,2,2,5,5,6,7,7,1,1,1,B6,0.394193193,-0.348767153,-0.563709629,-0.268344105,-0.13969317,7,1,1.621549634144792,-0.5,6
1070,C0601,6,C,6C,Muslim,Enemies,Enemy1,2,8,M,1,4,7,NA,3,4,NA,NA,3,4,4,3,NA,8,NA,1,1,1,1,1,1,1,2,5,1,1,2,2,1,4,1,3,3,4,1,1,3,4,1,4,2,M,Hindu,1,1,1,1,1,1,3,1,1,3,1,3,3,4,2,3,2,4,2,2,2,2,3,7,5,7,3,1,0,C6,0.2950187936360523,-0.647254372,-1.050047349,-0.504486918,-0.763799269,7,NA,NA,-0.5,NA
1071,C0601,6,C,6C,Muslim,Enemies,Enemy2,2,9,M,1,4,7,NA,3,4,NA,NA,3,4,4,3,NA,8,NA,1,1,1,1,1,1,1,2,5,1,1,2,2,1,4,1,3,3,4,1,1,3,4,1,4,2,M,NA,NA,NA,NA,NA,NA,NA,NA,NA,NA,NA,NA,NA,NA,NA,NA,NA,NA,NA,NA,NA,NA,NA,NA,NA,NA,NA,NA,1,NA,C6,0.2950187936360523,-0.647254372,-1.050047349,-0.504486918,-0.763799269,7,NA,NA,-0.5,NA
1072,C0601,6,C,6C,Muslim,Enemies,Enemy3,2,11,M,1,4,7,NA,3,4,NA,NA,3,4,4,3,NA,8,NA,1,1,1,1,1,1,1,2,5,1,1,2,2,1,4,1,3,3,4,1,1,3,4,1,4,2,M,Hindu,2,NA,1,1,1,1,2,1,1,2,1,3,1,1,3,1,3,1,2,5,1,5,3,7,1,7,6,1,0,C6,0.2950187936360523,-0.647254372,-1.050047349,-0.504486918,-0.763799269,7,NA,NA,-0.5,NA
1073,C0601,6,C,6C,Muslim,Enemies,Enemy4,2,12,M,1,4,7,NA,3,4,NA,NA,3,4,4,3,NA,8,NA,1,1,1,1,1,1,1,2,5,1,1,2,2,1,4,1,3,3,4,1,1,3,4,1,4,2,M,NA,NA,NA,NA,NA,NA,NA,NA,NA,NA,NA,NA,NA,NA,NA,NA,NA,NA,NA,NA,NA,NA,NA,NA,NA,NA,NA,NA,1,NA,C6,0.2950187936360523,-0.647254372,-1.050047349,-0.504486918,-0.763799269,7,NA,NA,-0.5,NA
1074,C0601,6,C,6C,Muslim,Enemies,Enemy5,2,22,M,1,4,7,NA,3,4,NA,NA,3,4,4,3,NA,8,NA,1,1,1,1,1,1,1,2,5,1,1,2,2,1,4,1,3,3,4,1,1,3,4,1,4,2,M,NA,NA,NA,NA,NA,NA,NA,NA,NA,NA,NA,NA,NA,NA,NA,NA,NA,NA,NA,NA,NA,NA,NA,NA,NA,NA,NA,NA,1,NA,C6,0.2950187936360523,-0.647254372,-1.050047349,-0.504486918,-0.763799269,7,NA,NA,-0.5,NA
1075,C0601,6,C,6C,Muslim,Enemies,Enemy6,2,29,M,1,4,7,NA,3,4,NA,NA,3,4,4,3,NA,8,NA,1,1,1,1,1,1,1,2,5,1,1,2,2,1,4,1,3,3,4,1,1,3,4,1,4,2,M,Hindu,3,2,1,1,1,1,3,1,2,2,1,4,6,7,1,1,1,2,1,5,5,5,4,7,6,7,5,1,0,C6,0.2950187936360523,-0.647254372,-1.050047349,-0.504486918,-0.763799269,7,NA,NA,-0.5,NA
1076,C0601,6,C,6C,Muslim,Enemies,Enemy7,2,32,M,1,4,7,NA,3,4,NA,NA,3,4,4,3,NA,8,NA,1,1,1,1,1,1,1,2,5,1,1,2,2,1,4,1,3,3,4,1,1,3,4,1,4,2,M,Hindu,1,2,2,1,3,1,1,1,3,2,1,3,3,3,1,1,2,2,4,1,1,5,3,NA,7,5,5,1,0,C6,0.2950187936360523,-0.647254372,-1.050047349,-0.504486918,-0.763799269,7,NA,NA,-0.5,NA
1077,C0602,6,C,6C,Hindu,Enemies,Enemy1,2,1,M,2,5,7,3,7,7,4,6,7,6,6,7,4,2,NA,1,1,1,2,1,2,1,1,4,1,2,1,1,1,6,4,4,2,1,1,1,1,2,1,5,2,M,Muslim,1,1,1,1,1,1,5,1,1,2,1,4,1,3,3,4,1,1,3,4,1,4,2,7,NA,4,NA,1,0,C6,0.2950187936360523,-0.647254372,-1.050047349,-0.504486918,-0.763799269,7,3,0.7444606977058776,-0.5,3
1078,C0602,6,C,6C,Hindu,Enemies,Enemy2,2,3,M,2,5,7,3,7,7,4,6,7,6,6,7,4,2,NA,1,1,1,2,1,2,1,1,4,1,2,1,1,1,6,4,4,2,1,1,1,1,2,1,5,2,M,Muslim,3,2,2,1,3,1,4,2,1,3,1,3,2,2,1,1,2,2,4,1,1,3,3,7,6,5,7,1,0,C6,0.2950187936360523,-0.647254372,-1.050047349,-0.504486918,-0.763799269,7,3,0.7444606977058776,-0.5,3
1079,C0602,6,C,6C,Hindu,Enemies,Enemy3,2,5,M,2,5,7,3,7,7,4,6,7,6,6,7,4,2,NA,1,1,1,2,1,2,1,1,4,1,2,1,1,1,6,4,4,2,1,1,1,1,2,1,5,2,M,Hindu,2,1,2,1,2,1,4,1,1,2,1,4,1,1,4,2,1,1,1,3,1,2,4,6,4,6,4,1,1,C6,0.2950187936360523,-0.647254372,-1.050047349,-0.504486918,-0.763799269,7,3,0.7444606977058776,-0.5,3
1080,C0602,6,C,6C,Hindu,Enemies,Enemy4,2,13,M,2,5,7,3,7,7,4,6,7,6,6,7,4,2,NA,1,1,1,2,1,2,1,1,4,1,2,1,1,1,6,4,4,2,1,1,1,1,2,1,5,2,M,Muslim,2,1,1,2,1,1,3,1,5,1,1,4,1,7,2,1,1,1,3,1,1,5,3,7,1,4,7,1,0,C6,0.2950187936360523,-0.647254372,-1.050047349,-0.504486918,-0.763799269,7,3,0.7444606977058776,-0.5,3
1081,C0602,6,C,6C,Hindu,Enemies,Enemy5,2,20,M,2,5,7,3,7,7,4,6,7,6,6,7,4,2,NA,1,1,1,2,1,2,1,1,4,1,2,1,1,1,6,4,4,2,1,1,1,1,2,1,5,2,M,Hindu,2,2,1,1,1,1,4,1,2,1,1,5,6,2,1,2,2,1,3,1,1,1,2,7,5,7,1,1,1,C6,0.2950187936360523,-0.647254372,-1.050047349,-0.504486918,-0.763799269,7,3,0.7444606977058776,-0.5,3
1082,C0602,6,C,6C,Hindu,Enemies,Enemy6,2,32,M,2,5,7,3,7,7,4,6,7,6,6,7,4,2,NA,1,1,1,2,1,2,1,1,4,1,2,1,1,1,6,4,4,2,1,1,1,1,2,1,5,2,M,Hindu,1,2,2,1,3,1,1,1,3,2,1,3,3,3,1,1,2,2,4,1,1,5,3,NA,7,5,5,1,1,C6,0.2950187936360523,-0.647254372,-1.050047349,-0.504486918,-0.763799269,7,3,0.7444606977058776,-0.5,3
1083,C0602,6,C,6C,Hindu,Enemies,Enemy7,2,33,M,2,5,7,3,7,7,4,6,7,6,6,7,4,2,NA,1,1,1,2,1,2,1,1,4,1,2,1,1,1,6,4,4,2,1,1,1,1,2,1,5,2,M,NA,NA,NA,NA,NA,NA,NA,NA,NA,NA,NA,NA,NA,NA,NA,NA,NA,NA,NA,NA,NA,NA,NA,NA,NA,NA,NA,NA,1,NA,C6,0.2950187936360523,-0.647254372,-1.050047349,-0.504486918,-0.763799269,7,3,0.7444606977058776,-0.5,3
1084,C0604,6,C,6C,Hindu,Enemies,Enemy1,2,1,M,4,1,7,1,7,7,1,1,7,1,1,1,7,1,NA,1,1,1,1,1,1,1,1,5,4,5,1,1,1,2,7,7,1,1,1,1,1,1,1,1,5,M,Muslim,1,1,1,1,1,1,5,1,1,2,1,4,1,3,3,4,1,1,3,4,1,4,2,7,NA,4,NA,1,0,C6,0.2950187936360523,-0.647254372,-1.050047349,-0.504486918,-0.763799269,7,1,1.621549634144792,-0.5,6
1085,C0604,6,C,6C,Hindu,Enemies,Enemy2,2,3,M,4,1,7,1,7,7,1,1,7,1,1,1,7,1,NA,1,1,1,1,1,1,1,1,5,4,5,1,1,1,2,7,7,1,1,1,1,1,1,1,1,5,M,Muslim,3,2,2,1,3,1,4,2,1,3,1,3,2,2,1,1,2,2,4,1,1,3,3,7,6,5,7,1,0,C6,0.2950187936360523,-0.647254372,-1.050047349,-0.504486918,-0.763799269,7,1,1.621549634144792,-0.5,6
1086,C0604,6,C,6C,Hindu,Enemies,Enemy3,2,6,M,4,1,7,1,7,7,1,1,7,1,1,1,7,1,NA,1,1,1,1,1,1,1,1,5,4,5,1,1,1,2,7,7,1,1,1,1,1,1,1,1,5,M,Hindu,3,2,2,1,3,1,4,2,5,3,1,3,2,2,1,1,2,2,4,1,1,3,3,7,6,7,5,1,1,C6,0.2950187936360523,-0.647254372,-1.050047349,-0.504486918,-0.763799269,7,1,1.621549634144792,-0.5,6
1087,C0604,6,C,6C,Hindu,Enemies,Enemy4,2,8,M,4,1,7,1,7,7,1,1,7,1,1,1,7,1,NA,1,1,1,1,1,1,1,1,5,4,5,1,1,1,2,7,7,1,1,1,1,1,1,1,1,5,M,Hindu,1,1,1,1,1,1,3,1,1,3,1,3,3,4,2,3,2,4,2,2,2,2,3,7,5,7,3,1,1,C6,0.2950187936360523,-0.647254372,-1.050047349,-0.504486918,-0.763799269,7,1,1.621549634144792,-0.5,6
1088,C0604,6,C,6C,Hindu,Enemies,Enemy5,2,10,M,4,1,7,1,7,7,1,1,7,1,1,1,7,1,NA,1,1,1,1,1,1,1,1,5,4,5,1,1,1,2,7,7,1,1,1,1,1,1,1,1,5,M,Muslim,1,1,1,1,1,2,4,1,1,1,1,4,1,7,5,5,5,1,1,1,1,5,2,7,7,1,7,1,0,C6,0.2950187936360523,-0.647254372,-1.050047349,-0.504486918,-0.763799269,7,1,1.621549634144792,-0.5,6
1089,C0604,6,C,6C,Hindu,Enemies,Enemy6,2,15,M,4,1,7,1,7,7,1,1,7,1,1,1,7,1,NA,1,1,1,1,1,1,1,1,5,4,5,1,1,1,2,7,7,1,1,1,1,1,1,1,1,5,M,NA,NA,NA,NA,NA,NA,NA,NA,NA,NA,NA,NA,NA,NA,NA,NA,NA,NA,NA,NA,NA,NA,NA,NA,NA,NA,NA,NA,1,NA,C6,0.2950187936360523,-0.647254372,-1.050047349,-0.504486918,-0.763799269,7,1,1.621549634144792,-0.5,6
1090,C0604,6,C,6C,Hindu,Enemies,Enemy7,2,32,M,4,1,7,1,7,7,1,1,7,1,1,1,7,1,NA,1,1,1,1,1,1,1,1,5,4,5,1,1,1,2,7,7,1,1,1,1,1,1,1,1,5,M,Hindu,1,2,2,1,3,1,1,1,3,2,1,3,3,3,1,1,2,2,4,1,1,5,3,NA,7,5,5,1,1,C6,0.2950187936360523,-0.647254372,-1.050047349,-0.504486918,-0.763799269,7,1,1.621549634144792,-0.5,6
1091,C0605,6,C,6C,Hindu,Enemies,Enemy1,2,1,M,5,4,6,4,7,6,4,6,7,6,6,4,5,1,NA,1,2,1,2,1,2,1,2,4,1,1,2,1,1,4,1,1,4,2,1,1,1,3,1,2,4,M,Muslim,1,1,1,1,1,1,5,1,1,2,1,4,1,3,3,4,1,1,3,4,1,4,2,7,NA,4,NA,1,0,C6,0.2950187936360523,-0.647254372,-1.050047349,-0.504486918,-0.763799269,6,4,-0.132628239,-0.5,2
1092,C0605,6,C,6C,Hindu,Enemies,Enemy2,2,3,M,5,4,6,4,7,6,4,6,7,6,6,4,5,1,NA,1,2,1,2,1,2,1,2,4,1,1,2,1,1,4,1,1,4,2,1,1,1,3,1,2,4,M,Muslim,3,2,2,1,3,1,4,2,1,3,1,3,2,2,1,1,2,2,4,1,1,3,3,7,6,5,7,1,0,C6,0.2950187936360523,-0.647254372,-1.050047349,-0.504486918,-0.763799269,6,4,-0.132628239,-0.5,2
1093,C0605,6,C,6C,Hindu,Enemies,Enemy3,2,11,M,5,4,6,4,7,6,4,6,7,6,6,4,5,1,NA,1,2,1,2,1,2,1,2,4,1,1,2,1,1,4,1,1,4,2,1,1,1,3,1,2,4,M,Hindu,2,NA,1,1,1,1,2,1,1,2,1,3,1,1,3,1,3,1,2,5,1,5,3,7,1,7,6,1,1,C6,0.2950187936360523,-0.647254372,-1.050047349,-0.504486918,-0.763799269,6,4,-0.132628239,-0.5,2
1094,C0605,6,C,6C,Hindu,Enemies,Enemy4,2,12,M,5,4,6,4,7,6,4,6,7,6,6,4,5,1,NA,1,2,1,2,1,2,1,2,4,1,1,2,1,1,4,1,1,4,2,1,1,1,3,1,2,4,M,NA,NA,NA,NA,NA,NA,NA,NA,NA,NA,NA,NA,NA,NA,NA,NA,NA,NA,NA,NA,NA,NA,NA,NA,NA,NA,NA,NA,1,NA,C6,0.2950187936360523,-0.647254372,-1.050047349,-0.504486918,-0.763799269,6,4,-0.132628239,-0.5,2
1095,C0605,6,C,6C,Hindu,Enemies,Enemy5,2,15,M,5,4,6,4,7,6,4,6,7,6,6,4,5,1,NA,1,2,1,2,1,2,1,2,4,1,1,2,1,1,4,1,1,4,2,1,1,1,3,1,2,4,M,NA,NA,NA,NA,NA,NA,NA,NA,NA,NA,NA,NA,NA,NA,NA,NA,NA,NA,NA,NA,NA,NA,NA,NA,NA,NA,NA,NA,1,NA,C6,0.2950187936360523,-0.647254372,-1.050047349,-0.504486918,-0.763799269,6,4,-0.132628239,-0.5,2
1096,C0605,6,C,6C,Hindu,Enemies,Enemy6,2,26,M,5,4,6,4,7,6,4,6,7,6,6,4,5,1,NA,1,2,1,2,1,2,1,2,4,1,1,2,1,1,4,1,1,4,2,1,1,1,3,1,2,4,M,Hindu,2,1,1,1,1,2,3,1,2,2,1,2,1,1,4,5,4,4,4,4,5,5,2,7,1,7,6,1,1,C6,0.2950187936360523,-0.647254372,-1.050047349,-0.504486918,-0.763799269,6,4,-0.132628239,-0.5,2
1097,C0605,6,C,6C,Hindu,Enemies,Enemy7,2,30,M,5,4,6,4,7,6,4,6,7,6,6,4,5,1,NA,1,2,1,2,1,2,1,2,4,1,1,2,1,1,4,1,1,4,2,1,1,1,3,1,2,4,M,Muslim,2,1,1,2,2,1,3,1,3,1,1,NA,4,4,4,2,4,1,4,4,2,5,2,7,5,2,7,1,0,C6,0.2950187936360523,-0.647254372,-1.050047349,-0.504486918,-0.763799269,6,4,-0.132628239,-0.5,2
1098,C0607,6,C,6C,Hindu,Enemies,Enemy1,2,1,M,7,2,7,4,6,7,2,7,7,5,6,6,6,8,NA,1,1,2,1,1,2,1,1,NA,1,NA,1,1,1,4,3,3,4,2,1,3,5,5,3,5,3,M,Muslim,1,1,1,1,1,1,5,1,1,2,1,4,1,3,3,4,1,1,3,4,1,4,2,7,NA,4,NA,1,0,C6,0.2950187936360523,-0.647254372,-1.050047349,-0.504486918,-0.763799269,7,4,0.30591622948642044,-0.5,5
1099,C0607,6,C,6C,Hindu,Enemies,Enemy2,2,8,M,7,2,7,4,6,7,2,7,7,5,6,6,6,8,NA,1,1,2,1,1,2,1,1,NA,1,NA,1,1,1,4,3,3,4,2,1,3,5,5,3,5,3,M,Hindu,1,1,1,1,1,1,3,1,1,3,1,3,3,4,2,3,2,4,2,2,2,2,3,7,5,7,3,1,1,C6,0.2950187936360523,-0.647254372,-1.050047349,-0.504486918,-0.763799269,7,4,0.30591622948642044,-0.5,5
1100,C0607,6,C,6C,Hindu,Enemies,Enemy3,2,10,M,7,2,7,4,6,7,2,7,7,5,6,6,6,8,NA,1,1,2,1,1,2,1,1,NA,1,NA,1,1,1,4,3,3,4,2,1,3,5,5,3,5,3,M,Muslim,1,1,1,1,1,2,4,1,1,1,1,4,1,7,5,5,5,1,1,1,1,5,2,7,7,1,7,1,0,C6,0.2950187936360523,-0.647254372,-1.050047349,-0.504486918,-0.763799269,7,4,0.30591622948642044,-0.5,5
1101,C0607,6,C,6C,Hindu,Enemies,Enemy4,2,11,M,7,2,7,4,6,7,2,7,7,5,6,6,6,8,NA,1,1,2,1,1,2,1,1,NA,1,NA,1,1,1,4,3,3,4,2,1,3,5,5,3,5,3,M,Hindu,2,NA,1,1,1,1,2,1,1,2,1,3,1,1,3,1,3,1,2,5,1,5,3,7,1,7,6,1,1,C6,0.2950187936360523,-0.647254372,-1.050047349,-0.504486918,-0.763799269,7,4,0.30591622948642044,-0.5,5
1102,C0607,6,C,6C,Hindu,Enemies,Enemy5,2,12,M,7,2,7,4,6,7,2,7,7,5,6,6,6,8,NA,1,1,2,1,1,2,1,1,NA,1,NA,1,1,1,4,3,3,4,2,1,3,5,5,3,5,3,M,NA,NA,NA,NA,NA,NA,NA,NA,NA,NA,NA,NA,NA,NA,NA,NA,NA,NA,NA,NA,NA,NA,NA,NA,NA,NA,NA,NA,1,NA,C6,0.2950187936360523,-0.647254372,-1.050047349,-0.504486918,-0.763799269,7,4,0.30591622948642044,-0.5,5
1103,C0607,6,C,6C,Hindu,Enemies,Enemy6,2,15,M,7,2,7,4,6,7,2,7,7,5,6,6,6,8,NA,1,1,2,1,1,2,1,1,NA,1,NA,1,1,1,4,3,3,4,2,1,3,5,5,3,5,3,M,NA,NA,NA,NA,NA,NA,NA,NA,NA,NA,NA,NA,NA,NA,NA,NA,NA,NA,NA,NA,NA,NA,NA,NA,NA,NA,NA,NA,1,NA,C6,0.2950187936360523,-0.647254372,-1.050047349,-0.504486918,-0.763799269,7,4,0.30591622948642044,-0.5,5
1104,C0607,6,C,6C,Hindu,Enemies,Enemy7,2,20,M,7,2,7,4,6,7,2,7,7,5,6,6,6,8,NA,1,1,2,1,1,2,1,1,NA,1,NA,1,1,1,4,3,3,4,2,1,3,5,5,3,5,3,M,Hindu,2,2,1,1,1,1,4,1,2,1,1,5,6,2,1,2,2,1,3,1,1,1,2,7,5,7,1,1,1,C6,0.2950187936360523,-0.647254372,-1.050047349,-0.504486918,-0.763799269,7,4,0.30591622948642044,-0.5,5
1105,C0608,6,C,6C,Hindu,Enemies,Enemy1,2,27,M,8,5,7,5,7,7,3,7,7,6,6,5,5,8,Jadhar,1,1,1,1,1,1,1,2,3,1,1,3,1,1,3,3,4,2,3,2,4,2,2,2,2,3,M,Hindu,4,3,5,2,2,1,4,1,2,3,1,7,7,7,1,2,4,3,5,1,3,2,5,7,1,7,1,1,1,C6,0.2950187936360523,-0.647254372,-1.050047349,-0.504486918,-0.763799269,7,5,-0.132628239,-0.5,4
1106,C0608,6,C,6C,Hindu,Enemies,Enemy2,2,38,M,8,5,7,5,7,7,3,7,7,6,6,5,5,8,Jadhar,1,1,1,1,1,1,1,2,3,1,1,3,1,1,3,3,4,2,3,2,4,2,2,2,2,3,M,Hindu,2,1,1,1,2,1,2,1,1,1,1,4,3,3,1,1,2,2,1,4,1,5,1,7,5,7,3,1,1,C6,0.2950187936360523,-0.647254372,-1.050047349,-0.504486918,-0.763799269,7,5,-0.132628239,-0.5,4
1107,C0610,6,C,6C,Muslim,Enemies,Enemy1,2,4,M,10,1,7,7,7,1,7,7,NA,1,7,7,3,8,NA,1,1,1,1,1,1,2,4,4,1,1,1,2,1,4,1,7,5,5,5,1,1,1,1,5,2,M,Hindu,1,1,1,1,1,1,5,4,5,1,1,2,7,7,1,1,1,1,1,1,1,1,5,7,1,7,1,1,0,C6,0.2950187936360523,-0.647254372,-1.050047349,-0.504486918,-0.763799269,7,7,-1.009717175,-0.5,6
1108,C0610,6,C,6C,Muslim,Enemies,Enemy2,2,8,M,10,1,7,7,7,1,7,7,NA,1,7,7,3,8,NA,1,1,1,1,1,1,2,4,4,1,1,1,2,1,4,1,7,5,5,5,1,1,1,1,5,2,M,Hindu,1,1,1,1,1,1,3,1,1,3,1,3,3,4,2,3,2,4,2,2,2,2,3,7,5,7,3,1,0,C6,0.2950187936360523,-0.647254372,-1.050047349,-0.504486918,-0.763799269,7,7,-1.009717175,-0.5,6
1109,C0610,6,C,6C,Muslim,Enemies,Enemy3,2,19,M,10,1,7,7,7,1,7,7,NA,1,7,7,3,8,NA,1,1,1,1,1,1,2,4,4,1,1,1,2,1,4,1,7,5,5,5,1,1,1,1,5,2,M,Hindu,2,2,1,1,2,1,4,1,1,1,1,4,4,2,2,1,3,1,5,1,1,2,2,6,5,7,5,1,0,C6,0.2950187936360523,-0.647254372,-1.050047349,-0.504486918,-0.763799269,7,7,-1.009717175,-0.5,6
1110,C0610,6,C,6C,Muslim,Enemies,Enemy4,2,2,M,10,1,7,7,7,1,7,7,NA,1,7,7,3,8,NA,1,1,1,1,1,1,2,4,4,1,1,1,2,1,4,1,7,5,5,5,1,1,1,1,5,2,M,Hindu,1,1,2,1,2,1,4,1,2,1,1,6,4,4,2,1,1,1,1,2,1,5,2,7,3,7,4,1,0,C6,0.2950187936360523,-0.647254372,-1.050047349,-0.504486918,-0.763799269,7,7,-1.009717175,-0.5,6
1111,C0610,6,C,6C,Muslim,Enemies,Enemy5,2,26,M,10,1,7,7,7,1,7,7,NA,1,7,7,3,8,NA,1,1,1,1,1,1,2,4,4,1,1,1,2,1,4,1,7,5,5,5,1,1,1,1,5,2,M,Hindu,2,1,1,1,1,2,3,1,2,2,1,2,1,1,4,5,4,4,4,4,5,5,2,7,1,7,6,1,0,C6,0.2950187936360523,-0.647254372,-1.050047349,-0.504486918,-0.763799269,7,7,-1.009717175,-0.5,6
1112,C0610,6,C,6C,Muslim,Enemies,Enemy6,2,34,M,10,1,7,7,7,1,7,7,NA,1,7,7,3,8,NA,1,1,1,1,1,1,2,4,4,1,1,1,2,1,4,1,7,5,5,5,1,1,1,1,5,2,M,Muslim,1,1,2,1,1,1,3,1,1,3,1,4,6,5,1,1,1,1,1,1,1,5,3,7,6,7,7,1,1,C6,0.2950187936360523,-0.647254372,-1.050047349,-0.504486918,-0.763799269,7,7,-1.009717175,-0.5,6
1113,C0610,6,C,6C,Muslim,Enemies,Enemy7,2,39,M,10,1,7,7,7,1,7,7,NA,1,7,7,3,8,NA,1,1,1,1,1,1,2,4,4,1,1,1,2,1,4,1,7,5,5,5,1,1,1,1,5,2,M,NA,NA,NA,NA,NA,NA,NA,NA,NA,NA,NA,NA,NA,NA,NA,NA,NA,NA,NA,NA,NA,NA,NA,NA,NA,NA,NA,NA,1,NA,C6,0.2950187936360523,-0.647254372,-1.050047349,-0.504486918,-0.763799269,7,7,-1.009717175,-0.5,6
1114,C0613,6,C,6C,Muslim,Enemies,Enemy1,2,1,M,13,2,7,1,7,4,7,6,7,1,5,3,3,6,Sunni,1,2,1,1,2,1,1,2,3,1,5,1,2,1,4,1,7,2,1,1,1,3,1,1,5,3,M,Muslim,1,1,1,1,1,1,5,1,1,2,1,4,1,3,3,4,1,1,3,4,1,4,2,7,NA,4,NA,1,1,C6,0.2950187936360523,-0.647254372,-1.050047349,-0.504486918,-0.763799269,7,1,1.621549634144792,-0.5,3
1115,C0613,6,C,6C,Muslim,Enemies,Enemy2,2,3,M,13,2,7,1,7,4,7,6,7,1,5,3,3,6,Sunni,1,2,1,1,2,1,1,2,3,1,5,1,2,1,4,1,7,2,1,1,1,3,1,1,5,3,M,Muslim,3,2,2,1,3,1,4,2,1,3,1,3,2,2,1,1,2,2,4,1,1,3,3,7,6,5,7,1,1,C6,0.2950187936360523,-0.647254372,-1.050047349,-0.504486918,-0.763799269,7,1,1.621549634144792,-0.5,3
1116,C0613,6,C,6C,Muslim,Enemies,Enemy3,2,5,M,13,2,7,1,7,4,7,6,7,1,5,3,3,6,Sunni,1,2,1,1,2,1,1,2,3,1,5,1,2,1,4,1,7,2,1,1,1,3,1,1,5,3,M,Hindu,2,1,2,1,2,1,4,1,1,2,1,4,1,1,4,2,1,1,1,3,1,2,4,6,4,6,4,1,0,C6,0.2950187936360523,-0.647254372,-1.050047349,-0.504486918,-0.763799269,7,1,1.621549634144792,-0.5,3
1117,C0613,6,C,6C,Muslim,Enemies,Enemy4,2,6,M,13,2,7,1,7,4,7,6,7,1,5,3,3,6,Sunni,1,2,1,1,2,1,1,2,3,1,5,1,2,1,4,1,7,2,1,1,1,3,1,1,5,3,M,Hindu,3,2,2,1,3,1,4,2,5,3,1,3,2,2,1,1,2,2,4,1,1,3,3,7,6,7,5,1,0,C6,0.2950187936360523,-0.647254372,-1.050047349,-0.504486918,-0.763799269,7,1,1.621549634144792,-0.5,3
1118,C0613,6,C,6C,Muslim,Enemies,Enemy5,2,11,M,13,2,7,1,7,4,7,6,7,1,5,3,3,6,Sunni,1,2,1,1,2,1,1,2,3,1,5,1,2,1,4,1,7,2,1,1,1,3,1,1,5,3,M,Hindu,2,NA,1,1,1,1,2,1,1,2,1,3,1,1,3,1,3,1,2,5,1,5,3,7,1,7,6,1,0,C6,0.2950187936360523,-0.647254372,-1.050047349,-0.504486918,-0.763799269,7,1,1.621549634144792,-0.5,3
1119,C0613,6,C,6C,Muslim,Enemies,Enemy6,2,21,M,13,2,7,1,7,4,7,6,7,1,5,3,3,6,Sunni,1,2,1,1,2,1,1,2,3,1,5,1,2,1,4,1,7,2,1,1,1,3,1,1,5,3,M,Hindu,1,2,2,1,1,1,4,1,1,1,1,4,4,4,1,1,2,1,3,1,1,5,2,6,4,7,4,1,0,C6,0.2950187936360523,-0.647254372,-1.050047349,-0.504486918,-0.763799269,7,1,1.621549634144792,-0.5,3
1120,C0613,6,C,6C,Muslim,Enemies,Enemy7,2,32,M,13,2,7,1,7,4,7,6,7,1,5,3,3,6,Sunni,1,2,1,1,2,1,1,2,3,1,5,1,2,1,4,1,7,2,1,1,1,3,1,1,5,3,M,Hindu,1,2,2,1,3,1,1,1,3,2,1,3,3,3,1,1,2,2,4,1,1,5,3,NA,7,5,5,1,0,C6,0.2950187936360523,-0.647254372,-1.050047349,-0.504486918,-0.763799269,7,1,1.621549634144792,-0.5,3
1121,C0616,6,C,6C,Hindu,Enemies,Enemy1,2,1,M,16,2,7,6,4,7,4,4,6,5,5,4,5,2,NA,1,1,2,1,1,2,1,4,4,1,5,5,1,1,4,3,2,1,2,1,1,1,5,1,5,2,M,Muslim,1,1,1,1,1,1,5,1,1,2,1,4,1,3,3,4,1,1,3,4,1,4,2,7,NA,4,NA,1,0,C6,0.2950187936360523,-0.647254372,-1.050047349,-0.504486918,-0.763799269,7,6,-0.571172707,-0.5,3
1122,C0616,6,C,6C,Hindu,Enemies,Enemy2,2,49,M,16,2,7,6,4,7,4,4,6,5,5,4,5,2,NA,1,1,2,1,1,2,1,4,4,1,5,5,1,1,4,3,2,1,2,1,1,1,5,1,5,2,F,Hindu,1,3,1,1,1,2,3,1,1,1,2,4,4,4,3,1,2,2,1,2,1,3,3,4,4,4,4,0,1,C6,0.2950187936360523,-0.647254372,-1.050047349,-0.504486918,-0.763799269,7,6,-0.571172707,-0.5,3
1123,C0617,6,C,6C,Hindu,Enemies,Enemy1,2,20,M,17,4,7,6,7,7,6,7,7,6,5,6,5,8,NA,1,2,2,1,1,2,1,1,2,1,5,4,1,1,4,3,2,1,2,3,2,2,1,2,2,2,M,Hindu,2,2,1,1,1,1,4,1,2,1,1,5,6,2,1,2,2,1,3,1,1,1,2,7,5,7,1,1,1,C6,0.2950187936360523,-0.647254372,-1.050047349,-0.504486918,-0.763799269,7,6,-0.571172707,-0.5,1
1124,C0617,6,C,6C,Hindu,Enemies,Enemy2,2,36,M,17,4,7,6,7,7,6,7,7,6,5,6,5,8,NA,1,2,2,1,1,2,1,1,2,1,5,4,1,1,4,3,2,1,2,3,2,2,1,2,2,2,M,Muslim,2,2,1,1,1,2,4,1,5,5,2,4,4,4,2,1,4,1,3,5,3,2,1,6,5,6,7,1,0,C6,0.2950187936360523,-0.647254372,-1.050047349,-0.504486918,-0.763799269,7,6,-0.571172707,-0.5,1
1125,C0618,6,C,6C,Hindu,Enemies,Enemy1,2,1,M,18,1,7,1,7,7,4,7,6,5,5,2,6,7,NA,1,1,2,2,1,2,1,1,4,1,5,1,1,3,4,2,3,2,1,1,3,1,5,1,5,3,M,Muslim,1,1,1,1,1,1,5,1,1,2,1,4,1,3,3,4,1,1,3,4,1,4,2,7,NA,4,NA,1,0,C6,0.2950187936360523,-0.647254372,-1.050047349,-0.504486918,-0.763799269,7,1,1.621549634144792,-0.5,3
1126,C0618,6,C,6C,Hindu,Enemies,Enemy2,2,10,M,18,1,7,1,7,7,4,7,6,5,5,2,6,7,NA,1,1,2,2,1,2,1,1,4,1,5,1,1,3,4,2,3,2,1,1,3,1,5,1,5,3,M,Muslim,1,1,1,1,1,2,4,1,1,1,1,4,1,7,5,5,5,1,1,1,1,5,2,7,7,1,7,1,0,C6,0.2950187936360523,-0.647254372,-1.050047349,-0.504486918,-0.763799269,7,1,1.621549634144792,-0.5,3
1127,C0618,6,C,6C,Hindu,Enemies,Enemy3,2,12,M,18,1,7,1,7,7,4,7,6,5,5,2,6,7,NA,1,1,2,2,1,2,1,1,4,1,5,1,1,3,4,2,3,2,1,1,3,1,5,1,5,3,M,NA,NA,NA,NA,NA,NA,NA,NA,NA,NA,NA,NA,NA,NA,NA,NA,NA,NA,NA,NA,NA,NA,NA,NA,NA,NA,NA,NA,1,NA,C6,0.2950187936360523,-0.647254372,-1.050047349,-0.504486918,-0.763799269,7,1,1.621549634144792,-0.5,3
1128,C0618,6,C,6C,Hindu,Enemies,Enemy4,2,15,M,18,1,7,1,7,7,4,7,6,5,5,2,6,7,NA,1,1,2,2,1,2,1,1,4,1,5,1,1,3,4,2,3,2,1,1,3,1,5,1,5,3,M,NA,NA,NA,NA,NA,NA,NA,NA,NA,NA,NA,NA,NA,NA,NA,NA,NA,NA,NA,NA,NA,NA,NA,NA,NA,NA,NA,NA,1,NA,C6,0.2950187936360523,-0.647254372,-1.050047349,-0.504486918,-0.763799269,7,1,1.621549634144792,-0.5,3
1129,C0618,6,C,6C,Hindu,Enemies,Enemy5,2,20,M,18,1,7,1,7,7,4,7,6,5,5,2,6,7,NA,1,1,2,2,1,2,1,1,4,1,5,1,1,3,4,2,3,2,1,1,3,1,5,1,5,3,M,Hindu,2,2,1,1,1,1,4,1,2,1,1,5,6,2,1,2,2,1,3,1,1,1,2,7,5,7,1,1,1,C6,0.2950187936360523,-0.647254372,-1.050047349,-0.504486918,-0.763799269,7,1,1.621549634144792,-0.5,3
1130,C0618,6,C,6C,Hindu,Enemies,Enemy6,2,23,M,18,1,7,1,7,7,4,7,6,5,5,2,6,7,NA,1,1,2,2,1,2,1,1,4,1,5,1,1,3,4,2,3,2,1,1,3,1,5,1,5,3,M,NA,NA,NA,NA,NA,NA,NA,NA,NA,NA,NA,NA,NA,NA,NA,NA,NA,NA,NA,NA,NA,NA,NA,NA,NA,NA,NA,NA,1,NA,C6,0.2950187936360523,-0.647254372,-1.050047349,-0.504486918,-0.763799269,7,1,1.621549634144792,-0.5,3
1131,C0618,6,C,6C,Hindu,Enemies,Enemy7,2,32,M,18,1,7,1,7,7,4,7,6,5,5,2,6,7,NA,1,1,2,2,1,2,1,1,4,1,5,1,1,3,4,2,3,2,1,1,3,1,5,1,5,3,M,Hindu,1,2,2,1,3,1,1,1,3,2,1,3,3,3,1,1,2,2,4,1,1,5,3,NA,7,5,5,1,1,C6,0.2950187936360523,-0.647254372,-1.050047349,-0.504486918,-0.763799269,7,1,1.621549634144792,-0.5,3
1132,C0619,6,C,6C,Hindu,Enemies,Enemy1,2,1,M,19,5,6,5,7,7,5,7,6,6,6,5,5,2,NA,1,2,2,1,1,2,1,1,4,1,1,1,1,1,4,4,2,2,1,3,1,5,1,1,2,2,M,Muslim,1,1,1,1,1,1,5,1,1,2,1,4,1,3,3,4,1,1,3,4,1,4,2,7,NA,4,NA,1,0,C6,0.2950187936360523,-0.647254372,-1.050047349,-0.504486918,-0.763799269,6,5,-0.571172707,-0.5,2
1133,C0620,6,C,6C,Hindu,Enemies,Enemy1,2,1,M,20,1,7,5,6,7,1,2,7,3,6,1,6,2,NA,1,2,2,1,1,1,1,1,4,1,2,1,1,1,5,6,2,1,2,2,1,3,1,1,1,2,M,Muslim,1,1,1,1,1,1,5,1,1,2,1,4,1,3,3,4,1,1,3,4,1,4,2,7,NA,4,NA,1,0,C6,0.2950187936360523,-0.647254372,-1.050047349,-0.504486918,-0.763799269,7,5,-0.132628239,-0.5,6
1134,C0620,6,C,6C,Hindu,Enemies,Enemy2,2,35,M,20,1,7,5,6,7,1,2,7,3,6,1,6,2,NA,1,2,2,1,1,1,1,1,4,1,2,1,1,1,5,6,2,1,2,2,1,3,1,1,1,2,M,Muslim,2,1,1,2,2,1,3,1,4,1,1,2,2,2,4,2,4,4,4,4,2,5,2,7,2,2,7,1,0,C6,0.2950187936360523,-0.647254372,-1.050047349,-0.504486918,-0.763799269,7,5,-0.132628239,-0.5,6
1135,C0621,6,C,6C,Hindu,Enemies,Enemy1,2,1,M,21,2,6,4,7,7,4,7,6,6,6,4,1,2,NA,1,1,2,2,1,1,1,1,4,1,1,1,1,1,4,4,4,1,1,2,1,3,1,1,5,2,M,Muslim,1,1,1,1,1,1,5,1,1,2,1,4,1,3,3,4,1,1,3,4,1,4,2,7,NA,4,NA,1,0,C6,0.2950187936360523,-0.647254372,-1.050047349,-0.504486918,-0.763799269,6,4,-0.132628239,-0.5,3
1136,C0621,6,C,6C,Hindu,Enemies,Enemy2,2,3,M,21,2,6,4,7,7,4,7,6,6,6,4,1,2,NA,1,1,2,2,1,1,1,1,4,1,1,1,1,1,4,4,4,1,1,2,1,3,1,1,5,2,M,Muslim,3,2,2,1,3,1,4,2,1,3,1,3,2,2,1,1,2,2,4,1,1,3,3,7,6,5,7,1,0,C6,0.2950187936360523,-0.647254372,-1.050047349,-0.504486918,-0.763799269,6,4,-0.132628239,-0.5,3
1137,C0621,6,C,6C,Hindu,Enemies,Enemy3,2,6,M,21,2,6,4,7,7,4,7,6,6,6,4,1,2,NA,1,1,2,2,1,1,1,1,4,1,1,1,1,1,4,4,4,1,1,2,1,3,1,1,5,2,M,Hindu,3,2,2,1,3,1,4,2,5,3,1,3,2,2,1,1,2,2,4,1,1,3,3,7,6,7,5,1,1,C6,0.2950187936360523,-0.647254372,-1.050047349,-0.504486918,-0.763799269,6,4,-0.132628239,-0.5,3
1138,C0621,6,C,6C,Hindu,Enemies,Enemy4,2,7,M,21,2,6,4,7,7,4,7,6,6,6,4,1,2,NA,1,1,2,2,1,1,1,1,4,1,1,1,1,1,4,4,4,1,1,2,1,3,1,1,5,2,M,Hindu,1,2,1,1,2,1,NA,1,NA,1,1,4,3,3,4,2,1,3,5,5,3,5,3,7,4,7,2,1,1,C6,0.2950187936360523,-0.647254372,-1.050047349,-0.504486918,-0.763799269,6,4,-0.132628239,-0.5,3
1139,C0621,6,C,6C,Hindu,Enemies,Enemy5,2,8,M,21,2,6,4,7,7,4,7,6,6,6,4,1,2,NA,1,1,2,2,1,1,1,1,4,1,1,1,1,1,4,4,4,1,1,2,1,3,1,1,5,2,M,Hindu,1,1,1,1,1,1,3,1,1,3,1,3,3,4,2,3,2,4,2,2,2,2,3,7,5,7,3,1,1,C6,0.2950187936360523,-0.647254372,-1.050047349,-0.504486918,-0.763799269,6,4,-0.132628239,-0.5,3
1140,C0621,6,C,6C,Hindu,Enemies,Enemy6,2,9,M,21,2,6,4,7,7,4,7,6,6,6,4,1,2,NA,1,1,2,2,1,1,1,1,4,1,1,1,1,1,4,4,4,1,1,2,1,3,1,1,5,2,M,NA,NA,NA,NA,NA,NA,NA,NA,NA,NA,NA,NA,NA,NA,NA,NA,NA,NA,NA,NA,NA,NA,NA,NA,NA,NA,NA,NA,1,NA,C6,0.2950187936360523,-0.647254372,-1.050047349,-0.504486918,-0.763799269,6,4,-0.132628239,-0.5,3
1141,C0621,6,C,6C,Hindu,Enemies,Enemy7,2,10,M,21,2,6,4,7,7,4,7,6,6,6,4,1,2,NA,1,1,2,2,1,1,1,1,4,1,1,1,1,1,4,4,4,1,1,2,1,3,1,1,5,2,M,Muslim,1,1,1,1,1,2,4,1,1,1,1,4,1,7,5,5,5,1,1,1,1,5,2,7,7,1,7,1,0,C6,0.2950187936360523,-0.647254372,-1.050047349,-0.504486918,-0.763799269,6,4,-0.132628239,-0.5,3
1142,C0625,6,C,6C,Muslim,Enemies,Enemy1,2,3,M,25,2,4,1,5,1,7,7,7,4,2,3,2,8,Pathan,1,2,1,3,1,3,2,2,4,3,4,5,2,3,4,2,6,3,1,2,2,4,2,2,5,4,M,Muslim,3,2,2,1,3,1,4,2,1,3,1,3,2,2,1,1,2,2,4,1,1,3,3,7,6,5,7,1,1,C6,0.2950187936360523,-0.647254372,-1.050047349,-0.504486918,-0.763799269,4,1,0.30591622948642044,-0.5,6
1143,C0625,6,C,6C,Muslim,Enemies,Enemy2,2,4,M,25,2,4,1,5,1,7,7,7,4,2,3,2,8,Pathan,1,2,1,3,1,3,2,2,4,3,4,5,2,3,4,2,6,3,1,2,2,4,2,2,5,4,M,Hindu,1,1,1,1,1,1,5,4,5,1,1,2,7,7,1,1,1,1,1,1,1,1,5,7,1,7,1,1,0,C6,0.2950187936360523,-0.647254372,-1.050047349,-0.504486918,-0.763799269,4,1,0.30591622948642044,-0.5,6
1144,C0625,6,C,6C,Muslim,Enemies,Enemy3,2,10,M,25,2,4,1,5,1,7,7,7,4,2,3,2,8,Pathan,1,2,1,3,1,3,2,2,4,3,4,5,2,3,4,2,6,3,1,2,2,4,2,2,5,4,M,Muslim,1,1,1,1,1,2,4,1,1,1,1,4,1,7,5,5,5,1,1,1,1,5,2,7,7,1,7,1,1,C6,0.2950187936360523,-0.647254372,-1.050047349,-0.504486918,-0.763799269,4,1,0.30591622948642044,-0.5,6
1145,C0625,6,C,6C,Muslim,Enemies,Enemy4,2,2,M,25,2,4,1,5,1,7,7,7,4,2,3,2,8,Pathan,1,2,1,3,1,3,2,2,4,3,4,5,2,3,4,2,6,3,1,2,2,4,2,2,5,4,M,Hindu,1,1,2,1,2,1,4,1,2,1,1,6,4,4,2,1,1,1,1,2,1,5,2,7,3,7,4,1,0,C6,0.2950187936360523,-0.647254372,-1.050047349,-0.504486918,-0.763799269,4,1,0.30591622948642044,-0.5,6
1146,C0625,6,C,6C,Muslim,Enemies,Enemy5,2,15,M,25,2,4,1,5,1,7,7,7,4,2,3,2,8,Pathan,1,2,1,3,1,3,2,2,4,3,4,5,2,3,4,2,6,3,1,2,2,4,2,2,5,4,M,NA,NA,NA,NA,NA,NA,NA,NA,NA,NA,NA,NA,NA,NA,NA,NA,NA,NA,NA,NA,NA,NA,NA,NA,NA,NA,NA,NA,1,NA,C6,0.2950187936360523,-0.647254372,-1.050047349,-0.504486918,-0.763799269,4,1,0.30591622948642044,-0.5,6
1147,C0625,6,C,6C,Muslim,Enemies,Enemy6,2,19,M,25,2,4,1,5,1,7,7,7,4,2,3,2,8,Pathan,1,2,1,3,1,3,2,2,4,3,4,5,2,3,4,2,6,3,1,2,2,4,2,2,5,4,M,Hindu,2,2,1,1,2,1,4,1,1,1,1,4,4,2,2,1,3,1,5,1,1,2,2,6,5,7,5,1,0,C6,0.2950187936360523,-0.647254372,-1.050047349,-0.504486918,-0.763799269,4,1,0.30591622948642044,-0.5,6
1148,C0625,6,C,6C,Muslim,Enemies,Enemy7,2,33,M,25,2,4,1,5,1,7,7,7,4,2,3,2,8,Pathan,1,2,1,3,1,3,2,2,4,3,4,5,2,3,4,2,6,3,1,2,2,4,2,2,5,4,M,NA,NA,NA,NA,NA,NA,NA,NA,NA,NA,NA,NA,NA,NA,NA,NA,NA,NA,NA,NA,NA,NA,NA,NA,NA,NA,NA,NA,1,NA,C6,0.2950187936360523,-0.647254372,-1.050047349,-0.504486918,-0.763799269,4,1,0.30591622948642044,-0.5,6
1149,C0626,6,C,6C,Hindu,Enemies,Enemy1,2,1,M,26,2,7,1,1,7,6,7,7,5,7,1,7,7,Marathi,1,2,1,1,1,1,2,4,3,1,2,2,1,1,2,1,1,4,5,4,4,4,4,5,5,2,M,Muslim,1,1,1,1,1,1,5,1,1,2,1,4,1,3,3,4,1,1,3,4,1,4,2,7,NA,4,NA,1,0,C6,0.2950187936360523,-0.647254372,-1.050047349,-0.504486918,-0.763799269,7,1,1.621549634144792,-0.5,1
1150,C0626,6,C,6C,Hindu,Enemies,Enemy2,2,8,M,26,2,7,1,1,7,6,7,7,5,7,1,7,7,Marathi,1,2,1,1,1,1,2,4,3,1,2,2,1,1,2,1,1,4,5,4,4,4,4,5,5,2,M,Hindu,1,1,1,1,1,1,3,1,1,3,1,3,3,4,2,3,2,4,2,2,2,2,3,7,5,7,3,1,1,C6,0.2950187936360523,-0.647254372,-1.050047349,-0.504486918,-0.763799269,7,1,1.621549634144792,-0.5,1
1151,C0627,6,C,6C,Hindu,Enemies,Enemy1,2,4,M,27,1,7,1,6,7,1,NA,6,3,2,4,5,4,NA,1,4,3,5,2,2,1,1,4,1,2,3,1,1,7,7,7,1,2,4,3,5,1,3,2,5,M,Hindu,1,1,1,1,1,1,5,4,5,1,1,2,7,7,1,1,1,1,1,1,1,1,5,7,1,7,1,1,1,C6,0.2950187936360523,-0.647254372,-1.050047349,-0.504486918,-0.763799269,7,1,1.621549634144792,-0.5,6
1152,C0627,6,C,6C,Hindu,Enemies,Enemy2,2,7,M,27,1,7,1,6,7,1,NA,6,3,2,4,5,4,NA,1,4,3,5,2,2,1,1,4,1,2,3,1,1,7,7,7,1,2,4,3,5,1,3,2,5,M,Hindu,1,2,1,1,2,1,NA,1,NA,1,1,4,3,3,4,2,1,3,5,5,3,5,3,7,4,7,2,1,1,C6,0.2950187936360523,-0.647254372,-1.050047349,-0.504486918,-0.763799269,7,1,1.621549634144792,-0.5,6
1153,C0627,6,C,6C,Hindu,Enemies,Enemy3,2,11,M,27,1,7,1,6,7,1,NA,6,3,2,4,5,4,NA,1,4,3,5,2,2,1,1,4,1,2,3,1,1,7,7,7,1,2,4,3,5,1,3,2,5,M,Hindu,2,NA,1,1,1,1,2,1,1,2,1,3,1,1,3,1,3,1,2,5,1,5,3,7,1,7,6,1,1,C6,0.2950187936360523,-0.647254372,-1.050047349,-0.504486918,-0.763799269,7,1,1.621549634144792,-0.5,6
1154,C0627,6,C,6C,Hindu,Enemies,Enemy4,2,15,M,27,1,7,1,6,7,1,NA,6,3,2,4,5,4,NA,1,4,3,5,2,2,1,1,4,1,2,3,1,1,7,7,7,1,2,4,3,5,1,3,2,5,M,NA,NA,NA,NA,NA,NA,NA,NA,NA,NA,NA,NA,NA,NA,NA,NA,NA,NA,NA,NA,NA,NA,NA,NA,NA,NA,NA,NA,1,NA,C6,0.2950187936360523,-0.647254372,-1.050047349,-0.504486918,-0.763799269,7,1,1.621549634144792,-0.5,6
1155,C0627,6,C,6C,Hindu,Enemies,Enemy5,2,18,M,27,1,7,1,6,7,1,NA,6,3,2,4,5,4,NA,1,4,3,5,2,2,1,1,4,1,2,3,1,1,7,7,7,1,2,4,3,5,1,3,2,5,M,Hindu,1,2,2,1,2,1,4,1,5,1,3,4,2,3,2,1,1,3,1,5,1,5,3,7,1,7,4,1,1,C6,0.2950187936360523,-0.647254372,-1.050047349,-0.504486918,-0.763799269,7,1,1.621549634144792,-0.5,6
1156,C0627,6,C,6C,Hindu,Enemies,Enemy6,2,23,M,27,1,7,1,6,7,1,NA,6,3,2,4,5,4,NA,1,4,3,5,2,2,1,1,4,1,2,3,1,1,7,7,7,1,2,4,3,5,1,3,2,5,M,NA,NA,NA,NA,NA,NA,NA,NA,NA,NA,NA,NA,NA,NA,NA,NA,NA,NA,NA,NA,NA,NA,NA,NA,NA,NA,NA,NA,1,NA,C6,0.2950187936360523,-0.647254372,-1.050047349,-0.504486918,-0.763799269,7,1,1.621549634144792,-0.5,6
1157,C0627,6,C,6C,Hindu,Enemies,Enemy7,2,26,M,27,1,7,1,6,7,1,NA,6,3,2,4,5,4,NA,1,4,3,5,2,2,1,1,4,1,2,3,1,1,7,7,7,1,2,4,3,5,1,3,2,5,M,Hindu,2,1,1,1,1,2,3,1,2,2,1,2,1,1,4,5,4,4,4,4,5,5,2,7,1,7,6,1,1,C6,0.2950187936360523,-0.647254372,-1.050047349,-0.504486918,-0.763799269,7,1,1.621549634144792,-0.5,6
1158,C0628,6,C,6C,Hindu,Enemies,Enemy1,2,1,M,28,4,7,6,4,7,3,7,6,5,4,7,1,7,NA,1,1,1,2,1,1,1,1,1,1,1,2,1,1,7,4,4,2,1,1,1,1,1,1,3,3,M,Muslim,1,1,1,1,1,1,5,1,1,2,1,4,1,3,3,4,1,1,3,4,1,4,2,7,NA,4,NA,1,0,C6,0.2950187936360523,-0.647254372,-1.050047349,-0.504486918,-0.763799269,7,6,-0.571172707,-0.5,4
1159,C0628,6,C,6C,Hindu,Enemies,Enemy2,2,3,M,28,4,7,6,4,7,3,7,6,5,4,7,1,7,NA,1,1,1,2,1,1,1,1,1,1,1,2,1,1,7,4,4,2,1,1,1,1,1,1,3,3,M,Muslim,3,2,2,1,3,1,4,2,1,3,1,3,2,2,1,1,2,2,4,1,1,3,3,7,6,5,7,1,0,C6,0.2950187936360523,-0.647254372,-1.050047349,-0.504486918,-0.763799269,7,6,-0.571172707,-0.5,4
1160,C0628,6,C,6C,Hindu,Enemies,Enemy3,2,10,M,28,4,7,6,4,7,3,7,6,5,4,7,1,7,NA,1,1,1,2,1,1,1,1,1,1,1,2,1,1,7,4,4,2,1,1,1,1,1,1,3,3,M,Muslim,1,1,1,1,1,2,4,1,1,1,1,4,1,7,5,5,5,1,1,1,1,5,2,7,7,1,7,1,0,C6,0.2950187936360523,-0.647254372,-1.050047349,-0.504486918,-0.763799269,7,6,-0.571172707,-0.5,4
1161,C0628,6,C,6C,Hindu,Enemies,Enemy4,2,18,M,28,4,7,6,4,7,3,7,6,5,4,7,1,7,NA,1,1,1,2,1,1,1,1,1,1,1,2,1,1,7,4,4,2,1,1,1,1,1,1,3,3,M,Hindu,1,2,2,1,2,1,4,1,5,1,3,4,2,3,2,1,1,3,1,5,1,5,3,7,1,7,4,1,1,C6,0.2950187936360523,-0.647254372,-1.050047349,-0.504486918,-0.763799269,7,6,-0.571172707,-0.5,4
1162,C0628,6,C,6C,Hindu,Enemies,Enemy5,2,20,M,28,4,7,6,4,7,3,7,6,5,4,7,1,7,NA,1,1,1,2,1,1,1,1,1,1,1,2,1,1,7,4,4,2,1,1,1,1,1,1,3,3,M,Hindu,2,2,1,1,1,1,4,1,2,1,1,5,6,2,1,2,2,1,3,1,1,1,2,7,5,7,1,1,1,C6,0.2950187936360523,-0.647254372,-1.050047349,-0.504486918,-0.763799269,7,6,-0.571172707,-0.5,4
1163,C0628,6,C,6C,Hindu,Enemies,Enemy6,2,23,M,28,4,7,6,4,7,3,7,6,5,4,7,1,7,NA,1,1,1,2,1,1,1,1,1,1,1,2,1,1,7,4,4,2,1,1,1,1,1,1,3,3,M,NA,NA,NA,NA,NA,NA,NA,NA,NA,NA,NA,NA,NA,NA,NA,NA,NA,NA,NA,NA,NA,NA,NA,NA,NA,NA,NA,NA,1,NA,C6,0.2950187936360523,-0.647254372,-1.050047349,-0.504486918,-0.763799269,7,6,-0.571172707,-0.5,4
1164,C0628,6,C,6C,Hindu,Enemies,Enemy7,2,34,M,28,4,7,6,4,7,3,7,6,5,4,7,1,7,NA,1,1,1,2,1,1,1,1,1,1,1,2,1,1,7,4,4,2,1,1,1,1,1,1,3,3,M,Muslim,1,1,2,1,1,1,3,1,1,3,1,4,6,5,1,1,1,1,1,1,1,5,3,7,6,7,7,1,0,C6,0.2950187936360523,-0.647254372,-1.050047349,-0.504486918,-0.763799269,7,6,-0.571172707,-0.5,4
1165,C0629,6,C,6C,Hindu,Enemies,Enemy1,2,1,M,29,3,7,6,6,7,5,7,1,5,4,6,3,3,NA,1,3,2,1,1,1,1,1,3,1,2,2,1,1,4,6,7,1,1,1,2,1,5,5,5,4,M,Muslim,1,1,1,1,1,1,5,1,1,2,1,4,1,3,3,4,1,1,3,4,1,4,2,7,NA,4,NA,1,0,C6,0.2950187936360523,-0.647254372,-1.050047349,-0.504486918,-0.763799269,7,6,-0.571172707,-0.5,2
1166,C0629,6,C,6C,Hindu,Enemies,Enemy2,2,2,M,29,3,7,6,6,7,5,7,1,5,4,6,3,3,NA,1,3,2,1,1,1,1,1,3,1,2,2,1,1,4,6,7,1,1,1,2,1,5,5,5,4,M,Hindu,1,1,2,1,2,1,4,1,2,1,1,6,4,4,2,1,1,1,1,2,1,5,2,7,3,7,4,1,1,C6,0.2950187936360523,-0.647254372,-1.050047349,-0.504486918,-0.763799269,7,6,-0.571172707,-0.5,2
1167,C0629,6,C,6C,Hindu,Enemies,Enemy3,2,3,M,29,3,7,6,6,7,5,7,1,5,4,6,3,3,NA,1,3,2,1,1,1,1,1,3,1,2,2,1,1,4,6,7,1,1,1,2,1,5,5,5,4,M,Muslim,3,2,2,1,3,1,4,2,1,3,1,3,2,2,1,1,2,2,4,1,1,3,3,7,6,5,7,1,0,C6,0.2950187936360523,-0.647254372,-1.050047349,-0.504486918,-0.763799269,7,6,-0.571172707,-0.5,2
1168,C0629,6,C,6C,Hindu,Enemies,Enemy4,2,6,M,29,3,7,6,6,7,5,7,1,5,4,6,3,3,NA,1,3,2,1,1,1,1,1,3,1,2,2,1,1,4,6,7,1,1,1,2,1,5,5,5,4,M,Hindu,3,2,2,1,3,1,4,2,5,3,1,3,2,2,1,1,2,2,4,1,1,3,3,7,6,7,5,1,1,C6,0.2950187936360523,-0.647254372,-1.050047349,-0.504486918,-0.763799269,7,6,-0.571172707,-0.5,2
1169,C0629,6,C,6C,Hindu,Enemies,Enemy5,2,12,M,29,3,7,6,6,7,5,7,1,5,4,6,3,3,NA,1,3,2,1,1,1,1,1,3,1,2,2,1,1,4,6,7,1,1,1,2,1,5,5,5,4,M,NA,NA,NA,NA,NA,NA,NA,NA,NA,NA,NA,NA,NA,NA,NA,NA,NA,NA,NA,NA,NA,NA,NA,NA,NA,NA,NA,NA,1,NA,C6,0.2950187936360523,-0.647254372,-1.050047349,-0.504486918,-0.763799269,7,6,-0.571172707,-0.5,2
1170,C0631,6,C,6C,Muslim,Enemies,Enemy1,2,1,M,31,2,6,NA,1,NA,1,5,NA,6,2,3,NA,6,NA,1,3,2,1,2,1,1,2,1,1,5,4,2,1,5,7,1,5,4,1,2,1,2,4,5,4,M,Muslim,1,1,1,1,1,1,5,1,1,2,1,4,1,3,3,4,1,1,3,4,1,4,2,7,NA,4,NA,1,1,C6,0.2950187936360523,-0.647254372,-1.050047349,-0.504486918,-0.763799269,6,NA,NA,-0.5,NA
1171,C0631,6,C,6C,Muslim,Enemies,Enemy2,2,12,M,31,2,6,NA,1,NA,1,5,NA,6,2,3,NA,6,NA,1,3,2,1,2,1,1,2,1,1,5,4,2,1,5,7,1,5,4,1,2,1,2,4,5,4,M,NA,NA,NA,NA,NA,NA,NA,NA,NA,NA,NA,NA,NA,NA,NA,NA,NA,NA,NA,NA,NA,NA,NA,NA,NA,NA,NA,NA,1,NA,C6,0.2950187936360523,-0.647254372,-1.050047349,-0.504486918,-0.763799269,6,NA,NA,-0.5,NA
1172,C0631,6,C,6C,Muslim,Enemies,Enemy3,2,30,M,31,2,6,NA,1,NA,1,5,NA,6,2,3,NA,6,NA,1,3,2,1,2,1,1,2,1,1,5,4,2,1,5,7,1,5,4,1,2,1,2,4,5,4,M,Muslim,2,1,1,2,2,1,3,1,3,1,1,NA,4,4,4,2,4,1,4,4,2,5,2,7,5,2,7,1,1,C6,0.2950187936360523,-0.647254372,-1.050047349,-0.504486918,-0.763799269,6,NA,NA,-0.5,NA
1173,C0631,6,C,6C,Muslim,Enemies,Enemy4,2,32,M,31,2,6,NA,1,NA,1,5,NA,6,2,3,NA,6,NA,1,3,2,1,2,1,1,2,1,1,5,4,2,1,5,7,1,5,4,1,2,1,2,4,5,4,M,Hindu,1,2,2,1,3,1,1,1,3,2,1,3,3,3,1,1,2,2,4,1,1,5,3,NA,7,5,5,1,0,C6,0.2950187936360523,-0.647254372,-1.050047349,-0.504486918,-0.763799269,6,NA,NA,-0.5,NA
1174,C0631,6,C,6C,Muslim,Enemies,Enemy5,2,33,M,31,2,6,NA,1,NA,1,5,NA,6,2,3,NA,6,NA,1,3,2,1,2,1,1,2,1,1,5,4,2,1,5,7,1,5,4,1,2,1,2,4,5,4,M,NA,NA,NA,NA,NA,NA,NA,NA,NA,NA,NA,NA,NA,NA,NA,NA,NA,NA,NA,NA,NA,NA,NA,NA,NA,NA,NA,NA,1,NA,C6,0.2950187936360523,-0.647254372,-1.050047349,-0.504486918,-0.763799269,6,NA,NA,-0.5,NA
1175,C0631,6,C,6C,Muslim,Enemies,Enemy6,2,34,M,31,2,6,NA,1,NA,1,5,NA,6,2,3,NA,6,NA,1,3,2,1,2,1,1,2,1,1,5,4,2,1,5,7,1,5,4,1,2,1,2,4,5,4,M,Muslim,1,1,2,1,1,1,3,1,1,3,1,4,6,5,1,1,1,1,1,1,1,5,3,7,6,7,7,1,1,C6,0.2950187936360523,-0.647254372,-1.050047349,-0.504486918,-0.763799269,6,NA,NA,-0.5,NA
1176,C0631,6,C,6C,Muslim,Enemies,Enemy7,2,35,M,31,2,6,NA,1,NA,1,5,NA,6,2,3,NA,6,NA,1,3,2,1,2,1,1,2,1,1,5,4,2,1,5,7,1,5,4,1,2,1,2,4,5,4,M,Muslim,2,1,1,2,2,1,3,1,4,1,1,2,2,2,4,2,4,4,4,4,2,5,2,7,2,2,7,1,1,C6,0.2950187936360523,-0.647254372,-1.050047349,-0.504486918,-0.763799269,6,NA,NA,-0.5,NA
1177,C0634,6,C,6C,Muslim,Enemies,Enemy1,2,49,M,34,7,7,6,6,7,7,6,7,7,6,7,6,7,Muslim,1,1,1,2,1,1,1,2,3,1,1,3,2,1,4,6,5,1,1,1,1,1,1,1,5,3,F,Hindu,1,3,1,1,1,2,3,1,1,1,2,4,4,4,3,1,2,2,1,2,1,3,3,4,4,4,4,0,0,C6,0.2950187936360523,-0.647254372,-1.050047349,-0.504486918,-0.763799269,7,6,-0.571172707,-0.5,0
1178,C0634,6,C,6C,Muslim,Enemies,Enemy2,2,54,M,34,7,7,6,6,7,7,6,7,7,6,7,6,7,Muslim,1,1,1,2,1,1,1,2,3,1,1,3,2,1,4,6,5,1,1,1,1,1,1,1,5,3,F,NA,NA,NA,NA,NA,NA,NA,NA,NA,NA,NA,NA,NA,NA,NA,NA,NA,NA,NA,NA,NA,NA,NA,NA,NA,NA,NA,NA,0,NA,C6,0.2950187936360523,-0.647254372,-1.050047349,-0.504486918,-0.763799269,7,6,-0.571172707,-0.5,0
1179,C0634,6,C,6C,Muslim,Enemies,Enemy3,2,59,M,34,7,7,6,6,7,7,6,7,7,6,7,6,7,Muslim,1,1,1,2,1,1,1,2,3,1,1,3,2,1,4,6,5,1,1,1,1,1,1,1,5,3,F,Hindu,2,2,2,1,2,1,1,1,2,2,2,4,3,3,2,1,1,2,2,2,1,3,2,5,7,7,4,0,0,C6,0.2950187936360523,-0.647254372,-1.050047349,-0.504486918,-0.763799269,7,6,-0.571172707,-0.5,0
1180,C0634,6,C,6C,Muslim,Enemies,Enemy4,2,62,M,34,7,7,6,6,7,7,6,7,7,6,7,6,7,Muslim,1,1,1,2,1,1,1,2,3,1,1,3,2,1,4,6,5,1,1,1,1,1,1,1,5,3,F,Hindu,4,NA,5,1,3,2,4,1,3,2,1,4,4,5,5,2,1,4,3,1,2,5,4,5,NA,NA,4,0,0,C6,0.2950187936360523,-0.647254372,-1.050047349,-0.504486918,-0.763799269,7,6,-0.571172707,-0.5,0
1181,C0634,6,C,6C,Muslim,Enemies,Enemy5,2,64,M,34,7,7,6,6,7,7,6,7,7,6,7,6,7,Muslim,1,1,1,2,1,1,1,2,3,1,1,3,2,1,4,6,5,1,1,1,1,1,1,1,5,3,F,Muslim,NA,2,1,1,2,1,NA,1,1,NA,2,4,4,4,2,1,2,2,1,2,1,3,3,4,4,4,NA,0,1,C6,0.2950187936360523,-0.647254372,-1.050047349,-0.504486918,-0.763799269,7,6,-0.571172707,-0.5,0
1182,C0635,6,C,6C,Muslim,Enemies,Enemy1,2,11,M,35,2,7,2,7,2,7,1,7,2,2,2,3,7,NA,1,2,1,1,2,2,1,2,3,1,4,1,2,1,2,2,2,4,2,4,4,4,4,2,5,2,M,Hindu,2,NA,1,1,1,1,2,1,1,2,1,3,1,1,3,1,3,1,2,5,1,5,3,7,1,7,6,1,0,C6,0.2950187936360523,-0.647254372,-1.050047349,-0.504486918,-0.763799269,7,2,1.183005165925335,-0.5,5
1183,C0635,6,C,6C,Muslim,Enemies,Enemy2,2,20,M,35,2,7,2,7,2,7,1,7,2,2,2,3,7,NA,1,2,1,1,2,2,1,2,3,1,4,1,2,1,2,2,2,4,2,4,4,4,4,2,5,2,M,Hindu,2,2,1,1,1,1,4,1,2,1,1,5,6,2,1,2,2,1,3,1,1,1,2,7,5,7,1,1,0,C6,0.2950187936360523,-0.647254372,-1.050047349,-0.504486918,-0.763799269,7,2,1.183005165925335,-0.5,5
1184,C0636,6,C,6C,Muslim,Enemies,Enemy1,2,7,M,36,7,6,5,7,6,7,4,7,5,2,1,4,NA,Muslim,1,2,2,1,1,1,2,1,4,1,5,5,2,2,4,4,4,2,1,4,1,3,5,3,2,1,M,Hindu,1,2,1,1,2,1,NA,1,NA,1,1,4,3,3,4,2,1,3,5,5,3,5,3,7,4,7,2,1,0,C6,0.2950187936360523,-0.647254372,-1.050047349,-0.504486918,-0.763799269,6,5,-0.571172707,-0.5,1
1185,C0636,6,C,6C,Muslim,Enemies,Enemy2,2,11,M,36,7,6,5,7,6,7,4,7,5,2,1,4,NA,Muslim,1,2,2,1,1,1,2,1,4,1,5,5,2,2,4,4,4,2,1,4,1,3,5,3,2,1,M,Hindu,2,NA,1,1,1,1,2,1,1,2,1,3,1,1,3,1,3,1,2,5,1,5,3,7,1,7,6,1,0,C6,0.2950187936360523,-0.647254372,-1.050047349,-0.504486918,-0.763799269,6,5,-0.571172707,-0.5,1
1186,C0636,6,C,6C,Muslim,Enemies,Enemy3,2,19,M,36,7,6,5,7,6,7,4,7,5,2,1,4,NA,Muslim,1,2,2,1,1,1,2,1,4,1,5,5,2,2,4,4,4,2,1,4,1,3,5,3,2,1,M,Hindu,2,2,1,1,2,1,4,1,1,1,1,4,4,2,2,1,3,1,5,1,1,2,2,6,5,7,5,1,0,C6,0.2950187936360523,-0.647254372,-1.050047349,-0.504486918,-0.763799269,6,5,-0.571172707,-0.5,1
1187,C0636,6,C,6C,Muslim,Enemies,Enemy4,2,20,M,36,7,6,5,7,6,7,4,7,5,2,1,4,NA,Muslim,1,2,2,1,1,1,2,1,4,1,5,5,2,2,4,4,4,2,1,4,1,3,5,3,2,1,M,Hindu,2,2,1,1,1,1,4,1,2,1,1,5,6,2,1,2,2,1,3,1,1,1,2,7,5,7,1,1,0,C6,0.2950187936360523,-0.647254372,-1.050047349,-0.504486918,-0.763799269,6,5,-0.571172707,-0.5,1
1188,C0636,6,C,6C,Muslim,Enemies,Enemy5,2,21,M,36,7,6,5,7,6,7,4,7,5,2,1,4,NA,Muslim,1,2,2,1,1,1,2,1,4,1,5,5,2,2,4,4,4,2,1,4,1,3,5,3,2,1,M,Hindu,1,2,2,1,1,1,4,1,1,1,1,4,4,4,1,1,2,1,3,1,1,5,2,6,4,7,4,1,0,C6,0.2950187936360523,-0.647254372,-1.050047349,-0.504486918,-0.763799269,6,5,-0.571172707,-0.5,1
1189,C0636,6,C,6C,Muslim,Enemies,Enemy6,2,25,M,36,7,6,5,7,6,7,4,7,5,2,1,4,NA,Muslim,1,2,2,1,1,1,2,1,4,1,5,5,2,2,4,4,4,2,1,4,1,3,5,3,2,1,M,Muslim,2,1,3,1,3,2,4,3,4,5,3,4,2,6,3,1,2,2,4,2,2,5,4,4,1,1,7,1,1,C6,0.2950187936360523,-0.647254372,-1.050047349,-0.504486918,-0.763799269,6,5,-0.571172707,-0.5,1
1190,C0636,6,C,6C,Muslim,Enemies,Enemy7,2,2,M,36,7,6,5,7,6,7,4,7,5,2,1,4,NA,Muslim,1,2,2,1,1,1,2,1,4,1,5,5,2,2,4,4,4,2,1,4,1,3,5,3,2,1,M,Hindu,1,1,2,1,2,1,4,1,2,1,1,6,4,4,2,1,1,1,1,2,1,5,2,7,3,7,4,1,0,C6,0.2950187936360523,-0.647254372,-1.050047349,-0.504486918,-0.763799269,6,5,-0.571172707,-0.5,1
1191,C0638,6,C,6C,Hindu,Enemies,Enemy1,2,1,M,38,1,7,5,7,7,3,2,7,3,5,1,3,7,NA,1,2,1,1,1,2,1,1,2,1,1,1,1,1,4,3,3,1,1,2,2,1,4,1,5,1,M,Muslim,1,1,1,1,1,1,5,1,1,2,1,4,1,3,3,4,1,1,3,4,1,4,2,7,NA,4,NA,1,0,C6,0.2950187936360523,-0.647254372,-1.050047349,-0.504486918,-0.763799269,7,5,-0.132628239,-0.5,4
1192,C0638,6,C,6C,Hindu,Enemies,Enemy2,2,3,M,38,1,7,5,7,7,3,2,7,3,5,1,3,7,NA,1,2,1,1,1,2,1,1,2,1,1,1,1,1,4,3,3,1,1,2,2,1,4,1,5,1,M,Muslim,3,2,2,1,3,1,4,2,1,3,1,3,2,2,1,1,2,2,4,1,1,3,3,7,6,5,7,1,0,C6,0.2950187936360523,-0.647254372,-1.050047349,-0.504486918,-0.763799269,7,5,-0.132628239,-0.5,4
1193,C0638,6,C,6C,Hindu,Enemies,Enemy3,2,7,M,38,1,7,5,7,7,3,2,7,3,5,1,3,7,NA,1,2,1,1,1,2,1,1,2,1,1,1,1,1,4,3,3,1,1,2,2,1,4,1,5,1,M,Hindu,1,2,1,1,2,1,NA,1,NA,1,1,4,3,3,4,2,1,3,5,5,3,5,3,7,4,7,2,1,1,C6,0.2950187936360523,-0.647254372,-1.050047349,-0.504486918,-0.763799269,7,5,-0.132628239,-0.5,4
1194,C0638,6,C,6C,Hindu,Enemies,Enemy4,2,9,M,38,1,7,5,7,7,3,2,7,3,5,1,3,7,NA,1,2,1,1,1,2,1,1,2,1,1,1,1,1,4,3,3,1,1,2,2,1,4,1,5,1,M,NA,NA,NA,NA,NA,NA,NA,NA,NA,NA,NA,NA,NA,NA,NA,NA,NA,NA,NA,NA,NA,NA,NA,NA,NA,NA,NA,NA,1,NA,C6,0.2950187936360523,-0.647254372,-1.050047349,-0.504486918,-0.763799269,7,5,-0.132628239,-0.5,4
1195,C0638,6,C,6C,Hindu,Enemies,Enemy5,2,14,M,38,1,7,5,7,7,3,2,7,3,5,1,3,7,NA,1,2,1,1,1,2,1,1,2,1,1,1,1,1,4,3,3,1,1,2,2,1,4,1,5,1,M,Muslim,1,2,1,1,2,1,5,1,2,3,2,3,4,5,1,2,1,2,2,1,1,1,2,7,7,3,7,1,0,C6,0.2950187936360523,-0.647254372,-1.050047349,-0.504486918,-0.763799269,7,5,-0.132628239,-0.5,4
1196,C0638,6,C,6C,Hindu,Enemies,Enemy6,2,15,M,38,1,7,5,7,7,3,2,7,3,5,1,3,7,NA,1,2,1,1,1,2,1,1,2,1,1,1,1,1,4,3,3,1,1,2,2,1,4,1,5,1,M,NA,NA,NA,NA,NA,NA,NA,NA,NA,NA,NA,NA,NA,NA,NA,NA,NA,NA,NA,NA,NA,NA,NA,NA,NA,NA,NA,NA,1,NA,C6,0.2950187936360523,-0.647254372,-1.050047349,-0.504486918,-0.763799269,7,5,-0.132628239,-0.5,4
1197,C0638,6,C,6C,Hindu,Enemies,Enemy7,2,16,M,38,1,7,5,7,7,3,2,7,3,5,1,3,7,NA,1,2,1,1,1,2,1,1,2,1,1,1,1,1,4,3,3,1,1,2,2,1,4,1,5,1,M,Hindu,1,2,1,1,2,1,4,1,5,5,1,4,3,2,1,2,1,1,1,5,1,5,2,7,6,7,4,1,1,C6,0.2950187936360523,-0.647254372,-1.050047349,-0.504486918,-0.763799269,7,5,-0.132628239,-0.5,4
1198,C0638,6,C,6C,Hindu,Enemies,Enemy8,2,19,M,38,1,7,5,7,7,3,2,7,3,5,1,3,7,NA,1,2,1,1,1,2,1,1,2,1,1,1,1,1,4,3,3,1,1,2,2,1,4,1,5,1,M,Hindu,2,2,1,1,2,1,4,1,1,1,1,4,4,2,2,1,3,1,5,1,1,2,2,6,5,7,5,1,1,C6,0.2950187936360523,-0.647254372,-1.050047349,-0.504486918,-0.763799269,7,5,-0.132628239,-0.5,4
1199,C0638,6,C,6C,Hindu,Enemies,Enemy9,2,23,M,38,1,7,5,7,7,3,2,7,3,5,1,3,7,NA,1,2,1,1,1,2,1,1,2,1,1,1,1,1,4,3,3,1,1,2,2,1,4,1,5,1,M,NA,NA,NA,NA,NA,NA,NA,NA,NA,NA,NA,NA,NA,NA,NA,NA,NA,NA,NA,NA,NA,NA,NA,NA,NA,NA,NA,NA,1,NA,C6,0.2950187936360523,-0.647254372,-1.050047349,-0.504486918,-0.763799269,7,5,-0.132628239,-0.5,4
1200,C0638,6,C,6C,Hindu,Enemies,Enemy10,2,24,M,38,1,7,5,7,7,3,2,7,3,5,1,3,7,NA,1,2,1,1,1,2,1,1,2,1,1,1,1,1,4,3,3,1,1,2,2,1,4,1,5,1,M,Muslim,2,1,NA,1,3,2,1,1,1,2,2,4,3,3,2,1,2,3,1,5,1,3,4,7,4,5,7,1,0,C6,0.2950187936360523,-0.647254372,-1.050047349,-0.504486918,-0.763799269,7,5,-0.132628239,-0.5,4
1201,C0638,6,C,6C,Hindu,Enemies,Enemy11,2,25,M,38,1,7,5,7,7,3,2,7,3,5,1,3,7,NA,1,2,1,1,1,2,1,1,2,1,1,1,1,1,4,3,3,1,1,2,2,1,4,1,5,1,M,Muslim,2,1,3,1,3,2,4,3,4,5,3,4,2,6,3,1,2,2,4,2,2,5,4,4,1,1,7,1,0,C6,0.2950187936360523,-0.647254372,-1.050047349,-0.504486918,-0.763799269,7,5,-0.132628239,-0.5,4
1202,C0640,6,C,6C,Hindu,Enemies,Enemy1,2,25,M,40,1,7,6,7,7,5,6,7,6,6,3,4,2,NA,1,1,2,1,1,1,1,2,1,1,1,2,1,2,4,5,3,1,1,1,2,1,2,1,4,3,M,Muslim,2,1,3,1,3,2,4,3,4,5,3,4,2,6,3,1,2,2,4,2,2,5,4,4,1,1,7,1,0,C6,0.2950187936360523,-0.647254372,-1.050047349,-0.504486918,-0.763799269,7,6,-0.571172707,-0.5,2
1203,C0640,6,C,6C,Hindu,Enemies,Enemy2,2,30,M,40,1,7,6,7,7,5,6,7,6,6,3,4,2,NA,1,1,2,1,1,1,1,2,1,1,1,2,1,2,4,5,3,1,1,1,2,1,2,1,4,3,M,Muslim,2,1,1,2,2,1,3,1,3,1,1,NA,4,4,4,2,4,1,4,4,2,5,2,7,5,2,7,1,0,C6,0.2950187936360523,-0.647254372,-1.050047349,-0.504486918,-0.763799269,7,6,-0.571172707,-0.5,2
1204,C0640,6,C,6C,Hindu,Enemies,Enemy3,2,31,M,40,1,7,6,7,7,5,6,7,6,6,3,4,2,NA,1,1,2,1,1,1,1,2,1,1,1,2,1,2,4,5,3,1,1,1,2,1,2,1,4,3,M,Muslim,3,2,1,2,1,1,1,1,5,4,1,5,7,1,5,4,1,2,1,2,4,5,4,6,NA,NA,1,1,0,C6,0.2950187936360523,-0.647254372,-1.050047349,-0.504486918,-0.763799269,7,6,-0.571172707,-0.5,2
1205,C0640,6,C,6C,Hindu,Enemies,Enemy4,2,32,M,40,1,7,6,7,7,5,6,7,6,6,3,4,2,NA,1,1,2,1,1,1,1,2,1,1,1,2,1,2,4,5,3,1,1,1,2,1,2,1,4,3,M,Hindu,1,2,2,1,3,1,1,1,3,2,1,3,3,3,1,1,2,2,4,1,1,5,3,NA,7,5,5,1,1,C6,0.2950187936360523,-0.647254372,-1.050047349,-0.504486918,-0.763799269,7,6,-0.571172707,-0.5,2
1206,C0640,6,C,6C,Hindu,Enemies,Enemy5,2,34,M,40,1,7,6,7,7,5,6,7,6,6,3,4,2,NA,1,1,2,1,1,1,1,2,1,1,1,2,1,2,4,5,3,1,1,1,2,1,2,1,4,3,M,Muslim,1,1,2,1,1,1,3,1,1,3,1,4,6,5,1,1,1,1,1,1,1,5,3,7,6,7,7,1,0,C6,0.2950187936360523,-0.647254372,-1.050047349,-0.504486918,-0.763799269,7,6,-0.571172707,-0.5,2
1207,C0640,6,C,6C,Hindu,Enemies,Enemy6,2,35,M,40,1,7,6,7,7,5,6,7,6,6,3,4,2,NA,1,1,2,1,1,1,1,2,1,1,1,2,1,2,4,5,3,1,1,1,2,1,2,1,4,3,M,Muslim,2,1,1,2,2,1,3,1,4,1,1,2,2,2,4,2,4,4,4,4,2,5,2,7,2,2,7,1,0,C6,0.2950187936360523,-0.647254372,-1.050047349,-0.504486918,-0.763799269,7,6,-0.571172707,-0.5,2
1208,C0643,6,C,6C,Muslim,Enemies,Enemy1,2,48,F,43,7,2,6,7,3,7,7,7,7,7,7,7,7,NA,2,1,1,1,1,1,1,2,2,1,1,1,2,1,7,7,7,3,1,1,1,1,1,1,4,1,F,Muslim,1,1,4,3,1,1,3,1,1,3,4,2,1,1,1,1,1,3,1,2,1,2,3,1,7,3,4,1,1,C6,0.2950187936360523,-0.647254372,-1.050047349,-0.504486918,-0.763799269,6,2,0.7444606977058776,-0.5,4
1209,C0643,6,C,6C,Muslim,Enemies,Enemy2,2,52,F,43,7,2,6,7,3,7,7,7,7,7,7,7,7,NA,2,1,1,1,1,1,1,2,2,1,1,1,2,1,7,7,7,3,1,1,1,1,1,1,4,1,F,Hindu,2,1,2,2,3,1,5,1,1,1,4,4,5,3,3,4,1,2,3,2,3,4,5,4,7,7,7,1,0,C6,0.2950187936360523,-0.647254372,-1.050047349,-0.504486918,-0.763799269,6,2,0.7444606977058776,-0.5,4
1210,C0643,6,C,6C,Muslim,Enemies,Enemy3,2,57,F,43,7,2,6,7,3,7,7,7,7,7,7,7,7,NA,2,1,1,1,1,1,1,2,2,1,1,1,2,1,7,7,7,3,1,1,1,1,1,1,4,1,F,Muslim,2,1,1,1,1,1,3,1,1,1,1,4,6,7,1,1,1,3,1,1,1,5,2,1,7,4,7,1,1,C6,0.2950187936360523,-0.647254372,-1.050047349,-0.504486918,-0.763799269,6,2,0.7444606977058776,-0.5,4
1211,C0644,6,C,6C,Muslim,Enemies,Enemy1,2,33,F,44,1,6,6,7,2,7,7,7,2,2,1,1,6,Islam,2,1,1,1,1,1,1,2,4,1,1,3,2,1,NA,3,4,5,1,1,2,1,4,2,5,3,M,NA,NA,NA,NA,NA,NA,NA,NA,NA,NA,NA,NA,NA,NA,NA,NA,NA,NA,NA,NA,NA,NA,NA,NA,NA,NA,NA,NA,0,NA,C6,0.2950187936360523,-0.647254372,-1.050047349,-0.504486918,-0.763799269,6,6,-1.009717175,-0.5,5
1212,C0644,6,C,6C,Muslim,Enemies,Enemy2,2,35,F,44,1,6,6,7,2,7,7,7,2,2,1,1,6,Islam,2,1,1,1,1,1,1,2,4,1,1,3,2,1,NA,3,4,5,1,1,2,1,4,2,5,3,M,Muslim,2,1,1,2,2,1,3,1,4,1,1,2,2,2,4,2,4,4,4,4,2,5,2,7,2,2,7,0,1,C6,0.2950187936360523,-0.647254372,-1.050047349,-0.504486918,-0.763799269,6,6,-1.009717175,-0.5,5
1213,C0644,6,C,6C,Muslim,Enemies,Enemy3,2,38,F,44,1,6,6,7,2,7,7,7,2,2,1,1,6,Islam,2,1,1,1,1,1,1,2,4,1,1,3,2,1,NA,3,4,5,1,1,2,1,4,2,5,3,M,Hindu,2,1,1,1,2,1,2,1,1,1,1,4,3,3,1,1,2,2,1,4,1,5,1,7,5,7,3,0,0,C6,0.2950187936360523,-0.647254372,-1.050047349,-0.504486918,-0.763799269,6,6,-1.009717175,-0.5,5
1214,C0644,6,C,6C,Muslim,Enemies,Enemy4,2,40,F,44,1,6,6,7,2,7,7,7,2,2,1,1,6,Islam,2,1,1,1,1,1,1,2,4,1,1,3,2,1,NA,3,4,5,1,1,2,1,4,2,5,3,M,Hindu,1,2,1,1,1,1,1,1,1,2,2,4,5,3,1,1,1,2,1,2,1,4,3,7,6,7,5,0,0,C6,0.2950187936360523,-0.647254372,-1.050047349,-0.504486918,-0.763799269,6,6,-1.009717175,-0.5,5
1215,C0644,6,C,6C,Muslim,Enemies,Enemy5,2,45,F,44,1,6,6,7,2,7,7,7,2,2,1,1,6,Islam,2,1,1,1,1,1,1,2,4,1,1,3,2,1,NA,3,4,5,1,1,2,1,4,2,5,3,F,NA,NA,NA,NA,NA,NA,NA,NA,NA,NA,NA,NA,NA,NA,NA,NA,NA,NA,NA,NA,NA,NA,NA,NA,NA,NA,NA,NA,1,NA,C6,0.2950187936360523,-0.647254372,-1.050047349,-0.504486918,-0.763799269,6,6,-1.009717175,-0.5,5
1216,C0644,6,C,6C,Muslim,Enemies,Enemy6,2,49,F,44,1,6,6,7,2,7,7,7,2,2,1,1,6,Islam,2,1,1,1,1,1,1,2,4,1,1,3,2,1,NA,3,4,5,1,1,2,1,4,2,5,3,F,Hindu,1,3,1,1,1,2,3,1,1,1,2,4,4,4,3,1,2,2,1,2,1,3,3,4,4,4,4,1,0,C6,0.2950187936360523,-0.647254372,-1.050047349,-0.504486918,-0.763799269,6,6,-1.009717175,-0.5,5
1217,C0644,6,C,6C,Muslim,Enemies,Enemy7,2,53,F,44,1,6,6,7,2,7,7,7,2,2,1,1,6,Islam,2,1,1,1,1,1,1,2,4,1,1,3,2,1,NA,3,4,5,1,1,2,1,4,2,5,3,F,Hindu,2,3,1,1,2,1,2,4,1,1,4,4,5,3,3,1,1,2,3,1,1,5,5,1,7,7,4,1,0,C6,0.2950187936360523,-0.647254372,-1.050047349,-0.504486918,-0.763799269,6,6,-1.009717175,-0.5,5
1218,C0644,6,C,6C,Muslim,Enemies,Enemy8,2,59,F,44,1,6,6,7,2,7,7,7,2,2,1,1,6,Islam,2,1,1,1,1,1,1,2,4,1,1,3,2,1,NA,3,4,5,1,1,2,1,4,2,5,3,F,Hindu,2,2,2,1,2,1,1,1,2,2,2,4,3,3,2,1,1,2,2,2,1,3,2,5,7,7,4,1,0,C6,0.2950187936360523,-0.647254372,-1.050047349,-0.504486918,-0.763799269,6,6,-1.009717175,-0.5,5
1219,C0646,6,C,6C,Muslim,Enemies,Enemy1,2,33,F,46,1,2,7,7,2,7,5,6,4,6,7,5,7,NA,2,2,2,1,1,2,1,2,1,2,2,5,2,1,7,7,7,4,5,3,5,5,4,5,2,1,M,NA,NA,NA,NA,NA,NA,NA,NA,NA,NA,NA,NA,NA,NA,NA,NA,NA,NA,NA,NA,NA,NA,NA,NA,NA,NA,NA,NA,0,NA,C6,0.2950187936360523,-0.647254372,-1.050047349,-0.504486918,-0.763799269,7,2,1.183005165925335,-0.5,5
1220,C0646,6,C,6C,Muslim,Enemies,Enemy2,2,49,F,46,1,2,7,7,2,7,5,6,4,6,7,5,7,NA,2,2,2,1,1,2,1,2,1,2,2,5,2,1,7,7,7,4,5,3,5,5,4,5,2,1,F,Hindu,1,3,1,1,1,2,3,1,1,1,2,4,4,4,3,1,2,2,1,2,1,3,3,4,4,4,4,1,0,C6,0.2950187936360523,-0.647254372,-1.050047349,-0.504486918,-0.763799269,7,2,1.183005165925335,-0.5,5
1221,C0646,6,C,6C,Muslim,Enemies,Enemy3,2,50,F,46,1,2,7,7,2,7,5,6,4,6,7,5,7,NA,2,2,2,1,1,2,1,2,1,2,2,5,2,1,7,7,7,4,5,3,5,5,4,5,2,1,F,Muslim,1,1,NA,2,2,1,4,4,4,4,3,4,4,3,1,1,1,2,2,5,1,5,3,6,7,1,7,1,1,C6,0.2950187936360523,-0.647254372,-1.050047349,-0.504486918,-0.763799269,7,2,1.183005165925335,-0.5,5
1222,C0646,6,C,6C,Muslim,Enemies,Enemy4,2,51,F,46,1,2,7,7,2,7,5,6,4,6,7,5,7,NA,2,2,2,1,1,2,1,2,1,2,2,5,2,1,7,7,7,4,5,3,5,5,4,5,2,1,F,Muslim,4,5,1,1,2,1,5,5,5,1,1,5,4,4,1,1,1,3,3,1,1,1,5,7,1,NA,7,1,1,C6,0.2950187936360523,-0.647254372,-1.050047349,-0.504486918,-0.763799269,7,2,1.183005165925335,-0.5,5
1223,C0646,6,C,6C,Muslim,Enemies,Enemy5,2,52,F,46,1,2,7,7,2,7,5,6,4,6,7,5,7,NA,2,2,2,1,1,2,1,2,1,2,2,5,2,1,7,7,7,4,5,3,5,5,4,5,2,1,F,Hindu,2,1,2,2,3,1,5,1,1,1,4,4,5,3,3,4,1,2,3,2,3,4,5,4,7,7,7,1,0,C6,0.2950187936360523,-0.647254372,-1.050047349,-0.504486918,-0.763799269,7,2,1.183005165925335,-0.5,5
1224,C0646,6,C,6C,Muslim,Enemies,Enemy6,2,60,F,46,1,2,7,7,2,7,5,6,4,6,7,5,7,NA,2,2,2,1,1,2,1,2,1,2,2,5,2,1,7,7,7,4,5,3,5,5,4,5,2,1,F,Muslim,1,4,3,1,2,1,4,1,1,2,1,4,7,7,2,1,4,1,1,1,1,5,3,2,7,2,7,1,1,C6,0.2950187936360523,-0.647254372,-1.050047349,-0.504486918,-0.763799269,7,2,1.183005165925335,-0.5,5
1225,C0646,6,C,6C,Muslim,Enemies,Enemy7,2,64,F,46,1,2,7,7,2,7,5,6,4,6,7,5,7,NA,2,2,2,1,1,2,1,2,1,2,2,5,2,1,7,7,7,4,5,3,5,5,4,5,2,1,F,Muslim,NA,2,1,1,2,1,NA,1,1,NA,2,4,4,4,2,1,2,2,1,2,1,3,3,4,4,4,NA,1,1,C6,0.2950187936360523,-0.647254372,-1.050047349,-0.504486918,-0.763799269,7,2,1.183005165925335,-0.5,5
1226,C0647,6,C,6C,Muslim,Enemies,Enemy1,2,1,F,47,4,4,7,7,4,7,7,5,3,5,5,6,8,NA,2,1,1,2,1,1,1,4,1,1,1,1,2,1,4,4,4,5,1,1,3,1,1,2,4,4,M,Muslim,1,1,1,1,1,1,5,1,1,2,1,4,1,3,3,4,1,1,3,4,1,4,2,7,NA,4,NA,0,1,C6,0.2950187936360523,-0.647254372,-1.050047349,-0.504486918,-0.763799269,7,4,0.30591622948642044,-0.5,3
1227,C0647,6,C,6C,Muslim,Enemies,Enemy2,2,6,F,47,4,4,7,7,4,7,7,5,3,5,5,6,8,NA,2,1,1,2,1,1,1,4,1,1,1,1,2,1,4,4,4,5,1,1,3,1,1,2,4,4,M,Hindu,3,2,2,1,3,1,4,2,5,3,1,3,2,2,1,1,2,2,4,1,1,3,3,7,6,7,5,0,0,C6,0.2950187936360523,-0.647254372,-1.050047349,-0.504486918,-0.763799269,7,4,0.30591622948642044,-0.5,3
1228,C0647,6,C,6C,Muslim,Enemies,Enemy3,2,9,F,47,4,4,7,7,4,7,7,5,3,5,5,6,8,NA,2,1,1,2,1,1,1,4,1,1,1,1,2,1,4,4,4,5,1,1,3,1,1,2,4,4,M,NA,NA,NA,NA,NA,NA,NA,NA,NA,NA,NA,NA,NA,NA,NA,NA,NA,NA,NA,NA,NA,NA,NA,NA,NA,NA,NA,NA,0,NA,C6,0.2950187936360523,-0.647254372,-1.050047349,-0.504486918,-0.763799269,7,4,0.30591622948642044,-0.5,3
1229,C0647,6,C,6C,Muslim,Enemies,Enemy4,2,13,F,47,4,4,7,7,4,7,7,5,3,5,5,6,8,NA,2,1,1,2,1,1,1,4,1,1,1,1,2,1,4,4,4,5,1,1,3,1,1,2,4,4,M,Muslim,2,1,1,2,1,1,3,1,5,1,1,4,1,7,2,1,1,1,3,1,1,5,3,7,1,4,7,0,1,C6,0.2950187936360523,-0.647254372,-1.050047349,-0.504486918,-0.763799269,7,4,0.30591622948642044,-0.5,3
1230,C0647,6,C,6C,Muslim,Enemies,Enemy5,2,19,F,47,4,4,7,7,4,7,7,5,3,5,5,6,8,NA,2,1,1,2,1,1,1,4,1,1,1,1,2,1,4,4,4,5,1,1,3,1,1,2,4,4,M,Hindu,2,2,1,1,2,1,4,1,1,1,1,4,4,2,2,1,3,1,5,1,1,2,2,6,5,7,5,0,0,C6,0.2950187936360523,-0.647254372,-1.050047349,-0.504486918,-0.763799269,7,4,0.30591622948642044,-0.5,3
1231,C0647,6,C,6C,Muslim,Enemies,Enemy6,2,32,F,47,4,4,7,7,4,7,7,5,3,5,5,6,8,NA,2,1,1,2,1,1,1,4,1,1,1,1,2,1,4,4,4,5,1,1,3,1,1,2,4,4,M,Hindu,1,2,2,1,3,1,1,1,3,2,1,3,3,3,1,1,2,2,4,1,1,5,3,NA,7,5,5,0,0,C6,0.2950187936360523,-0.647254372,-1.050047349,-0.504486918,-0.763799269,7,4,0.30591622948642044,-0.5,3
1232,C0647,6,C,6C,Muslim,Enemies,Enemy7,2,35,F,47,4,4,7,7,4,7,7,5,3,5,5,6,8,NA,2,1,1,2,1,1,1,4,1,1,1,1,2,1,4,4,4,5,1,1,3,1,1,2,4,4,M,Muslim,2,1,1,2,2,1,3,1,4,1,1,2,2,2,4,2,4,4,4,4,2,5,2,7,2,2,7,0,1,C6,0.2950187936360523,-0.647254372,-1.050047349,-0.504486918,-0.763799269,7,4,0.30591622948642044,-0.5,3
1233,C0648,6,C,6C,Muslim,Enemies,Enemy1,2,51,F,48,1,1,7,4,3,4,7,5,6,3,2,3,8,NA,2,1,1,4,3,1,1,1,3,1,1,3,2,4,2,1,1,1,1,1,3,1,2,1,2,3,F,Muslim,4,5,1,1,2,1,5,5,5,1,1,5,4,4,1,1,1,3,3,1,1,1,5,7,1,NA,7,1,1,C6,0.2950187936360523,-0.647254372,-1.050047349,-0.504486918,-0.763799269,7,1,1.621549634144792,-0.5,1
1234,C0648,6,C,6C,Muslim,Enemies,Enemy2,2,55,F,48,1,1,7,4,3,4,7,5,6,3,2,3,8,NA,2,1,1,4,3,1,1,1,3,1,1,3,2,4,2,1,1,1,1,1,3,1,2,1,2,3,F,Muslim,2,1,3,1,1,1,3,1,1,1,1,4,6,7,1,1,1,3,1,5,1,3,5,6,7,4,7,1,1,C6,0.2950187936360523,-0.647254372,-1.050047349,-0.504486918,-0.763799269,7,1,1.621549634144792,-0.5,1
1235,C0650,6,C,6C,Muslim,Enemies,Enemy1,2,1,F,50,2,6,7,7,1,7,4,6,3,5,6,3,7,NA,2,1,1,NA,2,2,1,2,4,4,4,4,2,3,4,4,3,1,1,1,2,2,5,1,5,3,M,Muslim,1,1,1,1,1,1,5,1,1,2,1,4,1,3,3,4,1,1,3,4,1,4,2,7,NA,4,NA,0,1,C6,0.2950187936360523,-0.647254372,-1.050047349,-0.504486918,-0.763799269,7,6,-0.571172707,-0.5,6
1236,C0650,6,C,6C,Muslim,Enemies,Enemy2,2,32,F,50,2,6,7,7,1,7,4,6,3,5,6,3,7,NA,2,1,1,NA,2,2,1,2,4,4,4,4,2,3,4,4,3,1,1,1,2,2,5,1,5,3,M,Hindu,1,2,2,1,3,1,1,1,3,2,1,3,3,3,1,1,2,2,4,1,1,5,3,NA,7,5,5,0,0,C6,0.2950187936360523,-0.647254372,-1.050047349,-0.504486918,-0.763799269,7,6,-0.571172707,-0.5,6
1237,C0650,6,C,6C,Muslim,Enemies,Enemy3,2,33,F,50,2,6,7,7,1,7,4,6,3,5,6,3,7,NA,2,1,1,NA,2,2,1,2,4,4,4,4,2,3,4,4,3,1,1,1,2,2,5,1,5,3,M,NA,NA,NA,NA,NA,NA,NA,NA,NA,NA,NA,NA,NA,NA,NA,NA,NA,NA,NA,NA,NA,NA,NA,NA,NA,NA,NA,NA,0,NA,C6,0.2950187936360523,-0.647254372,-1.050047349,-0.504486918,-0.763799269,7,6,-0.571172707,-0.5,6
1238,C0650,6,C,6C,Muslim,Enemies,Enemy4,2,49,F,50,2,6,7,7,1,7,4,6,3,5,6,3,7,NA,2,1,1,NA,2,2,1,2,4,4,4,4,2,3,4,4,3,1,1,1,2,2,5,1,5,3,F,Hindu,1,3,1,1,1,2,3,1,1,1,2,4,4,4,3,1,2,2,1,2,1,3,3,4,4,4,4,1,0,C6,0.2950187936360523,-0.647254372,-1.050047349,-0.504486918,-0.763799269,7,6,-0.571172707,-0.5,6
1239,C0650,6,C,6C,Muslim,Enemies,Enemy5,2,51,F,50,2,6,7,7,1,7,4,6,3,5,6,3,7,NA,2,1,1,NA,2,2,1,2,4,4,4,4,2,3,4,4,3,1,1,1,2,2,5,1,5,3,F,Muslim,4,5,1,1,2,1,5,5,5,1,1,5,4,4,1,1,1,3,3,1,1,1,5,7,1,NA,7,1,1,C6,0.2950187936360523,-0.647254372,-1.050047349,-0.504486918,-0.763799269,7,6,-0.571172707,-0.5,6
1240,C0650,6,C,6C,Muslim,Enemies,Enemy6,2,58,F,50,2,6,7,7,1,7,4,6,3,5,6,3,7,NA,2,1,1,NA,2,2,1,2,4,4,4,4,2,3,4,4,3,1,1,1,2,2,5,1,5,3,F,NA,NA,NA,NA,NA,NA,NA,NA,NA,NA,NA,NA,NA,NA,NA,NA,NA,NA,NA,NA,NA,NA,NA,NA,NA,NA,NA,NA,1,NA,C6,0.2950187936360523,-0.647254372,-1.050047349,-0.504486918,-0.763799269,7,6,-0.571172707,-0.5,6
1241,C0650,6,C,6C,Muslim,Enemies,Enemy7,2,62,F,50,2,6,7,7,1,7,4,6,3,5,6,3,7,NA,2,1,1,NA,2,2,1,2,4,4,4,4,2,3,4,4,3,1,1,1,2,2,5,1,5,3,F,Hindu,4,NA,5,1,3,2,4,1,3,2,1,4,4,5,5,2,1,4,3,1,2,5,4,5,NA,NA,4,1,0,C6,0.2950187936360523,-0.647254372,-1.050047349,-0.504486918,-0.763799269,7,6,-0.571172707,-0.5,6
1242,C0651,6,C,6C,Muslim,Enemies,Enemy1,2,33,F,51,1,7,1,7,NA,7,1,7,7,7,1,4,1,NA,NA,4,5,1,1,2,1,2,5,5,5,1,2,1,5,4,4,1,1,1,3,3,1,1,1,5,M,NA,NA,NA,NA,NA,NA,NA,NA,NA,NA,NA,NA,NA,NA,NA,NA,NA,NA,NA,NA,NA,NA,NA,NA,NA,NA,NA,NA,0,NA,C6,0.2950187936360523,-0.647254372,-1.050047349,-0.504486918,-0.763799269,1,7,-3.640983984,-0.5,NA
1243,C0651,6,C,6C,Muslim,Enemies,Enemy2,2,53,F,51,1,7,1,7,NA,7,1,7,7,7,1,4,1,NA,NA,4,5,1,1,2,1,2,5,5,5,1,2,1,5,4,4,1,1,1,3,3,1,1,1,5,F,Hindu,2,3,1,1,2,1,2,4,1,1,4,4,5,3,3,1,1,2,3,1,1,5,5,1,7,7,4,1,0,C6,0.2950187936360523,-0.647254372,-1.050047349,-0.504486918,-0.763799269,1,7,-3.640983984,-0.5,NA
1244,C0651,6,C,6C,Muslim,Enemies,Enemy3,2,54,F,51,1,7,1,7,NA,7,1,7,7,7,1,4,1,NA,NA,4,5,1,1,2,1,2,5,5,5,1,2,1,5,4,4,1,1,1,3,3,1,1,1,5,F,NA,NA,NA,NA,NA,NA,NA,NA,NA,NA,NA,NA,NA,NA,NA,NA,NA,NA,NA,NA,NA,NA,NA,NA,NA,NA,NA,NA,1,NA,C6,0.2950187936360523,-0.647254372,-1.050047349,-0.504486918,-0.763799269,1,7,-3.640983984,-0.5,NA
1245,C0651,6,C,6C,Muslim,Enemies,Enemy4,2,55,F,51,1,7,1,7,NA,7,1,7,7,7,1,4,1,NA,NA,4,5,1,1,2,1,2,5,5,5,1,2,1,5,4,4,1,1,1,3,3,1,1,1,5,F,Muslim,2,1,3,1,1,1,3,1,1,1,1,4,6,7,1,1,1,3,1,5,1,3,5,6,7,4,7,1,1,C6,0.2950187936360523,-0.647254372,-1.050047349,-0.504486918,-0.763799269,1,7,-3.640983984,-0.5,NA
1246,C0651,6,C,6C,Muslim,Enemies,Enemy5,2,57,F,51,1,7,1,7,NA,7,1,7,7,7,1,4,1,NA,NA,4,5,1,1,2,1,2,5,5,5,1,2,1,5,4,4,1,1,1,3,3,1,1,1,5,F,Muslim,2,1,1,1,1,1,3,1,1,1,1,4,6,7,1,1,1,3,1,1,1,5,2,1,7,4,7,1,1,C6,0.2950187936360523,-0.647254372,-1.050047349,-0.504486918,-0.763799269,1,7,-3.640983984,-0.5,NA
1247,C0651,6,C,6C,Muslim,Enemies,Enemy6,2,58,F,51,1,7,1,7,NA,7,1,7,7,7,1,4,1,NA,NA,4,5,1,1,2,1,2,5,5,5,1,2,1,5,4,4,1,1,1,3,3,1,1,1,5,F,NA,NA,NA,NA,NA,NA,NA,NA,NA,NA,NA,NA,NA,NA,NA,NA,NA,NA,NA,NA,NA,NA,NA,NA,NA,NA,NA,NA,1,NA,C6,0.2950187936360523,-0.647254372,-1.050047349,-0.504486918,-0.763799269,1,7,-3.640983984,-0.5,NA
1248,C0651,6,C,6C,Muslim,Enemies,Enemy7,2,62,F,51,1,7,1,7,NA,7,1,7,7,7,1,4,1,NA,NA,4,5,1,1,2,1,2,5,5,5,1,2,1,5,4,4,1,1,1,3,3,1,1,1,5,F,Hindu,4,NA,5,1,3,2,4,1,3,2,1,4,4,5,5,2,1,4,3,1,2,5,4,5,NA,NA,4,1,0,C6,0.2950187936360523,-0.647254372,-1.050047349,-0.504486918,-0.763799269,1,7,-3.640983984,-0.5,NA
1249,C0652,6,C,6C,Hindu,Enemies,Enemy1,2,1,F,52,4,4,7,7,7,7,1,4,4,1,6,6,8,NA,2,2,1,2,2,3,1,2,5,1,1,1,1,4,4,5,3,3,4,1,2,3,2,3,4,5,M,Muslim,1,1,1,1,1,1,5,1,1,2,1,4,1,3,3,4,1,1,3,4,1,4,2,7,NA,4,NA,0,0,C6,0.2950187936360523,-0.647254372,-1.050047349,-0.504486918,-0.763799269,7,4,0.30591622948642044,-0.5,0
1250,C0652,6,C,6C,Hindu,Enemies,Enemy2,2,2,F,52,4,4,7,7,7,7,1,4,4,1,6,6,8,NA,2,2,1,2,2,3,1,2,5,1,1,1,1,4,4,5,3,3,4,1,2,3,2,3,4,5,M,Hindu,1,1,2,1,2,1,4,1,2,1,1,6,4,4,2,1,1,1,1,2,1,5,2,7,3,7,4,0,1,C6,0.2950187936360523,-0.647254372,-1.050047349,-0.504486918,-0.763799269,7,4,0.30591622948642044,-0.5,0
1251,C0652,6,C,6C,Hindu,Enemies,Enemy3,2,3,F,52,4,4,7,7,7,7,1,4,4,1,6,6,8,NA,2,2,1,2,2,3,1,2,5,1,1,1,1,4,4,5,3,3,4,1,2,3,2,3,4,5,M,Muslim,3,2,2,1,3,1,4,2,1,3,1,3,2,2,1,1,2,2,4,1,1,3,3,7,6,5,7,0,0,C6,0.2950187936360523,-0.647254372,-1.050047349,-0.504486918,-0.763799269,7,4,0.30591622948642044,-0.5,0
1252,C0652,6,C,6C,Hindu,Enemies,Enemy4,2,4,F,52,4,4,7,7,7,7,1,4,4,1,6,6,8,NA,2,2,1,2,2,3,1,2,5,1,1,1,1,4,4,5,3,3,4,1,2,3,2,3,4,5,M,Hindu,1,1,1,1,1,1,5,4,5,1,1,2,7,7,1,1,1,1,1,1,1,1,5,7,1,7,1,0,1,C6,0.2950187936360523,-0.647254372,-1.050047349,-0.504486918,-0.763799269,7,4,0.30591622948642044,-0.5,0
1253,C0652,6,C,6C,Hindu,Enemies,Enemy5,2,32,F,52,4,4,7,7,7,7,1,4,4,1,6,6,8,NA,2,2,1,2,2,3,1,2,5,1,1,1,1,4,4,5,3,3,4,1,2,3,2,3,4,5,M,Hindu,1,2,2,1,3,1,1,1,3,2,1,3,3,3,1,1,2,2,4,1,1,5,3,NA,7,5,5,0,1,C6,0.2950187936360523,-0.647254372,-1.050047349,-0.504486918,-0.763799269,7,4,0.30591622948642044,-0.5,0
1254,C0652,6,C,6C,Hindu,Enemies,Enemy6,2,33,F,52,4,4,7,7,7,7,1,4,4,1,6,6,8,NA,2,2,1,2,2,3,1,2,5,1,1,1,1,4,4,5,3,3,4,1,2,3,2,3,4,5,M,NA,NA,NA,NA,NA,NA,NA,NA,NA,NA,NA,NA,NA,NA,NA,NA,NA,NA,NA,NA,NA,NA,NA,NA,NA,NA,NA,NA,0,NA,C6,0.2950187936360523,-0.647254372,-1.050047349,-0.504486918,-0.763799269,7,4,0.30591622948642044,-0.5,0
1255,C0652,6,C,6C,Hindu,Enemies,Enemy7,2,59,F,52,4,4,7,7,7,7,1,4,4,1,6,6,8,NA,2,2,1,2,2,3,1,2,5,1,1,1,1,4,4,5,3,3,4,1,2,3,2,3,4,5,F,Hindu,2,2,2,1,2,1,1,1,2,2,2,4,3,3,2,1,1,2,2,2,1,3,2,5,7,7,4,1,1,C6,0.2950187936360523,-0.647254372,-1.050047349,-0.504486918,-0.763799269,7,4,0.30591622948642044,-0.5,0
1256,C0653,6,C,6C,Hindu,Enemies,Enemy1,2,51,F,53,1,1,7,4,7,4,7,7,4,4,4,1,1,NA,2,2,3,1,1,2,1,2,2,4,1,1,1,4,4,5,3,3,1,1,2,3,1,1,5,5,F,Muslim,4,5,1,1,2,1,5,5,5,1,1,5,4,4,1,1,1,3,3,1,1,1,5,7,1,NA,7,1,0,C6,0.2950187936360523,-0.647254372,-1.050047349,-0.504486918,-0.763799269,7,1,1.621549634144792,-0.5,3
1257,C0653,6,C,6C,Hindu,Enemies,Enemy2,2,52,F,53,1,1,7,4,7,4,7,7,4,4,4,1,1,NA,2,2,3,1,1,2,1,2,2,4,1,1,1,4,4,5,3,3,1,1,2,3,1,1,5,5,F,Hindu,2,1,2,2,3,1,5,1,1,1,4,4,5,3,3,4,1,2,3,2,3,4,5,4,7,7,7,1,1,C6,0.2950187936360523,-0.647254372,-1.050047349,-0.504486918,-0.763799269,7,1,1.621549634144792,-0.5,3
1258,C0653,6,C,6C,Hindu,Enemies,Enemy3,2,54,F,53,1,1,7,4,7,4,7,7,4,4,4,1,1,NA,2,2,3,1,1,2,1,2,2,4,1,1,1,4,4,5,3,3,1,1,2,3,1,1,5,5,F,NA,NA,NA,NA,NA,NA,NA,NA,NA,NA,NA,NA,NA,NA,NA,NA,NA,NA,NA,NA,NA,NA,NA,NA,NA,NA,NA,NA,1,NA,C6,0.2950187936360523,-0.647254372,-1.050047349,-0.504486918,-0.763799269,7,1,1.621549634144792,-0.5,3
1259,C0653,6,C,6C,Hindu,Enemies,Enemy4,2,56,F,53,1,1,7,4,7,4,7,7,4,4,4,1,1,NA,2,2,3,1,1,2,1,2,2,4,1,1,1,4,4,5,3,3,1,1,2,3,1,1,5,5,F,NA,NA,NA,NA,NA,NA,NA,NA,NA,NA,NA,NA,NA,NA,NA,NA,NA,NA,NA,NA,NA,NA,NA,NA,NA,NA,NA,NA,1,NA,C6,0.2950187936360523,-0.647254372,-1.050047349,-0.504486918,-0.763799269,7,1,1.621549634144792,-0.5,3
1260,C0653,6,C,6C,Hindu,Enemies,Enemy5,2,57,F,53,1,1,7,4,7,4,7,7,4,4,4,1,1,NA,2,2,3,1,1,2,1,2,2,4,1,1,1,4,4,5,3,3,1,1,2,3,1,1,5,5,F,Muslim,2,1,1,1,1,1,3,1,1,1,1,4,6,7,1,1,1,3,1,1,1,5,2,1,7,4,7,1,0,C6,0.2950187936360523,-0.647254372,-1.050047349,-0.504486918,-0.763799269,7,1,1.621549634144792,-0.5,3
1261,C0655,6,C,6C,Muslim,Enemies,Enemy1,2,1,F,55,4,6,7,4,4,7,6,6,7,7,7,5,8,NA,2,2,1,3,1,1,1,1,3,1,1,1,2,1,4,6,7,1,1,1,3,1,5,1,3,5,M,Muslim,1,1,1,1,1,1,5,1,1,2,1,4,1,3,3,4,1,1,3,4,1,4,2,7,NA,4,NA,0,1,C6,0.2950187936360523,-0.647254372,-1.050047349,-0.504486918,-0.763799269,7,6,-0.571172707,-0.5,3
1262,C0655,6,C,6C,Muslim,Enemies,Enemy2,2,3,F,55,4,6,7,4,4,7,6,6,7,7,7,5,8,NA,2,2,1,3,1,1,1,1,3,1,1,1,2,1,4,6,7,1,1,1,3,1,5,1,3,5,M,Muslim,3,2,2,1,3,1,4,2,1,3,1,3,2,2,1,1,2,2,4,1,1,3,3,7,6,5,7,0,1,C6,0.2950187936360523,-0.647254372,-1.050047349,-0.504486918,-0.763799269,7,6,-0.571172707,-0.5,3
1263,C0655,6,C,6C,Muslim,Enemies,Enemy3,2,5,F,55,4,6,7,4,4,7,6,6,7,7,7,5,8,NA,2,2,1,3,1,1,1,1,3,1,1,1,2,1,4,6,7,1,1,1,3,1,5,1,3,5,M,Hindu,2,1,2,1,2,1,4,1,1,2,1,4,1,1,4,2,1,1,1,3,1,2,4,6,4,6,4,0,0,C6,0.2950187936360523,-0.647254372,-1.050047349,-0.504486918,-0.763799269,7,6,-0.571172707,-0.5,3
1264,C0655,6,C,6C,Muslim,Enemies,Enemy4,2,21,F,55,4,6,7,4,4,7,6,6,7,7,7,5,8,NA,2,2,1,3,1,1,1,1,3,1,1,1,2,1,4,6,7,1,1,1,3,1,5,1,3,5,M,Hindu,1,2,2,1,1,1,4,1,1,1,1,4,4,4,1,1,2,1,3,1,1,5,2,6,4,7,4,0,0,C6,0.2950187936360523,-0.647254372,-1.050047349,-0.504486918,-0.763799269,7,6,-0.571172707,-0.5,3
1265,C0655,6,C,6C,Muslim,Enemies,Enemy5,2,32,F,55,4,6,7,4,4,7,6,6,7,7,7,5,8,NA,2,2,1,3,1,1,1,1,3,1,1,1,2,1,4,6,7,1,1,1,3,1,5,1,3,5,M,Hindu,1,2,2,1,3,1,1,1,3,2,1,3,3,3,1,1,2,2,4,1,1,5,3,NA,7,5,5,0,0,C6,0.2950187936360523,-0.647254372,-1.050047349,-0.504486918,-0.763799269,7,6,-0.571172707,-0.5,3
1266,C0655,6,C,6C,Muslim,Enemies,Enemy6,2,53,F,55,4,6,7,4,4,7,6,6,7,7,7,5,8,NA,2,2,1,3,1,1,1,1,3,1,1,1,2,1,4,6,7,1,1,1,3,1,5,1,3,5,F,Hindu,2,3,1,1,2,1,2,4,1,1,4,4,5,3,3,1,1,2,3,1,1,5,5,1,7,7,4,1,0,C6,0.2950187936360523,-0.647254372,-1.050047349,-0.504486918,-0.763799269,7,6,-0.571172707,-0.5,3
1267,C0655,6,C,6C,Muslim,Enemies,Enemy7,2,59,F,55,4,6,7,4,4,7,6,6,7,7,7,5,8,NA,2,2,1,3,1,1,1,1,3,1,1,1,2,1,4,6,7,1,1,1,3,1,5,1,3,5,F,Hindu,2,2,2,1,2,1,1,1,2,2,2,4,3,3,2,1,1,2,2,2,1,3,2,5,7,7,4,1,0,C6,0.2950187936360523,-0.647254372,-1.050047349,-0.504486918,-0.763799269,7,6,-0.571172707,-0.5,3
1268,C0657,6,C,6C,Muslim,Enemies,Enemy1,2,1,F,57,4,1,7,7,4,7,7,7,7,4,6,5,7,NA,2,2,1,1,1,1,1,2,3,1,1,1,2,1,4,6,7,1,1,1,3,1,1,1,5,2,M,Muslim,1,1,1,1,1,1,5,1,1,2,1,4,1,3,3,4,1,1,3,4,1,4,2,7,NA,4,NA,0,1,C6,0.2950187936360523,-0.647254372,-1.050047349,-0.504486918,-0.763799269,7,1,1.621549634144792,-0.5,3
1269,C0657,6,C,6C,Muslim,Enemies,Enemy2,2,9,F,57,4,1,7,7,4,7,7,7,7,4,6,5,7,NA,2,2,1,1,1,1,1,2,3,1,1,1,2,1,4,6,7,1,1,1,3,1,1,1,5,2,M,NA,NA,NA,NA,NA,NA,NA,NA,NA,NA,NA,NA,NA,NA,NA,NA,NA,NA,NA,NA,NA,NA,NA,NA,NA,NA,NA,NA,0,NA,C6,0.2950187936360523,-0.647254372,-1.050047349,-0.504486918,-0.763799269,7,1,1.621549634144792,-0.5,3
1270,C0657,6,C,6C,Muslim,Enemies,Enemy3,2,13,F,57,4,1,7,7,4,7,7,7,7,4,6,5,7,NA,2,2,1,1,1,1,1,2,3,1,1,1,2,1,4,6,7,1,1,1,3,1,1,1,5,2,M,Muslim,2,1,1,2,1,1,3,1,5,1,1,4,1,7,2,1,1,1,3,1,1,5,3,7,1,4,7,0,1,C6,0.2950187936360523,-0.647254372,-1.050047349,-0.504486918,-0.763799269,7,1,1.621549634144792,-0.5,3
1271,C0657,6,C,6C,Muslim,Enemies,Enemy4,2,21,F,57,4,1,7,7,4,7,7,7,7,4,6,5,7,NA,2,2,1,1,1,1,1,2,3,1,1,1,2,1,4,6,7,1,1,1,3,1,1,1,5,2,M,Hindu,1,2,2,1,1,1,4,1,1,1,1,4,4,4,1,1,2,1,3,1,1,5,2,6,4,7,4,0,0,C6,0.2950187936360523,-0.647254372,-1.050047349,-0.504486918,-0.763799269,7,1,1.621549634144792,-0.5,3
1272,C0657,6,C,6C,Muslim,Enemies,Enemy5,2,27,F,57,4,1,7,7,4,7,7,7,7,4,6,5,7,NA,2,2,1,1,1,1,1,2,3,1,1,1,2,1,4,6,7,1,1,1,3,1,1,1,5,2,M,Hindu,4,3,5,2,2,1,4,1,2,3,1,7,7,7,1,2,4,3,5,1,3,2,5,7,1,7,1,0,0,C6,0.2950187936360523,-0.647254372,-1.050047349,-0.504486918,-0.763799269,7,1,1.621549634144792,-0.5,3
1273,C0657,6,C,6C,Muslim,Enemies,Enemy6,2,32,F,57,4,1,7,7,4,7,7,7,7,4,6,5,7,NA,2,2,1,1,1,1,1,2,3,1,1,1,2,1,4,6,7,1,1,1,3,1,1,1,5,2,M,Hindu,1,2,2,1,3,1,1,1,3,2,1,3,3,3,1,1,2,2,4,1,1,5,3,NA,7,5,5,0,0,C6,0.2950187936360523,-0.647254372,-1.050047349,-0.504486918,-0.763799269,7,1,1.621549634144792,-0.5,3
1274,C0657,6,C,6C,Muslim,Enemies,Enemy7,2,33,F,57,4,1,7,7,4,7,7,7,7,4,6,5,7,NA,2,2,1,1,1,1,1,2,3,1,1,1,2,1,4,6,7,1,1,1,3,1,1,1,5,2,M,NA,NA,NA,NA,NA,NA,NA,NA,NA,NA,NA,NA,NA,NA,NA,NA,NA,NA,NA,NA,NA,NA,NA,NA,NA,NA,NA,NA,0,NA,C6,0.2950187936360523,-0.647254372,-1.050047349,-0.504486918,-0.763799269,7,1,1.621549634144792,-0.5,3
1275,C0659,6,C,6C,Hindu,Enemies,Enemy1,2,8,F,59,3,5,7,7,7,4,6,5,5,5,4,4,8,NA,2,2,2,2,1,2,1,4,1,1,2,2,1,2,4,3,3,2,1,1,2,2,2,1,3,2,M,Hindu,1,1,1,1,1,1,3,1,1,3,1,3,3,4,2,3,2,4,2,2,2,2,3,7,5,7,3,0,1,C6,0.2950187936360523,-0.647254372,-1.050047349,-0.504486918,-0.763799269,7,5,-0.132628239,-0.5,3
1276,C0659,6,C,6C,Hindu,Enemies,Enemy2,2,13,F,59,3,5,7,7,7,4,6,5,5,5,4,4,8,NA,2,2,2,2,1,2,1,4,1,1,2,2,1,2,4,3,3,2,1,1,2,2,2,1,3,2,M,Muslim,2,1,1,2,1,1,3,1,5,1,1,4,1,7,2,1,1,1,3,1,1,5,3,7,1,4,7,0,0,C6,0.2950187936360523,-0.647254372,-1.050047349,-0.504486918,-0.763799269,7,5,-0.132628239,-0.5,3
1277,C0659,6,C,6C,Hindu,Enemies,Enemy3,2,17,F,59,3,5,7,7,7,4,6,5,5,5,4,4,8,NA,2,2,2,2,1,2,1,4,1,1,2,2,1,2,4,3,3,2,1,1,2,2,2,1,3,2,M,Hindu,2,2,1,1,2,1,2,1,5,4,1,4,3,2,1,2,3,2,2,1,2,2,2,7,6,7,6,0,1,C6,0.2950187936360523,-0.647254372,-1.050047349,-0.504486918,-0.763799269,7,5,-0.132628239,-0.5,3
1278,C0659,6,C,6C,Hindu,Enemies,Enemy4,2,43,F,59,3,5,7,7,7,4,6,5,5,5,4,4,8,NA,2,2,2,2,1,2,1,4,1,1,2,2,1,2,4,3,3,2,1,1,2,2,2,1,3,2,F,Muslim,1,1,1,1,1,1,2,1,1,1,1,7,7,7,3,1,1,1,1,1,1,4,1,2,6,3,7,1,0,C6,0.2950187936360523,-0.647254372,-1.050047349,-0.504486918,-0.763799269,7,5,-0.132628239,-0.5,3
1279,C0659,6,C,6C,Hindu,Enemies,Enemy5,2,45,F,59,3,5,7,7,7,4,6,5,5,5,4,4,8,NA,2,2,2,2,1,2,1,4,1,1,2,2,1,2,4,3,3,2,1,1,2,2,2,1,3,2,F,NA,NA,NA,NA,NA,NA,NA,NA,NA,NA,NA,NA,NA,NA,NA,NA,NA,NA,NA,NA,NA,NA,NA,NA,NA,NA,NA,NA,1,NA,C6,0.2950187936360523,-0.647254372,-1.050047349,-0.504486918,-0.763799269,7,5,-0.132628239,-0.5,3
1280,C0659,6,C,6C,Hindu,Enemies,Enemy6,2,51,F,59,3,5,7,7,7,4,6,5,5,5,4,4,8,NA,2,2,2,2,1,2,1,4,1,1,2,2,1,2,4,3,3,2,1,1,2,2,2,1,3,2,F,Muslim,4,5,1,1,2,1,5,5,5,1,1,5,4,4,1,1,1,3,3,1,1,1,5,7,1,NA,7,1,0,C6,0.2950187936360523,-0.647254372,-1.050047349,-0.504486918,-0.763799269,7,5,-0.132628239,-0.5,3
1281,C0659,6,C,6C,Hindu,Enemies,Enemy7,2,55,F,59,3,5,7,7,7,4,6,5,5,5,4,4,8,NA,2,2,2,2,1,2,1,4,1,1,2,2,1,2,4,3,3,2,1,1,2,2,2,1,3,2,F,Muslim,2,1,3,1,1,1,3,1,1,1,1,4,6,7,1,1,1,3,1,5,1,3,5,6,7,4,7,1,0,C6,0.2950187936360523,-0.647254372,-1.050047349,-0.504486918,-0.763799269,7,5,-0.132628239,-0.5,3
1282,C0660,6,C,6C,Muslim,Enemies,Enemy1,2,33,F,60,1,2,7,7,2,7,NA,1,NA,NA,5,4,8,NA,2,1,4,3,1,2,1,2,4,1,1,2,2,1,4,7,7,2,1,4,1,1,1,1,5,3,M,NA,NA,NA,NA,NA,NA,NA,NA,NA,NA,NA,NA,NA,NA,NA,NA,NA,NA,NA,NA,NA,NA,NA,NA,NA,NA,NA,NA,0,NA,C6,0.2950187936360523,-0.647254372,-1.050047349,-0.504486918,-0.763799269,7,2,1.183005165925335,-0.5,5
1283,C0660,6,C,6C,Muslim,Enemies,Enemy2,2,34,F,60,1,2,7,7,2,7,NA,1,NA,NA,5,4,8,NA,2,1,4,3,1,2,1,2,4,1,1,2,2,1,4,7,7,2,1,4,1,1,1,1,5,3,M,Muslim,1,1,2,1,1,1,3,1,1,3,1,4,6,5,1,1,1,1,1,1,1,5,3,7,6,7,7,0,1,C6,0.2950187936360523,-0.647254372,-1.050047349,-0.504486918,-0.763799269,7,2,1.183005165925335,-0.5,5
1284,C0660,6,C,6C,Muslim,Enemies,Enemy3,2,55,F,60,1,2,7,7,2,7,NA,1,NA,NA,5,4,8,NA,2,1,4,3,1,2,1,2,4,1,1,2,2,1,4,7,7,2,1,4,1,1,1,1,5,3,F,Muslim,2,1,3,1,1,1,3,1,1,1,1,4,6,7,1,1,1,3,1,5,1,3,5,6,7,4,7,1,1,C6,0.2950187936360523,-0.647254372,-1.050047349,-0.504486918,-0.763799269,7,2,1.183005165925335,-0.5,5
1285,C0661,6,C,6C,Muslim,Enemies,Enemy1,2,43,F,61,1,3,7,7,3,7,7,7,6,6,5,6,7,NA,2,1,2,1,1,1,1,2,2,1,1,1,2,1,2,3,NA,3,1,2,1,2,2,1,4,5,F,Muslim,1,1,1,1,1,1,2,1,1,1,1,7,7,7,3,1,1,1,1,1,1,4,1,2,6,3,7,1,1,C6,0.2950187936360523,-0.647254372,-1.050047349,-0.504486918,-0.763799269,7,3,0.7444606977058776,-0.5,4
1286,C0661,6,C,6C,Muslim,Enemies,Enemy2,2,46,F,61,1,3,7,7,3,7,7,7,6,6,5,6,7,NA,2,1,2,1,1,1,1,2,2,1,1,1,2,1,2,3,NA,3,1,2,1,2,2,1,4,5,F,Muslim,2,2,1,1,2,1,1,2,2,5,1,7,7,7,4,5,3,5,5,4,5,2,1,2,7,2,7,1,1,C6,0.2950187936360523,-0.647254372,-1.050047349,-0.504486918,-0.763799269,7,3,0.7444606977058776,-0.5,4
1287,C0661,6,C,6C,Muslim,Enemies,Enemy3,2,49,F,61,1,3,7,7,3,7,7,7,6,6,5,6,7,NA,2,1,2,1,1,1,1,2,2,1,1,1,2,1,2,3,NA,3,1,2,1,2,2,1,4,5,F,Hindu,1,3,1,1,1,2,3,1,1,1,2,4,4,4,3,1,2,2,1,2,1,3,3,4,4,4,4,1,0,C6,0.2950187936360523,-0.647254372,-1.050047349,-0.504486918,-0.763799269,7,3,0.7444606977058776,-0.5,4
1288,C0661,6,C,6C,Muslim,Enemies,Enemy4,2,53,F,61,1,3,7,7,3,7,7,7,6,6,5,6,7,NA,2,1,2,1,1,1,1,2,2,1,1,1,2,1,2,3,NA,3,1,2,1,2,2,1,4,5,F,Hindu,2,3,1,1,2,1,2,4,1,1,4,4,5,3,3,1,1,2,3,1,1,5,5,1,7,7,4,1,0,C6,0.2950187936360523,-0.647254372,-1.050047349,-0.504486918,-0.763799269,7,3,0.7444606977058776,-0.5,4
1289,C0661,6,C,6C,Muslim,Enemies,Enemy5,2,54,F,61,1,3,7,7,3,7,7,7,6,6,5,6,7,NA,2,1,2,1,1,1,1,2,2,1,1,1,2,1,2,3,NA,3,1,2,1,2,2,1,4,5,F,NA,NA,NA,NA,NA,NA,NA,NA,NA,NA,NA,NA,NA,NA,NA,NA,NA,NA,NA,NA,NA,NA,NA,NA,NA,NA,NA,NA,1,NA,C6,0.2950187936360523,-0.647254372,-1.050047349,-0.504486918,-0.763799269,7,3,0.7444606977058776,-0.5,4
1290,C0661,6,C,6C,Muslim,Enemies,Enemy6,2,56,F,61,1,3,7,7,3,7,7,7,6,6,5,6,7,NA,2,1,2,1,1,1,1,2,2,1,1,1,2,1,2,3,NA,3,1,2,1,2,2,1,4,5,F,NA,NA,NA,NA,NA,NA,NA,NA,NA,NA,NA,NA,NA,NA,NA,NA,NA,NA,NA,NA,NA,NA,NA,NA,NA,NA,NA,NA,1,NA,C6,0.2950187936360523,-0.647254372,-1.050047349,-0.504486918,-0.763799269,7,3,0.7444606977058776,-0.5,4
1291,C0661,6,C,6C,Muslim,Enemies,Enemy7,2,63,F,61,1,3,7,7,3,7,7,7,6,6,5,6,7,NA,2,1,2,1,1,1,1,2,2,1,1,1,2,1,2,3,NA,3,1,2,1,2,2,1,4,5,F,Hindu,5,4,4,1,2,1,5,5,5,5,4,4,3,4,1,1,1,1,1,5,1,3,1,7,7,7,7,1,0,C6,0.2950187936360523,-0.647254372,-1.050047349,-0.504486918,-0.763799269,7,3,0.7444606977058776,-0.5,4
1292,C0662,6,C,6C,Hindu,Enemies,Enemy1,2,43,F,62,1,5,NA,NA,NA,4,NA,NA,2,NA,NA,NA,2,NA,2,4,NA,5,1,3,2,2,4,1,3,2,1,1,4,4,5,5,2,1,4,3,1,2,5,4,F,Muslim,1,1,1,1,1,1,2,1,1,1,1,7,7,7,3,1,1,1,1,1,1,4,1,2,6,3,7,1,0,C6,0.2950187936360523,-0.647254372,-1.050047349,-0.504486918,-0.763799269,NA,5,NA,-0.5,NA
1293,C0662,6,C,6C,Hindu,Enemies,Enemy2,2,45,F,62,1,5,NA,NA,NA,4,NA,NA,2,NA,NA,NA,2,NA,2,4,NA,5,1,3,2,2,4,1,3,2,1,1,4,4,5,5,2,1,4,3,1,2,5,4,F,NA,NA,NA,NA,NA,NA,NA,NA,NA,NA,NA,NA,NA,NA,NA,NA,NA,NA,NA,NA,NA,NA,NA,NA,NA,NA,NA,NA,1,NA,C6,0.2950187936360523,-0.647254372,-1.050047349,-0.504486918,-0.763799269,NA,5,NA,-0.5,NA
1294,C0662,6,C,6C,Hindu,Enemies,Enemy3,2,46,F,62,1,5,NA,NA,NA,4,NA,NA,2,NA,NA,NA,2,NA,2,4,NA,5,1,3,2,2,4,1,3,2,1,1,4,4,5,5,2,1,4,3,1,2,5,4,F,Muslim,2,2,1,1,2,1,1,2,2,5,1,7,7,7,4,5,3,5,5,4,5,2,1,2,7,2,7,1,0,C6,0.2950187936360523,-0.647254372,-1.050047349,-0.504486918,-0.763799269,NA,5,NA,-0.5,NA
1295,C0662,6,C,6C,Hindu,Enemies,Enemy4,2,47,F,62,1,5,NA,NA,NA,4,NA,NA,2,NA,NA,NA,2,NA,2,4,NA,5,1,3,2,2,4,1,3,2,1,1,4,4,5,5,2,1,4,3,1,2,5,4,F,Muslim,1,1,2,1,1,1,1,1,1,1,1,4,4,4,5,1,1,3,1,1,2,4,4,4,7,4,7,1,0,C6,0.2950187936360523,-0.647254372,-1.050047349,-0.504486918,-0.763799269,NA,5,NA,-0.5,NA
1296,C0662,6,C,6C,Hindu,Enemies,Enemy5,2,48,F,62,1,5,NA,NA,NA,4,NA,NA,2,NA,NA,NA,2,NA,2,4,NA,5,1,3,2,2,4,1,3,2,1,1,4,4,5,5,2,1,4,3,1,2,5,4,F,Muslim,1,1,4,3,1,1,3,1,1,3,4,2,1,1,1,1,1,3,1,2,1,2,3,1,7,3,4,1,0,C6,0.2950187936360523,-0.647254372,-1.050047349,-0.504486918,-0.763799269,NA,5,NA,-0.5,NA
1297,C0662,6,C,6C,Hindu,Enemies,Enemy6,2,49,F,62,1,5,NA,NA,NA,4,NA,NA,2,NA,NA,NA,2,NA,2,4,NA,5,1,3,2,2,4,1,3,2,1,1,4,4,5,5,2,1,4,3,1,2,5,4,F,Hindu,1,3,1,1,1,2,3,1,1,1,2,4,4,4,3,1,2,2,1,2,1,3,3,4,4,4,4,1,1,C6,0.2950187936360523,-0.647254372,-1.050047349,-0.504486918,-0.763799269,NA,5,NA,-0.5,NA
1298,C0662,6,C,6C,Hindu,Enemies,Enemy7,2,50,F,62,1,5,NA,NA,NA,4,NA,NA,2,NA,NA,NA,2,NA,2,4,NA,5,1,3,2,2,4,1,3,2,1,1,4,4,5,5,2,1,4,3,1,2,5,4,F,Muslim,1,1,NA,2,2,1,4,4,4,4,3,4,4,3,1,1,1,2,2,5,1,5,3,6,7,1,7,1,0,C6,0.2950187936360523,-0.647254372,-1.050047349,-0.504486918,-0.763799269,NA,5,NA,-0.5,NA
1299,C0663,6,C,6C,Hindu,Enemies,Enemy1,2,57,F,63,4,7,7,6,7,7,6,7,7,4,7,4,2,NA,2,5,4,4,1,2,1,2,5,5,5,5,1,4,4,3,4,1,1,1,1,1,5,1,3,1,F,Muslim,2,1,1,1,1,1,3,1,1,1,1,4,6,7,1,1,1,3,1,1,1,5,2,1,7,4,7,1,0,C6,0.2950187936360523,-0.647254372,-1.050047349,-0.504486918,-0.763799269,7,7,-1.009717175,-0.5,0
1300,A0704,7,A,7A,Hindu,Enemies,Enemy1,2,9,M,4,6,7,1,6,7,5,7,7,5,6,6,4,3,NA,1,1,1,2,1,2,1,1,3,1,4,2,1,1,4,3,3,1,1,1,2,1,3,1,5,2,M,Hindu,3,5,4,1,4,5,3,2,5,2,3,4,4,5,1,1,1,2,1,1,2,5,2,4,6,7,7,1,1,A7,-0.432260134,-0.050279933,0.3549282850618981,-0.268344105,0.096710656,7,1,1.621549634144792,0.5,2
1301,A0704,7,A,7A,Hindu,Enemies,Enemy2,2,27,M,4,6,7,1,6,7,5,7,7,5,6,6,4,3,NA,1,1,1,2,1,2,1,1,3,1,4,2,1,1,4,3,3,1,1,1,2,1,3,1,5,2,M,Muslim,1,5,3,1,2,2,4,2,1,2,2,4,4,4,1,1,1,1,1,2,1,5,1,7,4,5,7,1,0,A7,-0.432260134,-0.050279933,0.3549282850618981,-0.268344105,0.096710656,7,1,1.621549634144792,0.5,2
1302,A0704,7,A,7A,Hindu,Enemies,Enemy3,2,28,M,4,6,7,1,6,7,5,7,7,5,6,6,4,3,NA,1,1,1,2,1,2,1,1,3,1,4,2,1,1,4,3,3,1,1,1,2,1,3,1,5,2,M,Hindu,1,1,2,1,2,1,3,2,5,2,2,4,4,3,1,1,1,2,1,1,2,4,3,6,4,7,6,1,1,A7,-0.432260134,-0.050279933,0.3549282850618981,-0.268344105,0.096710656,7,1,1.621549634144792,0.5,2
1303,A0704,7,A,7A,Hindu,Enemies,Enemy4,2,34,M,4,6,7,1,6,7,5,7,7,5,6,6,4,3,NA,1,1,1,2,1,2,1,1,3,1,4,2,1,1,4,3,3,1,1,1,2,1,3,1,5,2,M,Muslim,1,2,3,1,1,2,4,2,1,2,2,3,1,2,3,2,1,1,1,1,1,5,2,7,4,4,6,1,0,A7,-0.432260134,-0.050279933,0.3549282850618981,-0.268344105,0.096710656,7,1,1.621549634144792,0.5,2
1304,A0708,7,A,7A,Muslim,Enemies,Enemy1,2,9,M,8,5,6,3,6,5,6,6,6,5,5,5,6,7,Tai,1,2,1,2,1,1,1,2,4,2,1,2,2,1,4,4,4,1,1,1,2,1,2,2,5,2,M,Hindu,3,5,4,1,4,5,3,2,5,2,3,4,4,5,1,1,1,2,1,1,2,5,2,4,6,7,7,1,0,A7,-0.432260134,-0.050279933,0.3549282850618981,-0.268344105,0.096710656,6,3,0.30591622948642044,0.5,1
1305,A0708,7,A,7A,Muslim,Enemies,Enemy2,2,14,M,8,5,6,3,6,5,6,6,6,5,5,5,6,7,Tai,1,2,1,2,1,1,1,2,4,2,1,2,2,1,4,4,4,1,1,1,2,1,2,2,5,2,M,other,1,1,2,2,1,1,4,2,5,2,2,4,4,4,1,1,1,2,3,1,1,5,2,7,4,7,6,1,0,A7,-0.432260134,-0.050279933,0.3549282850618981,-0.268344105,0.096710656,6,3,0.30591622948642044,0.5,1
1306,A0708,7,A,7A,Muslim,Enemies,Enemy3,2,20,M,8,5,6,3,6,5,6,6,6,5,5,5,6,7,Tai,1,2,1,2,1,1,1,2,4,2,1,2,2,1,4,4,4,1,1,1,2,1,2,2,5,2,M,Hindu,1,1,1,1,2,1,3,1,3,2,3,4,3,3,2,1,1,2,1,1,1,5,3,7,4,7,7,1,0,A7,-0.432260134,-0.050279933,0.3549282850618981,-0.268344105,0.096710656,6,3,0.30591622948642044,0.5,1
1307,A0708,7,A,7A,Muslim,Enemies,Enemy4,2,30,M,8,5,6,3,6,5,6,6,6,5,5,5,6,7,Tai,1,2,1,2,1,1,1,2,4,2,1,2,2,1,4,4,4,1,1,1,2,1,2,2,5,2,M,Jain,4,5,4,2,4,2,1,1,3,1,3,3,2,2,2,1,1,2,1,1,1,5,4,4,4,4,3,1,0,A7,-0.432260134,-0.050279933,0.3549282850618981,-0.268344105,0.096710656,6,3,0.30591622948642044,0.5,1
1308,A0708,7,A,7A,Muslim,Enemies,Enemy5,2,31,M,8,5,6,3,6,5,6,6,6,5,5,5,6,7,Tai,1,2,1,2,1,1,1,2,4,2,1,2,2,1,4,4,4,1,1,1,2,1,2,2,5,2,M,Hindu,3,1,2,1,3,1,3,2,4,2,3,4,3,1,2,1,1,1,1,1,1,5,2,6,4,6,5,1,0,A7,-0.432260134,-0.050279933,0.3549282850618981,-0.268344105,0.096710656,6,3,0.30591622948642044,0.5,1
1309,A0708,7,A,7A,Muslim,Enemies,Enemy6,2,35,M,8,5,6,3,6,5,6,6,6,5,5,5,6,7,Tai,1,2,1,2,1,1,1,2,4,2,1,2,2,1,4,4,4,1,1,1,2,1,2,2,5,2,M,Muslim,1,1,1,1,1,1,3,1,1,1,2,4,1,5,3,1,1,2,1,1,1,5,3,4,3,5,7,1,1,A7,-0.432260134,-0.050279933,0.3549282850618981,-0.268344105,0.096710656,6,3,0.30591622948642044,0.5,1
1310,A0708,7,A,7A,Muslim,Enemies,Enemy7,2,46,M,8,5,6,3,6,5,6,6,6,5,5,5,6,7,Tai,1,2,1,2,1,1,1,2,4,2,1,2,2,1,4,4,4,1,1,1,2,1,2,2,5,2,F,Hindu,2,1,1,2,1,1,3,1,4,1,2,4,3,2,3,2,1,2,2,1,3,1,3,1,7,7,6,0,0,A7,-0.432260134,-0.050279933,0.3549282850618981,-0.268344105,0.096710656,6,3,0.30591622948642044,0.5,1
1311,A0709,7,A,7A,Hindu,Enemies,Enemy1,2,8,M,9,6,4,6,4,7,7,4,4,6,4,6,4,2,NA,1,3,5,4,1,4,5,4,3,2,5,2,1,3,4,4,5,1,1,1,2,1,1,2,5,2,M,Muslim,2,1,2,1,1,1,4,2,1,2,1,4,4,4,1,1,1,2,1,2,2,5,2,6,3,5,6,1,0,A7,-0.432260134,-0.050279933,0.3549282850618981,-0.268344105,0.096710656,4,6,-1.886806112,0.5,0
1312,A0713,7,A,7A,Hindu,Enemies,Enemy1,2,37,M,13,6,5,5,6,6,5,6,6,6,6,5,4,2,NA,1,2,1,2,2,2,1,4,3,1,2,1,1,2,4,1,1,1,1,1,1,1,1,1,5,4,M,Hindu,3,2,2,1,3,1,4,1,2,2,3,4,4,4,1,2,2,1,3,1,1,5,5,7,1,6,6,1,1,A7,-0.432260134,-0.050279933,0.3549282850618981,-0.268344105,0.096710656,5,5,-1.009717175,0.5,1
1313,A0715,7,A,7A,Jain,Enemies,Enemy1,2,9,M,15,7,7,4,7,7,6,7,6,6,7,5,7,3,NA,1,2,1,2,1,2,1,1,3,NA,5,NA,3,2,4,4,4,1,1,1,1,1,1,1,5,4,M,Hindu,3,5,4,1,4,5,3,2,5,2,3,4,4,5,1,1,1,2,1,1,2,5,2,4,6,7,7,1,0,A7,-0.432260134,-0.050279933,0.3549282850618981,-0.268344105,0.096710656,7,4,0.30591622948642044,0.5,-1
1314,A0715,7,A,7A,Jain,Enemies,Enemy2,2,50,M,15,7,7,4,7,7,6,7,6,6,7,5,7,3,NA,1,2,1,2,1,2,1,1,3,NA,5,NA,3,2,4,4,4,1,1,1,1,1,1,1,5,4,F,Muslim,1,1,2,2,1,1,3,1,1,1,2,4,4,4,2,1,1,2,1,1,1,5,4,3,7,6,7,0,0,A7,-0.432260134,-0.050279933,0.3549282850618981,-0.268344105,0.096710656,7,4,0.30591622948642044,0.5,-1
1315,A0715,7,A,7A,Jain,Enemies,Enemy3,2,57,M,15,7,7,4,7,7,6,7,6,6,7,5,7,3,NA,1,2,1,2,1,2,1,1,3,NA,5,NA,3,2,4,4,4,1,1,1,1,1,1,1,5,4,F,Hindu,1,1,1,1,1,1,1,1,1,1,1,6,6,6,1,1,1,1,1,1,1,5,2,5,7,7,6,0,0,A7,-0.432260134,-0.050279933,0.3549282850618981,-0.268344105,0.096710656,7,4,0.30591622948642044,0.5,-1
1316,A0719,7,A,7A,Hindu,Enemies,Enemy1,2,9,M,19,1,6,2,7,6,3,7,7,6,7,4,4,1,NA,1,3,1,1,1,4,1,4,1,2,4,1,1,2,3,3,1,2,1,1,2,1,1,1,5,3,M,Hindu,3,5,4,1,4,5,3,2,5,2,3,4,4,5,1,1,1,2,1,1,2,5,2,4,6,7,7,1,1,A7,-0.432260134,-0.050279933,0.3549282850618981,-0.268344105,0.096710656,6,2,0.7444606977058776,0.5,3
1317,A0719,7,A,7A,Hindu,Enemies,Enemy2,2,14,M,19,1,6,2,7,6,3,7,7,6,7,4,4,1,NA,1,3,1,1,1,4,1,4,1,2,4,1,1,2,3,3,1,2,1,1,2,1,1,1,5,3,M,other,1,1,2,2,1,1,4,2,5,2,2,4,4,4,1,1,1,2,3,1,1,5,2,7,4,7,6,1,0,A7,-0.432260134,-0.050279933,0.3549282850618981,-0.268344105,0.096710656,6,2,0.7444606977058776,0.5,3
1318,A0719,7,A,7A,Hindu,Enemies,Enemy3,2,20,M,19,1,6,2,7,6,3,7,7,6,7,4,4,1,NA,1,3,1,1,1,4,1,4,1,2,4,1,1,2,3,3,1,2,1,1,2,1,1,1,5,3,M,Hindu,1,1,1,1,2,1,3,1,3,2,3,4,3,3,2,1,1,2,1,1,1,5,3,7,4,7,7,1,1,A7,-0.432260134,-0.050279933,0.3549282850618981,-0.268344105,0.096710656,6,2,0.7444606977058776,0.5,3
1319,A0719,7,A,7A,Hindu,Enemies,Enemy4,2,29,M,19,1,6,2,7,6,3,7,7,6,7,4,4,1,NA,1,3,1,1,1,4,1,4,1,2,4,1,1,2,3,3,1,2,1,1,2,1,1,1,5,3,M,Hindu,3,1,2,1,3,1,3,1,4,2,3,1,1,1,2,2,2,1,1,1,1,5,3,4,4,7,7,1,1,A7,-0.432260134,-0.050279933,0.3549282850618981,-0.268344105,0.096710656,6,2,0.7444606977058776,0.5,3
1320,A0719,7,A,7A,Hindu,Enemies,Enemy5,2,30,M,19,1,6,2,7,6,3,7,7,6,7,4,4,1,NA,1,3,1,1,1,4,1,4,1,2,4,1,1,2,3,3,1,2,1,1,2,1,1,1,5,3,M,Jain,4,5,4,2,4,2,1,1,3,1,3,3,2,2,2,1,1,2,1,1,1,5,4,4,4,4,3,1,0,A7,-0.432260134,-0.050279933,0.3549282850618981,-0.268344105,0.096710656,6,2,0.7444606977058776,0.5,3
1321,A0719,7,A,7A,Hindu,Enemies,Enemy6,2,36,M,19,1,6,2,7,6,3,7,7,6,7,4,4,1,NA,1,3,1,1,1,4,1,4,1,2,4,1,1,2,3,3,1,2,1,1,2,1,1,1,5,3,M,Muslim,1,1,2,4,1,1,4,5,5,5,3,4,1,1,1,1,1,1,1,3,3,3,NA,6,2,5,6,1,0,A7,-0.432260134,-0.050279933,0.3549282850618981,-0.268344105,0.096710656,6,2,0.7444606977058776,0.5,3
1322,A0719,7,A,7A,Hindu,Enemies,Enemy7,2,49,M,19,1,6,2,7,6,3,7,7,6,7,4,4,1,NA,1,3,1,1,1,4,1,4,1,2,4,1,1,2,3,3,1,2,1,1,2,1,1,1,5,3,F,NA,NA,NA,NA,NA,NA,NA,NA,NA,NA,NA,NA,NA,NA,NA,NA,NA,NA,NA,NA,NA,NA,NA,NA,NA,NA,NA,NA,0,NA,A7,-0.432260134,-0.050279933,0.3549282850618981,-0.268344105,0.096710656,6,2,0.7444606977058776,0.5,3
1323,A0727,7,A,7A,Muslim,Enemies,Enemy1,2,8,M,27,3,7,4,3,5,7,4,7,4,4,4,6,8,NA,1,1,5,3,1,2,2,2,4,2,1,2,2,2,4,4,4,1,1,1,1,1,2,1,5,1,M,Muslim,2,1,2,1,1,1,4,2,1,2,1,4,4,4,1,1,1,2,1,2,2,5,2,6,3,5,6,1,1,A7,-0.432260134,-0.050279933,0.3549282850618981,-0.268344105,0.096710656,7,4,0.30591622948642044,0.5,2
1324,A0727,7,A,7A,Muslim,Enemies,Enemy2,2,16,M,27,3,7,4,3,5,7,4,7,4,4,4,6,8,NA,1,1,5,3,1,2,2,2,4,2,1,2,2,2,4,4,4,1,1,1,1,1,2,1,5,1,M,NA,NA,NA,NA,NA,NA,NA,NA,NA,NA,NA,NA,NA,NA,NA,NA,NA,NA,NA,NA,NA,NA,NA,NA,NA,NA,NA,NA,1,NA,A7,-0.432260134,-0.050279933,0.3549282850618981,-0.268344105,0.096710656,7,4,0.30591622948642044,0.5,2
1325,A0727,7,A,7A,Muslim,Enemies,Enemy3,2,23,M,27,3,7,4,3,5,7,4,7,4,4,4,6,8,NA,1,1,5,3,1,2,2,2,4,2,1,2,2,2,4,4,4,1,1,1,1,1,2,1,5,1,M,NA,NA,NA,NA,NA,NA,NA,NA,NA,NA,NA,NA,NA,NA,NA,NA,NA,NA,NA,NA,NA,NA,NA,NA,NA,NA,NA,NA,1,NA,A7,-0.432260134,-0.050279933,0.3549282850618981,-0.268344105,0.096710656,7,4,0.30591622948642044,0.5,2
1326,A0728,7,A,7A,Hindu,Enemies,Enemy1,2,8,M,28,4,6,4,6,7,6,7,7,6,6,6,6,8,NA,1,1,1,2,1,2,1,1,3,2,5,2,1,2,4,4,3,1,1,1,2,1,1,2,4,3,M,Muslim,2,1,2,1,1,1,4,2,1,2,1,4,4,4,1,1,1,2,1,2,2,5,2,6,3,5,6,1,0,A7,-0.432260134,-0.050279933,0.3549282850618981,-0.268344105,0.096710656,6,4,-0.132628239,0.5,1
1327,A0728,7,A,7A,Hindu,Enemies,Enemy2,2,40,M,28,4,6,4,6,7,6,7,7,6,6,6,6,8,NA,1,1,1,2,1,2,1,1,3,2,5,2,1,2,4,4,3,1,1,1,2,1,1,2,4,3,F,NA,NA,NA,NA,NA,NA,NA,NA,NA,NA,NA,NA,NA,NA,NA,NA,NA,NA,NA,NA,NA,NA,NA,NA,NA,NA,NA,NA,0,NA,A7,-0.432260134,-0.050279933,0.3549282850618981,-0.268344105,0.096710656,6,4,-0.132628239,0.5,1
1328,A0728,7,A,7A,Hindu,Enemies,Enemy3,2,48,M,28,4,6,4,6,7,6,7,7,6,6,6,6,8,NA,1,1,1,2,1,2,1,1,3,2,5,2,1,2,4,4,3,1,1,1,2,1,1,2,4,3,F,Hindu,2,5,3,1,1,1,4,1,2,3,2,4,2,1,2,1,1,3,5,1,1,5,2,4,4,7,1,0,1,A7,-0.432260134,-0.050279933,0.3549282850618981,-0.268344105,0.096710656,6,4,-0.132628239,0.5,1
1329,A0728,7,A,7A,Hindu,Enemies,Enemy4,2,49,M,28,4,6,4,6,7,6,7,7,6,6,6,6,8,NA,1,1,1,2,1,2,1,1,3,2,5,2,1,2,4,4,3,1,1,1,2,1,1,2,4,3,F,NA,NA,NA,NA,NA,NA,NA,NA,NA,NA,NA,NA,NA,NA,NA,NA,NA,NA,NA,NA,NA,NA,NA,NA,NA,NA,NA,NA,0,NA,A7,-0.432260134,-0.050279933,0.3549282850618981,-0.268344105,0.096710656,6,4,-0.132628239,0.5,1
1330,A0728,7,A,7A,Hindu,Enemies,Enemy5,2,50,M,28,4,6,4,6,7,6,7,7,6,6,6,6,8,NA,1,1,1,2,1,2,1,1,3,2,5,2,1,2,4,4,3,1,1,1,2,1,1,2,4,3,F,Muslim,1,1,2,2,1,1,3,1,1,1,2,4,4,4,2,1,1,2,1,1,1,5,4,3,7,6,7,0,0,A7,-0.432260134,-0.050279933,0.3549282850618981,-0.268344105,0.096710656,6,4,-0.132628239,0.5,1
1331,A0728,7,A,7A,Hindu,Enemies,Enemy6,2,53,M,28,4,6,4,6,7,6,7,7,6,6,6,6,8,NA,1,1,1,2,1,2,1,1,3,2,5,2,1,2,4,4,3,1,1,1,2,1,1,2,4,3,F,Muslim,1,3,1,1,1,2,3,1,1,1,1,4,2,2,4,1,1,1,1,1,1,5,2,1,7,3,7,0,0,A7,-0.432260134,-0.050279933,0.3549282850618981,-0.268344105,0.096710656,6,4,-0.132628239,0.5,1
1332,A0728,7,A,7A,Hindu,Enemies,Enemy7,2,57,M,28,4,6,4,6,7,6,7,7,6,6,6,6,8,NA,1,1,1,2,1,2,1,1,3,2,5,2,1,2,4,4,3,1,1,1,2,1,1,2,4,3,F,Hindu,1,1,1,1,1,1,1,1,1,1,1,6,6,6,1,1,1,1,1,1,1,5,2,5,7,7,6,0,1,A7,-0.432260134,-0.050279933,0.3549282850618981,-0.268344105,0.096710656,6,4,-0.132628239,0.5,1
1333,A0729,7,A,7A,Hindu,Enemies,Enemy1,2,9,M,29,1,4,4,7,7,7,4,6,4,5,4,4,3,NA,1,3,1,2,1,3,1,1,3,1,4,2,1,3,1,1,1,2,2,2,1,1,1,1,5,3,M,Hindu,3,5,4,1,4,5,3,2,5,2,3,4,4,5,1,1,1,2,1,1,2,5,2,4,6,7,7,1,1,A7,-0.432260134,-0.050279933,0.3549282850618981,-0.268344105,0.096710656,4,4,-1.009717175,0.5,0
1334,A0729,7,A,7A,Hindu,Enemies,Enemy2,2,13,M,29,1,4,4,7,7,7,4,6,4,5,4,4,3,NA,1,3,1,2,1,3,1,1,3,1,4,2,1,3,1,1,1,2,2,2,1,1,1,1,5,3,M,Hindu,2,1,2,2,2,1,3,1,2,1,2,4,1,1,1,1,1,1,1,1,1,5,4,5,5,6,5,1,1,A7,-0.432260134,-0.050279933,0.3549282850618981,-0.268344105,0.096710656,4,4,-1.009717175,0.5,0
1335,A0731,7,A,7A,Hindu,Enemies,Enemy1,2,9,M,31,2,6,4,5,6,5,7,6,7,5,4,4,1,1,1,3,1,2,1,3,1,2,3,2,4,2,1,3,4,3,1,2,1,1,1,1,1,1,5,2,M,Hindu,3,5,4,1,4,5,3,2,5,2,3,4,4,5,1,1,1,2,1,1,2,5,2,4,6,7,7,1,1,A7,-0.432260134,-0.050279933,0.3549282850618981,-0.268344105,0.096710656,6,4,-0.132628239,0.5,1
1336,A0731,7,A,7A,Hindu,Enemies,Enemy2,2,27,M,31,2,6,4,5,6,5,7,6,7,5,4,4,1,1,1,3,1,2,1,3,1,2,3,2,4,2,1,3,4,3,1,2,1,1,1,1,1,1,5,2,M,Muslim,1,5,3,1,2,2,4,2,1,2,2,4,4,4,1,1,1,1,1,2,1,5,1,7,4,5,7,1,0,A7,-0.432260134,-0.050279933,0.3549282850618981,-0.268344105,0.096710656,6,4,-0.132628239,0.5,1
1337,A0731,7,A,7A,Hindu,Enemies,Enemy3,2,28,M,31,2,6,4,5,6,5,7,6,7,5,4,4,1,1,1,3,1,2,1,3,1,2,3,2,4,2,1,3,4,3,1,2,1,1,1,1,1,1,5,2,M,Hindu,1,1,2,1,2,1,3,2,5,2,2,4,4,3,1,1,1,2,1,1,2,4,3,6,4,7,6,1,1,A7,-0.432260134,-0.050279933,0.3549282850618981,-0.268344105,0.096710656,6,4,-0.132628239,0.5,1
1338,A0731,7,A,7A,Hindu,Enemies,Enemy4,2,30,M,31,2,6,4,5,6,5,7,6,7,5,4,4,1,1,1,3,1,2,1,3,1,2,3,2,4,2,1,3,4,3,1,2,1,1,1,1,1,1,5,2,M,Jain,4,5,4,2,4,2,1,1,3,1,3,3,2,2,2,1,1,2,1,1,1,5,4,4,4,4,3,1,0,A7,-0.432260134,-0.050279933,0.3549282850618981,-0.268344105,0.096710656,6,4,-0.132628239,0.5,1
1339,A0731,7,A,7A,Hindu,Enemies,Enemy5,2,49,M,31,2,6,4,5,6,5,7,6,7,5,4,4,1,1,1,3,1,2,1,3,1,2,3,2,4,2,1,3,4,3,1,2,1,1,1,1,1,1,5,2,F,NA,NA,NA,NA,NA,NA,NA,NA,NA,NA,NA,NA,NA,NA,NA,NA,NA,NA,NA,NA,NA,NA,NA,NA,NA,NA,NA,NA,0,NA,A7,-0.432260134,-0.050279933,0.3549282850618981,-0.268344105,0.096710656,6,4,-0.132628239,0.5,1
1340,A0732,7,A,7A,Hindu,Enemies,Enemy1,2,8,M,32,6,4,4,6,7,4,4,6,4,6,4,4,3,NA,1,2,2,3,1,2,1,1,2,2,3,1,1,2,4,4,4,1,1,1,1,1,1,1,5,5,M,Muslim,2,1,2,1,1,1,4,2,1,2,1,4,4,4,1,1,1,2,1,2,2,5,2,6,3,5,6,1,0,A7,-0.432260134,-0.050279933,0.3549282850618981,-0.268344105,0.096710656,4,4,-1.009717175,0.5,3
1341,A0732,7,A,7A,Hindu,Enemies,Enemy2,2,9,M,32,6,4,4,6,7,4,4,6,4,6,4,4,3,NA,1,2,2,3,1,2,1,1,2,2,3,1,1,2,4,4,4,1,1,1,1,1,1,1,5,5,M,Hindu,3,5,4,1,4,5,3,2,5,2,3,4,4,5,1,1,1,2,1,1,2,5,2,4,6,7,7,1,1,A7,-0.432260134,-0.050279933,0.3549282850618981,-0.268344105,0.096710656,4,4,-1.009717175,0.5,3
1342,A0732,7,A,7A,Hindu,Enemies,Enemy3,2,27,M,32,6,4,4,6,7,4,4,6,4,6,4,4,3,NA,1,2,2,3,1,2,1,1,2,2,3,1,1,2,4,4,4,1,1,1,1,1,1,1,5,5,M,Muslim,1,5,3,1,2,2,4,2,1,2,2,4,4,4,1,1,1,1,1,2,1,5,1,7,4,5,7,1,0,A7,-0.432260134,-0.050279933,0.3549282850618981,-0.268344105,0.096710656,4,4,-1.009717175,0.5,3
1343,A0732,7,A,7A,Hindu,Enemies,Enemy4,2,28,M,32,6,4,4,6,7,4,4,6,4,6,4,4,3,NA,1,2,2,3,1,2,1,1,2,2,3,1,1,2,4,4,4,1,1,1,1,1,1,1,5,5,M,Hindu,1,1,2,1,2,1,3,2,5,2,2,4,4,3,1,1,1,2,1,1,2,4,3,6,4,7,6,1,1,A7,-0.432260134,-0.050279933,0.3549282850618981,-0.268344105,0.096710656,4,4,-1.009717175,0.5,3
1344,A0732,7,A,7A,Hindu,Enemies,Enemy5,2,30,M,32,6,4,4,6,7,4,4,6,4,6,4,4,3,NA,1,2,2,3,1,2,1,1,2,2,3,1,1,2,4,4,4,1,1,1,1,1,1,1,5,5,M,Jain,4,5,4,2,4,2,1,1,3,1,3,3,2,2,2,1,1,2,1,1,1,5,4,4,4,4,3,1,0,A7,-0.432260134,-0.050279933,0.3549282850618981,-0.268344105,0.096710656,4,4,-1.009717175,0.5,3
1345,A0736,7,A,7A,Muslim,Enemies,Enemy1,2,9,M,36,5,6,2,6,5,6,2,6,2,2,1,4,7,Vohra,1,1,1,2,4,1,1,1,4,5,5,5,2,3,4,1,1,1,1,1,1,1,3,3,3,NA,M,Hindu,3,5,4,1,4,5,3,2,5,2,3,4,4,5,1,1,1,2,1,1,2,5,2,4,6,7,7,1,0,A7,-0.432260134,-0.050279933,0.3549282850618981,-0.268344105,0.096710656,6,2,0.7444606977058776,0.5,1
1346,A0736,7,A,7A,Muslim,Enemies,Enemy2,2,14,M,36,5,6,2,6,5,6,2,6,2,2,1,4,7,Vohra,1,1,1,2,4,1,1,1,4,5,5,5,2,3,4,1,1,1,1,1,1,1,3,3,3,NA,M,other,1,1,2,2,1,1,4,2,5,2,2,4,4,4,1,1,1,2,3,1,1,5,2,7,4,7,6,1,0,A7,-0.432260134,-0.050279933,0.3549282850618981,-0.268344105,0.096710656,6,2,0.7444606977058776,0.5,1
1347,A0736,7,A,7A,Muslim,Enemies,Enemy3,2,46,M,36,5,6,2,6,5,6,2,6,2,2,1,4,7,Vohra,1,1,1,2,4,1,1,1,4,5,5,5,2,3,4,1,1,1,1,1,1,1,3,3,3,NA,F,Hindu,2,1,1,2,1,1,3,1,4,1,2,4,3,2,3,2,1,2,2,1,3,1,3,1,7,7,6,0,0,A7,-0.432260134,-0.050279933,0.3549282850618981,-0.268344105,0.096710656,6,2,0.7444606977058776,0.5,1
1348,A0746,7,A,7A,Hindu,Enemies,Enemy1,2,40,F,46,4,1,7,6,7,6,7,7,5,6,4,5,7,Lingayat,2,2,1,1,2,1,1,4,3,1,4,1,1,2,4,3,2,3,2,1,2,2,1,3,1,3,F,NA,NA,NA,NA,NA,NA,NA,NA,NA,NA,NA,NA,NA,NA,NA,NA,NA,NA,NA,NA,NA,NA,NA,NA,NA,NA,NA,NA,1,NA,A7,-0.432260134,-0.050279933,0.3549282850618981,-0.268344105,0.096710656,7,1,1.621549634144792,0.5,1
1349,A0746,7,A,7A,Hindu,Enemies,Enemy2,2,49,F,46,4,1,7,6,7,6,7,7,5,6,4,5,7,Lingayat,2,2,1,1,2,1,1,4,3,1,4,1,1,2,4,3,2,3,2,1,2,2,1,3,1,3,F,NA,NA,NA,NA,NA,NA,NA,NA,NA,NA,NA,NA,NA,NA,NA,NA,NA,NA,NA,NA,NA,NA,NA,NA,NA,NA,NA,NA,1,NA,A7,-0.432260134,-0.050279933,0.3549282850618981,-0.268344105,0.096710656,7,1,1.621549634144792,0.5,1
1350,A0746,7,A,7A,Hindu,Enemies,Enemy3,2,53,F,46,4,1,7,6,7,6,7,7,5,6,4,5,7,Lingayat,2,2,1,1,2,1,1,4,3,1,4,1,1,2,4,3,2,3,2,1,2,2,1,3,1,3,F,Muslim,1,3,1,1,1,2,3,1,1,1,1,4,2,2,4,1,1,1,1,1,1,5,2,1,7,3,7,1,0,A7,-0.432260134,-0.050279933,0.3549282850618981,-0.268344105,0.096710656,7,1,1.621549634144792,0.5,1
1351,A0746,7,A,7A,Hindu,Enemies,Enemy4,2,57,F,46,4,1,7,6,7,6,7,7,5,6,4,5,7,Lingayat,2,2,1,1,2,1,1,4,3,1,4,1,1,2,4,3,2,3,2,1,2,2,1,3,1,3,F,Hindu,1,1,1,1,1,1,1,1,1,1,1,6,6,6,1,1,1,1,1,1,1,5,2,5,7,7,6,1,1,A7,-0.432260134,-0.050279933,0.3549282850618981,-0.268344105,0.096710656,7,1,1.621549634144792,0.5,1
1352,A0746,7,A,7A,Hindu,Enemies,Enemy5,2,59,F,46,4,1,7,6,7,6,7,7,5,6,4,5,7,Lingayat,2,2,1,1,2,1,1,4,3,1,4,1,1,2,4,3,2,3,2,1,2,2,1,3,1,3,F,Muslim,1,1,2,2,1,1,3,1,1,5,1,4,3,5,1,1,1,2,1,1,1,2,4,2,7,3,7,1,0,A7,-0.432260134,-0.050279933,0.3549282850618981,-0.268344105,0.096710656,7,1,1.621549634144792,0.5,1
1353,A0746,7,A,7A,Hindu,Enemies,Enemy6,2,61,F,46,4,1,7,6,7,6,7,7,5,6,4,5,7,Lingayat,2,2,1,1,2,1,1,4,3,1,4,1,1,2,4,3,2,3,2,1,2,2,1,3,1,3,F,Hindu,2,1,3,2,2,2,2,3,5,3,2,4,4,3,1,1,1,2,1,1,2,5,3,4,4,7,6,1,1,A7,-0.432260134,-0.050279933,0.3549282850618981,-0.268344105,0.096710656,7,1,1.621549634144792,0.5,1
1354,A0746,7,A,7A,Hindu,Enemies,Enemy7,2,63,F,46,4,1,7,6,7,6,7,7,5,6,4,5,7,Lingayat,2,2,1,1,2,1,1,4,3,1,4,1,1,2,4,3,2,3,2,1,2,2,1,3,1,3,F,Hindu,4,2,2,1,4,1,3,2,5,3,3,NA,3,4,3,1,1,3,1,NA,1,5,NA,1,7,6,6,1,1,A7,-0.432260134,-0.050279933,0.3549282850618981,-0.268344105,0.096710656,7,1,1.621549634144792,0.5,1
1355,A0747,7,A,7A,Hindu,Enemies,Enemy1,2,4,F,47,1,1,7,7,7,1,4,4,4,5,6,4,1,NA,2,2,1,4,1,3,1,4,3,1,4,3,1,2,7,5,4,1,2,1,4,1,1,3,5,2,M,Hindu,1,1,2,1,2,1,3,1,4,2,1,4,3,3,1,1,1,2,1,3,1,5,2,7,1,7,5,0,1,A7,-0.432260134,-0.050279933,0.3549282850618981,-0.268344105,0.096710656,7,1,1.621549634144792,0.5,6
1356,A0747,7,A,7A,Hindu,Enemies,Enemy2,2,12,F,47,1,1,7,7,7,1,4,4,4,5,6,4,1,NA,2,2,1,4,1,3,1,4,3,1,4,3,1,2,7,5,4,1,2,1,4,1,1,3,5,2,M,Hindu,3,1,3,1,5,1,4,5,5,5,4,4,4,2,1,1,1,1,1,1,1,5,5,7,1,7,7,0,1,A7,-0.432260134,-0.050279933,0.3549282850618981,-0.268344105,0.096710656,7,1,1.621549634144792,0.5,6
1357,A0747,7,A,7A,Hindu,Enemies,Enemy3,2,28,F,47,1,1,7,7,7,1,4,4,4,5,6,4,1,NA,2,2,1,4,1,3,1,4,3,1,4,3,1,2,7,5,4,1,2,1,4,1,1,3,5,2,M,Hindu,1,1,2,1,2,1,3,2,5,2,2,4,4,3,1,1,1,2,1,1,2,4,3,6,4,7,6,0,1,A7,-0.432260134,-0.050279933,0.3549282850618981,-0.268344105,0.096710656,7,1,1.621549634144792,0.5,6
1358,A0747,7,A,7A,Hindu,Enemies,Enemy4,2,33,F,47,1,1,7,7,7,1,4,4,4,5,6,4,1,NA,2,2,1,4,1,3,1,4,3,1,4,3,1,2,7,5,4,1,2,1,4,1,1,3,5,2,M,Muslim,2,1,1,1,2,1,1,2,1,3,2,4,2,2,2,1,1,2,1,1,2,4,2,7,4,5,7,0,0,A7,-0.432260134,-0.050279933,0.3549282850618981,-0.268344105,0.096710656,7,1,1.621549634144792,0.5,6
1359,A0747,7,A,7A,Hindu,Enemies,Enemy5,2,41,F,47,1,1,7,7,7,1,4,4,4,5,6,4,1,NA,2,2,1,4,1,3,1,4,3,1,4,3,1,2,7,5,4,1,2,1,4,1,1,3,5,2,F,Muslim,2,1,2,1,2,2,3,1,1,5,2,4,1,2,2,2,4,2,1,1,2,4,4,4,6,4,6,1,0,A7,-0.432260134,-0.050279933,0.3549282850618981,-0.268344105,0.096710656,7,1,1.621549634144792,0.5,6
1360,A0747,7,A,7A,Hindu,Enemies,Enemy6,2,43,F,47,1,1,7,7,7,1,4,4,4,5,6,4,1,NA,2,2,1,4,1,3,1,4,3,1,4,3,1,2,7,5,4,1,2,1,4,1,1,3,5,2,F,Muslim,2,2,3,1,3,1,2,1,3,2,2,4,4,4,3,1,1,1,1,2,2,5,3,2,5,6,6,1,0,A7,-0.432260134,-0.050279933,0.3549282850618981,-0.268344105,0.096710656,7,1,1.621549634144792,0.5,6
1361,A0747,7,A,7A,Hindu,Enemies,Enemy7,2,48,F,47,1,1,7,7,7,1,4,4,4,5,6,4,1,NA,2,2,1,4,1,3,1,4,3,1,4,3,1,2,7,5,4,1,2,1,4,1,1,3,5,2,F,Hindu,2,5,3,1,1,1,4,1,2,3,2,4,2,1,2,1,1,3,5,1,1,5,2,4,4,7,1,1,1,A7,-0.432260134,-0.050279933,0.3549282850618981,-0.268344105,0.096710656,7,1,1.621549634144792,0.5,6
1362,A0748,7,A,7A,Hindu,Enemies,Enemy1,2,14,F,48,1,4,4,7,7,1,7,7,3,7,4,6,3,NA,2,2,5,3,1,1,1,1,4,1,2,3,1,2,4,2,1,2,1,1,3,5,1,1,5,2,M,other,1,1,2,2,1,1,4,2,5,2,2,4,4,4,1,1,1,2,3,1,1,5,2,7,4,7,6,0,0,A7,-0.432260134,-0.050279933,0.3549282850618981,-0.268344105,0.096710656,4,4,-1.009717175,0.5,6
1363,A0748,7,A,7A,Hindu,Enemies,Enemy2,2,30,F,48,1,4,4,7,7,1,7,7,3,7,4,6,3,NA,2,2,5,3,1,1,1,1,4,1,2,3,1,2,4,2,1,2,1,1,3,5,1,1,5,2,M,Jain,4,5,4,2,4,2,1,1,3,1,3,3,2,2,2,1,1,2,1,1,1,5,4,4,4,4,3,0,0,A7,-0.432260134,-0.050279933,0.3549282850618981,-0.268344105,0.096710656,4,4,-1.009717175,0.5,6
1364,A0748,7,A,7A,Hindu,Enemies,Enemy3,2,49,F,48,1,4,4,7,7,1,7,7,3,7,4,6,3,NA,2,2,5,3,1,1,1,1,4,1,2,3,1,2,4,2,1,2,1,1,3,5,1,1,5,2,F,NA,NA,NA,NA,NA,NA,NA,NA,NA,NA,NA,NA,NA,NA,NA,NA,NA,NA,NA,NA,NA,NA,NA,NA,NA,NA,NA,NA,1,NA,A7,-0.432260134,-0.050279933,0.3549282850618981,-0.268344105,0.096710656,4,4,-1.009717175,0.5,6
1365,A0748,7,A,7A,Hindu,Enemies,Enemy4,2,58,F,48,1,4,4,7,7,1,7,7,3,7,4,6,3,NA,2,2,5,3,1,1,1,1,4,1,2,3,1,2,4,2,1,2,1,1,3,5,1,1,5,2,F,Hindu,4,2,2,1,5,1,4,1,2,1,2,4,4,4,2,1,1,1,1,1,1,5,5,5,6,7,6,1,1,A7,-0.432260134,-0.050279933,0.3549282850618981,-0.268344105,0.096710656,4,4,-1.009717175,0.5,6
1366,A0753,7,A,7A,Muslim,Enemies,Enemy1,2,9,F,53,4,1,7,4,3,7,7,4,4,4,6,4,NA,Mahedaviya or Mehdvi,2,1,3,1,1,1,2,2,3,1,1,1,2,1,4,2,2,4,1,1,1,1,1,1,5,2,M,Hindu,3,5,4,1,4,5,3,2,5,2,3,4,4,5,1,1,1,2,1,1,2,5,2,4,6,7,7,0,0,A7,-0.432260134,-0.050279933,0.3549282850618981,-0.268344105,0.096710656,7,1,1.621549634144792,0.5,4
1367,A0753,7,A,7A,Muslim,Enemies,Enemy2,2,23,F,53,4,1,7,4,3,7,7,4,4,4,6,4,NA,Mahedaviya or Mehdvi,2,1,3,1,1,1,2,2,3,1,1,1,2,1,4,2,2,4,1,1,1,1,1,1,5,2,M,NA,NA,NA,NA,NA,NA,NA,NA,NA,NA,NA,NA,NA,NA,NA,NA,NA,NA,NA,NA,NA,NA,NA,NA,NA,NA,NA,NA,0,NA,A7,-0.432260134,-0.050279933,0.3549282850618981,-0.268344105,0.096710656,7,1,1.621549634144792,0.5,4
1368,A0757,7,A,7A,Hindu,Enemies,Enemy1,2,53,F,57,6,5,7,6,7,6,7,7,6,7,7,4,1,NA,2,1,1,1,1,1,1,2,1,1,1,1,1,1,6,6,6,1,1,1,1,1,1,1,5,2,F,Muslim,1,3,1,1,1,2,3,1,1,1,1,4,2,2,4,1,1,1,1,1,1,5,2,1,7,3,7,1,0,A7,-0.432260134,-0.050279933,0.3549282850618981,-0.268344105,0.096710656,7,5,-0.132628239,0.5,1
1369,A0757,7,A,7A,Hindu,Enemies,Enemy2,2,58,F,57,6,5,7,6,7,6,7,7,6,7,7,4,1,NA,2,1,1,1,1,1,1,2,1,1,1,1,1,1,6,6,6,1,1,1,1,1,1,1,5,2,F,Hindu,4,2,2,1,5,1,4,1,2,1,2,4,4,4,2,1,1,1,1,1,1,5,5,5,6,7,6,1,1,A7,-0.432260134,-0.050279933,0.3549282850618981,-0.268344105,0.096710656,7,5,-0.132628239,0.5,1
1370,A0759,7,A,7A,Muslim,Enemies,Enemy1,2,41,F,59,5,2,7,7,3,7,7,7,5,6,4,5,7,Sunni,2,1,1,2,2,1,1,2,3,1,1,5,2,1,4,3,5,1,1,1,2,1,1,1,2,4,F,Muslim,2,1,2,1,2,2,3,1,1,5,2,4,1,2,2,2,4,2,1,1,2,4,4,4,6,4,6,1,1,A7,-0.432260134,-0.050279933,0.3549282850618981,-0.268344105,0.096710656,7,2,1.183005165925335,0.5,4
1371,A0759,7,A,7A,Muslim,Enemies,Enemy2,2,43,F,59,5,2,7,7,3,7,7,7,5,6,4,5,7,Sunni,2,1,1,2,2,1,1,2,3,1,1,5,2,1,4,3,5,1,1,1,2,1,1,1,2,4,F,Muslim,2,2,3,1,3,1,2,1,3,2,2,4,4,4,3,1,1,1,1,2,2,5,3,2,5,6,6,1,1,A7,-0.432260134,-0.050279933,0.3549282850618981,-0.268344105,0.096710656,7,2,1.183005165925335,0.5,4
1372,A0759,7,A,7A,Muslim,Enemies,Enemy3,2,49,F,59,5,2,7,7,3,7,7,7,5,6,4,5,7,Sunni,2,1,1,2,2,1,1,2,3,1,1,5,2,1,4,3,5,1,1,1,2,1,1,1,2,4,F,NA,NA,NA,NA,NA,NA,NA,NA,NA,NA,NA,NA,NA,NA,NA,NA,NA,NA,NA,NA,NA,NA,NA,NA,NA,NA,NA,NA,1,NA,A7,-0.432260134,-0.050279933,0.3549282850618981,-0.268344105,0.096710656,7,2,1.183005165925335,0.5,4
1373,A0761,7,A,7A,Hindu,Enemies,Enemy1,2,26,F,61,5,4,4,6,7,6,7,6,6,4,4,5,8,NA,2,2,1,3,2,2,2,1,2,3,5,3,1,2,4,4,3,1,1,1,2,1,1,2,5,3,M,Hindu,2,2,2,1,2,1,3,1,3,1,2,4,3,3,1,1,1,1,1,1,1,4,3,7,6,7,6,0,1,A7,-0.432260134,-0.050279933,0.3549282850618981,-0.268344105,0.096710656,4,4,-1.009717175,0.5,1
1374,A0761,7,A,7A,Hindu,Enemies,Enemy2,2,40,F,61,5,4,4,6,7,6,7,6,6,4,4,5,8,NA,2,2,1,3,2,2,2,1,2,3,5,3,1,2,4,4,3,1,1,1,2,1,1,2,5,3,F,NA,NA,NA,NA,NA,NA,NA,NA,NA,NA,NA,NA,NA,NA,NA,NA,NA,NA,NA,NA,NA,NA,NA,NA,NA,NA,NA,NA,1,NA,A7,-0.432260134,-0.050279933,0.3549282850618981,-0.268344105,0.096710656,4,4,-1.009717175,0.5,1
1375,A0761,7,A,7A,Hindu,Enemies,Enemy3,2,45,F,61,5,4,4,6,7,6,7,6,6,4,4,5,8,NA,2,2,1,3,2,2,2,1,2,3,5,3,1,2,4,4,3,1,1,1,2,1,1,2,5,3,F,Hindu,2,1,1,1,2,1,3,1,5,2,2,4,3,3,1,1,1,2,1,1,2,2,3,6,7,7,6,1,1,A7,-0.432260134,-0.050279933,0.3549282850618981,-0.268344105,0.096710656,4,4,-1.009717175,0.5,1
1376,A0761,7,A,7A,Hindu,Enemies,Enemy4,2,54,F,61,5,4,4,6,7,6,7,6,6,4,4,5,8,NA,2,2,1,3,2,2,2,1,2,3,5,3,1,2,4,4,3,1,1,1,2,1,1,2,5,3,F,Hindu,4,1,2,1,3,1,4,2,5,3,2,3,2,2,2,1,1,1,1,1,1,4,3,5,6,6,6,1,1,A7,-0.432260134,-0.050279933,0.3549282850618981,-0.268344105,0.096710656,4,4,-1.009717175,0.5,1
1377,A0761,7,A,7A,Hindu,Enemies,Enemy5,2,58,F,61,5,4,4,6,7,6,7,6,6,4,4,5,8,NA,2,2,1,3,2,2,2,1,2,3,5,3,1,2,4,4,3,1,1,1,2,1,1,2,5,3,F,Hindu,4,2,2,1,5,1,4,1,2,1,2,4,4,4,2,1,1,1,1,1,1,5,5,5,6,7,6,1,1,A7,-0.432260134,-0.050279933,0.3549282850618981,-0.268344105,0.096710656,4,4,-1.009717175,0.5,1
1378,A0761,7,A,7A,Hindu,Enemies,Enemy6,2,60,F,61,5,4,4,6,7,6,7,6,6,4,4,5,8,NA,2,2,1,3,2,2,2,1,2,3,5,3,1,2,4,4,3,1,1,1,2,1,1,2,5,3,F,Hindu,2,1,2,2,2,1,4,1,4,4,2,4,1,1,1,1,1,1,1,1,1,5,5,6,6,7,7,1,1,A7,-0.432260134,-0.050279933,0.3549282850618981,-0.268344105,0.096710656,4,4,-1.009717175,0.5,1
1379,A0761,7,A,7A,Hindu,Enemies,Enemy7,2,62,F,61,5,4,4,6,7,6,7,6,6,4,4,5,8,NA,2,2,1,3,2,2,2,1,2,3,5,3,1,2,4,4,3,1,1,1,2,1,1,2,5,3,F,Hindu,2,1,3,1,2,1,3,1,4,3,2,1,2,1,3,1,3,5,2,5,1,5,3,4,7,6,4,1,1,A7,-0.432260134,-0.050279933,0.3549282850618981,-0.268344105,0.096710656,4,4,-1.009717175,0.5,1
1380,A0763,7,A,7A,Hindu,Enemies,Enemy1,2,49,F,63,4,1,7,7,6,6,6,5,6,5,2,2,3,NA,2,4,2,2,1,4,1,4,3,2,5,3,1,3,NA,3,4,3,1,1,3,1,NA,1,5,NA,F,NA,NA,NA,NA,NA,NA,NA,NA,NA,NA,NA,NA,NA,NA,NA,NA,NA,NA,NA,NA,NA,NA,NA,NA,NA,NA,NA,NA,1,NA,A7,-0.432260134,-0.050279933,0.3549282850618981,-0.268344105,0.096710656,7,1,1.621549634144792,0.5,0
1381,A0763,7,A,7A,Hindu,Enemies,Enemy2,2,58,F,63,4,1,7,7,6,6,6,5,6,5,2,2,3,NA,2,4,2,2,1,4,1,4,3,2,5,3,1,3,NA,3,4,3,1,1,3,1,NA,1,5,NA,F,Hindu,4,2,2,1,5,1,4,1,2,1,2,4,4,4,2,1,1,1,1,1,1,5,5,5,6,7,6,1,1,A7,-0.432260134,-0.050279933,0.3549282850618981,-0.268344105,0.096710656,7,1,1.621549634144792,0.5,0
1382,B0701,7,B,7B,Muslim,Enemies,Enemy1,2,11,M,1,6,6,3,6,6,7,7,6,7,6,5,5,7,Mansuri,1,3,3,4,2,2,2,2,3,1,1,1,2,2,7,7,7,1,1,1,2,1,2,2,3,3,M,Muslim,1,2,3,1,1,1,3,2,1,1,2,7,4,7,1,1,3,2,2,2,1,3,4,7,5,6,7,1,1,B7,-0.002504404,-0.52434787,1.1925099127858243,-0.268344105,0.38985139934502494,6,3,0.30591622948642044,0.5,1
1383,B0701,7,B,7B,Muslim,Enemies,Enemy2,2,31,M,1,6,6,3,6,6,7,7,6,7,6,5,5,7,Mansuri,1,3,3,4,2,2,2,2,3,1,1,1,2,2,7,7,7,1,1,1,2,1,2,2,3,3,M,Muslim,2,1,1,1,1,2,4,1,1,2,1,4,3,6,2,1,1,5,1,5,1,5,5,6,1,6,7,1,1,B7,-0.002504404,-0.52434787,1.1925099127858243,-0.268344105,0.38985139934502494,6,3,0.30591622948642044,0.5,1
1384,B0701,7,B,7B,Muslim,Enemies,Enemy3,2,32,M,1,6,6,3,6,6,7,7,6,7,6,5,5,7,Mansuri,1,3,3,4,2,2,2,2,3,1,1,1,2,2,7,7,7,1,1,1,2,1,2,2,3,3,M,Muslim,1,1,1,1,1,1,1,1,1,2,2,4,2,4,1,1,3,1,1,1,1,4,1,6,5,6,6,1,1,B7,-0.002504404,-0.52434787,1.1925099127858243,-0.268344105,0.38985139934502494,6,3,0.30591622948642044,0.5,1
1385,B0701,7,B,7B,Muslim,Enemies,Enemy4,2,34,M,1,6,6,3,6,6,7,7,6,7,6,5,5,7,Mansuri,1,3,3,4,2,2,2,2,3,1,1,1,2,2,7,7,7,1,1,1,2,1,2,2,3,3,M,Muslim,3,2,1,1,1,1,4,1,1,1,1,4,1,6,2,5,4,3,1,5,4,2,3,7,4,6,7,1,1,B7,-0.002504404,-0.52434787,1.1925099127858243,-0.268344105,0.38985139934502494,6,3,0.30591622948642044,0.5,1
1386,B0702,7,B,7B,Hindu,Enemies,Enemy1,2,7,M,2,3,7,6,7,7,6,7,6,6,5,4,5,2,NA,1,1,2,2,1,1,1,1,3,1,2,2,1,2,4,3,3,1,1,2,2,3,1,2,4,3,M,Hindu,2,1,2,1,2,1,4,1,1,3,1,7,7,7,1,2,1,3,1,1,1,5,3,7,5,7,2,1,1,B7,-0.002504404,-0.52434787,1.1925099127858243,-0.268344105,0.38985139934502494,7,6,-0.571172707,0.5,1
1387,B0702,7,B,7B,Hindu,Enemies,Enemy2,2,31,M,2,3,7,6,7,7,6,7,6,6,5,4,5,2,NA,1,1,2,2,1,1,1,1,3,1,2,2,1,2,4,3,3,1,1,2,2,3,1,2,4,3,M,Muslim,2,1,1,1,1,2,4,1,1,2,1,4,3,6,2,1,1,5,1,5,1,5,5,6,1,6,7,1,0,B7,-0.002504404,-0.52434787,1.1925099127858243,-0.268344105,0.38985139934502494,7,6,-0.571172707,0.5,1
1388,B0702,7,B,7B,Hindu,Enemies,Enemy3,2,32,M,2,3,7,6,7,7,6,7,6,6,5,4,5,2,NA,1,1,2,2,1,1,1,1,3,1,2,2,1,2,4,3,3,1,1,2,2,3,1,2,4,3,M,Muslim,1,1,1,1,1,1,1,1,1,2,2,4,2,4,1,1,3,1,1,1,1,4,1,6,5,6,6,1,0,B7,-0.002504404,-0.52434787,1.1925099127858243,-0.268344105,0.38985139934502494,7,6,-0.571172707,0.5,1
1389,B0705,7,B,7B,Muslim,Enemies,Enemy1,2,2,M,5,4,7,1,6,2,7,7,7,4,1,4,1,7,Saiyyad,1,1,1,2,1,2,1,1,NA,1,1,NA,2,1,3,1,7,2,1,2,3,1,1,1,5,1,M,Hindu,1,2,2,1,1,1,3,1,2,2,2,4,3,3,1,1,2,2,3,1,2,4,3,7,6,7,6,1,0,B7,-0.002504404,-0.52434787,1.1925099127858243,-0.268344105,0.38985139934502494,7,1,1.621549634144792,0.5,5
1390,B0705,7,B,7B,Muslim,Enemies,Enemy2,2,3,M,5,4,7,1,6,2,7,7,7,4,1,4,1,7,Saiyyad,1,1,1,2,1,2,1,1,NA,1,1,NA,2,1,3,1,7,2,1,2,3,1,1,1,5,1,M,Hindu,4,1,1,2,3,1,4,1,4,1,1,4,4,3,1,1,1,2,1,1,1,5,3,7,4,7,4,1,0,B7,-0.002504404,-0.52434787,1.1925099127858243,-0.268344105,0.38985139934502494,7,1,1.621549634144792,0.5,5
1391,B0705,7,B,7B,Muslim,Enemies,Enemy3,2,6,M,5,4,7,1,6,2,7,7,7,4,1,4,1,7,Saiyyad,1,1,1,2,1,2,1,1,NA,1,1,NA,2,1,3,1,7,2,1,2,3,1,1,1,5,1,M,Muslim,1,1,3,2,NA,1,4,1,1,2,1,4,5,5,2,1,1,2,1,1,1,3,2,6,2,6,7,1,1,B7,-0.002504404,-0.52434787,1.1925099127858243,-0.268344105,0.38985139934502494,7,1,1.621549634144792,0.5,5
1392,B0705,7,B,7B,Muslim,Enemies,Enemy4,2,34,M,5,4,7,1,6,2,7,7,7,4,1,4,1,7,Saiyyad,1,1,1,2,1,2,1,1,NA,1,1,NA,2,1,3,1,7,2,1,2,3,1,1,1,5,1,M,Muslim,3,2,1,1,1,1,4,1,1,1,1,4,1,6,2,5,4,3,1,5,4,2,3,7,4,6,7,1,1,B7,-0.002504404,-0.52434787,1.1925099127858243,-0.268344105,0.38985139934502494,7,1,1.621549634144792,0.5,5
1393,B0705,7,B,7B,Muslim,Enemies,Enemy5,2,35,M,5,4,7,1,6,2,7,7,7,4,1,4,1,7,Saiyyad,1,1,1,2,1,2,1,1,NA,1,1,NA,2,1,3,1,7,2,1,2,3,1,1,1,5,1,M,Muslim,NA,2,1,1,1,1,4,1,1,1,1,4,1,4,2,2,2,2,2,5,4,5,2,1,2,3,7,1,1,B7,-0.002504404,-0.52434787,1.1925099127858243,-0.268344105,0.38985139934502494,7,1,1.621549634144792,0.5,5
1394,B0705,7,B,7B,Muslim,Enemies,Enemy6,2,63,M,5,4,7,1,6,2,7,7,7,4,1,4,1,7,Saiyyad,1,1,1,2,1,2,1,1,NA,1,1,NA,2,1,3,1,7,2,1,2,3,1,1,1,5,1,F,Muslim,1,1,1,1,1,1,4,1,1,1,1,2,2,4,2,1,1,2,1,1,1,3,3,1,7,6,7,0,1,B7,-0.002504404,-0.52434787,1.1925099127858243,-0.268344105,0.38985139934502494,7,1,1.621549634144792,0.5,5
1395,B0705,7,B,7B,Muslim,Enemies,Enemy7,2,64,M,5,4,7,1,6,2,7,7,7,4,1,4,1,7,Saiyyad,1,1,1,2,1,2,1,1,NA,1,1,NA,2,1,3,1,7,2,1,2,3,1,1,1,5,1,F,Muslim,1,2,3,1,2,1,3,1,1,1,2,4,4,4,3,1,1,1,2,2,2,3,1,1,6,5,7,0,1,B7,-0.002504404,-0.52434787,1.1925099127858243,-0.268344105,0.38985139934502494,7,1,1.621549634144792,0.5,5
1396,B0705,7,B,7B,Muslim,Enemies,Enemy8,2,65,M,5,4,7,1,6,2,7,7,7,4,1,4,1,7,Saiyyad,1,1,1,2,1,2,1,1,NA,1,1,NA,2,1,3,1,7,2,1,2,3,1,1,1,5,1,F,Hindu,1,1,1,1,1,1,1,1,1,1,1,4,4,2,2,1,1,1,1,1,1,3,3,1,7,7,5,0,0,B7,-0.002504404,-0.52434787,1.1925099127858243,-0.268344105,0.38985139934502494,7,1,1.621549634144792,0.5,5
1397,B0707,7,B,7B,Hindu,Enemies,Enemy1,2,6,M,7,5,7,5,5,7,2,7,7,3,1,NA,5,1,NA,1,2,1,2,1,2,1,2,4,1,1,3,1,1,7,7,7,1,2,1,3,1,1,1,5,3,M,Muslim,1,1,3,2,NA,1,4,1,1,2,1,4,5,5,2,1,1,2,1,1,1,3,2,6,2,6,7,1,0,B7,-0.002504404,-0.52434787,1.1925099127858243,-0.268344105,0.38985139934502494,7,5,-0.132628239,0.5,5
1398,B0707,7,B,7B,Hindu,Enemies,Enemy2,2,14,M,7,5,7,5,5,7,2,7,7,3,1,NA,5,1,NA,1,2,1,2,1,2,1,2,4,1,1,3,1,1,7,7,7,1,2,1,3,1,1,1,5,3,M,Hindu,1,1,1,1,2,1,3,1,1,2,2,4,4,4,2,2,1,1,2,2,2,3,3,6,4,7,4,1,1,B7,-0.002504404,-0.52434787,1.1925099127858243,-0.268344105,0.38985139934502494,7,5,-0.132628239,0.5,5
1399,B0707,7,B,7B,Hindu,Enemies,Enemy3,2,32,M,7,5,7,5,5,7,2,7,7,3,1,NA,5,1,NA,1,2,1,2,1,2,1,2,4,1,1,3,1,1,7,7,7,1,2,1,3,1,1,1,5,3,M,Muslim,1,1,1,1,1,1,1,1,1,2,2,4,2,4,1,1,3,1,1,1,1,4,1,6,5,6,6,1,0,B7,-0.002504404,-0.52434787,1.1925099127858243,-0.268344105,0.38985139934502494,7,5,-0.132628239,0.5,5
1400,B0707,7,B,7B,Hindu,Enemies,Enemy4,2,33,M,7,5,7,5,5,7,2,7,7,3,1,NA,5,1,NA,1,2,1,2,1,2,1,2,4,1,1,3,1,1,7,7,7,1,2,1,3,1,1,1,5,3,M,Muslim,1,2,1,1,1,1,3,1,1,1,1,4,3,3,2,2,2,2,2,1,1,5,3,7,7,4,7,1,0,B7,-0.002504404,-0.52434787,1.1925099127858243,-0.268344105,0.38985139934502494,7,5,-0.132628239,0.5,5
1401,B0707,7,B,7B,Hindu,Enemies,Enemy5,2,34,M,7,5,7,5,5,7,2,7,7,3,1,NA,5,1,NA,1,2,1,2,1,2,1,2,4,1,1,3,1,1,7,7,7,1,2,1,3,1,1,1,5,3,M,Muslim,3,2,1,1,1,1,4,1,1,1,1,4,1,6,2,5,4,3,1,5,4,2,3,7,4,6,7,1,0,B7,-0.002504404,-0.52434787,1.1925099127858243,-0.268344105,0.38985139934502494,7,5,-0.132628239,0.5,5
1402,B0707,7,B,7B,Hindu,Enemies,Enemy6,2,35,M,7,5,7,5,5,7,2,7,7,3,1,NA,5,1,NA,1,2,1,2,1,2,1,2,4,1,1,3,1,1,7,7,7,1,2,1,3,1,1,1,5,3,M,Muslim,NA,2,1,1,1,1,4,1,1,1,1,4,1,4,2,2,2,2,2,5,4,5,2,1,2,3,7,1,0,B7,-0.002504404,-0.52434787,1.1925099127858243,-0.268344105,0.38985139934502494,7,5,-0.132628239,0.5,5
1403,B0708,7,B,7B,Muslim,Enemies,Enemy1,2,5,M,8,4,4,4,5,4,7,4,6,4,3,4,4,7,Arab,1,4,1,2,2,1,1,2,4,1,1,1,2,1,2,2,3,2,1,1,3,1,1,1,3,2,M,Muslim,1,1,2,1,2,1,NA,1,1,NA,1,3,1,7,2,1,2,3,1,1,1,5,1,7,1,2,7,1,1,B7,-0.002504404,-0.52434787,1.1925099127858243,-0.268344105,0.38985139934502494,4,4,-1.009717175,0.5,3
1404,B0711,7,B,7B,Muslim,Enemies,Enemy1,2,1,M,11,1,7,5,7,6,7,5,3,4,5,NA,3,7,Jamati,1,1,2,3,1,1,1,2,3,2,1,1,2,2,7,4,7,1,1,3,2,2,2,1,3,4,M,Muslim,3,3,4,2,2,2,3,1,1,1,2,7,7,7,1,1,1,2,1,2,2,3,3,6,3,6,7,1,1,B7,-0.002504404,-0.52434787,1.1925099127858243,-0.268344105,0.38985139934502494,7,5,-0.132628239,0.5,1
1405,B0711,7,B,7B,Muslim,Enemies,Enemy2,2,7,M,11,1,7,5,7,6,7,5,3,4,5,NA,3,7,Jamati,1,1,2,3,1,1,1,2,3,2,1,1,2,2,7,4,7,1,1,3,2,2,2,1,3,4,M,Hindu,2,1,2,1,2,1,4,1,1,3,1,7,7,7,1,2,1,3,1,1,1,5,3,7,5,7,2,1,0,B7,-0.002504404,-0.52434787,1.1925099127858243,-0.268344105,0.38985139934502494,7,5,-0.132628239,0.5,1
1406,B0711,7,B,7B,Muslim,Enemies,Enemy3,2,14,M,11,1,7,5,7,6,7,5,3,4,5,NA,3,7,Jamati,1,1,2,3,1,1,1,2,3,2,1,1,2,2,7,4,7,1,1,3,2,2,2,1,3,4,M,Hindu,1,1,1,1,2,1,3,1,1,2,2,4,4,4,2,2,1,1,2,2,2,3,3,6,4,7,4,1,0,B7,-0.002504404,-0.52434787,1.1925099127858243,-0.268344105,0.38985139934502494,7,5,-0.132628239,0.5,1
1407,B0711,7,B,7B,Muslim,Enemies,Enemy4,2,17,M,11,1,7,5,7,6,7,5,3,4,5,NA,3,7,Jamati,1,1,2,3,1,1,1,2,3,2,1,1,2,2,7,4,7,1,1,3,2,2,2,1,3,4,M,Hindu,1,1,1,1,1,1,1,1,4,2,1,4,3,1,5,5,5,5,5,1,1,5,2,7,4,7,6,1,0,B7,-0.002504404,-0.52434787,1.1925099127858243,-0.268344105,0.38985139934502494,7,5,-0.132628239,0.5,1
1408,B0711,7,B,7B,Muslim,Enemies,Enemy5,2,20,M,11,1,7,5,7,6,7,5,3,4,5,NA,3,7,Jamati,1,1,2,3,1,1,1,2,3,2,1,1,2,2,7,4,7,1,1,3,2,2,2,1,3,4,M,Hindu,2,1,1,1,2,1,4,1,4,2,1,4,4,4,2,1,2,1,1,1,2,5,5,7,7,6,5,1,0,B7,-0.002504404,-0.52434787,1.1925099127858243,-0.268344105,0.38985139934502494,7,5,-0.132628239,0.5,1
1409,B0711,7,B,7B,Muslim,Enemies,Enemy6,2,21,M,11,1,7,5,7,6,7,5,3,4,5,NA,3,7,Jamati,1,1,2,3,1,1,1,2,3,2,1,1,2,2,7,4,7,1,1,3,2,2,2,1,3,4,M,Hindu,1,1,NA,1,1,1,3,1,2,2,1,4,4,4,1,1,2,2,2,1,2,5,3,7,6,7,5,1,0,B7,-0.002504404,-0.52434787,1.1925099127858243,-0.268344105,0.38985139934502494,7,5,-0.132628239,0.5,1
1410,B0711,7,B,7B,Muslim,Enemies,Enemy7,2,37,M,11,1,7,5,7,6,7,5,3,4,5,NA,3,7,Jamati,1,1,2,3,1,1,1,2,3,2,1,1,2,2,7,4,7,1,1,3,2,2,2,1,3,4,M,NA,NA,NA,NA,NA,NA,NA,NA,NA,NA,NA,NA,NA,NA,NA,NA,NA,NA,NA,NA,NA,NA,NA,NA,NA,NA,NA,NA,1,NA,B7,-0.002504404,-0.52434787,1.1925099127858243,-0.268344105,0.38985139934502494,7,5,-0.132628239,0.5,1
1411,B0716,7,B,7B,Hindu,Enemies,Enemy1,2,1,M,16,3,7,4,6,7,5,7,6,6,6,7,3,1,NA,1,1,1,1,1,1,1,4,3,1,4,2,1,2,4,4,3,2,1,1,3,1,2,1,5,4,M,Muslim,3,3,4,2,2,2,3,1,1,1,2,7,7,7,1,1,1,2,1,2,2,3,3,6,3,6,7,1,0,B7,-0.002504404,-0.52434787,1.1925099127858243,-0.268344105,0.38985139934502494,7,4,0.30591622948642044,0.5,2
1412,B0716,7,B,7B,Hindu,Enemies,Enemy2,2,5,M,16,3,7,4,6,7,5,7,6,6,6,7,3,1,NA,1,1,1,1,1,1,1,4,3,1,4,2,1,2,4,4,3,2,1,1,3,1,2,1,5,4,M,Muslim,1,1,2,1,2,1,NA,1,1,NA,1,3,1,7,2,1,2,3,1,1,1,5,1,7,1,2,7,1,0,B7,-0.002504404,-0.52434787,1.1925099127858243,-0.268344105,0.38985139934502494,7,4,0.30591622948642044,0.5,2
1413,B0716,7,B,7B,Hindu,Enemies,Enemy3,2,11,M,16,3,7,4,6,7,5,7,6,6,6,7,3,1,NA,1,1,1,1,1,1,1,4,3,1,4,2,1,2,4,4,3,2,1,1,3,1,2,1,5,4,M,Muslim,1,2,3,1,1,1,3,2,1,1,2,7,4,7,1,1,3,2,2,2,1,3,4,7,5,6,7,1,0,B7,-0.002504404,-0.52434787,1.1925099127858243,-0.268344105,0.38985139934502494,7,4,0.30591622948642044,0.5,2
1414,B0716,7,B,7B,Hindu,Enemies,Enemy4,2,25,M,16,3,7,4,6,7,5,7,6,6,6,7,3,1,NA,1,1,1,1,1,1,1,4,3,1,4,2,1,2,4,4,3,2,1,1,3,1,2,1,5,4,M,Hindu,1,2,1,1,2,1,1,1,1,1,1,5,6,6,2,2,1,2,1,2,1,3,3,6,4,7,5,1,1,B7,-0.002504404,-0.52434787,1.1925099127858243,-0.268344105,0.38985139934502494,7,4,0.30591622948642044,0.5,2
1415,B0716,7,B,7B,Hindu,Enemies,Enemy5,2,28,M,16,3,7,4,6,7,5,7,6,6,6,7,3,1,NA,1,1,1,1,1,1,1,4,3,1,4,2,1,2,4,4,3,2,1,1,3,1,2,1,5,4,M,Hindu,1,1,1,2,1,1,1,1,5,2,2,6,4,4,2,1,1,2,1,1,1,5,3,7,1,7,1,1,1,B7,-0.002504404,-0.52434787,1.1925099127858243,-0.268344105,0.38985139934502494,7,4,0.30591622948642044,0.5,2
1416,B0716,7,B,7B,Hindu,Enemies,Enemy6,2,30,M,16,3,7,4,6,7,5,7,6,6,6,7,3,1,NA,1,1,1,1,1,1,1,4,3,1,4,2,1,2,4,4,3,2,1,1,3,1,2,1,5,4,M,Jain,1,1,1,1,1,1,3,1,1,2,1,4,4,4,1,1,1,1,1,1,3,5,3,7,4,7,7,1,0,B7,-0.002504404,-0.52434787,1.1925099127858243,-0.268344105,0.38985139934502494,7,4,0.30591622948642044,0.5,2
1417,B0716,7,B,7B,Hindu,Enemies,Enemy7,2,31,M,16,3,7,4,6,7,5,7,6,6,6,7,3,1,NA,1,1,1,1,1,1,1,4,3,1,4,2,1,2,4,4,3,2,1,1,3,1,2,1,5,4,M,Muslim,2,1,1,1,1,2,4,1,1,2,1,4,3,6,2,1,1,5,1,5,1,5,5,6,1,6,7,1,0,B7,-0.002504404,-0.52434787,1.1925099127858243,-0.268344105,0.38985139934502494,7,4,0.30591622948642044,0.5,2
1418,B0718,7,B,7B,Hindu,Enemies,Enemy1,2,37,M,18,4,4,4,6,6,6,6,6,6,5,6,6,2,NA,1,2,2,2,2,2,1,1,4,1,5,2,1,2,4,4,4,2,1,1,1,1,1,2,3,2,M,NA,NA,NA,NA,NA,NA,NA,NA,NA,NA,NA,NA,NA,NA,NA,NA,NA,NA,NA,NA,NA,NA,NA,NA,NA,NA,NA,NA,1,NA,B7,-0.002504404,-0.52434787,1.1925099127858243,-0.268344105,0.38985139934502494,4,4,-1.009717175,0.5,0
1419,B0719,7,B,7B,Hindu,Enemies,Enemy1,2,40,M,19,7,7,7,7,7,6,7,7,7,7,7,7,2,NA,1,1,1,1,1,1,1,1,4,1,5,3,1,3,4,4,4,1,1,1,1,1,1,1,5,5,M,NA,NA,NA,NA,NA,NA,NA,NA,NA,NA,NA,NA,NA,NA,NA,NA,NA,NA,NA,NA,NA,NA,NA,NA,NA,NA,NA,NA,1,NA,B7,-0.002504404,-0.52434787,1.1925099127858243,-0.268344105,0.38985139934502494,7,7,-1.009717175,0.5,1
1420,B0720,7,B,7B,Hindu,Enemies,Enemy1,2,5,M,20,1,7,7,5,6,5,6,5,5,1,7,4,8,NA,1,2,1,1,1,2,1,1,4,1,4,2,1,1,4,4,4,2,1,2,1,1,1,2,5,5,M,Muslim,1,1,2,1,2,1,NA,1,1,NA,1,3,1,7,2,1,2,3,1,1,1,5,1,7,1,2,7,1,0,B7,-0.002504404,-0.52434787,1.1925099127858243,-0.268344105,0.38985139934502494,7,7,-1.009717175,0.5,1
1421,B0720,7,B,7B,Hindu,Enemies,Enemy2,2,31,M,20,1,7,7,5,6,5,6,5,5,1,7,4,8,NA,1,2,1,1,1,2,1,1,4,1,4,2,1,1,4,4,4,2,1,2,1,1,1,2,5,5,M,Muslim,2,1,1,1,1,2,4,1,1,2,1,4,3,6,2,1,1,5,1,5,1,5,5,6,1,6,7,1,0,B7,-0.002504404,-0.52434787,1.1925099127858243,-0.268344105,0.38985139934502494,7,7,-1.009717175,0.5,1
1422,B0720,7,B,7B,Hindu,Enemies,Enemy3,2,32,M,20,1,7,7,5,6,5,6,5,5,1,7,4,8,NA,1,2,1,1,1,2,1,1,4,1,4,2,1,1,4,4,4,2,1,2,1,1,1,2,5,5,M,Muslim,1,1,1,1,1,1,1,1,1,2,2,4,2,4,1,1,3,1,1,1,1,4,1,6,5,6,6,1,0,B7,-0.002504404,-0.52434787,1.1925099127858243,-0.268344105,0.38985139934502494,7,7,-1.009717175,0.5,1
1423,B0720,7,B,7B,Hindu,Enemies,Enemy4,2,34,M,20,1,7,7,5,6,5,6,5,5,1,7,4,8,NA,1,2,1,1,1,2,1,1,4,1,4,2,1,1,4,4,4,2,1,2,1,1,1,2,5,5,M,Muslim,3,2,1,1,1,1,4,1,1,1,1,4,1,6,2,5,4,3,1,5,4,2,3,7,4,6,7,1,0,B7,-0.002504404,-0.52434787,1.1925099127858243,-0.268344105,0.38985139934502494,7,7,-1.009717175,0.5,1
1424,B0721,7,B,7B,Hindu,Enemies,Enemy1,2,5,M,21,5,7,6,7,7,5,7,7,6,6,6,6,8,NA,1,1,1,NA,1,1,1,1,3,1,2,2,1,1,4,4,4,1,1,2,2,2,1,2,5,3,M,Muslim,1,1,2,1,2,1,NA,1,1,NA,1,3,1,7,2,1,2,3,1,1,1,5,1,7,1,2,7,1,0,B7,-0.002504404,-0.52434787,1.1925099127858243,-0.268344105,0.38985139934502494,7,6,-0.571172707,0.5,2
1425,B0721,7,B,7B,Hindu,Enemies,Enemy2,2,31,M,21,5,7,6,7,7,5,7,7,6,6,6,6,8,NA,1,1,1,NA,1,1,1,1,3,1,2,2,1,1,4,4,4,1,1,2,2,2,1,2,5,3,M,Muslim,2,1,1,1,1,2,4,1,1,2,1,4,3,6,2,1,1,5,1,5,1,5,5,6,1,6,7,1,0,B7,-0.002504404,-0.52434787,1.1925099127858243,-0.268344105,0.38985139934502494,7,6,-0.571172707,0.5,2
1426,B0721,7,B,7B,Hindu,Enemies,Enemy3,2,32,M,21,5,7,6,7,7,5,7,7,6,6,6,6,8,NA,1,1,1,NA,1,1,1,1,3,1,2,2,1,1,4,4,4,1,1,2,2,2,1,2,5,3,M,Muslim,1,1,1,1,1,1,1,1,1,2,2,4,2,4,1,1,3,1,1,1,1,4,1,6,5,6,6,1,0,B7,-0.002504404,-0.52434787,1.1925099127858243,-0.268344105,0.38985139934502494,7,6,-0.571172707,0.5,2
1427,B0721,7,B,7B,Hindu,Enemies,Enemy4,2,34,M,21,5,7,6,7,7,5,7,7,6,6,6,6,8,NA,1,1,1,NA,1,1,1,1,3,1,2,2,1,1,4,4,4,1,1,2,2,2,1,2,5,3,M,Muslim,3,2,1,1,1,1,4,1,1,1,1,4,1,6,2,5,4,3,1,5,4,2,3,7,4,6,7,1,0,B7,-0.002504404,-0.52434787,1.1925099127858243,-0.268344105,0.38985139934502494,7,6,-0.571172707,0.5,2
1428,B0722,7,B,7B,Muslim,Enemies,Enemy1,2,7,M,22,3,7,4,7,5,7,7,7,6,5,5,4,7,Sunni,1,1,4,1,2,1,2,1,3,1,1,1,2,2,4,4,4,3,2,2,2,1,3,1,2,2,M,Hindu,2,1,2,1,2,1,4,1,1,3,1,7,7,7,1,2,1,3,1,1,1,5,3,7,5,7,2,1,0,B7,-0.002504404,-0.52434787,1.1925099127858243,-0.268344105,0.38985139934502494,7,4,0.30591622948642044,0.5,2
1429,B0722,7,B,7B,Muslim,Enemies,Enemy2,2,14,M,22,3,7,4,7,5,7,7,7,6,5,5,4,7,Sunni,1,1,4,1,2,1,2,1,3,1,1,1,2,2,4,4,4,3,2,2,2,1,3,1,2,2,M,Hindu,1,1,1,1,2,1,3,1,1,2,2,4,4,4,2,2,1,1,2,2,2,3,3,6,4,7,4,1,0,B7,-0.002504404,-0.52434787,1.1925099127858243,-0.268344105,0.38985139934502494,7,4,0.30591622948642044,0.5,2
1430,B0722,7,B,7B,Muslim,Enemies,Enemy3,2,15,M,22,3,7,4,7,5,7,7,7,6,5,5,4,7,Sunni,1,1,4,1,2,1,2,1,3,1,1,1,2,2,4,4,4,3,2,2,2,1,3,1,2,2,M,Hindu,2,1,1,1,2,1,4,1,3,2,2,4,2,3,2,2,1,3,2,1,1,3,3,7,5,7,4,1,0,B7,-0.002504404,-0.52434787,1.1925099127858243,-0.268344105,0.38985139934502494,7,4,0.30591622948642044,0.5,2
1431,B0722,7,B,7B,Muslim,Enemies,Enemy4,2,30,M,22,3,7,4,7,5,7,7,7,6,5,5,4,7,Sunni,1,1,4,1,2,1,2,1,3,1,1,1,2,2,4,4,4,3,2,2,2,1,3,1,2,2,M,Jain,1,1,1,1,1,1,3,1,1,2,1,4,4,4,1,1,1,1,1,1,3,5,3,7,4,7,7,1,0,B7,-0.002504404,-0.52434787,1.1925099127858243,-0.268344105,0.38985139934502494,7,4,0.30591622948642044,0.5,2
1432,B0723,7,B,7B,Hindu,Enemies,Enemy1,2,5,M,23,1,6,NA,7,6,2,6,6,2,6,6,6,8,NA,1,1,1,1,1,1,1,2,3,1,5,2,1,1,4,3,1,1,1,1,5,1,1,1,5,5,M,Muslim,1,1,2,1,2,1,NA,1,1,NA,1,3,1,7,2,1,2,3,1,1,1,5,1,7,1,2,7,1,0,B7,-0.002504404,-0.52434787,1.1925099127858243,-0.268344105,0.38985139934502494,6,NA,NA,0.5,4
1433,B0723,7,B,7B,Hindu,Enemies,Enemy2,2,7,M,23,1,6,NA,7,6,2,6,6,2,6,6,6,8,NA,1,1,1,1,1,1,1,2,3,1,5,2,1,1,4,3,1,1,1,1,5,1,1,1,5,5,M,Hindu,2,1,2,1,2,1,4,1,1,3,1,7,7,7,1,2,1,3,1,1,1,5,3,7,5,7,2,1,1,B7,-0.002504404,-0.52434787,1.1925099127858243,-0.268344105,0.38985139934502494,6,NA,NA,0.5,4
1434,B0723,7,B,7B,Hindu,Enemies,Enemy3,2,17,M,23,1,6,NA,7,6,2,6,6,2,6,6,6,8,NA,1,1,1,1,1,1,1,2,3,1,5,2,1,1,4,3,1,1,1,1,5,1,1,1,5,5,M,Hindu,1,1,1,1,1,1,1,1,4,2,1,4,3,1,5,5,5,5,5,1,1,5,2,7,4,7,6,1,1,B7,-0.002504404,-0.52434787,1.1925099127858243,-0.268344105,0.38985139934502494,6,NA,NA,0.5,4
1435,B0723,7,B,7B,Hindu,Enemies,Enemy4,2,31,M,23,1,6,NA,7,6,2,6,6,2,6,6,6,8,NA,1,1,1,1,1,1,1,2,3,1,5,2,1,1,4,3,1,1,1,1,5,1,1,1,5,5,M,Muslim,2,1,1,1,1,2,4,1,1,2,1,4,3,6,2,1,1,5,1,5,1,5,5,6,1,6,7,1,0,B7,-0.002504404,-0.52434787,1.1925099127858243,-0.268344105,0.38985139934502494,6,NA,NA,0.5,4
1436,B0723,7,B,7B,Hindu,Enemies,Enemy5,2,32,M,23,1,6,NA,7,6,2,6,6,2,6,6,6,8,NA,1,1,1,1,1,1,1,2,3,1,5,2,1,1,4,3,1,1,1,1,5,1,1,1,5,5,M,Muslim,1,1,1,1,1,1,1,1,1,2,2,4,2,4,1,1,3,1,1,1,1,4,1,6,5,6,6,1,0,B7,-0.002504404,-0.52434787,1.1925099127858243,-0.268344105,0.38985139934502494,6,NA,NA,0.5,4
1437,B0723,7,B,7B,Hindu,Enemies,Enemy6,2,34,M,23,1,6,NA,7,6,2,6,6,2,6,6,6,8,NA,1,1,1,1,1,1,1,2,3,1,5,2,1,1,4,3,1,1,1,1,5,1,1,1,5,5,M,Muslim,3,2,1,1,1,1,4,1,1,1,1,4,1,6,2,5,4,3,1,5,4,2,3,7,4,6,7,1,0,B7,-0.002504404,-0.52434787,1.1925099127858243,-0.268344105,0.38985139934502494,6,NA,NA,0.5,4
1438,B0723,7,B,7B,Hindu,Enemies,Enemy7,2,59,M,23,1,6,NA,7,6,2,6,6,2,6,6,6,8,NA,1,1,1,1,1,1,1,2,3,1,5,2,1,1,4,3,1,1,1,1,5,1,1,1,5,5,F,Muslim,1,1,1,1,1,1,4,1,1,1,2,3,4,4,1,1,1,1,1,1,2,1,5,4,7,4,7,0,0,B7,-0.002504404,-0.52434787,1.1925099127858243,-0.268344105,0.38985139934502494,6,NA,NA,0.5,4
1439,B0728,7,B,7B,Hindu,Enemies,Enemy1,2,29,M,28,4,7,1,6,7,1,7,7,4,5,6,5,8,NA,1,1,1,1,2,1,1,1,1,1,5,2,1,2,6,4,4,2,1,1,2,1,1,1,5,3,M,Muslim,1,1,2,1,1,3,3,1,1,1,1,4,5,5,2,1,1,3,1,1,1,5,3,7,1,4,7,1,0,B7,-0.002504404,-0.52434787,1.1925099127858243,-0.268344105,0.38985139934502494,7,1,1.621549634144792,0.5,6
1440,B0728,7,B,7B,Hindu,Enemies,Enemy2,2,31,M,28,4,7,1,6,7,1,7,7,4,5,6,5,8,NA,1,1,1,1,2,1,1,1,1,1,5,2,1,2,6,4,4,2,1,1,2,1,1,1,5,3,M,Muslim,2,1,1,1,1,2,4,1,1,2,1,4,3,6,2,1,1,5,1,5,1,5,5,6,1,6,7,1,0,B7,-0.002504404,-0.52434787,1.1925099127858243,-0.268344105,0.38985139934502494,7,1,1.621549634144792,0.5,6
1441,B0728,7,B,7B,Hindu,Enemies,Enemy3,2,32,M,28,4,7,1,6,7,1,7,7,4,5,6,5,8,NA,1,1,1,1,2,1,1,1,1,1,5,2,1,2,6,4,4,2,1,1,2,1,1,1,5,3,M,Muslim,1,1,1,1,1,1,1,1,1,2,2,4,2,4,1,1,3,1,1,1,1,4,1,6,5,6,6,1,0,B7,-0.002504404,-0.52434787,1.1925099127858243,-0.268344105,0.38985139934502494,7,1,1.621549634144792,0.5,6
1442,B0728,7,B,7B,Hindu,Enemies,Enemy4,2,34,M,28,4,7,1,6,7,1,7,7,4,5,6,5,8,NA,1,1,1,1,2,1,1,1,1,1,5,2,1,2,6,4,4,2,1,1,2,1,1,1,5,3,M,Muslim,3,2,1,1,1,1,4,1,1,1,1,4,1,6,2,5,4,3,1,5,4,2,3,7,4,6,7,1,0,B7,-0.002504404,-0.52434787,1.1925099127858243,-0.268344105,0.38985139934502494,7,1,1.621549634144792,0.5,6
1443,B0728,7,B,7B,Hindu,Enemies,Enemy5,2,35,M,28,4,7,1,6,7,1,7,7,4,5,6,5,8,NA,1,1,1,1,2,1,1,1,1,1,5,2,1,2,6,4,4,2,1,1,2,1,1,1,5,3,M,Muslim,NA,2,1,1,1,1,4,1,1,1,1,4,1,4,2,2,2,2,2,5,4,5,2,1,2,3,7,1,0,B7,-0.002504404,-0.52434787,1.1925099127858243,-0.268344105,0.38985139934502494,7,1,1.621549634144792,0.5,6
1444,B0728,7,B,7B,Hindu,Enemies,Enemy6,2,36,M,28,4,7,1,6,7,1,7,7,4,5,6,5,8,NA,1,1,1,1,2,1,1,1,1,1,5,2,1,2,6,4,4,2,1,1,2,1,1,1,5,3,M,Muslim,2,1,2,1,2,2,3,1,1,1,2,4,4,4,3,1,1,3,2,1,1,3,3,4,4,4,7,1,0,B7,-0.002504404,-0.52434787,1.1925099127858243,-0.268344105,0.38985139934502494,7,1,1.621549634144792,0.5,6
1445,B0728,7,B,7B,Hindu,Enemies,Enemy7,2,40,M,28,4,7,1,6,7,1,7,7,4,5,6,5,8,NA,1,1,1,1,2,1,1,1,1,1,5,2,1,2,6,4,4,2,1,1,2,1,1,1,5,3,M,NA,NA,NA,NA,NA,NA,NA,NA,NA,NA,NA,NA,NA,NA,NA,NA,NA,NA,NA,NA,NA,NA,NA,NA,NA,NA,NA,NA,1,NA,B7,-0.002504404,-0.52434787,1.1925099127858243,-0.268344105,0.38985139934502494,7,1,1.621549634144792,0.5,6
1446,B0730,7,B,7B,Jain,Enemies,Enemy1,2,5,M,30,4,7,4,7,7,7,7,7,7,6,7,7,6,NA,1,1,1,1,1,1,1,1,3,1,1,2,3,1,4,4,4,1,1,1,1,1,1,3,5,3,M,Muslim,1,1,2,1,2,1,NA,1,1,NA,1,3,1,7,2,1,2,3,1,1,1,5,1,7,1,2,7,1,0,B7,-0.002504404,-0.52434787,1.1925099127858243,-0.268344105,0.38985139934502494,7,4,0.30591622948642044,0.5,0
1447,B0730,7,B,7B,Jain,Enemies,Enemy2,2,6,M,30,4,7,4,7,7,7,7,7,7,6,7,7,6,NA,1,1,1,1,1,1,1,1,3,1,1,2,3,1,4,4,4,1,1,1,1,1,1,3,5,3,M,Muslim,1,1,3,2,NA,1,4,1,1,2,1,4,5,5,2,1,1,2,1,1,1,3,2,6,2,6,7,1,0,B7,-0.002504404,-0.52434787,1.1925099127858243,-0.268344105,0.38985139934502494,7,4,0.30591622948642044,0.5,0
1448,B0730,7,B,7B,Jain,Enemies,Enemy3,2,22,M,30,4,7,4,7,7,7,7,7,7,6,7,7,6,NA,1,1,1,1,1,1,1,1,3,1,1,2,3,1,4,4,4,1,1,1,1,1,1,3,5,3,M,Muslim,1,4,1,2,1,2,3,1,1,1,2,4,4,4,3,2,2,2,1,3,1,2,2,7,4,5,7,1,0,B7,-0.002504404,-0.52434787,1.1925099127858243,-0.268344105,0.38985139934502494,7,4,0.30591622948642044,0.5,0
1449,B0730,7,B,7B,Jain,Enemies,Enemy4,2,31,M,30,4,7,4,7,7,7,7,7,7,6,7,7,6,NA,1,1,1,1,1,1,1,1,3,1,1,2,3,1,4,4,4,1,1,1,1,1,1,3,5,3,M,Muslim,2,1,1,1,1,2,4,1,1,2,1,4,3,6,2,1,1,5,1,5,1,5,5,6,1,6,7,1,0,B7,-0.002504404,-0.52434787,1.1925099127858243,-0.268344105,0.38985139934502494,7,4,0.30591622948642044,0.5,0
1450,B0730,7,B,7B,Jain,Enemies,Enemy5,2,32,M,30,4,7,4,7,7,7,7,7,7,6,7,7,6,NA,1,1,1,1,1,1,1,1,3,1,1,2,3,1,4,4,4,1,1,1,1,1,1,3,5,3,M,Muslim,1,1,1,1,1,1,1,1,1,2,2,4,2,4,1,1,3,1,1,1,1,4,1,6,5,6,6,1,0,B7,-0.002504404,-0.52434787,1.1925099127858243,-0.268344105,0.38985139934502494,7,4,0.30591622948642044,0.5,0
1451,B0732,7,B,7B,Muslim,Enemies,Enemy1,2,55,M,32,6,6,5,7,6,6,6,6,6,6,7,5,7,Sunni,1,1,1,1,1,1,1,2,1,1,1,2,2,2,4,2,4,1,1,3,1,1,1,1,4,1,F,Hindu,1,2,3,1,2,1,4,1,2,2,2,4,3,4,4,1,1,1,4,NA,2,3,1,1,7,7,7,0,0,B7,-0.002504404,-0.52434787,1.1925099127858243,-0.268344105,0.38985139934502494,6,5,-0.571172707,0.5,0
1452,B0741,7,B,7B,Christian,Enemies,Enemy1,2,51,F,41,5,4,7,6,6,6,6,6,6,6,6,6,8,NA,2,2,1,2,1,1,1,2,4,3,5,3,NA,1,4,4,4,2,2,2,2,2,2,2,5,2,F,Muslim,1,1,1,2,2,1,4,1,1,5,1,4,2,3,2,1,1,2,1,NA,1,NA,2,1,6,2,6,1,0,B7,-0.002504404,-0.52434787,1.1925099127858243,-0.268344105,0.38985139934502494,7,4,0.30591622948642044,0.5,0
1453,B0743,7,B,7B,Hindu,Enemies,Enemy1,2,32,F,43,2,3,7,6,7,3,6,6,5,6,4,6,1,NA,2,2,1,1,1,2,1,1,3,1,3,1,1,1,3,3,3,2,2,2,2,1,2,1,3,3,M,Muslim,1,1,1,1,1,1,1,1,1,2,2,4,2,4,1,1,3,1,1,1,1,4,1,6,5,6,6,0,0,B7,-0.002504404,-0.52434787,1.1925099127858243,-0.268344105,0.38985139934502494,7,3,0.7444606977058776,0.5,4
1454,B0743,7,B,7B,Hindu,Enemies,Enemy2,2,34,F,43,2,3,7,6,7,3,6,6,5,6,4,6,1,NA,2,2,1,1,1,2,1,1,3,1,3,1,1,1,3,3,3,2,2,2,2,1,2,1,3,3,M,Muslim,3,2,1,1,1,1,4,1,1,1,1,4,1,6,2,5,4,3,1,5,4,2,3,7,4,6,7,0,0,B7,-0.002504404,-0.52434787,1.1925099127858243,-0.268344105,0.38985139934502494,7,3,0.7444606977058776,0.5,4
1455,B0743,7,B,7B,Hindu,Enemies,Enemy3,2,37,F,43,2,3,7,6,7,3,6,6,5,6,4,6,1,NA,2,2,1,1,1,2,1,1,3,1,3,1,1,1,3,3,3,2,2,2,2,1,2,1,3,3,M,NA,NA,NA,NA,NA,NA,NA,NA,NA,NA,NA,NA,NA,NA,NA,NA,NA,NA,NA,NA,NA,NA,NA,NA,NA,NA,NA,NA,0,NA,B7,-0.002504404,-0.52434787,1.1925099127858243,-0.268344105,0.38985139934502494,7,3,0.7444606977058776,0.5,4
1456,B0745,7,B,7B,other,Enemies,Enemy1,2,41,F,45,7,5,7,7,7,6,6,5,6,5,5,5,6,NA,2,2,1,2,1,2,1,1,3,2,4,2,3,2,4,3,3,1,1,1,2,1,1,2,3,2,F,Christian,2,1,2,1,1,1,4,3,5,3,1,4,4,4,2,2,2,2,2,2,2,5,2,4,7,6,6,1,0,B7,-0.002504404,-0.52434787,1.1925099127858243,-0.268344105,0.38985139934502494,7,5,-0.132628239,0.5,-1
1457,B0750,7,B,7B,Hindu,Enemies,Enemy1,2,49,F,50,4,3,6,6,6,3,6,6,5,4,4,4,2,NA,2,2,1,1,1,2,1,1,1,1,3,2,1,2,4,2,2,3,2,2,1,2,1,1,5,3,F,Muslim,2,2,1,1,1,1,1,1,1,2,1,4,1,1,2,1,2,1,3,1,1,5,2,4,6,6,7,1,0,B7,-0.002504404,-0.52434787,1.1925099127858243,-0.268344105,0.38985139934502494,6,3,0.30591622948642044,0.5,3
1458,B0751,7,B,7B,Muslim,Enemies,Enemy1,2,41,F,51,2,1,6,6,2,6,7,6,2,2,2,7,7,Sunni,2,1,1,1,2,2,1,2,4,1,1,5,2,1,4,2,3,2,1,1,2,1,NA,1,NA,2,F,Christian,2,1,2,1,1,1,4,3,5,3,1,4,4,4,2,2,2,2,2,2,2,5,2,4,7,6,6,1,0,B7,-0.002504404,-0.52434787,1.1925099127858243,-0.268344105,0.38985139934502494,6,1,1.183005165925335,0.5,4
1459,B0753,7,B,7B,Muslim,Enemies,Enemy1,2,6,F,53,4,3,6,7,5,6,5,6,4,4,4,NA,7,Sunni,2,2,3,4,1,2,1,2,3,2,1,3,2,2,4,5,5,2,1,1,2,2,1,1,5,3,M,Muslim,1,1,3,2,NA,1,4,1,1,2,1,4,5,5,2,1,1,2,1,1,1,3,2,6,2,6,7,0,1,B7,-0.002504404,-0.52434787,1.1925099127858243,-0.268344105,0.38985139934502494,6,3,0.30591622948642044,0.5,1
1460,B0753,7,B,7B,Muslim,Enemies,Enemy2,2,23,F,53,4,3,6,7,5,6,5,6,4,4,4,NA,7,Sunni,2,2,3,4,1,2,1,2,3,2,1,3,2,2,4,5,5,2,1,1,2,2,1,1,5,3,M,Hindu,1,1,1,1,1,1,3,1,5,2,1,4,3,1,1,1,1,5,1,1,1,5,5,6,NA,6,2,0,0,B7,-0.002504404,-0.52434787,1.1925099127858243,-0.268344105,0.38985139934502494,6,3,0.30591622948642044,0.5,1
1461,B0753,7,B,7B,Muslim,Enemies,Enemy3,2,34,F,53,4,3,6,7,5,6,5,6,4,4,4,NA,7,Sunni,2,2,3,4,1,2,1,2,3,2,1,3,2,2,4,5,5,2,1,1,2,2,1,1,5,3,M,Muslim,3,2,1,1,1,1,4,1,1,1,1,4,1,6,2,5,4,3,1,5,4,2,3,7,4,6,7,0,1,B7,-0.002504404,-0.52434787,1.1925099127858243,-0.268344105,0.38985139934502494,6,3,0.30591622948642044,0.5,1
1462,B0753,7,B,7B,Muslim,Enemies,Enemy4,2,40,F,53,4,3,6,7,5,6,5,6,4,4,4,NA,7,Sunni,2,2,3,4,1,2,1,2,3,2,1,3,2,2,4,5,5,2,1,1,2,2,1,1,5,3,M,NA,NA,NA,NA,NA,NA,NA,NA,NA,NA,NA,NA,NA,NA,NA,NA,NA,NA,NA,NA,NA,NA,NA,NA,NA,NA,NA,NA,0,NA,B7,-0.002504404,-0.52434787,1.1925099127858243,-0.268344105,0.38985139934502494,6,3,0.30591622948642044,0.5,1
1463,B0753,7,B,7B,Muslim,Enemies,Enemy5,2,46,F,53,4,3,6,7,5,6,5,6,4,4,4,NA,7,Sunni,2,2,3,4,1,2,1,2,3,2,1,3,2,2,4,5,5,2,1,1,2,2,1,1,5,3,F,NA,NA,NA,NA,NA,NA,NA,NA,NA,NA,NA,NA,NA,NA,NA,NA,NA,NA,NA,NA,NA,NA,NA,NA,NA,NA,NA,NA,1,NA,B7,-0.002504404,-0.52434787,1.1925099127858243,-0.268344105,0.38985139934502494,6,3,0.30591622948642044,0.5,1
1464,B0753,7,B,7B,Muslim,Enemies,Enemy6,2,51,F,53,4,3,6,7,5,6,5,6,4,4,4,NA,7,Sunni,2,2,3,4,1,2,1,2,3,2,1,3,2,2,4,5,5,2,1,1,2,2,1,1,5,3,F,Muslim,1,1,1,2,2,1,4,1,1,5,1,4,2,3,2,1,1,2,1,NA,1,NA,2,1,6,2,6,1,1,B7,-0.002504404,-0.52434787,1.1925099127858243,-0.268344105,0.38985139934502494,6,3,0.30591622948642044,0.5,1
1465,B0753,7,B,7B,Muslim,Enemies,Enemy7,2,58,F,53,4,3,6,7,5,6,5,6,4,4,4,NA,7,Sunni,2,2,3,4,1,2,1,2,3,2,1,3,2,2,4,5,5,2,1,1,2,2,1,1,5,3,F,Jain,1,1,1,1,1,1,1,1,4,3,1,4,4,3,1,1,1,1,1,1,1,5,5,1,7,7,1,1,0,B7,-0.002504404,-0.52434787,1.1925099127858243,-0.268344105,0.38985139934502494,6,3,0.30591622948642044,0.5,1
1466,B0757,7,B,7B,Hindu,Enemies,Enemy1,2,6,F,57,4,7,7,6,7,6,6,6,6,5,6,6,2,NA,2,1,2,2,2,1,1,2,3,1,2,3,1,2,2,1,1,1,1,1,2,1,1,2,3,2,M,Muslim,1,1,3,2,NA,1,4,1,1,2,1,4,5,5,2,1,1,2,1,1,1,3,2,6,2,6,7,0,0,B7,-0.002504404,-0.52434787,1.1925099127858243,-0.268344105,0.38985139934502494,7,7,-1.009717175,0.5,1
1467,B0757,7,B,7B,Hindu,Enemies,Enemy2,2,14,F,57,4,7,7,6,7,6,6,6,6,5,6,6,2,NA,2,1,2,2,2,1,1,2,3,1,2,3,1,2,2,1,1,1,1,1,2,1,1,2,3,2,M,Hindu,1,1,1,1,2,1,3,1,1,2,2,4,4,4,2,2,1,1,2,2,2,3,3,6,4,7,4,0,1,B7,-0.002504404,-0.52434787,1.1925099127858243,-0.268344105,0.38985139934502494,7,7,-1.009717175,0.5,1
1468,B0757,7,B,7B,Hindu,Enemies,Enemy3,2,22,F,57,4,7,7,6,7,6,6,6,6,5,6,6,2,NA,2,1,2,2,2,1,1,2,3,1,2,3,1,2,2,1,1,1,1,1,2,1,1,2,3,2,M,Muslim,1,4,1,2,1,2,3,1,1,1,2,4,4,4,3,2,2,2,1,3,1,2,2,7,4,5,7,0,0,B7,-0.002504404,-0.52434787,1.1925099127858243,-0.268344105,0.38985139934502494,7,7,-1.009717175,0.5,1
1469,B0757,7,B,7B,Hindu,Enemies,Enemy4,2,51,F,57,4,7,7,6,7,6,6,6,6,5,6,6,2,NA,2,1,2,2,2,1,1,2,3,1,2,3,1,2,2,1,1,1,1,1,2,1,1,2,3,2,F,Muslim,1,1,1,2,2,1,4,1,1,5,1,4,2,3,2,1,1,2,1,NA,1,NA,2,1,6,2,6,1,0,B7,-0.002504404,-0.52434787,1.1925099127858243,-0.268344105,0.38985139934502494,7,7,-1.009717175,0.5,1
1470,B0758,7,B,7B,Jain,Enemies,Enemy1,2,61,F,58,1,1,7,7,7,1,7,6,4,7,1,7,8,NA,2,1,1,1,1,1,1,1,1,1,4,3,3,1,4,4,3,1,1,1,1,1,1,1,5,5,F,Hindu,3,1,2,1,2,1,4,2,5,3,2,4,4,4,1,1,1,1,2,1,2,3,2,6,6,6,6,1,0,B7,-0.002504404,-0.52434787,1.1925099127858243,-0.268344105,0.38985139934502494,7,1,1.621549634144792,0.5,-6
1471,B0760,7,B,7B,Muslim,Enemies,Enemy1,2,57,F,60,4,1,7,6,5,7,6,6,5,5,4,4,7,Sunni,2,1,1,2,1,1,1,2,2,1,1,3,2,2,4,3,2,4,2,2,2,4,1,3,4,3,F,Hindu,1,2,2,2,1,1,3,1,2,3,2,2,1,1,1,1,1,2,1,1,2,3,2,7,7,7,6,1,0,B7,-0.002504404,-0.52434787,1.1925099127858243,-0.268344105,0.38985139934502494,7,1,1.621549634144792,0.5,2
1472,B0764,7,B,7B,Muslim,Enemies,Enemy1,2,60,F,64,2,1,6,3,5,7,3,6,5,7,3,5,8,NA,2,1,2,3,1,2,1,2,3,1,1,1,2,2,4,4,4,3,1,1,1,2,2,2,3,1,F,Muslim,1,1,2,1,1,1,2,1,1,3,2,4,3,2,4,2,2,2,4,1,3,4,3,1,7,5,7,1,1,B7,-0.002504404,-0.52434787,1.1925099127858243,-0.268344105,0.38985139934502494,6,1,1.183005165925335,0.5,2
1473,C0702,7,C,7C,Hindu,Enemies,Enemy1,2,30,M,2,7,7,7,6,7,6,7,4,6,6,4,5,1,NA,1,1,1,3,3,2,1,1,4,1,5,1,1,3,4,4,4,1,1,1,3,1,1,1,5,1,M,Muslim,1,1,1,2,1,3,2,2,1,1,1,3,3,4,5,4,2,2,3,2,3,1,5,6,2,5,6,1,0,C7,1.430014695808029,-1.52515796,0.24685323632332715,-0.268344105,0.7302729079241435,7,7,-1.009717175,0.5,1
1474,C0708,7,C,7C,Muslim,Enemies,Enemy1,2,17,M,8,4,6,4,7,6,5,7,6,5,4,7,6,NA,Vohra,1,2,2,1,1,1,1,1,2,1,3,1,2,1,4,3,4,2,1,2,1,3,1,1,3,3,M,Muslim,1,1,1,1,1,1,1,1,3,1,2,3,2,3,2,2,1,2,5,3,2,1,4,6,6,5,6,1,1,C7,1.430014695808029,-1.52515796,0.24685323632332715,-0.268344105,0.7302729079241435,6,4,-0.132628239,0.5,-1
1475,C0708,7,C,7C,Muslim,Enemies,Enemy2,2,25,M,8,4,6,4,7,6,5,7,6,5,4,7,6,NA,Vohra,1,2,2,1,1,1,1,1,2,1,3,1,2,1,4,3,4,2,1,2,1,3,1,1,3,3,M,Muslim,1,1,3,NA,1,2,4,1,1,2,1,4,2,2,3,2,2,2,2,2,2,3,5,7,1,5,7,1,1,C7,1.430014695808029,-1.52515796,0.24685323632332715,-0.268344105,0.7302729079241435,6,4,-0.132628239,0.5,-1
1476,C0708,7,C,7C,Muslim,Enemies,Enemy3,2,30,M,8,4,6,4,7,6,5,7,6,5,4,7,6,NA,Vohra,1,2,2,1,1,1,1,1,2,1,3,1,2,1,4,3,4,2,1,2,1,3,1,1,3,3,M,Muslim,1,1,1,2,1,3,2,2,1,1,1,3,3,4,5,4,2,2,3,2,3,1,5,6,2,5,6,1,1,C7,1.430014695808029,-1.52515796,0.24685323632332715,-0.268344105,0.7302729079241435,6,4,-0.132628239,0.5,-1
1477,C0708,7,C,7C,Muslim,Enemies,Enemy4,2,34,M,8,4,6,4,7,6,5,7,6,5,4,7,6,NA,Vohra,1,2,2,1,1,1,1,1,2,1,3,1,2,1,4,3,4,2,1,2,1,3,1,1,3,3,M,Muslim,1,1,1,1,1,1,3,1,1,2,1,4,1,7,1,1,2,3,1,1,1,2,5,7,7,4,7,1,1,C7,1.430014695808029,-1.52515796,0.24685323632332715,-0.268344105,0.7302729079241435,6,4,-0.132628239,0.5,-1
1478,C0708,7,C,7C,Muslim,Enemies,Enemy5,2,37,M,8,4,6,4,7,6,5,7,6,5,4,7,6,NA,Vohra,1,2,2,1,1,1,1,1,2,1,3,1,2,1,4,3,4,2,1,2,1,3,1,1,3,3,M,Hindu,1,1,1,2,1,1,1,5,5,1,1,4,4,1,1,1,1,3,1,5,1,5,5,7,5,7,1,1,0,C7,1.430014695808029,-1.52515796,0.24685323632332715,-0.268344105,0.7302729079241435,6,4,-0.132628239,0.5,-1
1479,C0710,7,C,7C,Muslim,Enemies,Enemy1,2,11,M,10,5,7,2,7,5,7,7,7,NA,5,5,6,7,Muslim (Sunni),1,1,1,1,2,1,2,2,2,2,1,1,2,1,3,3,4,5,2,2,2,3,2,3,2,4,M,other,3,2,2,2,2,1,3,1,4,4,1,4,3,6,3,1,2,3,1,1,1,3,5,7,7,7,3,1,0,C7,1.430014695808029,-1.52515796,0.24685323632332715,-0.268344105,0.7302729079241435,7,2,1.183005165925335,0.5,2
1480,C0710,7,C,7C,Muslim,Enemies,Enemy2,2,47,M,10,5,7,2,7,5,7,7,7,NA,5,5,6,7,Muslim (Sunni),1,1,1,1,2,1,2,2,2,2,1,1,2,1,3,3,4,5,2,2,2,3,2,3,2,4,F,Christian,1,NA,2,1,1,1,3,2,3,2,1,4,4,4,1,1,1,1,1,1,1,5,3,6,7,5,5,0,0,C7,1.430014695808029,-1.52515796,0.24685323632332715,-0.268344105,0.7302729079241435,7,2,1.183005165925335,0.5,2
1481,C0710,7,C,7C,Muslim,Enemies,Enemy3,2,55,M,10,5,7,2,7,5,7,7,7,NA,5,5,6,7,Muslim (Sunni),1,1,1,1,2,1,2,2,2,2,1,1,2,1,3,3,4,5,2,2,2,3,2,3,2,4,F,Hindu,3,4,1,1,2,1,3,1,1,1,2,4,3,3,3,5,3,1,1,3,3,5,3,1,7,7,4,0,0,C7,1.430014695808029,-1.52515796,0.24685323632332715,-0.268344105,0.7302729079241435,7,2,1.183005165925335,0.5,2
1482,C0710,7,C,7C,Muslim,Enemies,Enemy4,2,58,M,10,5,7,2,7,5,7,7,7,NA,5,5,6,7,Muslim (Sunni),1,1,1,1,2,1,2,2,2,2,1,1,2,1,3,3,4,5,2,2,2,3,2,3,2,4,F,Hindu,1,2,1,1,1,1,4,1,1,5,1,4,4,3,2,3,2,3,2,2,1,1,5,1,7,7,5,0,0,C7,1.430014695808029,-1.52515796,0.24685323632332715,-0.268344105,0.7302729079241435,7,2,1.183005165925335,0.5,2
1483,C0711,7,C,7C,other,Enemies,Enemy1,2,16,M,11,1,7,7,7,7,3,7,7,5,6,5,3,7,Sindhi,1,3,2,2,2,2,1,4,3,1,4,4,3,1,4,3,6,3,1,2,3,1,1,1,3,5,M,Muslim,1,1,1,1,1,1,4,1,1,1,1,4,4,4,2,2,2,2,1,1,2,5,3,7,4,5,7,1,0,C7,1.430014695808029,-1.52515796,0.24685323632332715,-0.268344105,0.7302729079241435,7,7,-1.009717175,0.5,-4
1484,C0711,7,C,7C,other,Enemies,Enemy2,2,17,M,11,1,7,7,7,7,3,7,7,5,6,5,3,7,Sindhi,1,3,2,2,2,2,1,4,3,1,4,4,3,1,4,3,6,3,1,2,3,1,1,1,3,5,M,Muslim,1,1,1,1,1,1,1,1,3,1,2,3,2,3,2,2,1,2,5,3,2,1,4,6,6,5,6,1,0,C7,1.430014695808029,-1.52515796,0.24685323632332715,-0.268344105,0.7302729079241435,7,7,-1.009717175,0.5,-4
1485,C0711,7,C,7C,other,Enemies,Enemy3,2,23,M,11,1,7,7,7,7,3,7,7,5,6,5,3,7,Sindhi,1,3,2,2,2,2,1,4,3,1,4,4,3,1,4,3,6,3,1,2,3,1,1,1,3,5,M,Muslim,1,1,1,1,1,1,4,1,1,1,1,4,4,4,2,2,2,2,1,1,2,3,5,7,4,5,7,1,0,C7,1.430014695808029,-1.52515796,0.24685323632332715,-0.268344105,0.7302729079241435,7,7,-1.009717175,0.5,-4
1486,C0711,7,C,7C,other,Enemies,Enemy4,2,25,M,11,1,7,7,7,7,3,7,7,5,6,5,3,7,Sindhi,1,3,2,2,2,2,1,4,3,1,4,4,3,1,4,3,6,3,1,2,3,1,1,1,3,5,M,Muslim,1,1,3,NA,1,2,4,1,1,2,1,4,2,2,3,2,2,2,2,2,2,3,5,7,1,5,7,1,0,C7,1.430014695808029,-1.52515796,0.24685323632332715,-0.268344105,0.7302729079241435,7,7,-1.009717175,0.5,-4
1487,C0711,7,C,7C,other,Enemies,Enemy5,2,30,M,11,1,7,7,7,7,3,7,7,5,6,5,3,7,Sindhi,1,3,2,2,2,2,1,4,3,1,4,4,3,1,4,3,6,3,1,2,3,1,1,1,3,5,M,Muslim,1,1,1,2,1,3,2,2,1,1,1,3,3,4,5,4,2,2,3,2,3,1,5,6,2,5,6,1,0,C7,1.430014695808029,-1.52515796,0.24685323632332715,-0.268344105,0.7302729079241435,7,7,-1.009717175,0.5,-4
1488,C0711,7,C,7C,other,Enemies,Enemy6,2,55,M,11,1,7,7,7,7,3,7,7,5,6,5,3,7,Sindhi,1,3,2,2,2,2,1,4,3,1,4,4,3,1,4,3,6,3,1,2,3,1,1,1,3,5,F,Hindu,3,4,1,1,2,1,3,1,1,1,2,4,3,3,3,5,3,1,1,3,3,5,3,1,7,7,4,0,0,C7,1.430014695808029,-1.52515796,0.24685323632332715,-0.268344105,0.7302729079241435,7,7,-1.009717175,0.5,-4
1489,C0711,7,C,7C,other,Enemies,Enemy7,2,61,M,11,1,7,7,7,7,3,7,7,5,6,5,3,7,Sindhi,1,3,2,2,2,2,1,4,3,1,4,4,3,1,4,3,6,3,1,2,3,1,1,1,3,5,F,Muslim,1,2,2,1,1,1,4,2,1,5,1,4,4,4,3,3,3,1,1,1,1,5,5,5,7,5,7,0,0,C7,1.430014695808029,-1.52515796,0.24685323632332715,-0.268344105,0.7302729079241435,7,7,-1.009717175,0.5,-4
1490,C0711,7,C,7C,other,Enemies,Enemy8,2,62,M,11,1,7,7,7,7,3,7,7,5,6,5,3,7,Sindhi,1,3,2,2,2,2,1,4,3,1,4,4,3,1,4,3,6,3,1,2,3,1,1,1,3,5,F,Hindu,1,1,1,1,1,1,4,1,2,3,2,4,3,3,1,1,1,1,1,1,1,5,3,4,7,6,6,0,0,C7,1.430014695808029,-1.52515796,0.24685323632332715,-0.268344105,0.7302729079241435,7,7,-1.009717175,0.5,-4
1491,C0715,7,C,7C,Hindu,Enemies,Enemy1,2,12,M,15,5,7,4,5,6,6,7,6,7,5,5,5,8,NA,1,3,2,1,1,2,2,2,3,1,3,4,1,2,3,3,3,2,1,1,2,2,1,2,2,3,M,Hindu,1,1,5,1,1,1,4,1,2,1,2,4,4,4,1,1,1,1,1,1,1,5,3,4,4,7,7,1,1,C7,1.430014695808029,-1.52515796,0.24685323632332715,-0.268344105,0.7302729079241435,7,4,0.30591622948642044,0.5,0
1492,C0715,7,C,7C,Hindu,Enemies,Enemy2,2,25,M,15,5,7,4,5,6,6,7,6,7,5,5,5,8,NA,1,3,2,1,1,2,2,2,3,1,3,4,1,2,3,3,3,2,1,1,2,2,1,2,2,3,M,Muslim,1,1,3,NA,1,2,4,1,1,2,1,4,2,2,3,2,2,2,2,2,2,3,5,7,1,5,7,1,0,C7,1.430014695808029,-1.52515796,0.24685323632332715,-0.268344105,0.7302729079241435,7,4,0.30591622948642044,0.5,0
1493,C0715,7,C,7C,Hindu,Enemies,Enemy3,2,30,M,15,5,7,4,5,6,6,7,6,7,5,5,5,8,NA,1,3,2,1,1,2,2,2,3,1,3,4,1,2,3,3,3,2,1,1,2,2,1,2,2,3,M,Muslim,1,1,1,2,1,3,2,2,1,1,1,3,3,4,5,4,2,2,3,2,3,1,5,6,2,5,6,1,0,C7,1.430014695808029,-1.52515796,0.24685323632332715,-0.268344105,0.7302729079241435,7,4,0.30591622948642044,0.5,0
1494,C0716,7,C,7C,Muslim,Enemies,Enemy1,2,49,M,16,2,7,4,7,5,7,7,7,4,4,7,4,7,Jamati,1,1,1,1,1,1,1,4,4,1,1,1,2,1,4,4,4,2,2,2,2,1,1,2,5,3,F,Hindu,3,2,2,1,2,1,1,1,4,2,1,4,2,2,2,1,1,2,1,1,1,3,3,1,7,7,6,0,0,C7,1.430014695808029,-1.52515796,0.24685323632332715,-0.268344105,0.7302729079241435,7,4,0.30591622948642044,0.5,2
1495,C0716,7,C,7C,Muslim,Enemies,Enemy2,2,55,M,16,2,7,4,7,5,7,7,7,4,4,7,4,7,Jamati,1,1,1,1,1,1,1,4,4,1,1,1,2,1,4,4,4,2,2,2,2,1,1,2,5,3,F,Hindu,3,4,1,1,2,1,3,1,1,1,2,4,3,3,3,5,3,1,1,3,3,5,3,1,7,7,4,0,0,C7,1.430014695808029,-1.52515796,0.24685323632332715,-0.268344105,0.7302729079241435,7,4,0.30591622948642044,0.5,2
1496,C0716,7,C,7C,Muslim,Enemies,Enemy3,2,58,M,16,2,7,4,7,5,7,7,7,4,4,7,4,7,Jamati,1,1,1,1,1,1,1,4,4,1,1,1,2,1,4,4,4,2,2,2,2,1,1,2,5,3,F,Hindu,1,2,1,1,1,1,4,1,1,5,1,4,4,3,2,3,2,3,2,2,1,1,5,1,7,7,5,0,0,C7,1.430014695808029,-1.52515796,0.24685323632332715,-0.268344105,0.7302729079241435,7,4,0.30591622948642044,0.5,2
1497,C0717,7,C,7C,Muslim,Enemies,Enemy1,2,32,M,17,1,6,6,7,5,6,6,1,5,1,3,3,7,Sunni,1,1,1,1,1,1,1,2,1,1,3,1,2,2,3,2,3,2,2,1,2,5,3,2,1,4,M,Hindu,1,4,1,1,1,1,3,1,2,1,1,4,3,3,2,2,2,2,2,3,3,3,5,6,4,6,6,1,0,C7,1.430014695808029,-1.52515796,0.24685323632332715,-0.268344105,0.7302729079241435,6,6,-1.009717175,0.5,1
1498,C0717,7,C,7C,Muslim,Enemies,Enemy2,2,50,M,17,1,6,6,7,5,6,6,1,5,1,3,3,7,Sunni,1,1,1,1,1,1,1,2,1,1,3,1,2,2,3,2,3,2,2,1,2,5,3,2,1,4,F,Muslim,1,1,1,1,1,1,3,1,1,1,1,4,5,5,2,1,1,2,1,1,2,4,5,6,7,5,7,0,1,C7,1.430014695808029,-1.52515796,0.24685323632332715,-0.268344105,0.7302729079241435,6,6,-1.009717175,0.5,1
1499,C0717,7,C,7C,Muslim,Enemies,Enemy3,2,51,M,17,1,6,6,7,5,6,6,1,5,1,3,3,7,Sunni,1,1,1,1,1,1,1,2,1,1,3,1,2,2,3,2,3,2,2,1,2,5,3,2,1,4,F,Muslim,1,1,1,2,1,1,3,1,1,1,1,4,2,6,1,1,1,2,1,1,4,5,3,6,7,6,7,0,1,C7,1.430014695808029,-1.52515796,0.24685323632332715,-0.268344105,0.7302729079241435,6,6,-1.009717175,0.5,1
1500,C0718,7,C,7C,Hindu,Enemies,Enemy1,2,17,M,18,1,7,6,7,7,1,7,2,7,7,6,6,8,NA,1,1,1,1,3,1,1,2,1,5,5,1,1,1,4,4,1,1,1,1,3,1,5,1,5,5,M,Muslim,1,1,1,1,1,1,1,1,3,1,2,3,2,3,2,2,1,2,5,3,2,1,4,6,6,5,6,1,0,C7,1.430014695808029,-1.52515796,0.24685323632332715,-0.268344105,0.7302729079241435,7,6,-0.571172707,0.5,6
1501,C0718,7,C,7C,Hindu,Enemies,Enemy2,2,23,M,18,1,7,6,7,7,1,7,2,7,7,6,6,8,NA,1,1,1,1,3,1,1,2,1,5,5,1,1,1,4,4,1,1,1,1,3,1,5,1,5,5,M,Muslim,1,1,1,1,1,1,4,1,1,1,1,4,4,4,2,2,2,2,1,1,2,3,5,7,4,5,7,1,0,C7,1.430014695808029,-1.52515796,0.24685323632332715,-0.268344105,0.7302729079241435,7,6,-0.571172707,0.5,6
1502,C0718,7,C,7C,Hindu,Enemies,Enemy3,2,25,M,18,1,7,6,7,7,1,7,2,7,7,6,6,8,NA,1,1,1,1,3,1,1,2,1,5,5,1,1,1,4,4,1,1,1,1,3,1,5,1,5,5,M,Muslim,1,1,3,NA,1,2,4,1,1,2,1,4,2,2,3,2,2,2,2,2,2,3,5,7,1,5,7,1,0,C7,1.430014695808029,-1.52515796,0.24685323632332715,-0.268344105,0.7302729079241435,7,6,-0.571172707,0.5,6
1503,C0718,7,C,7C,Hindu,Enemies,Enemy4,2,28,M,18,1,7,6,7,7,1,7,2,7,7,6,6,8,NA,1,1,1,1,3,1,1,2,1,5,5,1,1,1,4,4,1,1,1,1,3,1,5,1,5,5,M,Muslim,1,1,1,1,1,1,2,1,1,1,1,4,4,7,5,NA,1,1,1,1,1,1,1,7,1,4,7,1,0,C7,1.430014695808029,-1.52515796,0.24685323632332715,-0.268344105,0.7302729079241435,7,6,-0.571172707,0.5,6
1504,C0718,7,C,7C,Hindu,Enemies,Enemy5,2,34,M,18,1,7,6,7,7,1,7,2,7,7,6,6,8,NA,1,1,1,1,3,1,1,2,1,5,5,1,1,1,4,4,1,1,1,1,3,1,5,1,5,5,M,Muslim,1,1,1,1,1,1,3,1,1,2,1,4,1,7,1,1,2,3,1,1,1,2,5,7,7,4,7,1,0,C7,1.430014695808029,-1.52515796,0.24685323632332715,-0.268344105,0.7302729079241435,7,6,-0.571172707,0.5,6
1505,C0718,7,C,7C,Hindu,Enemies,Enemy6,2,35,M,18,1,7,6,7,7,1,7,2,7,7,6,6,8,NA,1,1,1,1,3,1,1,2,1,5,5,1,1,1,4,4,1,1,1,1,3,1,5,1,5,5,M,Muslim,1,1,1,1,1,1,3,1,1,1,1,4,3,3,2,1,1,1,2,1,1,5,3,7,4,6,7,1,0,C7,1.430014695808029,-1.52515796,0.24685323632332715,-0.268344105,0.7302729079241435,7,6,-0.571172707,0.5,6
1506,C0718,7,C,7C,Hindu,Enemies,Enemy7,2,57,M,18,1,7,6,7,7,1,7,2,7,7,6,6,8,NA,1,1,1,1,3,1,1,2,1,5,5,1,1,1,4,4,1,1,1,1,3,1,5,1,5,5,F,Muslim,1,1,2,2,1,2,4,1,1,2,1,4,3,2,1,1,1,1,1,2,1,5,3,2,7,5,7,0,0,C7,1.430014695808029,-1.52515796,0.24685323632332715,-0.268344105,0.7302729079241435,7,6,-0.571172707,0.5,6
1507,C0720,7,C,7C,Hindu,Enemies,Enemy1,2,9,M,20,5,6,6,7,6,5,7,6,6,6,7,4,8,NA,1,1,2,3,2,2,1,1,3,1,2,2,1,2,4,3,3,1,1,1,2,1,1,1,3,2,M,Muslim,1,1,1,1,1,1,4,1,1,1,1,4,4,7,1,1,1,1,1,2,1,3,2,7,6,6,7,1,0,C7,1.430014695808029,-1.52515796,0.24685323632332715,-0.268344105,0.7302729079241435,6,6,-1.009717175,0.5,1
1508,C0720,7,C,7C,Hindu,Enemies,Enemy2,2,11,M,20,5,6,6,7,6,5,7,6,6,6,7,4,8,NA,1,1,2,3,2,2,1,1,3,1,2,2,1,2,4,3,3,1,1,1,2,1,1,1,3,2,M,other,3,2,2,2,2,1,3,1,4,4,1,4,3,6,3,1,2,3,1,1,1,3,5,7,7,7,3,1,0,C7,1.430014695808029,-1.52515796,0.24685323632332715,-0.268344105,0.7302729079241435,6,6,-1.009717175,0.5,1
1509,C0720,7,C,7C,Hindu,Enemies,Enemy3,2,23,M,20,5,6,6,7,6,5,7,6,6,6,7,4,8,NA,1,1,2,3,2,2,1,1,3,1,2,2,1,2,4,3,3,1,1,1,2,1,1,1,3,2,M,Muslim,1,1,1,1,1,1,4,1,1,1,1,4,4,4,2,2,2,2,1,1,2,3,5,7,4,5,7,1,0,C7,1.430014695808029,-1.52515796,0.24685323632332715,-0.268344105,0.7302729079241435,6,6,-1.009717175,0.5,1
1510,C0721,7,C,7C,Hindu,Enemies,Enemy1,2,1,M,21,2,5,3,6,NA,2,6,6,6,2,NA,NA,1,NA,1,3,1,2,1,3,1,1,2,1,2,3,1,2,4,4,4,5,1,1,1,5,1,1,3,5,M,Muslim,1,1,1,1,1,1,4,1,1,2,1,4,3,4,1,1,1,1,1,1,1,5,2,6,7,6,6,1,0,C7,1.430014695808029,-1.52515796,0.24685323632332715,-0.268344105,0.7302729079241435,5,3,-0.132628239,0.5,NA
1511,C0721,7,C,7C,Hindu,Enemies,Enemy2,2,16,M,21,2,5,3,6,NA,2,6,6,6,2,NA,NA,1,NA,1,3,1,2,1,3,1,1,2,1,2,3,1,2,4,4,4,5,1,1,1,5,1,1,3,5,M,Muslim,1,1,1,1,1,1,4,1,1,1,1,4,4,4,2,2,2,2,1,1,2,5,3,7,4,5,7,1,0,C7,1.430014695808029,-1.52515796,0.24685323632332715,-0.268344105,0.7302729079241435,5,3,-0.132628239,0.5,NA
1512,C0721,7,C,7C,Hindu,Enemies,Enemy3,2,44,M,21,2,5,3,6,NA,2,6,6,6,2,NA,NA,1,NA,1,3,1,2,1,3,1,1,2,1,2,3,1,2,4,4,4,5,1,1,1,5,1,1,3,5,M,Hindu,1,1,1,1,1,1,3,1,2,1,1,4,4,3,1,1,1,1,2,1,1,5,3,7,4,7,6,1,1,C7,1.430014695808029,-1.52515796,0.24685323632332715,-0.268344105,0.7302729079241435,5,3,-0.132628239,0.5,NA
1513,C0721,7,C,7C,Hindu,Enemies,Enemy4,2,45,M,21,2,5,3,6,NA,2,6,6,6,2,NA,NA,1,NA,1,3,1,2,1,3,1,1,2,1,2,3,1,2,4,4,4,5,1,1,1,5,1,1,3,5,M,Muslim,1,1,1,1,1,1,3,1,1,2,1,4,1,2,1,1,1,2,1,1,1,3,5,4,4,4,3,1,0,C7,1.430014695808029,-1.52515796,0.24685323632332715,-0.268344105,0.7302729079241435,5,3,-0.132628239,0.5,NA
1514,C0723,7,C,7C,Muslim,Enemies,Enemy1,2,49,M,23,2,7,4,7,5,7,7,7,4,4,7,7,7,Jamati,1,1,1,1,1,1,1,2,4,1,1,1,2,1,4,4,4,2,2,2,2,1,1,2,3,5,F,Hindu,3,2,2,1,2,1,1,1,4,2,1,4,2,2,2,1,1,2,1,1,1,3,3,1,7,7,6,0,0,C7,1.430014695808029,-1.52515796,0.24685323632332715,-0.268344105,0.7302729079241435,7,4,0.30591622948642044,0.5,2
1515,C0723,7,C,7C,Muslim,Enemies,Enemy2,2,55,M,23,2,7,4,7,5,7,7,7,4,4,7,7,7,Jamati,1,1,1,1,1,1,1,2,4,1,1,1,2,1,4,4,4,2,2,2,2,1,1,2,3,5,F,Hindu,3,4,1,1,2,1,3,1,1,1,2,4,3,3,3,5,3,1,1,3,3,5,3,1,7,7,4,0,0,C7,1.430014695808029,-1.52515796,0.24685323632332715,-0.268344105,0.7302729079241435,7,4,0.30591622948642044,0.5,2
1516,C0723,7,C,7C,Muslim,Enemies,Enemy3,2,58,M,23,2,7,4,7,5,7,7,7,4,4,7,7,7,Jamati,1,1,1,1,1,1,1,2,4,1,1,1,2,1,4,4,4,2,2,2,2,1,1,2,3,5,F,Hindu,1,2,1,1,1,1,4,1,1,5,1,4,4,3,2,3,2,3,2,2,1,1,5,1,7,7,5,0,0,C7,1.430014695808029,-1.52515796,0.24685323632332715,-0.268344105,0.7302729079241435,7,4,0.30591622948642044,0.5,2
1517,C0728,7,C,7C,Muslim,Enemies,Enemy1,2,1,M,28,4,7,1,7,4,7,7,7,5,7,7,1,7,Jamati,1,1,1,1,1,1,1,4,2,1,1,1,2,1,4,4,7,5,NA,1,1,1,1,1,1,1,M,Muslim,1,1,1,1,1,1,4,1,1,2,1,4,3,4,1,1,1,1,1,1,1,5,2,6,7,6,6,1,1,C7,1.430014695808029,-1.52515796,0.24685323632332715,-0.268344105,0.7302729079241435,7,1,1.621549634144792,0.5,3
1518,C0728,7,C,7C,Muslim,Enemies,Enemy2,2,7,M,28,4,7,1,7,4,7,7,7,5,7,7,1,7,Jamati,1,1,1,1,1,1,1,4,2,1,1,1,2,1,4,4,7,5,NA,1,1,1,1,1,1,1,M,Muslim,1,1,1,2,1,1,3,1,1,1,1,4,3,4,1,1,1,1,2,1,1,5,1,7,1,6,7,1,1,C7,1.430014695808029,-1.52515796,0.24685323632332715,-0.268344105,0.7302729079241435,7,1,1.621549634144792,0.5,3
1519,C0728,7,C,7C,Muslim,Enemies,Enemy3,2,11,M,28,4,7,1,7,4,7,7,7,5,7,7,1,7,Jamati,1,1,1,1,1,1,1,4,2,1,1,1,2,1,4,4,7,5,NA,1,1,1,1,1,1,1,M,other,3,2,2,2,2,1,3,1,4,4,1,4,3,6,3,1,2,3,1,1,1,3,5,7,7,7,3,1,0,C7,1.430014695808029,-1.52515796,0.24685323632332715,-0.268344105,0.7302729079241435,7,1,1.621549634144792,0.5,3
1520,C0728,7,C,7C,Muslim,Enemies,Enemy4,2,19,M,28,4,7,1,7,4,7,7,7,5,7,7,1,7,Jamati,1,1,1,1,1,1,1,4,2,1,1,1,2,1,4,4,7,5,NA,1,1,1,1,1,1,1,M,Hindu,1,1,1,1,1,1,4,1,4,4,1,4,2,1,1,1,1,1,1,1,1,5,5,7,7,7,5,1,0,C7,1.430014695808029,-1.52515796,0.24685323632332715,-0.268344105,0.7302729079241435,7,1,1.621549634144792,0.5,3
1521,C0728,7,C,7C,Muslim,Enemies,Enemy5,2,23,M,28,4,7,1,7,4,7,7,7,5,7,7,1,7,Jamati,1,1,1,1,1,1,1,4,2,1,1,1,2,1,4,4,7,5,NA,1,1,1,1,1,1,1,M,Muslim,1,1,1,1,1,1,4,1,1,1,1,4,4,4,2,2,2,2,1,1,2,3,5,7,4,5,7,1,1,C7,1.430014695808029,-1.52515796,0.24685323632332715,-0.268344105,0.7302729079241435,7,1,1.621549634144792,0.5,3
1522,C0728,7,C,7C,Muslim,Enemies,Enemy6,2,32,M,28,4,7,1,7,4,7,7,7,5,7,7,1,7,Jamati,1,1,1,1,1,1,1,4,2,1,1,1,2,1,4,4,7,5,NA,1,1,1,1,1,1,1,M,Hindu,1,4,1,1,1,1,3,1,2,1,1,4,3,3,2,2,2,2,2,3,3,3,5,6,4,6,6,1,0,C7,1.430014695808029,-1.52515796,0.24685323632332715,-0.268344105,0.7302729079241435,7,1,1.621549634144792,0.5,3
1523,C0728,7,C,7C,Muslim,Enemies,Enemy7,2,33,M,28,4,7,1,7,4,7,7,7,5,7,7,1,7,Jamati,1,1,1,1,1,1,1,4,2,1,1,1,2,1,4,4,7,5,NA,1,1,1,1,1,1,1,M,Muslim,1,2,1,1,1,1,NA,1,1,NA,1,4,3,3,2,1,1,2,1,1,2,3,4,7,6,6,7,1,1,C7,1.430014695808029,-1.52515796,0.24685323632332715,-0.268344105,0.7302729079241435,7,1,1.621549634144792,0.5,3
1524,C0729,7,C,7C,Hindu,Enemies,Enemy1,2,55,M,29,4,7,1,6,7,2,7,7,6,6,4,4,8,NA,1,1,1,1,2,1,2,4,4,1,5,2,1,1,4,4,2,3,3,2,1,2,1,1,5,1,F,Hindu,3,4,1,1,2,1,3,1,1,1,2,4,3,3,3,5,3,1,1,3,3,5,3,1,7,7,4,0,1,C7,1.430014695808029,-1.52515796,0.24685323632332715,-0.268344105,0.7302729079241435,7,1,1.621549634144792,0.5,5
1525,C0729,7,C,7C,Hindu,Enemies,Enemy2,2,58,M,29,4,7,1,6,7,2,7,7,6,6,4,4,8,NA,1,1,1,1,2,1,2,4,4,1,5,2,1,1,4,4,2,3,3,2,1,2,1,1,5,1,F,Hindu,1,2,1,1,1,1,4,1,1,5,1,4,4,3,2,3,2,3,2,2,1,1,5,1,7,7,5,0,1,C7,1.430014695808029,-1.52515796,0.24685323632332715,-0.268344105,0.7302729079241435,7,1,1.621549634144792,0.5,5
1526,C0730,7,C,7C,Muslim,Enemies,Enemy1,2,11,M,30,5,6,2,6,5,6,6,7,4,5,6,7,7,Muslim (Sunni),1,1,1,1,2,1,3,2,2,2,1,1,2,1,3,3,4,5,4,2,2,3,2,3,1,5,M,other,3,2,2,2,2,1,3,1,4,4,1,4,3,6,3,1,2,3,1,1,1,3,5,7,7,7,3,1,0,C7,1.430014695808029,-1.52515796,0.24685323632332715,-0.268344105,0.7302729079241435,6,2,0.7444606977058776,0.5,1
1527,C0730,7,C,7C,Muslim,Enemies,Enemy2,2,13,M,30,5,6,2,6,5,6,6,7,4,5,6,7,7,Muslim (Sunni),1,1,1,1,2,1,3,2,2,2,1,1,2,1,3,3,4,5,4,2,2,3,2,3,1,5,M,Hindu,1,1,1,1,1,1,4,1,4,2,1,NA,2,4,3,3,2,2,2,1,1,5,1,7,1,7,4,1,0,C7,1.430014695808029,-1.52515796,0.24685323632332715,-0.268344105,0.7302729079241435,6,2,0.7444606977058776,0.5,1
1528,C0730,7,C,7C,Muslim,Enemies,Enemy3,2,47,M,30,5,6,2,6,5,6,6,7,4,5,6,7,7,Muslim (Sunni),1,1,1,1,2,1,3,2,2,2,1,1,2,1,3,3,4,5,4,2,2,3,2,3,1,5,F,Christian,1,NA,2,1,1,1,3,2,3,2,1,4,4,4,1,1,1,1,1,1,1,5,3,6,7,5,5,0,0,C7,1.430014695808029,-1.52515796,0.24685323632332715,-0.268344105,0.7302729079241435,6,2,0.7444606977058776,0.5,1
1529,C0730,7,C,7C,Muslim,Enemies,Enemy4,2,55,M,30,5,6,2,6,5,6,6,7,4,5,6,7,7,Muslim (Sunni),1,1,1,1,2,1,3,2,2,2,1,1,2,1,3,3,4,5,4,2,2,3,2,3,1,5,F,Hindu,3,4,1,1,2,1,3,1,1,1,2,4,3,3,3,5,3,1,1,3,3,5,3,1,7,7,4,0,0,C7,1.430014695808029,-1.52515796,0.24685323632332715,-0.268344105,0.7302729079241435,6,2,0.7444606977058776,0.5,1
1530,C0730,7,C,7C,Muslim,Enemies,Enemy5,2,58,M,30,5,6,2,6,5,6,6,7,4,5,6,7,7,Muslim (Sunni),1,1,1,1,2,1,3,2,2,2,1,1,2,1,3,3,4,5,4,2,2,3,2,3,1,5,F,Hindu,1,2,1,1,1,1,4,1,1,5,1,4,4,3,2,3,2,3,2,2,1,1,5,1,7,7,5,0,0,C7,1.430014695808029,-1.52515796,0.24685323632332715,-0.268344105,0.7302729079241435,6,2,0.7444606977058776,0.5,1
1531,C0731,7,C,7C,Hindu,Enemies,Enemy1,2,11,M,31,2,7,6,3,7,5,7,7,5,6,6,5,NA,NA,1,1,1,2,3,2,1,1,2,1,1,4,1,1,4,5,4,1,1,2,3,1,2,1,5,1,M,other,3,2,2,2,2,1,3,1,4,4,1,4,3,6,3,1,2,3,1,1,1,3,5,7,7,7,3,1,0,C7,1.430014695808029,-1.52515796,0.24685323632332715,-0.268344105,0.7302729079241435,7,6,-0.571172707,0.5,2
1532,C0732,7,C,7C,Hindu,Enemies,Enemy1,2,1,M,32,2,6,4,7,6,6,6,6,6,6,6,6,7,Chamar,1,1,4,1,1,1,1,1,3,1,2,1,1,1,4,3,3,2,2,2,2,2,3,3,3,5,M,Muslim,1,1,1,1,1,1,4,1,1,2,1,4,3,4,1,1,1,1,1,1,1,5,2,6,7,6,6,1,0,C7,1.430014695808029,-1.52515796,0.24685323632332715,-0.268344105,0.7302729079241435,6,4,-0.132628239,0.5,0
1533,C0732,7,C,7C,Hindu,Enemies,Enemy2,2,6,M,32,2,6,4,7,6,6,6,6,6,6,6,6,7,Chamar,1,1,4,1,1,1,1,1,3,1,2,1,1,1,4,3,3,2,2,2,2,2,3,3,3,5,M,Muslim,1,1,1,1,1,1,4,4,2,2,1,4,4,4,1,1,1,1,1,1,1,3,5,6,1,1,7,1,0,C7,1.430014695808029,-1.52515796,0.24685323632332715,-0.268344105,0.7302729079241435,6,4,-0.132628239,0.5,0
1534,C0732,7,C,7C,Hindu,Enemies,Enemy3,2,9,M,32,2,6,4,7,6,6,6,6,6,6,6,6,7,Chamar,1,1,4,1,1,1,1,1,3,1,2,1,1,1,4,3,3,2,2,2,2,2,3,3,3,5,M,Muslim,1,1,1,1,1,1,4,1,1,1,1,4,4,7,1,1,1,1,1,2,1,3,2,7,6,6,7,1,0,C7,1.430014695808029,-1.52515796,0.24685323632332715,-0.268344105,0.7302729079241435,6,4,-0.132628239,0.5,0
1535,C0732,7,C,7C,Hindu,Enemies,Enemy4,2,12,M,32,2,6,4,7,6,6,6,6,6,6,6,6,7,Chamar,1,1,4,1,1,1,1,1,3,1,2,1,1,1,4,3,3,2,2,2,2,2,3,3,3,5,M,Hindu,1,1,5,1,1,1,4,1,2,1,2,4,4,4,1,1,1,1,1,1,1,5,3,4,4,7,7,1,1,C7,1.430014695808029,-1.52515796,0.24685323632332715,-0.268344105,0.7302729079241435,6,4,-0.132628239,0.5,0
1536,C0732,7,C,7C,Hindu,Enemies,Enemy5,2,16,M,32,2,6,4,7,6,6,6,6,6,6,6,6,7,Chamar,1,1,4,1,1,1,1,1,3,1,2,1,1,1,4,3,3,2,2,2,2,2,3,3,3,5,M,Muslim,1,1,1,1,1,1,4,1,1,1,1,4,4,4,2,2,2,2,1,1,2,5,3,7,4,5,7,1,0,C7,1.430014695808029,-1.52515796,0.24685323632332715,-0.268344105,0.7302729079241435,6,4,-0.132628239,0.5,0
1537,C0732,7,C,7C,Hindu,Enemies,Enemy6,2,17,M,32,2,6,4,7,6,6,6,6,6,6,6,6,7,Chamar,1,1,4,1,1,1,1,1,3,1,2,1,1,1,4,3,3,2,2,2,2,2,3,3,3,5,M,Muslim,1,1,1,1,1,1,1,1,3,1,2,3,2,3,2,2,1,2,5,3,2,1,4,6,6,5,6,1,0,C7,1.430014695808029,-1.52515796,0.24685323632332715,-0.268344105,0.7302729079241435,6,4,-0.132628239,0.5,0
1538,C0732,7,C,7C,Hindu,Enemies,Enemy7,2,25,M,32,2,6,4,7,6,6,6,6,6,6,6,6,7,Chamar,1,1,4,1,1,1,1,1,3,1,2,1,1,1,4,3,3,2,2,2,2,2,3,3,3,5,M,Muslim,1,1,3,NA,1,2,4,1,1,2,1,4,2,2,3,2,2,2,2,2,2,3,5,7,1,5,7,1,0,C7,1.430014695808029,-1.52515796,0.24685323632332715,-0.268344105,0.7302729079241435,6,4,-0.132628239,0.5,0
1539,C0734,7,C,7C,Muslim,Enemies,Enemy1,2,47,M,34,6,7,7,1,4,7,7,6,6,1,6,1,7,Sunni,1,1,1,1,1,1,1,2,3,1,1,2,2,1,4,1,7,1,1,2,3,1,1,1,2,5,F,Christian,1,NA,2,1,1,1,3,2,3,2,1,4,4,4,1,1,1,1,1,1,1,5,3,6,7,5,5,0,0,C7,1.430014695808029,-1.52515796,0.24685323632332715,-0.268344105,0.7302729079241435,7,7,-1.009717175,0.5,3
1540,C0734,7,C,7C,Muslim,Enemies,Enemy2,2,52,M,34,6,7,7,1,4,7,7,6,6,1,6,1,7,Sunni,1,1,1,1,1,1,1,2,3,1,1,2,2,1,4,1,7,1,1,2,3,1,1,1,2,5,F,Hindu,2,2,1,1,2,1,3,1,2,3,2,4,4,4,1,1,1,1,1,1,1,5,5,7,7,7,7,0,0,C7,1.430014695808029,-1.52515796,0.24685323632332715,-0.268344105,0.7302729079241435,7,7,-1.009717175,0.5,3
1541,C0734,7,C,7C,Muslim,Enemies,Enemy3,2,55,M,34,6,7,7,1,4,7,7,6,6,1,6,1,7,Sunni,1,1,1,1,1,1,1,2,3,1,1,2,2,1,4,1,7,1,1,2,3,1,1,1,2,5,F,Hindu,3,4,1,1,2,1,3,1,1,1,2,4,3,3,3,5,3,1,1,3,3,5,3,1,7,7,4,0,0,C7,1.430014695808029,-1.52515796,0.24685323632332715,-0.268344105,0.7302729079241435,7,7,-1.009717175,0.5,3
1542,C0737,7,C,7C,Hindu,Enemies,Enemy1,2,17,M,37,1,7,5,7,7,1,NA,2,7,7,6,7,8,NA,1,1,1,1,2,1,1,1,1,5,5,1,1,1,4,4,1,1,1,1,3,1,5,1,5,5,M,Muslim,1,1,1,1,1,1,1,1,3,1,2,3,2,3,2,2,1,2,5,3,2,1,4,6,6,5,6,1,0,C7,1.430014695808029,-1.52515796,0.24685323632332715,-0.268344105,0.7302729079241435,7,5,-0.132628239,0.5,6
1543,C0737,7,C,7C,Hindu,Enemies,Enemy2,2,23,M,37,1,7,5,7,7,1,NA,2,7,7,6,7,8,NA,1,1,1,1,2,1,1,1,1,5,5,1,1,1,4,4,1,1,1,1,3,1,5,1,5,5,M,Muslim,1,1,1,1,1,1,4,1,1,1,1,4,4,4,2,2,2,2,1,1,2,3,5,7,4,5,7,1,0,C7,1.430014695808029,-1.52515796,0.24685323632332715,-0.268344105,0.7302729079241435,7,5,-0.132628239,0.5,6
1544,C0737,7,C,7C,Hindu,Enemies,Enemy3,2,25,M,37,1,7,5,7,7,1,NA,2,7,7,6,7,8,NA,1,1,1,1,2,1,1,1,1,5,5,1,1,1,4,4,1,1,1,1,3,1,5,1,5,5,M,Muslim,1,1,3,NA,1,2,4,1,1,2,1,4,2,2,3,2,2,2,2,2,2,3,5,7,1,5,7,1,0,C7,1.430014695808029,-1.52515796,0.24685323632332715,-0.268344105,0.7302729079241435,7,5,-0.132628239,0.5,6
1545,C0737,7,C,7C,Hindu,Enemies,Enemy4,2,28,M,37,1,7,5,7,7,1,NA,2,7,7,6,7,8,NA,1,1,1,1,2,1,1,1,1,5,5,1,1,1,4,4,1,1,1,1,3,1,5,1,5,5,M,Muslim,1,1,1,1,1,1,2,1,1,1,1,4,4,7,5,NA,1,1,1,1,1,1,1,7,1,4,7,1,0,C7,1.430014695808029,-1.52515796,0.24685323632332715,-0.268344105,0.7302729079241435,7,5,-0.132628239,0.5,6
1546,C0737,7,C,7C,Hindu,Enemies,Enemy5,2,34,M,37,1,7,5,7,7,1,NA,2,7,7,6,7,8,NA,1,1,1,1,2,1,1,1,1,5,5,1,1,1,4,4,1,1,1,1,3,1,5,1,5,5,M,Muslim,1,1,1,1,1,1,3,1,1,2,1,4,1,7,1,1,2,3,1,1,1,2,5,7,7,4,7,1,0,C7,1.430014695808029,-1.52515796,0.24685323632332715,-0.268344105,0.7302729079241435,7,5,-0.132628239,0.5,6
1547,C0737,7,C,7C,Hindu,Enemies,Enemy6,2,35,M,37,1,7,5,7,7,1,NA,2,7,7,6,7,8,NA,1,1,1,1,2,1,1,1,1,5,5,1,1,1,4,4,1,1,1,1,3,1,5,1,5,5,M,Muslim,1,1,1,1,1,1,3,1,1,1,1,4,3,3,2,1,1,1,2,1,1,5,3,7,4,6,7,1,0,C7,1.430014695808029,-1.52515796,0.24685323632332715,-0.268344105,0.7302729079241435,7,5,-0.132628239,0.5,6
1548,C0737,7,C,7C,Hindu,Enemies,Enemy7,2,57,M,37,1,7,5,7,7,1,NA,2,7,7,6,7,8,NA,1,1,1,1,2,1,1,1,1,5,5,1,1,1,4,4,1,1,1,1,3,1,5,1,5,5,F,Muslim,1,1,2,2,1,2,4,1,1,2,1,4,3,2,1,1,1,1,1,2,1,5,3,2,7,5,7,0,0,C7,1.430014695808029,-1.52515796,0.24685323632332715,-0.268344105,0.7302729079241435,7,5,-0.132628239,0.5,6
1549,C0738,7,C,7C,Hindu,Enemies,Enemy1,2,1,M,38,3,4,4,5,7,6,6,4,4,4,4,4,3,NA,1,1,1,1,1,1,1,1,4,1,4,3,1,2,2,2,2,2,1,1,1,1,1,1,5,3,M,Muslim,1,1,1,1,1,1,4,1,1,2,1,4,3,4,1,1,1,1,1,1,1,5,2,6,7,6,6,1,0,C7,1.430014695808029,-1.52515796,0.24685323632332715,-0.268344105,0.7302729079241435,4,4,-1.009717175,0.5,1
1550,C0738,7,C,7C,Hindu,Enemies,Enemy2,2,25,M,38,3,4,4,5,7,6,6,4,4,4,4,4,3,NA,1,1,1,1,1,1,1,1,4,1,4,3,1,2,2,2,2,2,1,1,1,1,1,1,5,3,M,Muslim,1,1,3,NA,1,2,4,1,1,2,1,4,2,2,3,2,2,2,2,2,2,3,5,7,1,5,7,1,0,C7,1.430014695808029,-1.52515796,0.24685323632332715,-0.268344105,0.7302729079241435,4,4,-1.009717175,0.5,1
1551,C0738,7,C,7C,Hindu,Enemies,Enemy3,2,30,M,38,3,4,4,5,7,6,6,4,4,4,4,4,3,NA,1,1,1,1,1,1,1,1,4,1,4,3,1,2,2,2,2,2,1,1,1,1,1,1,5,3,M,Muslim,1,1,1,2,1,3,2,2,1,1,1,3,3,4,5,4,2,2,3,2,3,1,5,6,2,5,6,1,0,C7,1.430014695808029,-1.52515796,0.24685323632332715,-0.268344105,0.7302729079241435,4,4,-1.009717175,0.5,1
1552,C0740,7,C,7C,Muslim,Enemies,Enemy1,2,11,M,40,5,7,1,7,1,7,7,7,7,6,3,6,7,Sunni,1,1,1,1,1,1,1,2,3,1,1,1,2,1,4,1,7,1,1,1,1,1,1,1,5,1,M,other,3,2,2,2,2,1,3,1,4,4,1,4,3,6,3,1,2,3,1,1,1,3,5,7,7,7,3,1,0,C7,1.430014695808029,-1.52515796,0.24685323632332715,-0.268344105,0.7302729079241435,7,1,1.621549634144792,0.5,6
1553,C0740,7,C,7C,Muslim,Enemies,Enemy2,2,13,M,40,5,7,1,7,1,7,7,7,7,6,3,6,7,Sunni,1,1,1,1,1,1,1,2,3,1,1,1,2,1,4,1,7,1,1,1,1,1,1,1,5,1,M,Hindu,1,1,1,1,1,1,4,1,4,2,1,NA,2,4,3,3,2,2,2,1,1,5,1,7,1,7,4,1,0,C7,1.430014695808029,-1.52515796,0.24685323632332715,-0.268344105,0.7302729079241435,7,1,1.621549634144792,0.5,6
1554,C0740,7,C,7C,Muslim,Enemies,Enemy3,2,55,M,40,5,7,1,7,1,7,7,7,7,6,3,6,7,Sunni,1,1,1,1,1,1,1,2,3,1,1,1,2,1,4,1,7,1,1,1,1,1,1,1,5,1,F,Hindu,3,4,1,1,2,1,3,1,1,1,2,4,3,3,3,5,3,1,1,3,3,5,3,1,7,7,4,0,0,C7,1.430014695808029,-1.52515796,0.24685323632332715,-0.268344105,0.7302729079241435,7,1,1.621549634144792,0.5,6
1555,C0745,7,C,7C,Muslim,Enemies,Enemy1,2,9,M,45,1,4,4,7,4,3,7,6,4,4,7,1,7,Vohra,1,1,1,1,1,1,1,1,3,1,1,2,2,1,4,1,2,1,1,1,2,1,1,1,3,5,M,Muslim,1,1,1,1,1,1,4,1,1,1,1,4,4,7,1,1,1,1,1,2,1,3,2,7,6,6,7,1,1,C7,1.430014695808029,-1.52515796,0.24685323632332715,-0.268344105,0.7302729079241435,4,4,-1.009717175,0.5,-1
1556,C0745,7,C,7C,Muslim,Enemies,Enemy2,2,16,M,45,1,4,4,7,4,3,7,6,4,4,7,1,7,Vohra,1,1,1,1,1,1,1,1,3,1,1,2,2,1,4,1,2,1,1,1,2,1,1,1,3,5,M,Muslim,1,1,1,1,1,1,4,1,1,1,1,4,4,4,2,2,2,2,1,1,2,5,3,7,4,5,7,1,1,C7,1.430014695808029,-1.52515796,0.24685323632332715,-0.268344105,0.7302729079241435,4,4,-1.009717175,0.5,-1
1557,C0745,7,C,7C,Muslim,Enemies,Enemy3,2,17,M,45,1,4,4,7,4,3,7,6,4,4,7,1,7,Vohra,1,1,1,1,1,1,1,1,3,1,1,2,2,1,4,1,2,1,1,1,2,1,1,1,3,5,M,Muslim,1,1,1,1,1,1,1,1,3,1,2,3,2,3,2,2,1,2,5,3,2,1,4,6,6,5,6,1,1,C7,1.430014695808029,-1.52515796,0.24685323632332715,-0.268344105,0.7302729079241435,4,4,-1.009717175,0.5,-1
1558,C0745,7,C,7C,Muslim,Enemies,Enemy4,2,23,M,45,1,4,4,7,4,3,7,6,4,4,7,1,7,Vohra,1,1,1,1,1,1,1,1,3,1,1,2,2,1,4,1,2,1,1,1,2,1,1,1,3,5,M,Muslim,1,1,1,1,1,1,4,1,1,1,1,4,4,4,2,2,2,2,1,1,2,3,5,7,4,5,7,1,1,C7,1.430014695808029,-1.52515796,0.24685323632332715,-0.268344105,0.7302729079241435,4,4,-1.009717175,0.5,-1
1559,C0751,7,C,7C,Muslim,Enemies,Enemy1,2,18,F,51,2,6,7,6,6,7,6,7,6,6,6,6,7,Sunni,2,1,1,1,2,1,1,2,3,1,1,1,2,1,4,2,6,1,1,1,2,1,1,4,5,3,M,Hindu,1,1,1,3,1,1,1,5,5,1,1,4,4,1,1,1,1,3,1,5,1,5,5,7,6,7,1,0,0,C7,1.430014695808029,-1.52515796,0.24685323632332715,-0.268344105,0.7302729079241435,7,6,-0.571172707,0.5,1
1560,C0751,7,C,7C,Muslim,Enemies,Enemy2,2,31,F,51,2,6,7,6,6,7,6,7,6,6,6,6,7,Sunni,2,1,1,1,2,1,1,2,3,1,1,1,2,1,4,2,6,1,1,1,2,1,1,4,5,3,M,Hindu,1,1,2,3,2,1,2,1,1,4,1,4,5,4,1,1,2,3,1,2,1,5,1,7,6,7,5,0,0,C7,1.430014695808029,-1.52515796,0.24685323632332715,-0.268344105,0.7302729079241435,7,6,-0.571172707,0.5,1
1561,C0751,7,C,7C,Muslim,Enemies,Enemy3,2,37,F,51,2,6,7,6,6,7,6,7,6,6,6,6,7,Sunni,2,1,1,1,2,1,1,2,3,1,1,1,2,1,4,2,6,1,1,1,2,1,1,4,5,3,M,Hindu,1,1,1,2,1,1,1,5,5,1,1,4,4,1,1,1,1,3,1,5,1,5,5,7,5,7,1,0,0,C7,1.430014695808029,-1.52515796,0.24685323632332715,-0.268344105,0.7302729079241435,7,6,-0.571172707,0.5,1
1562,C0751,7,C,7C,Muslim,Enemies,Enemy4,2,45,F,51,2,6,7,6,6,7,6,7,6,6,6,6,7,Sunni,2,1,1,1,2,1,1,2,3,1,1,1,2,1,4,2,6,1,1,1,2,1,1,4,5,3,M,Muslim,1,1,1,1,1,1,3,1,1,2,1,4,1,2,1,1,1,2,1,1,1,3,5,4,4,4,3,0,1,C7,1.430014695808029,-1.52515796,0.24685323632332715,-0.268344105,0.7302729079241435,7,6,-0.571172707,0.5,1
1563,C0753,7,C,7C,Muslim,Enemies,Enemy1,2,55,F,53,1,7,7,7,4,7,7,4,4,4,4,4,7,Sunni + Jamati,2,1,1,1,1,1,1,1,1,1,1,1,2,1,4,5,7,1,1,1,1,1,1,1,1,4,F,Hindu,3,4,1,1,2,1,3,1,1,1,2,4,3,3,3,5,3,1,1,3,3,5,3,1,7,7,4,1,0,C7,1.430014695808029,-1.52515796,0.24685323632332715,-0.268344105,0.7302729079241435,7,7,-1.009717175,0.5,3
1564,C0753,7,C,7C,Muslim,Enemies,Enemy2,2,64,F,53,1,7,7,7,4,7,7,4,4,4,4,4,7,Sunni + Jamati,2,1,1,1,1,1,1,1,1,1,1,1,2,1,4,5,7,1,1,1,1,1,1,1,1,4,F,Hindu,3,1,1,1,1,1,3,1,4,1,2,4,3,3,1,1,1,1,1,1,1,5,5,4,7,7,7,1,0,C7,1.430014695808029,-1.52515796,0.24685323632332715,-0.268344105,0.7302729079241435,7,7,-1.009717175,0.5,3
1565,C0755,7,C,7C,Hindu,Enemies,Enemy1,2,6,F,55,1,1,7,6,7,4,4,7,6,4,5,6,2,NA,2,3,4,1,1,2,1,4,3,1,1,1,1,2,4,3,3,3,5,3,1,1,3,3,5,3,M,Muslim,1,1,1,1,1,1,4,4,2,2,1,4,4,4,1,1,1,1,1,1,1,3,5,6,1,1,7,0,0,C7,1.430014695808029,-1.52515796,0.24685323632332715,-0.268344105,0.7302729079241435,7,1,1.621549634144792,0.5,3
1566,C0755,7,C,7C,Hindu,Enemies,Enemy2,2,7,F,55,1,1,7,6,7,4,4,7,6,4,5,6,2,NA,2,3,4,1,1,2,1,4,3,1,1,1,1,2,4,3,3,3,5,3,1,1,3,3,5,3,M,Muslim,1,1,1,2,1,1,3,1,1,1,1,4,3,4,1,1,1,1,2,1,1,5,1,7,1,6,7,0,0,C7,1.430014695808029,-1.52515796,0.24685323632332715,-0.268344105,0.7302729079241435,7,1,1.621549634144792,0.5,3
1567,C0755,7,C,7C,Hindu,Enemies,Enemy3,2,9,F,55,1,1,7,6,7,4,4,7,6,4,5,6,2,NA,2,3,4,1,1,2,1,4,3,1,1,1,1,2,4,3,3,3,5,3,1,1,3,3,5,3,M,Muslim,1,1,1,1,1,1,4,1,1,1,1,4,4,7,1,1,1,1,1,2,1,3,2,7,6,6,7,0,0,C7,1.430014695808029,-1.52515796,0.24685323632332715,-0.268344105,0.7302729079241435,7,1,1.621549634144792,0.5,3
1568,C0755,7,C,7C,Hindu,Enemies,Enemy4,2,10,F,55,1,1,7,6,7,4,4,7,6,4,5,6,2,NA,2,3,4,1,1,2,1,4,3,1,1,1,1,2,4,3,3,3,5,3,1,1,3,3,5,3,M,Muslim,1,1,1,2,1,2,2,2,1,1,1,3,3,4,5,2,2,2,3,2,3,2,4,7,2,5,7,0,0,C7,1.430014695808029,-1.52515796,0.24685323632332715,-0.268344105,0.7302729079241435,7,1,1.621549634144792,0.5,3
1569,C0755,7,C,7C,Hindu,Enemies,Enemy5,2,16,F,55,1,1,7,6,7,4,4,7,6,4,5,6,2,NA,2,3,4,1,1,2,1,4,3,1,1,1,1,2,4,3,3,3,5,3,1,1,3,3,5,3,M,Muslim,1,1,1,1,1,1,4,1,1,1,1,4,4,4,2,2,2,2,1,1,2,5,3,7,4,5,7,0,0,C7,1.430014695808029,-1.52515796,0.24685323632332715,-0.268344105,0.7302729079241435,7,1,1.621549634144792,0.5,3
1570,C0755,7,C,7C,Hindu,Enemies,Enemy6,2,28,F,55,1,1,7,6,7,4,4,7,6,4,5,6,2,NA,2,3,4,1,1,2,1,4,3,1,1,1,1,2,4,3,3,3,5,3,1,1,3,3,5,3,M,Muslim,1,1,1,1,1,1,2,1,1,1,1,4,4,7,5,NA,1,1,1,1,1,1,1,7,1,4,7,0,0,C7,1.430014695808029,-1.52515796,0.24685323632332715,-0.268344105,0.7302729079241435,7,1,1.621549634144792,0.5,3
1571,C0755,7,C,7C,Hindu,Enemies,Enemy7,2,39,F,55,1,1,7,6,7,4,4,7,6,4,5,6,2,NA,2,3,4,1,1,2,1,4,3,1,1,1,1,2,4,3,3,3,5,3,1,1,3,3,5,3,M,Muslim,1,1,3,3,1,2,3,1,1,1,1,4,1,4,2,2,2,3,1,2,2,2,4,4,4,3,7,0,0,C7,1.430014695808029,-1.52515796,0.24685323632332715,-0.268344105,0.7302729079241435,7,1,1.621549634144792,0.5,3
1572,C0756,7,C,7C,Muslim,Enemies,Enemy1,2,8,F,56,1,2,7,7,1,7,7,5,2,5,7,3,7,saiyed,2,1,1,1,2,1,1,2,3,1,1,2,2,1,5,1,6,5,1,1,5,5,2,5,5,3,M,Muslim,2,2,1,1,1,1,2,1,3,1,1,4,3,4,2,1,2,1,3,1,1,3,3,6,4,6,5,0,1,C7,1.430014695808029,-1.52515796,0.24685323632332715,-0.268344105,0.7302729079241435,7,2,1.183005165925335,0.5,6
1573,C0756,7,C,7C,Muslim,Enemies,Enemy2,2,18,F,56,1,2,7,7,1,7,7,5,2,5,7,3,7,saiyed,2,1,1,1,2,1,1,2,3,1,1,2,2,1,5,1,6,5,1,1,5,5,2,5,5,3,M,Hindu,1,1,1,3,1,1,1,5,5,1,1,4,4,1,1,1,1,3,1,5,1,5,5,7,6,7,1,0,0,C7,1.430014695808029,-1.52515796,0.24685323632332715,-0.268344105,0.7302729079241435,7,2,1.183005165925335,0.5,6
1574,C0756,7,C,7C,Muslim,Enemies,Enemy3,2,36,F,56,1,2,7,7,1,7,7,5,2,5,7,3,7,saiyed,2,1,1,1,2,1,1,2,3,1,1,2,2,1,5,1,6,5,1,1,5,5,2,5,5,3,M,other,1,1,2,2,1,2,3,1,1,2,2,3,2,2,2,1,2,2,1,1,1,4,2,6,3,4,4,0,0,C7,1.430014695808029,-1.52515796,0.24685323632332715,-0.268344105,0.7302729079241435,7,2,1.183005165925335,0.5,6
1575,C0756,7,C,7C,Muslim,Enemies,Enemy4,2,37,F,56,1,2,7,7,1,7,7,5,2,5,7,3,7,saiyed,2,1,1,1,2,1,1,2,3,1,1,2,2,1,5,1,6,5,1,1,5,5,2,5,5,3,M,Hindu,1,1,1,2,1,1,1,5,5,1,1,4,4,1,1,1,1,3,1,5,1,5,5,7,5,7,1,0,0,C7,1.430014695808029,-1.52515796,0.24685323632332715,-0.268344105,0.7302729079241435,7,2,1.183005165925335,0.5,6
1576,C0756,7,C,7C,Muslim,Enemies,Enemy5,2,44,F,56,1,2,7,7,1,7,7,5,2,5,7,3,7,saiyed,2,1,1,1,2,1,1,2,3,1,1,2,2,1,5,1,6,5,1,1,5,5,2,5,5,3,M,Hindu,1,1,1,1,1,1,3,1,2,1,1,4,4,3,1,1,1,1,2,1,1,5,3,7,4,7,6,0,0,C7,1.430014695808029,-1.52515796,0.24685323632332715,-0.268344105,0.7302729079241435,7,2,1.183005165925335,0.5,6
1577,C0756,7,C,7C,Muslim,Enemies,Enemy6,2,64,F,56,1,2,7,7,1,7,7,5,2,5,7,3,7,saiyed,2,1,1,1,2,1,1,2,3,1,1,2,2,1,5,1,6,5,1,1,5,5,2,5,5,3,F,Hindu,3,1,1,1,1,1,3,1,4,1,2,4,3,3,1,1,1,1,1,1,1,5,5,4,7,7,7,1,0,C7,1.430014695808029,-1.52515796,0.24685323632332715,-0.268344105,0.7302729079241435,7,2,1.183005165925335,0.5,6
1578,C0756,7,C,7C,Muslim,Enemies,Enemy7,2,65,F,56,1,2,7,7,1,7,7,5,2,5,7,3,7,saiyed,2,1,1,1,2,1,1,2,3,1,1,2,2,1,5,1,6,5,1,1,5,5,2,5,5,3,F,NA,NA,NA,NA,NA,NA,NA,NA,NA,NA,NA,NA,NA,NA,NA,NA,NA,NA,NA,NA,NA,NA,NA,NA,NA,NA,NA,NA,1,NA,C7,1.430014695808029,-1.52515796,0.24685323632332715,-0.268344105,0.7302729079241435,7,2,1.183005165925335,0.5,6
1579,C0761,7,C,7C,Muslim,Enemies,Enemy1,2,9,F,61,2,5,7,6,5,7,7,7,5,6,4,3,7,Patni Sunni,2,1,2,2,1,1,1,1,4,2,1,5,2,1,4,4,4,3,3,3,1,1,1,1,5,5,M,Muslim,1,1,1,1,1,1,4,1,1,1,1,4,4,7,1,1,1,1,1,2,1,3,2,7,6,6,7,0,1,C7,1.430014695808029,-1.52515796,0.24685323632332715,-0.268344105,0.7302729079241435,7,5,-0.132628239,0.5,2
1580,C0761,7,C,7C,Muslim,Enemies,Enemy2,2,42,F,61,2,5,7,6,5,7,7,7,5,6,4,3,7,Patni Sunni,2,1,2,2,1,1,1,1,4,2,1,5,2,1,4,4,4,3,3,3,1,1,1,1,5,5,M,Hindu,1,1,1,1,1,1,3,1,5,4,1,3,3,3,1,1,1,3,1,1,2,5,5,7,6,7,6,0,0,C7,1.430014695808029,-1.52515796,0.24685323632332715,-0.268344105,0.7302729079241435,7,5,-0.132628239,0.5,2
1581,C0761,7,C,7C,Muslim,Enemies,Enemy3,2,59,F,61,2,5,7,6,5,7,7,7,5,6,4,3,7,Patni Sunni,2,1,2,2,1,1,1,1,4,2,1,5,2,1,4,4,4,3,3,3,1,1,1,1,5,5,F,Muslim,1,1,2,1,1,1,3,1,1,1,1,4,3,3,2,1,1,1,1,1,1,5,3,4,4,4,7,1,1,C7,1.430014695808029,-1.52515796,0.24685323632332715,-0.268344105,0.7302729079241435,7,5,-0.132628239,0.5,2
1582,A0801,8,A,8A,Hindu,Enemies,Enemy1,2,6,M,1,3,5,7,4,4,6,4,5,6,5,3,4,1,NA,1,2,1,3,2,3,2,4,3,2,5,3,1,3,3,2,2,1,1,1,2,2,3,1,5,2,M,Hindu,4,2,4,2,2,1,3,1,5,2,1,NA,4,4,2,1,1,1,1,3,1,5,2,6,5,6,5,1,1,A8,1.0773946096963465,1.9864563908995143,1.0033785774933246,-1.212915355,-0.082956251,5,7,-1.886806112,1.5,-2
1583,A0801,8,A,8A,Hindu,Enemies,Enemy2,2,8,M,1,3,5,7,4,4,6,4,5,6,5,3,4,1,NA,1,2,1,3,2,3,2,4,3,2,5,3,1,3,3,2,2,1,1,1,2,2,3,1,5,2,M,Muslim,2,1,3,1,2,2,1,1,1,2,2,4,3,3,2,1,1,2,1,2,2,5,3,6,4,6,7,1,0,A8,1.0773946096963465,1.9864563908995143,1.0033785774933246,-1.212915355,-0.082956251,5,7,-1.886806112,1.5,-2
1584,A0801,8,A,8A,Hindu,Enemies,Enemy3,2,14,M,1,3,5,7,4,4,6,4,5,6,5,3,4,1,NA,1,2,1,3,2,3,2,4,3,2,5,3,1,3,3,2,2,1,1,1,2,2,3,1,5,2,M,Hindu,1,1,1,1,3,1,3,1,5,2,2,3,1,1,3,1,2,4,1,2,1,5,4,6,6,6,4,1,1,A8,1.0773946096963465,1.9864563908995143,1.0033785774933246,-1.212915355,-0.082956251,5,7,-1.886806112,1.5,-2
1585,A0801,8,A,8A,Hindu,Enemies,Enemy4,2,15,M,1,3,5,7,4,4,6,4,5,6,5,3,4,1,NA,1,2,1,3,2,3,2,4,3,2,5,3,1,3,3,2,2,1,1,1,2,2,3,1,5,2,M,Hindu,3,1,2,1,3,1,3,1,4,2,1,4,4,4,2,1,1,3,1,2,1,5,4,7,4,7,6,1,1,A8,1.0773946096963465,1.9864563908995143,1.0033785774933246,-1.212915355,-0.082956251,5,7,-1.886806112,1.5,-2
1586,A0801,8,A,8A,Hindu,Enemies,Enemy5,2,17,M,1,3,5,7,4,4,6,4,5,6,5,3,4,1,NA,1,2,1,3,2,3,2,4,3,2,5,3,1,3,3,2,2,1,1,1,2,2,3,1,5,2,M,NA,NA,NA,NA,NA,NA,NA,NA,NA,NA,NA,NA,NA,NA,NA,NA,NA,NA,NA,NA,NA,NA,NA,NA,NA,NA,NA,NA,1,NA,A8,1.0773946096963465,1.9864563908995143,1.0033785774933246,-1.212915355,-0.082956251,5,7,-1.886806112,1.5,-2
1587,A0801,8,A,8A,Hindu,Enemies,Enemy6,2,18,M,1,3,5,7,4,4,6,4,5,6,5,3,4,1,NA,1,2,1,3,2,3,2,4,3,2,5,3,1,3,3,2,2,1,1,1,2,2,3,1,5,2,M,Hindu,1,1,2,2,1,1,4,1,4,3,2,4,1,1,2,2,2,3,2,1,1,5,2,7,5,6,6,1,1,A8,1.0773946096963465,1.9864563908995143,1.0033785774933246,-1.212915355,-0.082956251,5,7,-1.886806112,1.5,-2
1588,A0802,8,A,8A,Muslim,Enemies,Enemy1,2,22,M,2,4,7,7,7,7,7,4,7,6,7,7,6,7,Alvi Vohra,1,4,1,2,1,2,1,1,1,1,1,1,2,2,4,2,2,1,1,1,1,1,4,1,5,3,M,Hindu,2,1,3,2,1,2,1,1,1,3,2,3,3,3,2,2,1,1,3,1,1,5,3,7,7,7,6,1,0,A8,1.0773946096963465,1.9864563908995143,1.0033785774933246,-1.212915355,-0.082956251,7,7,-1.009717175,1.5,0
1589,A0802,8,A,8A,Muslim,Enemies,Enemy2,2,33,M,2,4,7,7,7,7,7,4,7,6,7,7,6,7,Alvi Vohra,1,4,1,2,1,2,1,1,1,1,1,1,2,2,4,2,2,1,1,1,1,1,4,1,5,3,M,NA,NA,NA,NA,NA,NA,NA,NA,NA,NA,NA,NA,NA,NA,NA,NA,NA,NA,NA,NA,NA,NA,NA,NA,NA,NA,NA,NA,1,NA,A8,1.0773946096963465,1.9864563908995143,1.0033785774933246,-1.212915355,-0.082956251,7,7,-1.009717175,1.5,0
1590,A0803,8,A,8A,Muslim,Enemies,Enemy1,2,1,M,3,4,7,5,6,6,6,6,6,6,6,6,6,6,NA,1,1,1,1,1,1,1,1,3,1,1,1,2,1,4,4,4,2,1,1,2,1,1,1,5,5,M,Hindu,2,1,3,2,3,2,3,2,5,3,3,3,2,2,1,1,1,2,2,3,1,5,2,5,7,4,6,1,0,A8,1.0773946096963465,1.9864563908995143,1.0033785774933246,-1.212915355,-0.082956251,7,5,-0.132628239,1.5,0
1591,A0803,8,A,8A,Muslim,Enemies,Enemy2,2,5,M,3,4,7,5,6,6,6,6,6,6,6,6,6,6,NA,1,1,1,1,1,1,1,1,3,1,1,1,2,1,4,4,4,2,1,1,2,1,1,1,5,5,M,NA,NA,NA,NA,NA,NA,NA,NA,NA,NA,NA,NA,NA,NA,NA,NA,NA,NA,NA,NA,NA,NA,NA,NA,NA,NA,NA,NA,1,NA,A8,1.0773946096963465,1.9864563908995143,1.0033785774933246,-1.212915355,-0.082956251,7,5,-0.132628239,1.5,0
1592,A0803,8,A,8A,Muslim,Enemies,Enemy3,2,6,M,3,4,7,5,6,6,6,6,6,6,6,6,6,6,NA,1,1,1,1,1,1,1,1,3,1,1,1,2,1,4,4,4,2,1,1,2,1,1,1,5,5,M,Hindu,4,2,4,2,2,1,3,1,5,2,1,NA,4,4,2,1,1,1,1,3,1,5,2,6,5,6,5,1,0,A8,1.0773946096963465,1.9864563908995143,1.0033785774933246,-1.212915355,-0.082956251,7,5,-0.132628239,1.5,0
1593,A0803,8,A,8A,Muslim,Enemies,Enemy4,2,13,M,3,4,7,5,6,6,6,6,6,6,6,6,6,6,NA,1,1,1,1,1,1,1,1,3,1,1,1,2,1,4,4,4,2,1,1,2,1,1,1,5,5,M,Hindu,1,1,2,1,2,1,3,1,1,2,1,4,4,4,1,1,1,2,2,1,1,4,2,7,1,7,5,1,0,A8,1.0773946096963465,1.9864563908995143,1.0033785774933246,-1.212915355,-0.082956251,7,5,-0.132628239,1.5,0
1594,A0803,8,A,8A,Muslim,Enemies,Enemy5,2,35,M,3,4,7,5,6,6,6,6,6,6,6,6,6,6,NA,1,1,1,1,1,1,1,1,3,1,1,1,2,1,4,4,4,2,1,1,2,1,1,1,5,5,M,Hindu,1,1,1,2,1,1,3,1,2,1,1,4,4,4,5,1,1,2,2,2,1,4,4,7,1,7,5,1,0,A8,1.0773946096963465,1.9864563908995143,1.0033785774933246,-1.212915355,-0.082956251,7,5,-0.132628239,1.5,0
1595,A0803,8,A,8A,Muslim,Enemies,Enemy6,2,39,M,3,4,7,5,6,6,6,6,6,6,6,6,6,6,NA,1,1,1,1,1,1,1,1,3,1,1,1,2,1,4,4,4,2,1,1,2,1,1,1,5,5,M,Hindu,2,1,3,1,2,1,4,1,5,2,2,4,3,3,1,1,1,3,2,1,1,1,2,5,4,6,6,1,0,A8,1.0773946096963465,1.9864563908995143,1.0033785774933246,-1.212915355,-0.082956251,7,5,-0.132628239,1.5,0
1596,A0803,8,A,8A,Muslim,Enemies,Enemy7,2,31,M,3,4,7,5,6,6,6,6,6,6,6,6,6,6,NA,1,1,1,1,1,1,1,1,3,1,1,1,2,1,4,4,4,2,1,1,2,1,1,1,5,5,M,Hindu,1,1,1,1,1,1,3,2,4,3,2,4,4,3,2,2,1,1,1,1,1,5,5,6,6,7,4,1,0,A8,1.0773946096963465,1.9864563908995143,1.0033785774933246,-1.212915355,-0.082956251,7,5,-0.132628239,1.5,0
1597,A0804,8,A,8A,Hindu,Enemies,Enemy1,2,5,M,4,3,7,6,5,7,5,6,7,6,6,4,6,8,NA,1,1,1,2,1,2,1,1,3,2,3,2,1,1,4,3,3,1,1,1,2,1,3,1,5,4,M,NA,NA,NA,NA,NA,NA,NA,NA,NA,NA,NA,NA,NA,NA,NA,NA,NA,NA,NA,NA,NA,NA,NA,NA,NA,NA,NA,NA,1,NA,A8,1.0773946096963465,1.9864563908995143,1.0033785774933246,-1.212915355,-0.082956251,7,6,-0.571172707,1.5,2
1598,A0804,8,A,8A,Hindu,Enemies,Enemy2,2,13,M,4,3,7,6,5,7,5,6,7,6,6,4,6,8,NA,1,1,1,2,1,2,1,1,3,2,3,2,1,1,4,3,3,1,1,1,2,1,3,1,5,4,M,Hindu,1,1,2,1,2,1,3,1,1,2,1,4,4,4,1,1,1,2,2,1,1,4,2,7,1,7,5,1,1,A8,1.0773946096963465,1.9864563908995143,1.0033785774933246,-1.212915355,-0.082956251,7,6,-0.571172707,1.5,2
1599,A0806,8,A,8A,Hindu,Enemies,Enemy1,2,2,M,6,5,6,5,4,6,5,6,6,7,7,5,3,2,NA,1,4,2,4,2,2,1,1,3,1,5,2,1,1,NA,4,4,2,1,1,1,1,3,1,5,2,M,Muslim,4,1,2,1,2,1,1,1,1,1,2,4,2,2,1,1,1,1,1,4,1,5,3,7,7,7,7,1,0,A8,1.0773946096963465,1.9864563908995143,1.0033785774933246,-1.212915355,-0.082956251,6,5,-0.571172707,1.5,1
1600,A0806,8,A,8A,Hindu,Enemies,Enemy2,2,3,M,6,5,6,5,4,6,5,6,6,7,7,5,3,2,NA,1,4,2,4,2,2,1,1,3,1,5,2,1,1,NA,4,4,2,1,1,1,1,3,1,5,2,M,Muslim,1,1,1,1,1,1,3,1,1,1,1,4,4,4,2,1,1,2,1,1,1,5,5,7,5,6,6,1,0,A8,1.0773946096963465,1.9864563908995143,1.0033785774933246,-1.212915355,-0.082956251,6,5,-0.571172707,1.5,1
1601,A0806,8,A,8A,Hindu,Enemies,Enemy3,2,21,M,6,5,6,5,4,6,5,6,6,7,7,5,3,2,NA,1,4,2,4,2,2,1,1,3,1,5,2,1,1,NA,4,4,2,1,1,1,1,3,1,5,2,M,Hindu,2,2,3,4,3,1,3,2,5,3,3,4,2,2,1,1,1,3,1,1,1,5,3,7,7,6,6,1,1,A8,1.0773946096963465,1.9864563908995143,1.0033785774933246,-1.212915355,-0.082956251,6,5,-0.571172707,1.5,1
1602,A0806,8,A,8A,Hindu,Enemies,Enemy4,2,22,M,6,5,6,5,4,6,5,6,6,7,7,5,3,2,NA,1,4,2,4,2,2,1,1,3,1,5,2,1,1,NA,4,4,2,1,1,1,1,3,1,5,2,M,Hindu,2,1,3,2,1,2,1,1,1,3,2,3,3,3,2,2,1,1,3,1,1,5,3,7,7,7,6,1,1,A8,1.0773946096963465,1.9864563908995143,1.0033785774933246,-1.212915355,-0.082956251,6,5,-0.571172707,1.5,1
1603,A0806,8,A,8A,Hindu,Enemies,Enemy5,2,32,M,6,5,6,5,4,6,5,6,6,7,7,5,3,2,NA,1,4,2,4,2,2,1,1,3,1,5,2,1,1,NA,4,4,2,1,1,1,1,3,1,5,2,M,Hindu,1,1,1,1,1,2,4,1,4,3,1,5,5,5,2,1,1,4,1,1,1,5,4,7,4,7,7,1,1,A8,1.0773946096963465,1.9864563908995143,1.0033785774933246,-1.212915355,-0.082956251,6,5,-0.571172707,1.5,1
1604,A0806,8,A,8A,Hindu,Enemies,Enemy6,2,33,M,6,5,6,5,4,6,5,6,6,7,7,5,3,2,NA,1,4,2,4,2,2,1,1,3,1,5,2,1,1,NA,4,4,2,1,1,1,1,3,1,5,2,M,NA,NA,NA,NA,NA,NA,NA,NA,NA,NA,NA,NA,NA,NA,NA,NA,NA,NA,NA,NA,NA,NA,NA,NA,NA,NA,NA,NA,1,NA,A8,1.0773946096963465,1.9864563908995143,1.0033785774933246,-1.212915355,-0.082956251,6,5,-0.571172707,1.5,1
1605,A0806,8,A,8A,Hindu,Enemies,Enemy7,2,34,M,6,5,6,5,4,6,5,6,6,7,7,5,3,2,NA,1,4,2,4,2,2,1,1,3,1,5,2,1,1,NA,4,4,2,1,1,1,1,3,1,5,2,M,Muslim,1,1,2,1,1,1,1,1,1,1,1,4,3,4,2,1,1,3,1,1,1,5,3,7,1,5,7,1,0,A8,1.0773946096963465,1.9864563908995143,1.0033785774933246,-1.212915355,-0.082956251,6,5,-0.571172707,1.5,1
1606,A0807,8,A,8A,Hindu,Enemies,Enemy1,2,24,M,7,4,7,7,5,6,6,6,6,6,6,5,4,2,NA,1,5,1,2,1,4,1,4,1,1,3,2,1,1,3,2,2,1,1,1,2,1,2,1,5,2,M,Hindu,3,2,1,1,2,1,4,1,2,1,2,4,2,1,2,1,2,3,1,3,1,3,1,7,2,7,5,1,1,A8,1.0773946096963465,1.9864563908995143,1.0033785774933246,-1.212915355,-0.082956251,7,7,-1.009717175,1.5,0
1607,A0807,8,A,8A,Hindu,Enemies,Enemy2,2,33,M,7,4,7,7,5,6,6,6,6,6,6,5,4,2,NA,1,5,1,2,1,4,1,4,1,1,3,2,1,1,3,2,2,1,1,1,2,1,2,1,5,2,M,NA,NA,NA,NA,NA,NA,NA,NA,NA,NA,NA,NA,NA,NA,NA,NA,NA,NA,NA,NA,NA,NA,NA,NA,NA,NA,NA,NA,1,NA,A8,1.0773946096963465,1.9864563908995143,1.0033785774933246,-1.212915355,-0.082956251,7,7,-1.009717175,1.5,0
1608,A0807,8,A,8A,Hindu,Enemies,Enemy3,2,35,M,7,4,7,7,5,6,6,6,6,6,6,5,4,2,NA,1,5,1,2,1,4,1,4,1,1,3,2,1,1,3,2,2,1,1,1,2,1,2,1,5,2,M,Hindu,1,1,1,2,1,1,3,1,2,1,1,4,4,4,5,1,1,2,2,2,1,4,4,7,1,7,5,1,1,A8,1.0773946096963465,1.9864563908995143,1.0033785774933246,-1.212915355,-0.082956251,7,7,-1.009717175,1.5,0
1609,A0807,8,A,8A,Hindu,Enemies,Enemy4,2,43,M,7,4,7,7,5,6,6,6,6,6,6,5,4,2,NA,1,5,1,2,1,4,1,4,1,1,3,2,1,1,3,2,2,1,1,1,2,1,2,1,5,2,F,Muslim,2,1,2,2,2,1,3,1,1,5,2,4,3,3,2,2,1,2,1,3,1,5,4,4,6,6,6,0,0,A8,1.0773946096963465,1.9864563908995143,1.0033785774933246,-1.212915355,-0.082956251,7,7,-1.009717175,1.5,0
1610,A0807,8,A,8A,Hindu,Enemies,Enemy5,2,46,M,7,4,7,7,5,6,6,6,6,6,6,5,4,2,NA,1,5,1,2,1,4,1,4,1,1,3,2,1,1,3,2,2,1,1,1,2,1,2,1,5,2,F,Muslim,2,2,2,1,2,1,4,3,1,3,2,4,4,4,2,1,1,1,1,1,2,5,5,1,7,4,4,0,0,A8,1.0773946096963465,1.9864563908995143,1.0033785774933246,-1.212915355,-0.082956251,7,7,-1.009717175,1.5,0
1611,A0807,8,A,8A,Hindu,Enemies,Enemy6,2,48,M,7,4,7,7,5,6,6,6,6,6,6,5,4,2,NA,1,5,1,2,1,4,1,4,1,1,3,2,1,1,3,2,2,1,1,1,2,1,2,1,5,2,F,NA,NA,NA,NA,NA,NA,NA,NA,NA,NA,NA,NA,NA,NA,NA,NA,NA,NA,NA,NA,NA,NA,NA,NA,NA,NA,NA,NA,0,NA,A8,1.0773946096963465,1.9864563908995143,1.0033785774933246,-1.212915355,-0.082956251,7,7,-1.009717175,1.5,0
1612,A0807,8,A,8A,Hindu,Enemies,Enemy7,2,57,M,7,4,7,7,5,6,6,6,6,6,6,5,4,2,NA,1,5,1,2,1,4,1,4,1,1,3,2,1,1,3,2,2,1,1,1,2,1,2,1,5,2,F,Hindu,4,2,3,2,2,1,3,1,5,3,2,3,2,2,1,1,1,2,1,3,1,5,3,4,5,6,4,0,1,A8,1.0773946096963465,1.9864563908995143,1.0033785774933246,-1.212915355,-0.082956251,7,7,-1.009717175,1.5,0
1613,A0808,8,A,8A,Muslim,Enemies,Enemy1,2,13,M,8,4,6,4,4,6,7,6,6,6,7,5,5,8,NA,1,2,1,3,1,2,2,2,1,1,1,2,2,2,4,3,3,2,1,1,2,1,2,2,5,3,M,Hindu,1,1,2,1,2,1,3,1,1,2,1,4,4,4,1,1,1,2,2,1,1,4,2,7,1,7,5,1,0,A8,1.0773946096963465,1.9864563908995143,1.0033785774933246,-1.212915355,-0.082956251,6,4,-0.132628239,1.5,1
1614,A0808,8,A,8A,Muslim,Enemies,Enemy2,2,20,M,8,4,6,4,4,6,7,6,6,6,7,5,5,8,NA,1,2,1,3,1,2,2,2,1,1,1,2,2,2,4,3,3,2,1,1,2,1,2,2,5,3,M,Jain,2,2,1,1,1,1,4,1,1,1,1,4,4,4,2,1,1,2,1,2,1,5,2,7,4,7,6,1,0,A8,1.0773946096963465,1.9864563908995143,1.0033785774933246,-1.212915355,-0.082956251,6,4,-0.132628239,1.5,1
1615,A0808,8,A,8A,Muslim,Enemies,Enemy3,2,33,M,8,4,6,4,4,6,7,6,6,6,7,5,5,8,NA,1,2,1,3,1,2,2,2,1,1,1,2,2,2,4,3,3,2,1,1,2,1,2,2,5,3,M,NA,NA,NA,NA,NA,NA,NA,NA,NA,NA,NA,NA,NA,NA,NA,NA,NA,NA,NA,NA,NA,NA,NA,NA,NA,NA,NA,NA,1,NA,A8,1.0773946096963465,1.9864563908995143,1.0033785774933246,-1.212915355,-0.082956251,6,4,-0.132628239,1.5,1
1616,A0809,8,A,8A,Hindu,Enemies,Enemy1,2,16,M,9,3,6,6,7,7,7,7,7,5,6,4,4,2,NA,1,1,1,1,1,1,1,1,4,1,3,2,1,1,4,4,4,3,1,1,2,1,1,1,5,2,M,Muslim,1,2,1,2,1,1,3,1,1,1,1,4,6,7,1,1,2,2,2,1,1,5,2,7,6,4,7,1,0,A8,1.0773946096963465,1.9864563908995143,1.0033785774933246,-1.212915355,-0.082956251,6,6,-1.009717175,1.5,0
1617,A0809,8,A,8A,Hindu,Enemies,Enemy2,2,18,M,9,3,6,6,7,7,7,7,7,5,6,4,4,2,NA,1,1,1,1,1,1,1,1,4,1,3,2,1,1,4,4,4,3,1,1,2,1,1,1,5,2,M,Hindu,1,1,2,2,1,1,4,1,4,3,2,4,1,1,2,2,2,3,2,1,1,5,2,7,5,6,6,1,1,A8,1.0773946096963465,1.9864563908995143,1.0033785774933246,-1.212915355,-0.082956251,6,6,-1.009717175,1.5,0
1618,A0809,8,A,8A,Hindu,Enemies,Enemy3,2,21,M,9,3,6,6,7,7,7,7,7,5,6,4,4,2,NA,1,1,1,1,1,1,1,1,4,1,3,2,1,1,4,4,4,3,1,1,2,1,1,1,5,2,M,Hindu,2,2,3,4,3,1,3,2,5,3,3,4,2,2,1,1,1,3,1,1,1,5,3,7,7,6,6,1,1,A8,1.0773946096963465,1.9864563908995143,1.0033785774933246,-1.212915355,-0.082956251,6,6,-1.009717175,1.5,0
1619,A0809,8,A,8A,Hindu,Enemies,Enemy4,2,22,M,9,3,6,6,7,7,7,7,7,5,6,4,4,2,NA,1,1,1,1,1,1,1,1,4,1,3,2,1,1,4,4,4,3,1,1,2,1,1,1,5,2,M,Hindu,2,1,3,2,1,2,1,1,1,3,2,3,3,3,2,2,1,1,3,1,1,5,3,7,7,7,6,1,1,A8,1.0773946096963465,1.9864563908995143,1.0033785774933246,-1.212915355,-0.082956251,6,6,-1.009717175,1.5,0
1620,A0809,8,A,8A,Hindu,Enemies,Enemy5,2,7,M,9,3,6,6,7,7,7,7,7,5,6,4,4,2,NA,1,1,1,1,1,1,1,1,4,1,3,2,1,1,4,4,4,3,1,1,2,1,1,1,5,2,M,Hindu,5,1,2,1,4,1,1,1,3,2,1,3,2,2,1,1,1,2,1,2,1,5,2,7,7,6,6,1,1,A8,1.0773946096963465,1.9864563908995143,1.0033785774933246,-1.212915355,-0.082956251,6,6,-1.009717175,1.5,0
1621,A0809,8,A,8A,Hindu,Enemies,Enemy6,2,28,M,9,3,6,6,7,7,7,7,7,5,6,4,4,2,NA,1,1,1,1,1,1,1,1,4,1,3,2,1,1,4,4,4,3,1,1,2,1,1,1,5,2,M,Hindu,1,2,2,2,1,1,4,1,5,3,1,4,3,2,1,2,1,1,2,2,1,5,5,7,3,7,6,1,1,A8,1.0773946096963465,1.9864563908995143,1.0033785774933246,-1.212915355,-0.082956251,6,6,-1.009717175,1.5,0
1622,A0809,8,A,8A,Hindu,Enemies,Enemy7,2,37,M,9,3,6,6,7,7,7,7,7,5,6,4,4,2,NA,1,1,1,1,1,1,1,1,4,1,3,2,1,1,4,4,4,3,1,1,2,1,1,1,5,2,M,Hindu,2,1,2,1,2,1,4,2,5,3,3,4,3,3,1,1,1,2,1,2,1,5,3,6,6,6,6,1,1,A8,1.0773946096963465,1.9864563908995143,1.0033785774933246,-1.212915355,-0.082956251,6,6,-1.009717175,1.5,0
1623,A0810,8,A,8A,Jain,Enemies,Enemy1,2,6,M,10,4,5,7,5,5,6,5,7,4,6,6,5,1,NA,1,4,4,3,1,1,1,1,4,1,1,4,3,2,5,7,6,1,1,1,2,1,5,1,5,2,M,Hindu,4,2,4,2,2,1,3,1,5,2,1,NA,4,4,2,1,1,1,1,3,1,5,2,6,5,6,5,1,0,A8,1.0773946096963465,1.9864563908995143,1.0033785774933246,-1.212915355,-0.082956251,5,7,-1.886806112,1.5,1
1624,A0810,8,A,8A,Jain,Enemies,Enemy2,2,9,M,10,4,5,7,5,5,6,5,7,4,6,6,5,1,NA,1,4,4,3,1,1,1,1,4,1,1,4,3,2,5,7,6,1,1,1,2,1,5,1,5,2,M,Hindu,1,1,1,1,1,1,4,1,3,2,1,4,4,4,3,1,1,2,1,1,1,5,2,6,6,7,7,1,0,A8,1.0773946096963465,1.9864563908995143,1.0033785774933246,-1.212915355,-0.082956251,5,7,-1.886806112,1.5,1
1625,A0810,8,A,8A,Jain,Enemies,Enemy3,2,20,M,10,4,5,7,5,5,6,5,7,4,6,6,5,1,NA,1,4,4,3,1,1,1,1,4,1,1,4,3,2,5,7,6,1,1,1,2,1,5,1,5,2,M,Jain,2,2,1,1,1,1,4,1,1,1,1,4,4,4,2,1,1,2,1,2,1,5,2,7,4,7,6,1,1,A8,1.0773946096963465,1.9864563908995143,1.0033785774933246,-1.212915355,-0.082956251,5,7,-1.886806112,1.5,1
1626,A0810,8,A,8A,Jain,Enemies,Enemy4,2,24,M,10,4,5,7,5,5,6,5,7,4,6,6,5,1,NA,1,4,4,3,1,1,1,1,4,1,1,4,3,2,5,7,6,1,1,1,2,1,5,1,5,2,M,Hindu,3,2,1,1,2,1,4,1,2,1,2,4,2,1,2,1,2,3,1,3,1,3,1,7,2,7,5,1,0,A8,1.0773946096963465,1.9864563908995143,1.0033785774933246,-1.212915355,-0.082956251,5,7,-1.886806112,1.5,1
1627,A0812,8,A,8A,other,Enemies,Enemy1,2,33,M,12,3,7,4,5,5,6,7,6,4,4,4,4,8,NA,1,1,1,2,1,1,1,1,3,1,1,2,2,2,4,3,4,2,2,1,3,2,2,2,5,3,M,NA,NA,NA,NA,NA,NA,NA,NA,NA,NA,NA,NA,NA,NA,NA,NA,NA,NA,NA,NA,NA,NA,NA,NA,NA,NA,NA,NA,1,NA,A8,1.0773946096963465,1.9864563908995143,1.0033785774933246,-1.212915355,-0.082956251,7,4,0.30591622948642044,1.5,1
1628,A0815,8,A,8A,Hindu,Enemies,Enemy1,2,21,M,15,1,7,4,5,7,6,7,7,6,7,6,7,7,NA,1,3,1,2,1,3,1,4,3,1,4,2,1,1,4,4,4,2,1,1,3,1,2,1,5,4,M,Hindu,2,2,3,4,3,1,3,2,5,3,3,4,2,2,1,1,1,3,1,1,1,5,3,7,7,6,6,1,1,A8,1.0773946096963465,1.9864563908995143,1.0033785774933246,-1.212915355,-0.082956251,7,4,0.30591622948642044,1.5,1
1629,A0815,8,A,8A,Hindu,Enemies,Enemy2,2,40,M,15,1,7,4,5,7,6,7,7,6,7,6,7,7,NA,1,3,1,2,1,3,1,4,3,1,4,2,1,1,4,4,4,2,1,1,3,1,2,1,5,4,M,Muslim,1,3,1,1,1,2,3,1,1,1,1,4,3,3,2,1,1,2,1,1,1,5,2,7,4,5,7,1,0,A8,1.0773946096963465,1.9864563908995143,1.0033785774933246,-1.212915355,-0.082956251,7,4,0.30591622948642044,1.5,1
1630,A0816,8,A,8A,Muslim,Enemies,Enemy1,2,1,M,16,3,7,6,5,4,7,7,6,5,6,6,5,NA,Sulaimani,1,1,2,1,2,1,1,4,3,1,1,1,2,1,4,6,7,1,1,2,2,2,1,1,5,2,M,Hindu,2,1,3,2,3,2,3,2,5,3,3,3,2,2,1,1,1,2,2,3,1,5,2,5,7,4,6,1,0,A8,1.0773946096963465,1.9864563908995143,1.0033785774933246,-1.212915355,-0.082956251,7,6,-0.571172707,1.5,3
1631,A0816,8,A,8A,Muslim,Enemies,Enemy2,2,5,M,16,3,7,6,5,4,7,7,6,5,6,6,5,NA,Sulaimani,1,1,2,1,2,1,1,4,3,1,1,1,2,1,4,6,7,1,1,2,2,2,1,1,5,2,M,NA,NA,NA,NA,NA,NA,NA,NA,NA,NA,NA,NA,NA,NA,NA,NA,NA,NA,NA,NA,NA,NA,NA,NA,NA,NA,NA,NA,1,NA,A8,1.0773946096963465,1.9864563908995143,1.0033785774933246,-1.212915355,-0.082956251,7,6,-0.571172707,1.5,3
1632,A0816,8,A,8A,Muslim,Enemies,Enemy3,2,11,M,16,3,7,6,5,4,7,7,6,5,6,6,5,NA,Sulaimani,1,1,2,1,2,1,1,4,3,1,1,1,2,1,4,6,7,1,1,2,2,2,1,1,5,2,M,Hindu,1,1,3,1,1,1,3,1,4,2,3,6,4,4,3,1,2,2,3,1,2,5,2,6,4,7,5,1,0,A8,1.0773946096963465,1.9864563908995143,1.0033785774933246,-1.212915355,-0.082956251,7,6,-0.571172707,1.5,3
1633,A0816,8,A,8A,Muslim,Enemies,Enemy4,2,12,M,16,3,7,6,5,4,7,7,6,5,6,6,5,NA,Sulaimani,1,1,2,1,2,1,1,4,3,1,1,1,2,1,4,6,7,1,1,2,2,2,1,1,5,2,M,other,1,1,2,1,1,1,3,1,1,2,2,4,3,4,2,2,1,3,2,2,2,5,3,7,4,5,6,1,0,A8,1.0773946096963465,1.9864563908995143,1.0033785774933246,-1.212915355,-0.082956251,7,6,-0.571172707,1.5,3
1634,A0816,8,A,8A,Muslim,Enemies,Enemy5,2,32,M,16,3,7,6,5,4,7,7,6,5,6,6,5,NA,Sulaimani,1,1,2,1,2,1,1,4,3,1,1,1,2,1,4,6,7,1,1,2,2,2,1,1,5,2,M,Hindu,1,1,1,1,1,2,4,1,4,3,1,5,5,5,2,1,1,4,1,1,1,5,4,7,4,7,7,1,0,A8,1.0773946096963465,1.9864563908995143,1.0033785774933246,-1.212915355,-0.082956251,7,6,-0.571172707,1.5,3
1635,A0816,8,A,8A,Muslim,Enemies,Enemy6,2,33,M,16,3,7,6,5,4,7,7,6,5,6,6,5,NA,Sulaimani,1,1,2,1,2,1,1,4,3,1,1,1,2,1,4,6,7,1,1,2,2,2,1,1,5,2,M,NA,NA,NA,NA,NA,NA,NA,NA,NA,NA,NA,NA,NA,NA,NA,NA,NA,NA,NA,NA,NA,NA,NA,NA,NA,NA,NA,NA,1,NA,A8,1.0773946096963465,1.9864563908995143,1.0033785774933246,-1.212915355,-0.082956251,7,6,-0.571172707,1.5,3
1636,A0816,8,A,8A,Muslim,Enemies,Enemy7,2,40,M,16,3,7,6,5,4,7,7,6,5,6,6,5,NA,Sulaimani,1,1,2,1,2,1,1,4,3,1,1,1,2,1,4,6,7,1,1,2,2,2,1,1,5,2,M,Muslim,1,3,1,1,1,2,3,1,1,1,1,4,3,3,2,1,1,2,1,1,1,5,2,7,4,5,7,1,1,A8,1.0773946096963465,1.9864563908995143,1.0033785774933246,-1.212915355,-0.082956251,7,6,-0.571172707,1.5,3
1637,A0819,8,A,8A,Muslim,Enemies,Enemy1,2,32,M,19,4,7,1,6,6,7,7,6,6,5,7,4,8,NA,1,2,2,2,1,1,1,2,1,1,1,1,2,2,4,3,7,5,2,2,2,1,1,1,5,2,M,Hindu,1,1,1,1,1,2,4,1,4,3,1,5,5,5,2,1,1,4,1,1,1,5,4,7,4,7,7,1,0,A8,1.0773946096963465,1.9864563908995143,1.0033785774933246,-1.212915355,-0.082956251,7,1,1.621549634144792,1.5,1
1638,A0819,8,A,8A,Muslim,Enemies,Enemy2,2,33,M,19,4,7,1,6,6,7,7,6,6,5,7,4,8,NA,1,2,2,2,1,1,1,2,1,1,1,1,2,2,4,3,7,5,2,2,2,1,1,1,5,2,M,NA,NA,NA,NA,NA,NA,NA,NA,NA,NA,NA,NA,NA,NA,NA,NA,NA,NA,NA,NA,NA,NA,NA,NA,NA,NA,NA,NA,1,NA,A8,1.0773946096963465,1.9864563908995143,1.0033785774933246,-1.212915355,-0.082956251,7,1,1.621549634144792,1.5,1
1639,A0820,8,A,8A,Jain,Enemies,Enemy1,2,13,M,20,5,7,4,7,7,6,7,7,6,7,6,5,8,NA,1,2,2,1,1,1,1,1,4,1,1,1,3,1,4,4,4,2,1,1,2,1,2,1,5,2,M,Hindu,1,1,2,1,2,1,3,1,1,2,1,4,4,4,1,1,1,2,2,1,1,4,2,7,1,7,5,1,0,A8,1.0773946096963465,1.9864563908995143,1.0033785774933246,-1.212915355,-0.082956251,7,4,0.30591622948642044,1.5,-1
1640,A0822,8,A,8A,Hindu,Enemies,Enemy1,2,13,M,22,3,7,7,7,7,6,7,7,5,6,5,5,7,NA,1,2,1,3,2,1,2,1,1,1,1,3,1,2,3,3,3,2,2,1,1,3,1,1,5,3,M,Hindu,1,1,2,1,2,1,3,1,1,2,1,4,4,4,1,1,1,2,2,1,1,4,2,7,1,7,5,1,1,A8,1.0773946096963465,1.9864563908995143,1.0033785774933246,-1.212915355,-0.082956251,7,7,-1.009717175,1.5,1
1641,A0824,8,A,8A,Hindu,Enemies,Enemy1,2,2,M,24,1,7,2,7,7,5,7,6,6,5,7,4,6,NA,1,3,2,1,1,2,1,1,4,1,2,1,1,2,4,2,1,2,1,2,3,1,3,1,3,1,M,Muslim,4,1,2,1,2,1,1,1,1,1,2,4,2,2,1,1,1,1,1,4,1,5,3,7,7,7,7,1,0,A8,1.0773946096963465,1.9864563908995143,1.0033785774933246,-1.212915355,-0.082956251,7,2,1.183005165925335,1.5,2
1642,A0824,8,A,8A,Hindu,Enemies,Enemy2,2,3,M,24,1,7,2,7,7,5,7,6,6,5,7,4,6,NA,1,3,2,1,1,2,1,1,4,1,2,1,1,2,4,2,1,2,1,2,3,1,3,1,3,1,M,Muslim,1,1,1,1,1,1,3,1,1,1,1,4,4,4,2,1,1,2,1,1,1,5,5,7,5,6,6,1,0,A8,1.0773946096963465,1.9864563908995143,1.0033785774933246,-1.212915355,-0.082956251,7,2,1.183005165925335,1.5,2
1643,A0824,8,A,8A,Hindu,Enemies,Enemy3,2,13,M,24,1,7,2,7,7,5,7,6,6,5,7,4,6,NA,1,3,2,1,1,2,1,1,4,1,2,1,1,2,4,2,1,2,1,2,3,1,3,1,3,1,M,Hindu,1,1,2,1,2,1,3,1,1,2,1,4,4,4,1,1,1,2,2,1,1,4,2,7,1,7,5,1,1,A8,1.0773946096963465,1.9864563908995143,1.0033785774933246,-1.212915355,-0.082956251,7,2,1.183005165925335,1.5,2
1644,A0824,8,A,8A,Hindu,Enemies,Enemy4,2,19,M,24,1,7,2,7,7,5,7,6,6,5,7,4,6,NA,1,3,2,1,1,2,1,1,4,1,2,1,1,2,4,2,1,2,1,2,3,1,3,1,3,1,M,Muslim,2,2,2,1,1,1,1,1,1,1,2,4,3,7,5,2,2,2,1,1,1,5,2,7,1,6,7,1,0,A8,1.0773946096963465,1.9864563908995143,1.0033785774933246,-1.212915355,-0.082956251,7,2,1.183005165925335,1.5,2
1645,A0824,8,A,8A,Hindu,Enemies,Enemy5,2,32,M,24,1,7,2,7,7,5,7,6,6,5,7,4,6,NA,1,3,2,1,1,2,1,1,4,1,2,1,1,2,4,2,1,2,1,2,3,1,3,1,3,1,M,Hindu,1,1,1,1,1,2,4,1,4,3,1,5,5,5,2,1,1,4,1,1,1,5,4,7,4,7,7,1,1,A8,1.0773946096963465,1.9864563908995143,1.0033785774933246,-1.212915355,-0.082956251,7,2,1.183005165925335,1.5,2
1646,A0824,8,A,8A,Hindu,Enemies,Enemy6,2,40,M,24,1,7,2,7,7,5,7,6,6,5,7,4,6,NA,1,3,2,1,1,2,1,1,4,1,2,1,1,2,4,2,1,2,1,2,3,1,3,1,3,1,M,Muslim,1,3,1,1,1,2,3,1,1,1,1,4,3,3,2,1,1,2,1,1,1,5,2,7,4,5,7,1,0,A8,1.0773946096963465,1.9864563908995143,1.0033785774933246,-1.212915355,-0.082956251,7,2,1.183005165925335,1.5,2
1647,A0826,8,A,8A,Hindu,Enemies,Enemy1,2,13,M,26,5,6,5,3,4,4,6,5,6,6,4,6,8,NA,1,5,2,4,1,3,1,1,3,3,5,3,1,3,5,3,3,2,1,1,2,1,2,1,5,5,M,Hindu,1,1,2,1,2,1,3,1,1,2,1,4,4,4,1,1,1,2,2,1,1,4,2,7,1,7,5,1,1,A8,1.0773946096963465,1.9864563908995143,1.0033785774933246,-1.212915355,-0.082956251,6,5,-0.571172707,1.5,0
1648,A0826,8,A,8A,Hindu,Enemies,Enemy2,2,20,M,26,5,6,5,3,4,4,6,5,6,6,4,6,8,NA,1,5,2,4,1,3,1,1,3,3,5,3,1,3,5,3,3,2,1,1,2,1,2,1,5,5,M,Jain,2,2,1,1,1,1,4,1,1,1,1,4,4,4,2,1,1,2,1,2,1,5,2,7,4,7,6,1,0,A8,1.0773946096963465,1.9864563908995143,1.0033785774933246,-1.212915355,-0.082956251,6,5,-0.571172707,1.5,0
1649,A0826,8,A,8A,Hindu,Enemies,Enemy3,2,24,M,26,5,6,5,3,4,4,6,5,6,6,4,6,8,NA,1,5,2,4,1,3,1,1,3,3,5,3,1,3,5,3,3,2,1,1,2,1,2,1,5,5,M,Hindu,3,2,1,1,2,1,4,1,2,1,2,4,2,1,2,1,2,3,1,3,1,3,1,7,2,7,5,1,1,A8,1.0773946096963465,1.9864563908995143,1.0033785774933246,-1.212915355,-0.082956251,6,5,-0.571172707,1.5,0
1650,A0826,8,A,8A,Hindu,Enemies,Enemy4,2,39,M,26,5,6,5,3,4,4,6,5,6,6,4,6,8,NA,1,5,2,4,1,3,1,1,3,3,5,3,1,3,5,3,3,2,1,1,2,1,2,1,5,5,M,Hindu,2,1,3,1,2,1,4,1,5,2,2,4,3,3,1,1,1,3,2,1,1,1,2,5,4,6,6,1,1,A8,1.0773946096963465,1.9864563908995143,1.0033785774933246,-1.212915355,-0.082956251,6,5,-0.571172707,1.5,0
1651,A0827,8,A,8A,Muslim,Enemies,Enemy1,2,5,M,27,6,5,5,4,4,7,7,5,6,6,7,5,7,Mehadaviyah,1,1,2,3,1,1,1,2,3,1,2,2,2,1,4,3,7,2,1,1,2,1,1,1,5,2,M,NA,NA,NA,NA,NA,NA,NA,NA,NA,NA,NA,NA,NA,NA,NA,NA,NA,NA,NA,NA,NA,NA,NA,NA,NA,NA,NA,NA,1,NA,A8,1.0773946096963465,1.9864563908995143,1.0033785774933246,-1.212915355,-0.082956251,5,5,-1.009717175,1.5,3
1652,A0827,8,A,8A,Muslim,Enemies,Enemy2,2,20,M,27,6,5,5,4,4,7,7,5,6,6,7,5,7,Mehadaviyah,1,1,2,3,1,1,1,2,3,1,2,2,2,1,4,3,7,2,1,1,2,1,1,1,5,2,M,Jain,2,2,1,1,1,1,4,1,1,1,1,4,4,4,2,1,1,2,1,2,1,5,2,7,4,7,6,1,0,A8,1.0773946096963465,1.9864563908995143,1.0033785774933246,-1.212915355,-0.082956251,5,5,-1.009717175,1.5,3
1653,A0828,8,A,8A,Hindu,Enemies,Enemy1,2,6,M,28,5,7,3,7,7,6,7,7,6,6,4,5,2,NA,1,1,2,2,2,1,1,1,4,1,5,3,1,1,4,3,2,1,2,1,1,2,2,1,5,5,M,Hindu,4,2,4,2,2,1,3,1,5,2,1,NA,4,4,2,1,1,1,1,3,1,5,2,6,5,6,5,1,1,A8,1.0773946096963465,1.9864563908995143,1.0033785774933246,-1.212915355,-0.082956251,7,3,0.7444606977058776,1.5,1
1654,A0828,8,A,8A,Hindu,Enemies,Enemy2,2,17,M,28,5,7,3,7,7,6,7,7,6,6,4,5,2,NA,1,1,2,2,2,1,1,1,4,1,5,3,1,1,4,3,2,1,2,1,1,2,2,1,5,5,M,NA,NA,NA,NA,NA,NA,NA,NA,NA,NA,NA,NA,NA,NA,NA,NA,NA,NA,NA,NA,NA,NA,NA,NA,NA,NA,NA,NA,1,NA,A8,1.0773946096963465,1.9864563908995143,1.0033785774933246,-1.212915355,-0.082956251,7,3,0.7444606977058776,1.5,1
1655,A0828,8,A,8A,Hindu,Enemies,Enemy3,2,19,M,28,5,7,3,7,7,6,7,7,6,6,4,5,2,NA,1,1,2,2,2,1,1,1,4,1,5,3,1,1,4,3,2,1,2,1,1,2,2,1,5,5,M,Muslim,2,2,2,1,1,1,1,1,1,1,2,4,3,7,5,2,2,2,1,1,1,5,2,7,1,6,7,1,0,A8,1.0773946096963465,1.9864563908995143,1.0033785774933246,-1.212915355,-0.082956251,7,3,0.7444606977058776,1.5,1
1656,A0828,8,A,8A,Hindu,Enemies,Enemy4,2,33,M,28,5,7,3,7,7,6,7,7,6,6,4,5,2,NA,1,1,2,2,2,1,1,1,4,1,5,3,1,1,4,3,2,1,2,1,1,2,2,1,5,5,M,NA,NA,NA,NA,NA,NA,NA,NA,NA,NA,NA,NA,NA,NA,NA,NA,NA,NA,NA,NA,NA,NA,NA,NA,NA,NA,NA,NA,1,NA,A8,1.0773946096963465,1.9864563908995143,1.0033785774933246,-1.212915355,-0.082956251,7,3,0.7444606977058776,1.5,1
1657,A0828,8,A,8A,Hindu,Enemies,Enemy5,2,39,M,28,5,7,3,7,7,6,7,7,6,6,4,5,2,NA,1,1,2,2,2,1,1,1,4,1,5,3,1,1,4,3,2,1,2,1,1,2,2,1,5,5,M,Hindu,2,1,3,1,2,1,4,1,5,2,2,4,3,3,1,1,1,3,2,1,1,1,2,5,4,6,6,1,1,A8,1.0773946096963465,1.9864563908995143,1.0033785774933246,-1.212915355,-0.082956251,7,3,0.7444606977058776,1.5,1
1658,A0829,8,A,8A,Hindu,Enemies,Enemy1,2,12,M,29,2,4,5,4,6,5,7,6,4,6,5,2,2,NA,1,2,3,2,1,2,1,4,4,2,5,3,1,2,4,3,3,1,1,1,3,1,1,2,3,4,M,other,1,1,2,1,1,1,3,1,1,2,2,4,3,4,2,2,1,3,2,2,2,5,3,7,4,5,6,1,0,A8,1.0773946096963465,1.9864563908995143,1.0033785774933246,-1.212915355,-0.082956251,4,5,-1.448261643,1.5,1
1659,A0829,8,A,8A,Hindu,Enemies,Enemy2,2,40,M,29,2,4,5,4,6,5,7,6,4,6,5,2,2,NA,1,2,3,2,1,2,1,4,4,2,5,3,1,2,4,3,3,1,1,1,3,1,1,2,3,4,M,Muslim,1,3,1,1,1,2,3,1,1,1,1,4,3,3,2,1,1,2,1,1,1,5,2,7,4,5,7,1,0,A8,1.0773946096963465,1.9864563908995143,1.0033785774933246,-1.212915355,-0.082956251,4,5,-1.448261643,1.5,1
1660,A0830,8,A,8A,Hindu,Enemies,Enemy1,2,24,M,30,6,5,4,6,7,6,6,5,5,5,4,4,3,NA,1,5,5,5,1,1,1,2,1,1,5,3,1,2,4,3,2,3,1,1,2,1,1,1,5,3,M,Hindu,3,2,1,1,2,1,4,1,2,1,2,4,2,1,2,1,2,3,1,3,1,3,1,7,2,7,5,1,1,A8,1.0773946096963465,1.9864563908995143,1.0033785774933246,-1.212915355,-0.082956251,5,4,-0.571172707,1.5,1
1661,A0831,8,A,8A,Hindu,Enemies,Enemy1,2,11,M,31,6,6,6,6,7,4,6,7,6,6,4,5,3,NA,1,1,1,1,1,1,1,1,3,2,4,3,1,2,4,4,3,2,2,1,1,1,1,1,5,5,M,Hindu,1,1,3,1,1,1,3,1,4,2,3,6,4,4,3,1,2,2,3,1,2,5,2,6,4,7,5,1,1,A8,1.0773946096963465,1.9864563908995143,1.0033785774933246,-1.212915355,-0.082956251,6,6,-1.009717175,1.5,3
1662,A0834,8,A,8A,Muslim,Enemies,Enemy1,2,39,M,34,4,7,1,4,5,7,7,6,6,5,4,NA,8,NA,1,1,1,2,1,1,1,2,1,1,1,1,2,1,4,3,4,2,1,1,3,1,1,1,5,3,M,Hindu,2,1,3,1,2,1,4,1,5,2,2,4,3,3,1,1,1,3,2,1,1,1,2,5,4,6,6,1,0,A8,1.0773946096963465,1.9864563908995143,1.0033785774933246,-1.212915355,-0.082956251,7,1,1.621549634144792,1.5,2
1663,A0835,8,A,8A,Hindu,Enemies,Enemy1,2,11,M,35,2,7,1,3,7,5,6,6,5,4,6,3,2,NA,1,1,1,1,2,1,1,2,3,1,2,1,1,1,4,4,4,5,1,1,2,2,2,1,4,4,M,Hindu,1,1,3,1,1,1,3,1,4,2,3,6,4,4,3,1,2,2,3,1,2,5,2,6,4,7,5,1,1,A8,1.0773946096963465,1.9864563908995143,1.0033785774933246,-1.212915355,-0.082956251,7,1,1.621549634144792,1.5,2
1664,A0835,8,A,8A,Hindu,Enemies,Enemy2,2,21,M,35,2,7,1,3,7,5,6,6,5,4,6,3,2,NA,1,1,1,1,2,1,1,2,3,1,2,1,1,1,4,4,4,5,1,1,2,2,2,1,4,4,M,Hindu,2,2,3,4,3,1,3,2,5,3,3,4,2,2,1,1,1,3,1,1,1,5,3,7,7,6,6,1,1,A8,1.0773946096963465,1.9864563908995143,1.0033785774933246,-1.212915355,-0.082956251,7,1,1.621549634144792,1.5,2
1665,A0835,8,A,8A,Hindu,Enemies,Enemy3,2,22,M,35,2,7,1,3,7,5,6,6,5,4,6,3,2,NA,1,1,1,1,2,1,1,2,3,1,2,1,1,1,4,4,4,5,1,1,2,2,2,1,4,4,M,Hindu,2,1,3,2,1,2,1,1,1,3,2,3,3,3,2,2,1,1,3,1,1,5,3,7,7,7,6,1,1,A8,1.0773946096963465,1.9864563908995143,1.0033785774933246,-1.212915355,-0.082956251,7,1,1.621549634144792,1.5,2
1666,A0835,8,A,8A,Hindu,Enemies,Enemy4,2,2,M,35,2,7,1,3,7,5,6,6,5,4,6,3,2,NA,1,1,1,1,2,1,1,2,3,1,2,1,1,1,4,4,4,5,1,1,2,2,2,1,4,4,M,Muslim,4,1,2,1,2,1,1,1,1,1,2,4,2,2,1,1,1,1,1,4,1,5,3,7,7,7,7,1,0,A8,1.0773946096963465,1.9864563908995143,1.0033785774933246,-1.212915355,-0.082956251,7,1,1.621549634144792,1.5,2
1667,A0835,8,A,8A,Hindu,Enemies,Enemy5,2,33,M,35,2,7,1,3,7,5,6,6,5,4,6,3,2,NA,1,1,1,1,2,1,1,2,3,1,2,1,1,1,4,4,4,5,1,1,2,2,2,1,4,4,M,NA,NA,NA,NA,NA,NA,NA,NA,NA,NA,NA,NA,NA,NA,NA,NA,NA,NA,NA,NA,NA,NA,NA,NA,NA,NA,NA,NA,1,NA,A8,1.0773946096963465,1.9864563908995143,1.0033785774933246,-1.212915355,-0.082956251,7,1,1.621549634144792,1.5,2
1668,A0835,8,A,8A,Hindu,Enemies,Enemy6,2,40,M,35,2,7,1,3,7,5,6,6,5,4,6,3,2,NA,1,1,1,1,2,1,1,2,3,1,2,1,1,1,4,4,4,5,1,1,2,2,2,1,4,4,M,Muslim,1,3,1,1,1,2,3,1,1,1,1,4,3,3,2,1,1,2,1,1,1,5,2,7,4,5,7,1,0,A8,1.0773946096963465,1.9864563908995143,1.0033785774933246,-1.212915355,-0.082956251,7,1,1.621549634144792,1.5,2
1669,A0836,8,A,8A,Hindu,Enemies,Enemy1,2,3,M,36,2,7,2,6,7,NA,7,7,4,6,1,5,2,NA,1,1,1,1,1,1,1,4,2,1,4,1,1,1,6,4,2,3,1,1,1,1,1,1,5,3,M,Muslim,1,1,1,1,1,1,3,1,1,1,1,4,4,4,2,1,1,2,1,1,1,5,5,7,5,6,6,1,0,A8,1.0773946096963465,1.9864563908995143,1.0033785774933246,-1.212915355,-0.082956251,7,2,1.183005165925335,1.5,NA
1670,A0836,8,A,8A,Hindu,Enemies,Enemy2,2,11,M,36,2,7,2,6,7,NA,7,7,4,6,1,5,2,NA,1,1,1,1,1,1,1,4,2,1,4,1,1,1,6,4,2,3,1,1,1,1,1,1,5,3,M,Hindu,1,1,3,1,1,1,3,1,4,2,3,6,4,4,3,1,2,2,3,1,2,5,2,6,4,7,5,1,1,A8,1.0773946096963465,1.9864563908995143,1.0033785774933246,-1.212915355,-0.082956251,7,2,1.183005165925335,1.5,NA
1671,A0836,8,A,8A,Hindu,Enemies,Enemy3,2,16,M,36,2,7,2,6,7,NA,7,7,4,6,1,5,2,NA,1,1,1,1,1,1,1,4,2,1,4,1,1,1,6,4,2,3,1,1,1,1,1,1,5,3,M,Muslim,1,2,1,2,1,1,3,1,1,1,1,4,6,7,1,1,2,2,2,1,1,5,2,7,6,4,7,1,0,A8,1.0773946096963465,1.9864563908995143,1.0033785774933246,-1.212915355,-0.082956251,7,2,1.183005165925335,1.5,NA
1672,A0836,8,A,8A,Hindu,Enemies,Enemy4,2,22,M,36,2,7,2,6,7,NA,7,7,4,6,1,5,2,NA,1,1,1,1,1,1,1,4,2,1,4,1,1,1,6,4,2,3,1,1,1,1,1,1,5,3,M,Hindu,2,1,3,2,1,2,1,1,1,3,2,3,3,3,2,2,1,1,3,1,1,5,3,7,7,7,6,1,1,A8,1.0773946096963465,1.9864563908995143,1.0033785774933246,-1.212915355,-0.082956251,7,2,1.183005165925335,1.5,NA
1673,A0836,8,A,8A,Hindu,Enemies,Enemy5,2,31,M,36,2,7,2,6,7,NA,7,7,4,6,1,5,2,NA,1,1,1,1,1,1,1,4,2,1,4,1,1,1,6,4,2,3,1,1,1,1,1,1,5,3,M,Hindu,1,1,1,1,1,1,3,2,4,3,2,4,4,3,2,2,1,1,1,1,1,5,5,6,6,7,4,1,1,A8,1.0773946096963465,1.9864563908995143,1.0033785774933246,-1.212915355,-0.082956251,7,2,1.183005165925335,1.5,NA
1674,A0836,8,A,8A,Hindu,Enemies,Enemy6,2,32,M,36,2,7,2,6,7,NA,7,7,4,6,1,5,2,NA,1,1,1,1,1,1,1,4,2,1,4,1,1,1,6,4,2,3,1,1,1,1,1,1,5,3,M,Hindu,1,1,1,1,1,2,4,1,4,3,1,5,5,5,2,1,1,4,1,1,1,5,4,7,4,7,7,1,1,A8,1.0773946096963465,1.9864563908995143,1.0033785774933246,-1.212915355,-0.082956251,7,2,1.183005165925335,1.5,NA
1675,A0836,8,A,8A,Hindu,Enemies,Enemy7,2,40,M,36,2,7,2,6,7,NA,7,7,4,6,1,5,2,NA,1,1,1,1,1,1,1,4,2,1,4,1,1,1,6,4,2,3,1,1,1,1,1,1,5,3,M,Muslim,1,3,1,1,1,2,3,1,1,1,1,4,3,3,2,1,1,2,1,1,1,5,2,7,4,5,7,1,0,A8,1.0773946096963465,1.9864563908995143,1.0033785774933246,-1.212915355,-0.082956251,7,2,1.183005165925335,1.5,NA
1676,A0837,8,A,8A,Hindu,Enemies,Enemy1,2,35,M,37,4,6,6,7,6,6,6,7,6,5,4,4,8,NA,1,2,1,2,1,2,1,2,4,2,5,3,1,3,4,3,3,1,1,1,2,1,2,1,5,3,M,Hindu,1,1,1,2,1,1,3,1,2,1,1,4,4,4,5,1,1,2,2,2,1,4,4,7,1,7,5,1,1,A8,1.0773946096963465,1.9864563908995143,1.0033785774933246,-1.212915355,-0.082956251,6,6,-1.009717175,1.5,0
1677,A0839,8,A,8A,Hindu,Enemies,Enemy1,2,6,M,39,4,5,4,3,6,6,4,6,5,6,3,1,1,NA,1,2,1,3,1,2,1,4,4,1,5,2,1,2,4,3,3,1,1,1,3,2,1,1,1,2,M,Hindu,4,2,4,2,2,1,3,1,5,2,1,NA,4,4,2,1,1,1,1,3,1,5,2,6,5,6,5,1,1,A8,1.0773946096963465,1.9864563908995143,1.0033785774933246,-1.212915355,-0.082956251,5,4,-0.571172707,1.5,0
1678,A0839,8,A,8A,Hindu,Enemies,Enemy2,2,9,M,39,4,5,4,3,6,6,4,6,5,6,3,1,1,NA,1,2,1,3,1,2,1,4,4,1,5,2,1,2,4,3,3,1,1,1,3,2,1,1,1,2,M,Hindu,1,1,1,1,1,1,4,1,3,2,1,4,4,4,3,1,1,2,1,1,1,5,2,6,6,7,7,1,1,A8,1.0773946096963465,1.9864563908995143,1.0033785774933246,-1.212915355,-0.082956251,5,4,-0.571172707,1.5,0
1679,A0839,8,A,8A,Hindu,Enemies,Enemy3,2,32,M,39,4,5,4,3,6,6,4,6,5,6,3,1,1,NA,1,2,1,3,1,2,1,4,4,1,5,2,1,2,4,3,3,1,1,1,3,2,1,1,1,2,M,Hindu,1,1,1,1,1,2,4,1,4,3,1,5,5,5,2,1,1,4,1,1,1,5,4,7,4,7,7,1,1,A8,1.0773946096963465,1.9864563908995143,1.0033785774933246,-1.212915355,-0.082956251,5,4,-0.571172707,1.5,0
1680,A0839,8,A,8A,Hindu,Enemies,Enemy4,2,36,M,39,4,5,4,3,6,6,4,6,5,6,3,1,1,NA,1,2,1,3,1,2,1,4,4,1,5,2,1,2,4,3,3,1,1,1,3,2,1,1,1,2,M,Hindu,1,1,1,1,1,1,2,1,4,1,1,6,4,2,3,1,1,1,1,1,1,5,3,7,2,7,NA,1,1,A8,1.0773946096963465,1.9864563908995143,1.0033785774933246,-1.212915355,-0.082956251,5,4,-0.571172707,1.5,0
1681,A0841,8,A,8A,Hindu,Enemies,Enemy1,2,26,M,41,4,6,6,4,6,6,6,6,6,6,4,4,2,NA,1,2,2,1,1,2,1,1,4,1,5,3,1,1,4,4,3,2,1,1,4,1,5,1,5,3,M,Hindu,5,2,4,1,3,1,3,3,5,3,3,5,3,3,2,1,1,2,1,2,1,5,5,6,5,4,4,1,1,A8,1.0773946096963465,1.9864563908995143,1.0033785774933246,-1.212915355,-0.082956251,6,6,-1.009717175,1.5,0
1682,A0844,8,A,8A,Hindu,Enemies,Enemy1,2,49,F,44,5,5,6,6,6,6,6,6,6,6,5,5,2,Marwadi,2,1,1,2,1,1,1,4,4,2,5,3,1,2,4,1,1,1,1,1,3,1,1,1,5,1,F,Hindu,3,2,3,1,3,2,3,1,4,2,2,4,3,3,1,1,1,2,1,1,2,5,2,4,6,6,4,1,1,A8,1.0773946096963465,1.9864563908995143,1.0033785774933246,-1.212915355,-0.082956251,6,5,-0.571172707,1.5,0
1683,A0845,8,A,8A,Muslim,Enemies,Enemy1,2,60,F,45,4,2,7,7,6,7,7,7,6,6,5,6,8,NA,2,1,1,1,1,1,1,1,3,1,1,1,2,1,4,4,4,4,2,3,2,1,4,1,5,3,F,Muslim,1,1,1,1,1,1,3,1,1,2,2,4,4,4,1,1,1,3,1,4,2,4,4,4,6,7,7,1,1,A8,1.0773946096963465,1.9864563908995143,1.0033785774933246,-1.212915355,-0.082956251,7,2,1.183005165925335,1.5,1
1684,A0846,8,A,8A,Muslim,Enemies,Enemy1,2,49,F,46,4,1,7,4,4,4,4,4,4,4,6,3,5,NA,2,2,2,2,1,2,1,2,4,3,1,3,2,2,4,4,4,2,1,1,1,1,1,2,5,5,F,Hindu,3,2,3,1,3,2,3,1,4,2,2,4,3,3,1,1,1,2,1,1,2,5,2,4,6,6,4,1,0,A8,1.0773946096963465,1.9864563908995143,1.0033785774933246,-1.212915355,-0.082956251,7,1,1.621549634144792,1.5,0
1685,A0846,8,A,8A,Muslim,Enemies,Enemy2,2,55,F,46,4,1,7,4,4,4,4,4,4,4,6,3,5,NA,2,2,2,2,1,2,1,2,4,3,1,3,2,2,4,4,4,2,1,1,1,1,1,2,5,5,F,Hindu,1,1,1,1,1,1,3,1,4,1,2,4,6,6,1,1,1,1,1,4,1,5,2,7,7,7,6,1,0,A8,1.0773946096963465,1.9864563908995143,1.0033785774933246,-1.212915355,-0.082956251,7,1,1.621549634144792,1.5,0
1686,A0850,8,A,8A,Hindu,Enemies,Enemy1,2,60,F,50,5,4,7,6,7,6,7,7,6,7,6,5,8,NA,2,2,5,4,1,1,1,1,2,1,4,2,1,2,4,3,3,3,1,1,2,1,5,1,5,2,F,Muslim,1,1,1,1,1,1,3,1,1,2,2,4,4,4,1,1,1,3,1,4,2,4,4,4,6,7,7,1,0,A8,1.0773946096963465,1.9864563908995143,1.0033785774933246,-1.212915355,-0.082956251,7,4,0.30591622948642044,1.5,1
1687,A0852,8,A,8A,Hindu,Enemies,Enemy1,2,50,F,52,NA,2,7,3,6,5,4,6,3,5,4,4,2,NA,2,3,2,3,1,2,1,1,3,1,5,2,1,2,4,1,1,4,1,1,2,1,5,1,5,4,F,Hindu,2,5,4,1,1,1,2,1,4,2,2,4,3,3,3,1,1,2,1,5,1,5,2,4,7,7,6,1,1,A8,1.0773946096963465,1.9864563908995143,1.0033785774933246,-1.212915355,-0.082956251,7,2,1.183005165925335,1.5,1
1688,A0852,8,A,8A,Hindu,Enemies,Enemy2,2,55,F,52,NA,2,7,3,6,5,4,6,3,5,4,4,2,NA,2,3,2,3,1,2,1,1,3,1,5,2,1,2,4,1,1,4,1,1,2,1,5,1,5,4,F,Hindu,1,1,1,1,1,1,3,1,4,1,2,4,6,6,1,1,1,1,1,4,1,5,2,7,7,7,6,1,1,A8,1.0773946096963465,1.9864563908995143,1.0033785774933246,-1.212915355,-0.082956251,7,2,1.183005165925335,1.5,1
1689,A0852,8,A,8A,Hindu,Enemies,Enemy3,2,56,F,52,NA,2,7,3,6,5,4,6,3,5,4,4,2,NA,2,3,2,3,1,2,1,1,3,1,5,2,1,2,4,1,1,4,1,1,2,1,5,1,5,4,F,NA,NA,NA,NA,NA,NA,NA,NA,NA,NA,NA,NA,NA,NA,NA,NA,NA,NA,NA,NA,NA,NA,NA,NA,NA,NA,NA,NA,1,NA,A8,1.0773946096963465,1.9864563908995143,1.0033785774933246,-1.212915355,-0.082956251,7,2,1.183005165925335,1.5,1
1690,A0853,8,A,8A,Jain,Enemies,Enemy1,2,60,F,53,4,5,7,5,7,6,7,7,6,6,4,5,2,NA,2,2,1,1,2,2,1,1,2,1,3,2,3,2,4,3,3,4,2,1,2,2,2,2,4,2,F,Muslim,1,1,1,1,1,1,3,1,1,2,2,4,4,4,1,1,1,3,1,4,2,4,4,4,6,7,7,1,0,A8,1.0773946096963465,1.9864563908995143,1.0033785774933246,-1.212915355,-0.082956251,7,5,-0.132628239,1.5,-1
1691,A0860,8,A,8A,Muslim,Enemies,Enemy1,2,49,F,60,6,4,6,6,7,7,7,7,7,7,7,4,NA,Alavi Vhora,2,1,1,1,1,1,1,1,3,1,1,2,2,2,4,4,4,1,1,1,3,1,4,2,4,4,F,Hindu,3,2,3,1,3,2,3,1,4,2,2,4,3,3,1,1,1,2,1,1,2,5,2,4,6,6,4,1,0,A8,1.0773946096963465,1.9864563908995143,1.0033785774933246,-1.212915355,-0.082956251,6,4,-0.132628239,1.5,0
1692,B0802,8,B,8B,Muslim,Enemies,Enemy1,2,11,M,2,1,7,1,7,6,7,7,7,5,7,6,6,7,NA,1,1,1,1,1,1,1,1,1,1,1,1,2,1,4,1,4,5,1,1,1,1,2,1,3,3,M,NA,NA,NA,NA,NA,NA,NA,NA,NA,NA,NA,NA,NA,NA,NA,NA,NA,NA,NA,NA,NA,NA,NA,NA,NA,NA,NA,NA,1,NA,B8,0.4713288366918936,0.019952354,-1.050047349,1.620798394687318,-3.004907533,7,1,1.621549634144792,1.5,1
1693,B0804,8,B,8B,Hindu,Enemies,Enemy1,2,3,M,4,1,7,4,6,7,6,7,7,6,1,1,5,8,NA,1,1,1,1,1,1,1,1,2,1,2,1,1,1,4,4,4,1,1,1,1,1,1,1,5,5,M,NA,NA,NA,NA,NA,NA,NA,NA,NA,NA,NA,NA,NA,NA,NA,NA,NA,NA,NA,NA,NA,NA,NA,NA,NA,NA,NA,NA,1,NA,B8,0.4713288366918936,0.019952354,-1.050047349,1.620798394687318,-3.004907533,7,4,0.30591622948642044,1.5,1
1694,B0804,8,B,8B,Hindu,Enemies,Enemy2,2,9,M,4,1,7,4,6,7,6,7,7,6,1,1,5,8,NA,1,1,1,1,1,1,1,1,2,1,2,1,1,1,4,4,4,1,1,1,1,1,1,1,5,5,M,Hindu,2,4,3,1,3,2,4,1,3,2,2,4,6,7,2,1,2,2,2,2,1,4,4,6,5,6,3,1,1,B8,0.4713288366918936,0.019952354,-1.050047349,1.620798394687318,-3.004907533,7,4,0.30591622948642044,1.5,1
1695,B0804,8,B,8B,Hindu,Enemies,Enemy3,2,13,M,4,1,7,4,6,7,6,7,7,6,1,1,5,8,NA,1,1,1,1,1,1,1,1,2,1,2,1,1,1,4,4,4,1,1,1,1,1,1,1,5,5,M,Hindu,1,1,1,1,1,1,1,5,1,1,1,7,3,3,1,1,2,1,1,1,1,5,2,6,5,7,5,1,1,B8,0.4713288366918936,0.019952354,-1.050047349,1.620798394687318,-3.004907533,7,4,0.30591622948642044,1.5,1
1696,B0804,8,B,8B,Hindu,Enemies,Enemy4,2,15,M,4,1,7,4,6,7,6,7,7,6,1,1,5,8,NA,1,1,1,1,1,1,1,1,2,1,2,1,1,1,4,4,4,1,1,1,1,1,1,1,5,5,M,Hindu,3,5,3,1,1,1,5,1,2,4,3,7,2,2,1,1,1,2,1,1,1,5,1,7,5,7,7,1,1,B8,0.4713288366918936,0.019952354,-1.050047349,1.620798394687318,-3.004907533,7,4,0.30591622948642044,1.5,1
1697,B0804,8,B,8B,Hindu,Enemies,Enemy5,2,24,M,4,1,7,4,6,7,6,7,7,6,1,1,5,8,NA,1,1,1,1,1,1,1,1,2,1,2,1,1,1,4,4,4,1,1,1,1,1,1,1,5,5,M,NA,NA,NA,NA,NA,NA,NA,NA,NA,NA,NA,NA,NA,NA,NA,NA,NA,NA,NA,NA,NA,NA,NA,NA,NA,NA,NA,NA,1,NA,B8,0.4713288366918936,0.019952354,-1.050047349,1.620798394687318,-3.004907533,7,4,0.30591622948642044,1.5,1
1698,B0804,8,B,8B,Hindu,Enemies,Enemy6,2,25,M,4,1,7,4,6,7,6,7,7,6,1,1,5,8,NA,1,1,1,1,1,1,1,1,2,1,2,1,1,1,4,4,4,1,1,1,1,1,1,1,5,5,M,NA,NA,NA,NA,NA,NA,NA,NA,NA,NA,NA,NA,NA,NA,NA,NA,NA,NA,NA,NA,NA,NA,NA,NA,NA,NA,NA,NA,1,NA,B8,0.4713288366918936,0.019952354,-1.050047349,1.620798394687318,-3.004907533,7,4,0.30591622948642044,1.5,1
1699,B0804,8,B,8B,Hindu,Enemies,Enemy7,2,29,M,4,1,7,4,6,7,6,7,7,6,1,1,5,8,NA,1,1,1,1,1,1,1,1,2,1,2,1,1,1,4,4,4,1,1,1,1,1,1,1,5,5,M,Hindu,1,2,1,1,1,1,1,1,1,1,1,4,4,3,1,1,1,1,1,1,1,2,1,6,6,7,5,1,1,B8,0.4713288366918936,0.019952354,-1.050047349,1.620798394687318,-3.004907533,7,4,0.30591622948642044,1.5,1
1700,B0805,8,B,8B,Muslim,Enemies,Enemy1,2,16,M,5,4,7,4,5,4,7,5,5,4,4,4,4,6,NA,1,2,1,1,1,1,1,1,4,1,1,1,2,1,4,3,7,2,1,1,3,1,2,1,5,4,M,Hindu,4,1,2,1,3,1,3,1,5,2,2,4,4,4,1,1,3,2,5,1,3,5,5,6,1,6,3,1,0,B8,0.4713288366918936,0.019952354,-1.050047349,1.620798394687318,-3.004907533,7,4,0.30591622948642044,1.5,3
1701,B0806,8,B,8B,Hindu,Enemies,Enemy1,2,1,M,6,4,6,6,7,4,4,6,5,6,5,4,5,8,NA,1,5,4,4,2,5,1,4,2,1,1,2,1,3,4,4,4,1,1,1,1,1,1,1,5,4,M,NA,NA,NA,NA,NA,NA,NA,NA,NA,NA,NA,NA,NA,NA,NA,NA,NA,NA,NA,NA,NA,NA,NA,NA,NA,NA,NA,NA,1,NA,B8,0.4713288366918936,0.019952354,-1.050047349,1.620798394687318,-3.004907533,6,6,-1.009717175,1.5,0
1702,B0806,8,B,8B,Hindu,Enemies,Enemy2,2,37,M,6,4,6,6,7,4,4,6,5,6,5,4,5,8,NA,1,5,4,4,2,5,1,4,2,1,1,2,1,3,4,4,4,1,1,1,1,1,1,1,5,4,M,NA,NA,NA,NA,NA,NA,NA,NA,NA,NA,NA,NA,NA,NA,NA,NA,NA,NA,NA,NA,NA,NA,NA,NA,NA,NA,NA,NA,1,NA,B8,0.4713288366918936,0.019952354,-1.050047349,1.620798394687318,-3.004907533,6,6,-1.009717175,1.5,0
1703,B0806,8,B,8B,Hindu,Enemies,Enemy3,2,42,M,6,4,6,6,7,4,4,6,5,6,5,4,5,8,NA,1,5,4,4,2,5,1,4,2,1,1,2,1,3,4,4,4,1,1,1,1,1,1,1,5,4,M,Muslim,1,2,3,1,1,1,1,1,1,1,1,3,4,5,1,1,1,1,1,5,1,2,1,6,7,1,7,1,0,B8,0.4713288366918936,0.019952354,-1.050047349,1.620798394687318,-3.004907533,6,6,-1.009717175,1.5,0
1704,B0806,8,B,8B,Hindu,Enemies,Enemy4,2,45,M,6,4,6,6,7,4,4,6,5,6,5,4,5,8,NA,1,5,4,4,2,5,1,4,2,1,1,2,1,3,4,4,4,1,1,1,1,1,1,1,5,4,M,Hindu,1,1,2,3,2,1,1,1,1,1,2,3,1,1,1,1,1,1,1,3,1,5,5,7,1,6,6,1,1,B8,0.4713288366918936,0.019952354,-1.050047349,1.620798394687318,-3.004907533,6,6,-1.009717175,1.5,0
1705,B0806,8,B,8B,Hindu,Enemies,Enemy5,2,46,M,6,4,6,6,7,4,4,6,5,6,5,4,5,8,NA,1,5,4,4,2,5,1,4,2,1,1,2,1,3,4,4,4,1,1,1,1,1,1,1,5,4,M,NA,NA,NA,NA,NA,NA,NA,NA,NA,NA,NA,NA,NA,NA,NA,NA,NA,NA,NA,NA,NA,NA,NA,NA,NA,NA,NA,NA,1,NA,B8,0.4713288366918936,0.019952354,-1.050047349,1.620798394687318,-3.004907533,6,6,-1.009717175,1.5,0
1706,B0808,8,B,8B,Muslim,Enemies,Enemy1,2,1,M,8,5,7,4,6,3,7,7,6,5,3,4,5,NA,NONE,1,1,2,2,2,1,1,2,4,1,1,1,2,2,3,2,3,3,1,1,2,2,1,1,2,2,M,NA,NA,NA,NA,NA,NA,NA,NA,NA,NA,NA,NA,NA,NA,NA,NA,NA,NA,NA,NA,NA,NA,NA,NA,NA,NA,NA,NA,1,NA,B8,0.4713288366918936,0.019952354,-1.050047349,1.620798394687318,-3.004907533,7,4,0.30591622948642044,1.5,4
1707,B0808,8,B,8B,Muslim,Enemies,Enemy2,2,2,M,8,5,7,4,6,3,7,7,6,5,3,4,5,NA,NONE,1,1,2,2,2,1,1,2,4,1,1,1,2,2,3,2,3,3,1,1,2,2,1,1,2,2,M,Muslim,1,1,1,1,1,1,1,1,1,1,1,4,1,4,5,1,1,1,1,2,1,3,3,7,1,6,7,1,1,B8,0.4713288366918936,0.019952354,-1.050047349,1.620798394687318,-3.004907533,7,4,0.30591622948642044,1.5,4
1708,B0808,8,B,8B,Muslim,Enemies,Enemy3,2,7,M,8,5,7,4,6,3,7,7,6,5,3,4,5,NA,NONE,1,1,2,2,2,1,1,2,4,1,1,1,2,2,3,2,3,3,1,1,2,2,1,1,2,2,M,NA,NA,NA,NA,NA,NA,NA,NA,NA,NA,NA,NA,NA,NA,NA,NA,NA,NA,NA,NA,NA,NA,NA,NA,NA,NA,NA,NA,1,NA,B8,0.4713288366918936,0.019952354,-1.050047349,1.620798394687318,-3.004907533,7,4,0.30591622948642044,1.5,4
1709,B0808,8,B,8B,Muslim,Enemies,Enemy4,2,11,M,8,5,7,4,6,3,7,7,6,5,3,4,5,NA,NONE,1,1,2,2,2,1,1,2,4,1,1,1,2,2,3,2,3,3,1,1,2,2,1,1,2,2,M,NA,NA,NA,NA,NA,NA,NA,NA,NA,NA,NA,NA,NA,NA,NA,NA,NA,NA,NA,NA,NA,NA,NA,NA,NA,NA,NA,NA,1,NA,B8,0.4713288366918936,0.019952354,-1.050047349,1.620798394687318,-3.004907533,7,4,0.30591622948642044,1.5,4
1710,B0808,8,B,8B,Muslim,Enemies,Enemy5,2,19,M,8,5,7,4,6,3,7,7,6,5,3,4,5,NA,NONE,1,1,2,2,2,1,1,2,4,1,1,1,2,2,3,2,3,3,1,1,2,2,1,1,2,2,M,Muslim,3,1,2,1,1,1,1,1,1,1,1,4,3,6,1,1,1,1,1,1,1,4,1,7,1,6,7,1,1,B8,0.4713288366918936,0.019952354,-1.050047349,1.620798394687318,-3.004907533,7,4,0.30591622948642044,1.5,4
1711,B0808,8,B,8B,Muslim,Enemies,Enemy6,2,25,M,8,5,7,4,6,3,7,7,6,5,3,4,5,NA,NONE,1,1,2,2,2,1,1,2,4,1,1,1,2,2,3,2,3,3,1,1,2,2,1,1,2,2,M,NA,NA,NA,NA,NA,NA,NA,NA,NA,NA,NA,NA,NA,NA,NA,NA,NA,NA,NA,NA,NA,NA,NA,NA,NA,NA,NA,NA,1,NA,B8,0.4713288366918936,0.019952354,-1.050047349,1.620798394687318,-3.004907533,7,4,0.30591622948642044,1.5,4
1712,B0808,8,B,8B,Muslim,Enemies,Enemy7,2,37,M,8,5,7,4,6,3,7,7,6,5,3,4,5,NA,NONE,1,1,2,2,2,1,1,2,4,1,1,1,2,2,3,2,3,3,1,1,2,2,1,1,2,2,M,NA,NA,NA,NA,NA,NA,NA,NA,NA,NA,NA,NA,NA,NA,NA,NA,NA,NA,NA,NA,NA,NA,NA,NA,NA,NA,NA,NA,1,NA,B8,0.4713288366918936,0.019952354,-1.050047349,1.620798394687318,-3.004907533,7,4,0.30591622948642044,1.5,4
1713,B0809,8,B,8B,Hindu,Enemies,Enemy1,2,20,M,9,2,6,5,7,6,3,3,7,5,5,6,2,6,NA,1,2,4,3,1,3,2,1,4,1,3,2,1,2,4,6,7,2,1,2,2,2,2,1,4,4,M,Hindu,2,2,3,3,1,1,2,1,3,1,1,4,4,4,2,1,1,3,1,2,1,5,3,NA,4,7,6,1,1,B8,0.4713288366918936,0.019952354,-1.050047349,1.620798394687318,-3.004907533,6,5,-0.571172707,1.5,3
1714,B0809,8,B,8B,Hindu,Enemies,Enemy2,2,36,M,9,2,6,5,7,6,3,3,7,5,5,6,2,6,NA,1,2,4,3,1,3,2,1,4,1,3,2,1,2,4,6,7,2,1,2,2,2,2,1,4,4,M,NA,NA,NA,NA,NA,NA,NA,NA,NA,NA,NA,NA,NA,NA,NA,NA,NA,NA,NA,NA,NA,NA,NA,NA,NA,NA,NA,NA,1,NA,B8,0.4713288366918936,0.019952354,-1.050047349,1.620798394687318,-3.004907533,6,5,-0.571172707,1.5,3
1715,B0810,8,B,8B,Muslim,Enemies,Enemy1,2,3,M,10,3,7,5,6,3,7,7,7,3,7,3,7,8,NA,1,1,2,2,1,1,1,2,2,1,1,2,2,1,4,6,7,2,1,1,1,1,1,1,5,2,M,NA,NA,NA,NA,NA,NA,NA,NA,NA,NA,NA,NA,NA,NA,NA,NA,NA,NA,NA,NA,NA,NA,NA,NA,NA,NA,NA,NA,1,NA,B8,0.4713288366918936,0.019952354,-1.050047349,1.620798394687318,-3.004907533,7,5,-0.132628239,1.5,4
1716,B0810,8,B,8B,Muslim,Enemies,Enemy2,2,8,M,10,3,7,5,6,3,7,7,7,3,7,3,7,8,NA,1,1,2,2,1,1,1,2,2,1,1,2,2,1,4,6,7,2,1,1,1,1,1,1,5,2,M,Muslim,1,2,2,2,1,1,4,1,1,1,2,3,2,3,3,1,1,2,2,1,1,2,2,7,4,3,7,1,1,B8,0.4713288366918936,0.019952354,-1.050047349,1.620798394687318,-3.004907533,7,5,-0.132628239,1.5,4
1717,B0810,8,B,8B,Muslim,Enemies,Enemy3,2,16,M,10,3,7,5,6,3,7,7,7,3,7,3,7,8,NA,1,1,2,2,1,1,1,2,2,1,1,2,2,1,4,6,7,2,1,1,1,1,1,1,5,2,M,Hindu,4,1,2,1,3,1,3,1,5,2,2,4,4,4,1,1,3,2,5,1,3,5,5,6,1,6,3,1,0,B8,0.4713288366918936,0.019952354,-1.050047349,1.620798394687318,-3.004907533,7,5,-0.132628239,1.5,4
1718,B0810,8,B,8B,Muslim,Enemies,Enemy4,2,20,M,10,3,7,5,6,3,7,7,7,3,7,3,7,8,NA,1,1,2,2,1,1,1,2,2,1,1,2,2,1,4,6,7,2,1,1,1,1,1,1,5,2,M,Hindu,2,2,3,3,1,1,2,1,3,1,1,4,4,4,2,1,1,3,1,2,1,5,3,NA,4,7,6,1,0,B8,0.4713288366918936,0.019952354,-1.050047349,1.620798394687318,-3.004907533,7,5,-0.132628239,1.5,4
1719,B0810,8,B,8B,Muslim,Enemies,Enemy5,2,29,M,10,3,7,5,6,3,7,7,7,3,7,3,7,8,NA,1,1,2,2,1,1,1,2,2,1,1,2,2,1,4,6,7,2,1,1,1,1,1,1,5,2,M,Hindu,1,2,1,1,1,1,1,1,1,1,1,4,4,3,1,1,1,1,1,1,1,2,1,6,6,7,5,1,0,B8,0.4713288366918936,0.019952354,-1.050047349,1.620798394687318,-3.004907533,7,5,-0.132628239,1.5,4
1720,B0810,8,B,8B,Muslim,Enemies,Enemy6,2,33,M,10,3,7,5,6,3,7,7,7,3,7,3,7,8,NA,1,1,2,2,1,1,1,2,2,1,1,2,2,1,4,6,7,2,1,1,1,1,1,1,5,2,M,Hindu,2,2,2,1,1,1,3,1,2,2,1,6,6,6,1,1,1,3,1,1,1,5,5,7,4,7,7,1,0,B8,0.4713288366918936,0.019952354,-1.050047349,1.620798394687318,-3.004907533,7,5,-0.132628239,1.5,4
1721,B0810,8,B,8B,Muslim,Enemies,Enemy7,2,47,M,10,3,7,5,6,3,7,7,7,3,7,3,7,8,NA,1,1,2,2,1,1,1,2,2,1,1,2,2,1,4,6,7,2,1,1,1,1,1,1,5,2,M,NA,NA,NA,NA,NA,NA,NA,NA,NA,NA,NA,NA,NA,NA,NA,NA,NA,NA,NA,NA,NA,NA,NA,NA,NA,NA,NA,NA,1,NA,B8,0.4713288366918936,0.019952354,-1.050047349,1.620798394687318,-3.004907533,7,5,-0.132628239,1.5,4
1722,B0813,8,B,8B,Hindu,Enemies,Enemy1,2,1,M,13,2,6,5,7,7,5,7,7,4,6,2,6,7,NA,1,1,1,1,1,1,1,1,1,5,1,1,1,1,7,3,3,1,1,2,1,1,1,1,5,2,M,NA,NA,NA,NA,NA,NA,NA,NA,NA,NA,NA,NA,NA,NA,NA,NA,NA,NA,NA,NA,NA,NA,NA,NA,NA,NA,NA,NA,1,NA,B8,0.4713288366918936,0.019952354,-1.050047349,1.620798394687318,-3.004907533,6,5,-0.571172707,1.5,2
1723,B0813,8,B,8B,Hindu,Enemies,Enemy2,2,3,M,13,2,6,5,7,7,5,7,7,4,6,2,6,7,NA,1,1,1,1,1,1,1,1,1,5,1,1,1,1,7,3,3,1,1,2,1,1,1,1,5,2,M,NA,NA,NA,NA,NA,NA,NA,NA,NA,NA,NA,NA,NA,NA,NA,NA,NA,NA,NA,NA,NA,NA,NA,NA,NA,NA,NA,NA,1,NA,B8,0.4713288366918936,0.019952354,-1.050047349,1.620798394687318,-3.004907533,6,5,-0.571172707,1.5,2
1724,B0813,8,B,8B,Hindu,Enemies,Enemy3,2,10,M,13,2,6,5,7,7,5,7,7,4,6,2,6,7,NA,1,1,1,1,1,1,1,1,1,5,1,1,1,1,7,3,3,1,1,2,1,1,1,1,5,2,M,Muslim,1,2,2,1,1,1,2,1,1,2,1,4,6,7,2,1,1,1,1,1,1,5,2,7,5,3,7,1,0,B8,0.4713288366918936,0.019952354,-1.050047349,1.620798394687318,-3.004907533,6,5,-0.571172707,1.5,2
1725,B0813,8,B,8B,Hindu,Enemies,Enemy4,2,40,M,13,2,6,5,7,7,5,7,7,4,6,2,6,7,NA,1,1,1,1,1,1,1,1,1,5,1,1,1,1,7,3,3,1,1,2,1,1,1,1,5,2,M,NA,NA,NA,NA,NA,NA,NA,NA,NA,NA,NA,NA,NA,NA,NA,NA,NA,NA,NA,NA,NA,NA,NA,NA,NA,NA,NA,NA,1,NA,B8,0.4713288366918936,0.019952354,-1.050047349,1.620798394687318,-3.004907533,6,5,-0.571172707,1.5,2
1726,B0815,8,B,8B,Hindu,Enemies,Enemy1,2,2,M,15,6,7,5,7,7,7,7,7,6,5,6,6,2,NA,1,3,5,3,1,1,1,4,5,1,2,4,1,3,7,2,2,1,1,1,2,1,1,1,5,1,M,Muslim,1,1,1,1,1,1,1,1,1,1,1,4,1,4,5,1,1,1,1,2,1,3,3,7,1,6,7,1,0,B8,0.4713288366918936,0.019952354,-1.050047349,1.620798394687318,-3.004907533,7,5,-0.132628239,1.5,0
1727,B0815,8,B,8B,Hindu,Enemies,Enemy2,2,3,M,15,6,7,5,7,7,7,7,7,6,5,6,6,2,NA,1,3,5,3,1,1,1,4,5,1,2,4,1,3,7,2,2,1,1,1,2,1,1,1,5,1,M,NA,NA,NA,NA,NA,NA,NA,NA,NA,NA,NA,NA,NA,NA,NA,NA,NA,NA,NA,NA,NA,NA,NA,NA,NA,NA,NA,NA,1,NA,B8,0.4713288366918936,0.019952354,-1.050047349,1.620798394687318,-3.004907533,7,5,-0.132628239,1.5,0
1728,B0815,8,B,8B,Hindu,Enemies,Enemy3,2,8,M,15,6,7,5,7,7,7,7,7,6,5,6,6,2,NA,1,3,5,3,1,1,1,4,5,1,2,4,1,3,7,2,2,1,1,1,2,1,1,1,5,1,M,Muslim,1,2,2,2,1,1,4,1,1,1,2,3,2,3,3,1,1,2,2,1,1,2,2,7,4,3,7,1,0,B8,0.4713288366918936,0.019952354,-1.050047349,1.620798394687318,-3.004907533,7,5,-0.132628239,1.5,0
1729,B0815,8,B,8B,Hindu,Enemies,Enemy4,2,19,M,15,6,7,5,7,7,7,7,7,6,5,6,6,2,NA,1,3,5,3,1,1,1,4,5,1,2,4,1,3,7,2,2,1,1,1,2,1,1,1,5,1,M,Muslim,3,1,2,1,1,1,1,1,1,1,1,4,3,6,1,1,1,1,1,1,1,4,1,7,1,6,7,1,0,B8,0.4713288366918936,0.019952354,-1.050047349,1.620798394687318,-3.004907533,7,5,-0.132628239,1.5,0
1730,B0815,8,B,8B,Hindu,Enemies,Enemy5,2,24,M,15,6,7,5,7,7,7,7,7,6,5,6,6,2,NA,1,3,5,3,1,1,1,4,5,1,2,4,1,3,7,2,2,1,1,1,2,1,1,1,5,1,M,NA,NA,NA,NA,NA,NA,NA,NA,NA,NA,NA,NA,NA,NA,NA,NA,NA,NA,NA,NA,NA,NA,NA,NA,NA,NA,NA,NA,1,NA,B8,0.4713288366918936,0.019952354,-1.050047349,1.620798394687318,-3.004907533,7,5,-0.132628239,1.5,0
1731,B0815,8,B,8B,Hindu,Enemies,Enemy6,2,25,M,15,6,7,5,7,7,7,7,7,6,5,6,6,2,NA,1,3,5,3,1,1,1,4,5,1,2,4,1,3,7,2,2,1,1,1,2,1,1,1,5,1,M,NA,NA,NA,NA,NA,NA,NA,NA,NA,NA,NA,NA,NA,NA,NA,NA,NA,NA,NA,NA,NA,NA,NA,NA,NA,NA,NA,NA,1,NA,B8,0.4713288366918936,0.019952354,-1.050047349,1.620798394687318,-3.004907533,7,5,-0.132628239,1.5,0
1732,B0815,8,B,8B,Hindu,Enemies,Enemy7,2,37,M,15,6,7,5,7,7,7,7,7,6,5,6,6,2,NA,1,3,5,3,1,1,1,4,5,1,2,4,1,3,7,2,2,1,1,1,2,1,1,1,5,1,M,NA,NA,NA,NA,NA,NA,NA,NA,NA,NA,NA,NA,NA,NA,NA,NA,NA,NA,NA,NA,NA,NA,NA,NA,NA,NA,NA,NA,1,NA,B8,0.4713288366918936,0.019952354,-1.050047349,1.620798394687318,-3.004907533,7,5,-0.132628239,1.5,0
1733,B0816,8,B,8B,Hindu,Enemies,Enemy1,2,1,M,16,5,6,1,7,6,3,6,2,4,5,5,3,7,MARRATHA,1,4,1,2,1,3,1,4,3,1,5,2,1,2,4,4,4,1,1,3,2,5,1,3,5,5,M,NA,NA,NA,NA,NA,NA,NA,NA,NA,NA,NA,NA,NA,NA,NA,NA,NA,NA,NA,NA,NA,NA,NA,NA,NA,NA,NA,NA,1,NA,B8,0.4713288366918936,0.019952354,-1.050047349,1.620798394687318,-3.004907533,6,1,1.183005165925335,1.5,3
1734,B0816,8,B,8B,Hindu,Enemies,Enemy2,2,3,M,16,5,6,1,7,6,3,6,2,4,5,5,3,7,MARRATHA,1,4,1,2,1,3,1,4,3,1,5,2,1,2,4,4,4,1,1,3,2,5,1,3,5,5,M,NA,NA,NA,NA,NA,NA,NA,NA,NA,NA,NA,NA,NA,NA,NA,NA,NA,NA,NA,NA,NA,NA,NA,NA,NA,NA,NA,NA,1,NA,B8,0.4713288366918936,0.019952354,-1.050047349,1.620798394687318,-3.004907533,6,1,1.183005165925335,1.5,3
1735,B0816,8,B,8B,Hindu,Enemies,Enemy3,2,5,M,16,5,6,1,7,6,3,6,2,4,5,5,3,7,MARRATHA,1,4,1,2,1,3,1,4,3,1,5,2,1,2,4,4,4,1,1,3,2,5,1,3,5,5,M,Muslim,2,1,1,1,1,1,4,1,1,1,1,4,3,7,2,1,1,3,1,2,1,5,4,7,4,4,7,1,0,B8,0.4713288366918936,0.019952354,-1.050047349,1.620798394687318,-3.004907533,6,1,1.183005165925335,1.5,3
1736,B0816,8,B,8B,Hindu,Enemies,Enemy4,2,11,M,16,5,6,1,7,6,3,6,2,4,5,5,3,7,MARRATHA,1,4,1,2,1,3,1,4,3,1,5,2,1,2,4,4,4,1,1,3,2,5,1,3,5,5,M,NA,NA,NA,NA,NA,NA,NA,NA,NA,NA,NA,NA,NA,NA,NA,NA,NA,NA,NA,NA,NA,NA,NA,NA,NA,NA,NA,NA,1,NA,B8,0.4713288366918936,0.019952354,-1.050047349,1.620798394687318,-3.004907533,6,1,1.183005165925335,1.5,3
1737,B0816,8,B,8B,Hindu,Enemies,Enemy5,2,13,M,16,5,6,1,7,6,3,6,2,4,5,5,3,7,MARRATHA,1,4,1,2,1,3,1,4,3,1,5,2,1,2,4,4,4,1,1,3,2,5,1,3,5,5,M,Hindu,1,1,1,1,1,1,1,5,1,1,1,7,3,3,1,1,2,1,1,1,1,5,2,6,5,7,5,1,1,B8,0.4713288366918936,0.019952354,-1.050047349,1.620798394687318,-3.004907533,6,1,1.183005165925335,1.5,3
1738,B0816,8,B,8B,Hindu,Enemies,Enemy6,2,14,M,16,5,6,1,7,6,3,6,2,4,5,5,3,7,MARRATHA,1,4,1,2,1,3,1,4,3,1,5,2,1,2,4,4,4,1,1,3,2,5,1,3,5,5,M,NA,NA,NA,NA,NA,NA,NA,NA,NA,NA,NA,NA,NA,NA,NA,NA,NA,NA,NA,NA,NA,NA,NA,NA,NA,NA,NA,NA,1,NA,B8,0.4713288366918936,0.019952354,-1.050047349,1.620798394687318,-3.004907533,6,1,1.183005165925335,1.5,3
1739,B0816,8,B,8B,Hindu,Enemies,Enemy7,2,23,M,16,5,6,1,7,6,3,6,2,4,5,5,3,7,MARRATHA,1,4,1,2,1,3,1,4,3,1,5,2,1,2,4,4,4,1,1,3,2,5,1,3,5,5,M,NA,NA,NA,NA,NA,NA,NA,NA,NA,NA,NA,NA,NA,NA,NA,NA,NA,NA,NA,NA,NA,NA,NA,NA,NA,NA,NA,NA,1,NA,B8,0.4713288366918936,0.019952354,-1.050047349,1.620798394687318,-3.004907533,6,1,1.183005165925335,1.5,3
1740,B0817,8,B,8B,Muslim,Enemies,Enemy1,2,16,M,17,3,6,4,4,6,6,6,7,6,7,4,4,7,NA,1,3,3,3,1,3,1,2,4,3,1,3,2,3,1,1,1,3,1,1,3,1,1,1,3,2,M,Hindu,4,1,2,1,3,1,3,1,5,2,2,4,4,4,1,1,3,2,5,1,3,5,5,6,1,6,3,1,0,B8,0.4713288366918936,0.019952354,-1.050047349,1.620798394687318,-3.004907533,6,4,-0.132628239,1.5,0
1741,B0817,8,B,8B,Muslim,Enemies,Enemy2,2,20,M,17,3,6,4,4,6,6,6,7,6,7,4,4,7,NA,1,3,3,3,1,3,1,2,4,3,1,3,2,3,1,1,1,3,1,1,3,1,1,1,3,2,M,Hindu,2,2,3,3,1,1,2,1,3,1,1,4,4,4,2,1,1,3,1,2,1,5,3,NA,4,7,6,1,0,B8,0.4713288366918936,0.019952354,-1.050047349,1.620798394687318,-3.004907533,6,4,-0.132628239,1.5,0
1742,B0817,8,B,8B,Muslim,Enemies,Enemy3,2,47,M,17,3,6,4,4,6,6,6,7,6,7,4,4,7,NA,1,3,3,3,1,3,1,2,4,3,1,3,2,3,1,1,1,3,1,1,3,1,1,1,3,2,M,NA,NA,NA,NA,NA,NA,NA,NA,NA,NA,NA,NA,NA,NA,NA,NA,NA,NA,NA,NA,NA,NA,NA,NA,NA,NA,NA,NA,1,NA,B8,0.4713288366918936,0.019952354,-1.050047349,1.620798394687318,-3.004907533,6,4,-0.132628239,1.5,0
1743,B0819,8,B,8B,Muslim,Enemies,Enemy1,2,3,M,19,7,7,1,6,6,7,7,7,6,7,6,2,6,NA,1,3,1,2,1,1,1,2,1,1,1,1,2,1,4,3,6,1,1,1,1,1,1,1,4,1,M,NA,NA,NA,NA,NA,NA,NA,NA,NA,NA,NA,NA,NA,NA,NA,NA,NA,NA,NA,NA,NA,NA,NA,NA,NA,NA,NA,NA,1,NA,B8,0.4713288366918936,0.019952354,-1.050047349,1.620798394687318,-3.004907533,7,1,1.621549634144792,1.5,1
1744,B0819,8,B,8B,Muslim,Enemies,Enemy2,2,11,M,19,7,7,1,6,6,7,7,7,6,7,6,2,6,NA,1,3,1,2,1,1,1,2,1,1,1,1,2,1,4,3,6,1,1,1,1,1,1,1,4,1,M,NA,NA,NA,NA,NA,NA,NA,NA,NA,NA,NA,NA,NA,NA,NA,NA,NA,NA,NA,NA,NA,NA,NA,NA,NA,NA,NA,NA,1,NA,B8,0.4713288366918936,0.019952354,-1.050047349,1.620798394687318,-3.004907533,7,1,1.621549634144792,1.5,1
1745,B0819,8,B,8B,Muslim,Enemies,Enemy3,2,25,M,19,7,7,1,6,6,7,7,7,6,7,6,2,6,NA,1,3,1,2,1,1,1,2,1,1,1,1,2,1,4,3,6,1,1,1,1,1,1,1,4,1,M,NA,NA,NA,NA,NA,NA,NA,NA,NA,NA,NA,NA,NA,NA,NA,NA,NA,NA,NA,NA,NA,NA,NA,NA,NA,NA,NA,NA,1,NA,B8,0.4713288366918936,0.019952354,-1.050047349,1.620798394687318,-3.004907533,7,1,1.621549634144792,1.5,1
1746,B0819,8,B,8B,Muslim,Enemies,Enemy4,2,47,M,19,7,7,1,6,6,7,7,7,6,7,6,2,6,NA,1,3,1,2,1,1,1,2,1,1,1,1,2,1,4,3,6,1,1,1,1,1,1,1,4,1,M,NA,NA,NA,NA,NA,NA,NA,NA,NA,NA,NA,NA,NA,NA,NA,NA,NA,NA,NA,NA,NA,NA,NA,NA,NA,NA,NA,NA,1,NA,B8,0.4713288366918936,0.019952354,-1.050047349,1.620798394687318,-3.004907533,7,1,1.621549634144792,1.5,1
1747,B0820,8,B,8B,Hindu,Enemies,Enemy1,2,1,M,20,2,NA,4,NA,7,6,1,NA,NA,NA,5,3,NA,NA,1,2,2,3,3,1,1,1,2,1,3,1,1,1,4,4,4,2,1,1,3,1,2,1,5,3,M,NA,NA,NA,NA,NA,NA,NA,NA,NA,NA,NA,NA,NA,NA,NA,NA,NA,NA,NA,NA,NA,NA,NA,NA,NA,NA,NA,NA,1,NA,B8,0.4713288366918936,0.019952354,-1.050047349,1.620798394687318,-3.004907533,NA,4,NA,1.5,1
1748,B0820,8,B,8B,Hindu,Enemies,Enemy2,2,15,M,20,2,NA,4,NA,7,6,1,NA,NA,NA,5,3,NA,NA,1,2,2,3,3,1,1,1,2,1,3,1,1,1,4,4,4,2,1,1,3,1,2,1,5,3,M,Hindu,3,5,3,1,1,1,5,1,2,4,3,7,2,2,1,1,1,2,1,1,1,5,1,7,5,7,7,1,1,B8,0.4713288366918936,0.019952354,-1.050047349,1.620798394687318,-3.004907533,NA,4,NA,1.5,1
1749,B0820,8,B,8B,Hindu,Enemies,Enemy3,2,33,M,20,2,NA,4,NA,7,6,1,NA,NA,NA,5,3,NA,NA,1,2,2,3,3,1,1,1,2,1,3,1,1,1,4,4,4,2,1,1,3,1,2,1,5,3,M,Hindu,2,2,2,1,1,1,3,1,2,2,1,6,6,6,1,1,1,3,1,1,1,5,5,7,4,7,7,1,1,B8,0.4713288366918936,0.019952354,-1.050047349,1.620798394687318,-3.004907533,NA,4,NA,1.5,1
1750,B0820,8,B,8B,Hindu,Enemies,Enemy4,2,34,M,20,2,NA,4,NA,7,6,1,NA,NA,NA,5,3,NA,NA,1,2,2,3,3,1,1,1,2,1,3,1,1,1,4,4,4,2,1,1,3,1,2,1,5,3,M,Muslim,1,1,1,1,1,1,1,1,1,1,1,4,4,4,3,3,3,3,3,2,1,2,3,7,1,5,7,1,0,B8,0.4713288366918936,0.019952354,-1.050047349,1.620798394687318,-3.004907533,NA,4,NA,1.5,1
1751,B0820,8,B,8B,Hindu,Enemies,Enemy5,2,36,M,20,2,NA,4,NA,7,6,1,NA,NA,NA,5,3,NA,NA,1,2,2,3,3,1,1,1,2,1,3,1,1,1,4,4,4,2,1,1,3,1,2,1,5,3,M,NA,NA,NA,NA,NA,NA,NA,NA,NA,NA,NA,NA,NA,NA,NA,NA,NA,NA,NA,NA,NA,NA,NA,NA,NA,NA,NA,NA,1,NA,B8,0.4713288366918936,0.019952354,-1.050047349,1.620798394687318,-3.004907533,NA,4,NA,1.5,1
1752,B0820,8,B,8B,Hindu,Enemies,Enemy6,2,38,M,20,2,NA,4,NA,7,6,1,NA,NA,NA,5,3,NA,NA,1,2,2,3,3,1,1,1,2,1,3,1,1,1,4,4,4,2,1,1,3,1,2,1,5,3,M,Muslim,1,1,1,2,1,2,1,2,1,1,1,6,6,5,1,1,1,2,1,1,1,5,3,7,1,5,7,1,0,B8,0.4713288366918936,0.019952354,-1.050047349,1.620798394687318,-3.004907533,NA,4,NA,1.5,1
1753,B0820,8,B,8B,Hindu,Enemies,Enemy7,2,39,M,20,2,NA,4,NA,7,6,1,NA,NA,NA,5,3,NA,NA,1,2,2,3,3,1,1,1,2,1,3,1,1,1,4,4,4,2,1,1,3,1,2,1,5,3,M,NA,NA,NA,NA,NA,NA,NA,NA,NA,NA,NA,NA,NA,NA,NA,NA,NA,NA,NA,NA,NA,NA,NA,NA,NA,NA,NA,NA,1,NA,B8,0.4713288366918936,0.019952354,-1.050047349,1.620798394687318,-3.004907533,NA,4,NA,1.5,1
1754,B0821,8,B,8B,Hindu,Enemies,Enemy1,2,2,M,21,1,7,4,7,7,7,5,7,6,5,4,5,NA,NA,1,2,2,2,1,1,1,1,3,1,2,2,1,1,5,6,5,1,1,1,4,1,1,1,5,5,M,Muslim,1,1,1,1,1,1,1,1,1,1,1,4,1,4,5,1,1,1,1,2,1,3,3,7,1,6,7,1,0,B8,0.4713288366918936,0.019952354,-1.050047349,1.620798394687318,-3.004907533,7,4,0.30591622948642044,1.5,0
1755,B0821,8,B,8B,Hindu,Enemies,Enemy2,2,3,M,21,1,7,4,7,7,7,5,7,6,5,4,5,NA,NA,1,2,2,2,1,1,1,1,3,1,2,2,1,1,5,6,5,1,1,1,4,1,1,1,5,5,M,NA,NA,NA,NA,NA,NA,NA,NA,NA,NA,NA,NA,NA,NA,NA,NA,NA,NA,NA,NA,NA,NA,NA,NA,NA,NA,NA,NA,1,NA,B8,0.4713288366918936,0.019952354,-1.050047349,1.620798394687318,-3.004907533,7,4,0.30591622948642044,1.5,0
1756,B0821,8,B,8B,Hindu,Enemies,Enemy3,2,25,M,21,1,7,4,7,7,7,5,7,6,5,4,5,NA,NA,1,2,2,2,1,1,1,1,3,1,2,2,1,1,5,6,5,1,1,1,4,1,1,1,5,5,M,NA,NA,NA,NA,NA,NA,NA,NA,NA,NA,NA,NA,NA,NA,NA,NA,NA,NA,NA,NA,NA,NA,NA,NA,NA,NA,NA,NA,1,NA,B8,0.4713288366918936,0.019952354,-1.050047349,1.620798394687318,-3.004907533,7,4,0.30591622948642044,1.5,0
1757,B0821,8,B,8B,Hindu,Enemies,Enemy4,2,28,M,21,1,7,4,7,7,7,5,7,6,5,4,5,NA,NA,1,2,2,2,1,1,1,1,3,1,2,2,1,1,5,6,5,1,1,1,4,1,1,1,5,5,M,Muslim,1,1,1,1,1,1,4,1,1,1,1,3,3,3,3,1,1,1,1,4,2,4,1,6,4,5,7,1,0,B8,0.4713288366918936,0.019952354,-1.050047349,1.620798394687318,-3.004907533,7,4,0.30591622948642044,1.5,0
1758,B0821,8,B,8B,Hindu,Enemies,Enemy5,2,42,M,21,1,7,4,7,7,7,5,7,6,5,4,5,NA,NA,1,2,2,2,1,1,1,1,3,1,2,2,1,1,5,6,5,1,1,1,4,1,1,1,5,5,M,Muslim,1,2,3,1,1,1,1,1,1,1,1,3,4,5,1,1,1,1,1,5,1,2,1,6,7,1,7,1,0,B8,0.4713288366918936,0.019952354,-1.050047349,1.620798394687318,-3.004907533,7,4,0.30591622948642044,1.5,0
1759,B0821,8,B,8B,Hindu,Enemies,Enemy6,2,45,M,21,1,7,4,7,7,7,5,7,6,5,4,5,NA,NA,1,2,2,2,1,1,1,1,3,1,2,2,1,1,5,6,5,1,1,1,4,1,1,1,5,5,M,Hindu,1,1,2,3,2,1,1,1,1,1,2,3,1,1,1,1,1,1,1,3,1,5,5,7,1,6,6,1,1,B8,0.4713288366918936,0.019952354,-1.050047349,1.620798394687318,-3.004907533,7,4,0.30591622948642044,1.5,0
1760,B0822,8,B,8B,Hindu,Enemies,Enemy1,2,1,M,22,4,5,7,6,7,2,7,5,5,6,4,4,NA,MARATHE,1,1,2,1,2,2,1,4,4,1,3,4,1,1,4,4,4,1,1,2,3,3,1,3,1,3,M,NA,NA,NA,NA,NA,NA,NA,NA,NA,NA,NA,NA,NA,NA,NA,NA,NA,NA,NA,NA,NA,NA,NA,NA,NA,NA,NA,NA,1,NA,B8,0.4713288366918936,0.019952354,-1.050047349,1.620798394687318,-3.004907533,5,7,-1.886806112,1.5,5
1761,B0822,8,B,8B,Hindu,Enemies,Enemy2,2,3,M,22,4,5,7,6,7,2,7,5,5,6,4,4,NA,MARATHE,1,1,2,1,2,2,1,4,4,1,3,4,1,1,4,4,4,1,1,2,3,3,1,3,1,3,M,NA,NA,NA,NA,NA,NA,NA,NA,NA,NA,NA,NA,NA,NA,NA,NA,NA,NA,NA,NA,NA,NA,NA,NA,NA,NA,NA,NA,1,NA,B8,0.4713288366918936,0.019952354,-1.050047349,1.620798394687318,-3.004907533,5,7,-1.886806112,1.5,5
1762,B0822,8,B,8B,Hindu,Enemies,Enemy3,2,25,M,22,4,5,7,6,7,2,7,5,5,6,4,4,NA,MARATHE,1,1,2,1,2,2,1,4,4,1,3,4,1,1,4,4,4,1,1,2,3,3,1,3,1,3,M,NA,NA,NA,NA,NA,NA,NA,NA,NA,NA,NA,NA,NA,NA,NA,NA,NA,NA,NA,NA,NA,NA,NA,NA,NA,NA,NA,NA,1,NA,B8,0.4713288366918936,0.019952354,-1.050047349,1.620798394687318,-3.004907533,5,7,-1.886806112,1.5,5
1763,B0822,8,B,8B,Hindu,Enemies,Enemy4,2,40,M,22,4,5,7,6,7,2,7,5,5,6,4,4,NA,MARATHE,1,1,2,1,2,2,1,4,4,1,3,4,1,1,4,4,4,1,1,2,3,3,1,3,1,3,M,NA,NA,NA,NA,NA,NA,NA,NA,NA,NA,NA,NA,NA,NA,NA,NA,NA,NA,NA,NA,NA,NA,NA,NA,NA,NA,NA,NA,1,NA,B8,0.4713288366918936,0.019952354,-1.050047349,1.620798394687318,-3.004907533,5,7,-1.886806112,1.5,5
1764,B0822,8,B,8B,Hindu,Enemies,Enemy5,2,49,M,22,4,5,7,6,7,2,7,5,5,6,4,4,NA,MARATHE,1,1,2,1,2,2,1,4,4,1,3,4,1,1,4,4,4,1,1,2,3,3,1,3,1,3,M,Hindu,2,1,2,1,1,1,4,1,3,2,1,4,4,4,1,1,1,3,1,1,1,5,4,6,6,7,6,1,1,B8,0.4713288366918936,0.019952354,-1.050047349,1.620798394687318,-3.004907533,5,7,-1.886806112,1.5,5
1765,B0826,8,B,8B,Hindu,Enemies,Enemy1,2,3,M,26,4,6,4,5,6,3,4,4,3,4,4,4,3,NA,1,4,1,3,2,4,1,4,3,2,5,3,1,3,4,3,3,2,2,2,1,2,2,2,4,4,M,NA,NA,NA,NA,NA,NA,NA,NA,NA,NA,NA,NA,NA,NA,NA,NA,NA,NA,NA,NA,NA,NA,NA,NA,NA,NA,NA,NA,1,NA,B8,0.4713288366918936,0.019952354,-1.050047349,1.620798394687318,-3.004907533,6,4,-0.132628239,1.5,3
1766,B0826,8,B,8B,Hindu,Enemies,Enemy2,2,14,M,26,4,6,4,5,6,3,4,4,3,4,4,4,3,NA,1,4,1,3,2,4,1,4,3,2,5,3,1,3,4,3,3,2,2,2,1,2,2,2,4,4,M,NA,NA,NA,NA,NA,NA,NA,NA,NA,NA,NA,NA,NA,NA,NA,NA,NA,NA,NA,NA,NA,NA,NA,NA,NA,NA,NA,NA,1,NA,B8,0.4713288366918936,0.019952354,-1.050047349,1.620798394687318,-3.004907533,6,4,-0.132628239,1.5,3
1767,B0826,8,B,8B,Hindu,Enemies,Enemy3,2,19,M,26,4,6,4,5,6,3,4,4,3,4,4,4,3,NA,1,4,1,3,2,4,1,4,3,2,5,3,1,3,4,3,3,2,2,2,1,2,2,2,4,4,M,Muslim,3,1,2,1,1,1,1,1,1,1,1,4,3,6,1,1,1,1,1,1,1,4,1,7,1,6,7,1,0,B8,0.4713288366918936,0.019952354,-1.050047349,1.620798394687318,-3.004907533,6,4,-0.132628239,1.5,3
1768,B0826,8,B,8B,Hindu,Enemies,Enemy4,2,22,M,26,4,6,4,5,6,3,4,4,3,4,4,4,3,NA,1,4,1,3,2,4,1,4,3,2,5,3,1,3,4,3,3,2,2,2,1,2,2,2,4,4,M,Hindu,1,2,1,2,2,1,4,1,3,4,1,4,4,4,1,1,2,3,3,1,3,1,3,5,7,7,2,1,1,B8,0.4713288366918936,0.019952354,-1.050047349,1.620798394687318,-3.004907533,6,4,-0.132628239,1.5,3
1769,B0826,8,B,8B,Hindu,Enemies,Enemy5,2,25,M,26,4,6,4,5,6,3,4,4,3,4,4,4,3,NA,1,4,1,3,2,4,1,4,3,2,5,3,1,3,4,3,3,2,2,2,1,2,2,2,4,4,M,NA,NA,NA,NA,NA,NA,NA,NA,NA,NA,NA,NA,NA,NA,NA,NA,NA,NA,NA,NA,NA,NA,NA,NA,NA,NA,NA,NA,1,NA,B8,0.4713288366918936,0.019952354,-1.050047349,1.620798394687318,-3.004907533,6,4,-0.132628239,1.5,3
1770,B0826,8,B,8B,Hindu,Enemies,Enemy6,2,34,M,26,4,6,4,5,6,3,4,4,3,4,4,4,3,NA,1,4,1,3,2,4,1,4,3,2,5,3,1,3,4,3,3,2,2,2,1,2,2,2,4,4,M,Muslim,1,1,1,1,1,1,1,1,1,1,1,4,4,4,3,3,3,3,3,2,1,2,3,7,1,5,7,1,0,B8,0.4713288366918936,0.019952354,-1.050047349,1.620798394687318,-3.004907533,6,4,-0.132628239,1.5,3
1771,B0828,8,B,8B,Muslim,Enemies,Enemy1,2,20,M,28,6,6,4,6,5,7,7,6,6,5,6,6,7,NA,1,1,1,1,1,1,1,2,4,1,1,1,2,1,3,3,3,3,1,1,1,1,4,2,4,1,M,Hindu,2,2,3,3,1,1,2,1,3,1,1,4,4,4,2,1,1,3,1,2,1,5,3,NA,4,7,6,1,0,B8,0.4713288366918936,0.019952354,-1.050047349,1.620798394687318,-3.004907533,6,4,-0.132628239,1.5,2
1772,B0828,8,B,8B,Muslim,Enemies,Enemy2,2,47,M,28,6,6,4,6,5,7,7,6,6,5,6,6,7,NA,1,1,1,1,1,1,1,2,4,1,1,1,2,1,3,3,3,3,1,1,1,1,4,2,4,1,M,NA,NA,NA,NA,NA,NA,NA,NA,NA,NA,NA,NA,NA,NA,NA,NA,NA,NA,NA,NA,NA,NA,NA,NA,NA,NA,NA,NA,1,NA,B8,0.4713288366918936,0.019952354,-1.050047349,1.620798394687318,-3.004907533,6,4,-0.132628239,1.5,2
1773,B0829,8,B,8B,Hindu,Enemies,Enemy1,2,1,M,29,5,6,6,6,7,5,7,7,6,6,5,5,8,NA,1,1,2,1,1,1,1,1,1,1,1,1,1,1,4,4,3,1,1,1,1,1,1,1,2,1,M,NA,NA,NA,NA,NA,NA,NA,NA,NA,NA,NA,NA,NA,NA,NA,NA,NA,NA,NA,NA,NA,NA,NA,NA,NA,NA,NA,NA,1,NA,B8,0.4713288366918936,0.019952354,-1.050047349,1.620798394687318,-3.004907533,6,6,-1.009717175,1.5,2
1774,B0829,8,B,8B,Hindu,Enemies,Enemy2,2,44,M,29,5,6,6,6,7,5,7,7,6,6,5,5,8,NA,1,1,2,1,1,1,1,1,1,1,1,1,1,1,4,4,3,1,1,1,1,1,1,1,2,1,M,Hindu,2,4,1,1,3,1,4,1,4,2,2,6,4,7,1,1,1,1,1,4,1,5,3,7,7,7,7,1,1,B8,0.4713288366918936,0.019952354,-1.050047349,1.620798394687318,-3.004907533,6,6,-1.009717175,1.5,2
1775,B0832,8,B,8B,Muslim,Enemies,Enemy1,2,1,M,32,4,7,4,7,4,7,7,7,4,3,3,3,NA,NONE,1,1,3,1,2,1,1,2,4,1,1,1,2,2,4,1,4,1,1,1,3,1,1,1,1,5,M,NA,NA,NA,NA,NA,NA,NA,NA,NA,NA,NA,NA,NA,NA,NA,NA,NA,NA,NA,NA,NA,NA,NA,NA,NA,NA,NA,NA,1,NA,B8,0.4713288366918936,0.019952354,-1.050047349,1.620798394687318,-3.004907533,7,4,0.30591622948642044,1.5,3
1776,B0832,8,B,8B,Muslim,Enemies,Enemy2,2,15,M,32,4,7,4,7,4,7,7,7,4,3,3,3,NA,NONE,1,1,3,1,2,1,1,2,4,1,1,1,2,2,4,1,4,1,1,1,3,1,1,1,1,5,M,Hindu,3,5,3,1,1,1,5,1,2,4,3,7,2,2,1,1,1,2,1,1,1,5,1,7,5,7,7,1,0,B8,0.4713288366918936,0.019952354,-1.050047349,1.620798394687318,-3.004907533,7,4,0.30591622948642044,1.5,3
1777,B0832,8,B,8B,Muslim,Enemies,Enemy3,2,47,M,32,4,7,4,7,4,7,7,7,4,3,3,3,NA,NONE,1,1,3,1,2,1,1,2,4,1,1,1,2,2,4,1,4,1,1,1,3,1,1,1,1,5,M,NA,NA,NA,NA,NA,NA,NA,NA,NA,NA,NA,NA,NA,NA,NA,NA,NA,NA,NA,NA,NA,NA,NA,NA,NA,NA,NA,NA,1,NA,B8,0.4713288366918936,0.019952354,-1.050047349,1.620798394687318,-3.004907533,7,4,0.30591622948642044,1.5,3
1778,B0833,8,B,8B,Hindu,Enemies,Enemy1,2,2,M,33,1,7,4,7,7,7,7,6,7,2,3,4,8,NA,1,2,2,2,1,1,1,1,3,1,2,2,1,1,6,6,6,1,1,1,3,1,1,1,5,5,M,Muslim,1,1,1,1,1,1,1,1,1,1,1,4,1,4,5,1,1,1,1,2,1,3,3,7,1,6,7,1,0,B8,0.4713288366918936,0.019952354,-1.050047349,1.620798394687318,-3.004907533,7,4,0.30591622948642044,1.5,0
1779,B0833,8,B,8B,Hindu,Enemies,Enemy2,2,3,M,33,1,7,4,7,7,7,7,6,7,2,3,4,8,NA,1,2,2,2,1,1,1,1,3,1,2,2,1,1,6,6,6,1,1,1,3,1,1,1,5,5,M,NA,NA,NA,NA,NA,NA,NA,NA,NA,NA,NA,NA,NA,NA,NA,NA,NA,NA,NA,NA,NA,NA,NA,NA,NA,NA,NA,NA,1,NA,B8,0.4713288366918936,0.019952354,-1.050047349,1.620798394687318,-3.004907533,7,4,0.30591622948642044,1.5,0
1780,B0833,8,B,8B,Hindu,Enemies,Enemy3,2,8,M,33,1,7,4,7,7,7,7,6,7,2,3,4,8,NA,1,2,2,2,1,1,1,1,3,1,2,2,1,1,6,6,6,1,1,1,3,1,1,1,5,5,M,Muslim,1,2,2,2,1,1,4,1,1,1,2,3,2,3,3,1,1,2,2,1,1,2,2,7,4,3,7,1,0,B8,0.4713288366918936,0.019952354,-1.050047349,1.620798394687318,-3.004907533,7,4,0.30591622948642044,1.5,0
1781,B0833,8,B,8B,Hindu,Enemies,Enemy4,2,17,M,33,1,7,4,7,7,7,7,6,7,2,3,4,8,NA,1,2,2,2,1,1,1,1,3,1,2,2,1,1,6,6,6,1,1,1,3,1,1,1,5,5,M,Muslim,3,3,3,1,3,1,4,3,1,3,3,1,1,1,3,1,1,3,1,1,1,3,2,6,4,6,6,1,0,B8,0.4713288366918936,0.019952354,-1.050047349,1.620798394687318,-3.004907533,7,4,0.30591622948642044,1.5,0
1782,B0833,8,B,8B,Hindu,Enemies,Enemy5,2,18,M,33,1,7,4,7,7,7,7,6,7,2,3,4,8,NA,1,2,2,2,1,1,1,1,3,1,2,2,1,1,6,6,6,1,1,1,3,1,1,1,5,5,M,NA,NA,NA,NA,NA,NA,NA,NA,NA,NA,NA,NA,NA,NA,NA,NA,NA,NA,NA,NA,NA,NA,NA,NA,NA,NA,NA,NA,1,NA,B8,0.4713288366918936,0.019952354,-1.050047349,1.620798394687318,-3.004907533,7,4,0.30591622948642044,1.5,0
1783,B0833,8,B,8B,Hindu,Enemies,Enemy6,2,24,M,33,1,7,4,7,7,7,7,6,7,2,3,4,8,NA,1,2,2,2,1,1,1,1,3,1,2,2,1,1,6,6,6,1,1,1,3,1,1,1,5,5,M,NA,NA,NA,NA,NA,NA,NA,NA,NA,NA,NA,NA,NA,NA,NA,NA,NA,NA,NA,NA,NA,NA,NA,NA,NA,NA,NA,NA,1,NA,B8,0.4713288366918936,0.019952354,-1.050047349,1.620798394687318,-3.004907533,7,4,0.30591622948642044,1.5,0
1784,B0833,8,B,8B,Hindu,Enemies,Enemy7,2,25,M,33,1,7,4,7,7,7,7,6,7,2,3,4,8,NA,1,2,2,2,1,1,1,1,3,1,2,2,1,1,6,6,6,1,1,1,3,1,1,1,5,5,M,NA,NA,NA,NA,NA,NA,NA,NA,NA,NA,NA,NA,NA,NA,NA,NA,NA,NA,NA,NA,NA,NA,NA,NA,NA,NA,NA,NA,1,NA,B8,0.4713288366918936,0.019952354,-1.050047349,1.620798394687318,-3.004907533,7,4,0.30591622948642044,1.5,0
1785,B0834,8,B,8B,Muslim,Enemies,Enemy1,2,3,M,34,5,7,1,5,5,7,7,7,5,5,5,3,8,NA,1,1,1,1,1,1,1,1,1,1,1,1,2,1,4,4,4,3,3,3,3,3,2,1,2,3,M,NA,NA,NA,NA,NA,NA,NA,NA,NA,NA,NA,NA,NA,NA,NA,NA,NA,NA,NA,NA,NA,NA,NA,NA,NA,NA,NA,NA,1,NA,B8,0.4713288366918936,0.019952354,-1.050047349,1.620798394687318,-3.004907533,7,1,1.621549634144792,1.5,2
1786,B0834,8,B,8B,Muslim,Enemies,Enemy2,2,11,M,34,5,7,1,5,5,7,7,7,5,5,5,3,8,NA,1,1,1,1,1,1,1,1,1,1,1,1,2,1,4,4,4,3,3,3,3,3,2,1,2,3,M,NA,NA,NA,NA,NA,NA,NA,NA,NA,NA,NA,NA,NA,NA,NA,NA,NA,NA,NA,NA,NA,NA,NA,NA,NA,NA,NA,NA,1,NA,B8,0.4713288366918936,0.019952354,-1.050047349,1.620798394687318,-3.004907533,7,1,1.621549634144792,1.5,2
1787,B0834,8,B,8B,Muslim,Enemies,Enemy3,2,13,M,34,5,7,1,5,5,7,7,7,5,5,5,3,8,NA,1,1,1,1,1,1,1,1,1,1,1,1,2,1,4,4,4,3,3,3,3,3,2,1,2,3,M,Hindu,1,1,1,1,1,1,1,5,1,1,1,7,3,3,1,1,2,1,1,1,1,5,2,6,5,7,5,1,0,B8,0.4713288366918936,0.019952354,-1.050047349,1.620798394687318,-3.004907533,7,1,1.621549634144792,1.5,2
1788,B0834,8,B,8B,Muslim,Enemies,Enemy4,2,14,M,34,5,7,1,5,5,7,7,7,5,5,5,3,8,NA,1,1,1,1,1,1,1,1,1,1,1,1,2,1,4,4,4,3,3,3,3,3,2,1,2,3,M,NA,NA,NA,NA,NA,NA,NA,NA,NA,NA,NA,NA,NA,NA,NA,NA,NA,NA,NA,NA,NA,NA,NA,NA,NA,NA,NA,NA,1,NA,B8,0.4713288366918936,0.019952354,-1.050047349,1.620798394687318,-3.004907533,7,1,1.621549634144792,1.5,2
1789,B0834,8,B,8B,Muslim,Enemies,Enemy5,2,25,M,34,5,7,1,5,5,7,7,7,5,5,5,3,8,NA,1,1,1,1,1,1,1,1,1,1,1,1,2,1,4,4,4,3,3,3,3,3,2,1,2,3,M,NA,NA,NA,NA,NA,NA,NA,NA,NA,NA,NA,NA,NA,NA,NA,NA,NA,NA,NA,NA,NA,NA,NA,NA,NA,NA,NA,NA,1,NA,B8,0.4713288366918936,0.019952354,-1.050047349,1.620798394687318,-3.004907533,7,1,1.621549634144792,1.5,2
1790,B0834,8,B,8B,Muslim,Enemies,Enemy6,2,29,M,34,5,7,1,5,5,7,7,7,5,5,5,3,8,NA,1,1,1,1,1,1,1,1,1,1,1,1,2,1,4,4,4,3,3,3,3,3,2,1,2,3,M,Hindu,1,2,1,1,1,1,1,1,1,1,1,4,4,3,1,1,1,1,1,1,1,2,1,6,6,7,5,1,0,B8,0.4713288366918936,0.019952354,-1.050047349,1.620798394687318,-3.004907533,7,1,1.621549634144792,1.5,2
1791,B0834,8,B,8B,Muslim,Enemies,Enemy7,2,37,M,34,5,7,1,5,5,7,7,7,5,5,5,3,8,NA,1,1,1,1,1,1,1,1,1,1,1,1,2,1,4,4,4,3,3,3,3,3,2,1,2,3,M,NA,NA,NA,NA,NA,NA,NA,NA,NA,NA,NA,NA,NA,NA,NA,NA,NA,NA,NA,NA,NA,NA,NA,NA,NA,NA,NA,NA,1,NA,B8,0.4713288366918936,0.019952354,-1.050047349,1.620798394687318,-3.004907533,7,1,1.621549634144792,1.5,2
1792,B0835,8,B,8B,Hindu,Enemies,Enemy1,2,1,M,35,1,6,5,6,6,5,7,6,5,5,3,7,NA,NA,1,1,2,1,1,2,1,2,3,1,1,2,1,1,4,4,4,3,2,1,2,2,1,1,5,2,M,NA,NA,NA,NA,NA,NA,NA,NA,NA,NA,NA,NA,NA,NA,NA,NA,NA,NA,NA,NA,NA,NA,NA,NA,NA,NA,NA,NA,1,NA,B8,0.4713288366918936,0.019952354,-1.050047349,1.620798394687318,-3.004907533,6,5,-0.571172707,1.5,1
1793,B0835,8,B,8B,Hindu,Enemies,Enemy2,2,13,M,35,1,6,5,6,6,5,7,6,5,5,3,7,NA,NA,1,1,2,1,1,2,1,2,3,1,1,2,1,1,4,4,4,3,2,1,2,2,1,1,5,2,M,Hindu,1,1,1,1,1,1,1,5,1,1,1,7,3,3,1,1,2,1,1,1,1,5,2,6,5,7,5,1,1,B8,0.4713288366918936,0.019952354,-1.050047349,1.620798394687318,-3.004907533,6,5,-0.571172707,1.5,1
1794,B0835,8,B,8B,Hindu,Enemies,Enemy3,2,18,M,35,1,6,5,6,6,5,7,6,5,5,3,7,NA,NA,1,1,2,1,1,2,1,2,3,1,1,2,1,1,4,4,4,3,2,1,2,2,1,1,5,2,M,NA,NA,NA,NA,NA,NA,NA,NA,NA,NA,NA,NA,NA,NA,NA,NA,NA,NA,NA,NA,NA,NA,NA,NA,NA,NA,NA,NA,1,NA,B8,0.4713288366918936,0.019952354,-1.050047349,1.620798394687318,-3.004907533,6,5,-0.571172707,1.5,1
1795,B0835,8,B,8B,Hindu,Enemies,Enemy4,2,27,M,35,1,6,5,6,6,5,7,6,5,5,3,7,NA,NA,1,1,2,1,1,2,1,2,3,1,1,2,1,1,4,4,4,3,2,1,2,2,1,1,5,2,M,NA,NA,NA,NA,NA,NA,NA,NA,NA,NA,NA,NA,NA,NA,NA,NA,NA,NA,NA,NA,NA,NA,NA,NA,NA,NA,NA,NA,1,NA,B8,0.4713288366918936,0.019952354,-1.050047349,1.620798394687318,-3.004907533,6,5,-0.571172707,1.5,1
1796,B0835,8,B,8B,Hindu,Enemies,Enemy5,2,38,M,35,1,6,5,6,6,5,7,6,5,5,3,7,NA,NA,1,1,2,1,1,2,1,2,3,1,1,2,1,1,4,4,4,3,2,1,2,2,1,1,5,2,M,Muslim,1,1,1,2,1,2,1,2,1,1,1,6,6,5,1,1,1,2,1,1,1,5,3,7,1,5,7,1,0,B8,0.4713288366918936,0.019952354,-1.050047349,1.620798394687318,-3.004907533,6,5,-0.571172707,1.5,1
1797,B0835,8,B,8B,Hindu,Enemies,Enemy6,2,44,M,35,1,6,5,6,6,5,7,6,5,5,3,7,NA,NA,1,1,2,1,1,2,1,2,3,1,1,2,1,1,4,4,4,3,2,1,2,2,1,1,5,2,M,Hindu,2,4,1,1,3,1,4,1,4,2,2,6,4,7,1,1,1,1,1,4,1,5,3,7,7,7,7,1,1,B8,0.4713288366918936,0.019952354,-1.050047349,1.620798394687318,-3.004907533,6,5,-0.571172707,1.5,1
1798,B0835,8,B,8B,Hindu,Enemies,Enemy7,2,47,M,35,1,6,5,6,6,5,7,6,5,5,3,7,NA,NA,1,1,2,1,1,2,1,2,3,1,1,2,1,1,4,4,4,3,2,1,2,2,1,1,5,2,M,NA,NA,NA,NA,NA,NA,NA,NA,NA,NA,NA,NA,NA,NA,NA,NA,NA,NA,NA,NA,NA,NA,NA,NA,NA,NA,NA,NA,1,NA,B8,0.4713288366918936,0.019952354,-1.050047349,1.620798394687318,-3.004907533,6,5,-0.571172707,1.5,1
1799,B0838,8,B,8B,Muslim,Enemies,Enemy1,2,1,M,38,5,7,1,6,5,7,5,4,5,5,5,3,8,NA,1,1,1,1,2,1,2,2,1,2,1,1,2,1,6,6,5,1,1,1,2,1,1,1,5,3,M,NA,NA,NA,NA,NA,NA,NA,NA,NA,NA,NA,NA,NA,NA,NA,NA,NA,NA,NA,NA,NA,NA,NA,NA,NA,NA,NA,NA,1,NA,B8,0.4713288366918936,0.019952354,-1.050047349,1.620798394687318,-3.004907533,7,1,1.621549634144792,1.5,2
1800,B0838,8,B,8B,Muslim,Enemies,Enemy2,2,2,M,38,5,7,1,6,5,7,5,4,5,5,5,3,8,NA,1,1,1,1,2,1,2,2,1,2,1,1,2,1,6,6,5,1,1,1,2,1,1,1,5,3,M,Muslim,1,1,1,1,1,1,1,1,1,1,1,4,1,4,5,1,1,1,1,2,1,3,3,7,1,6,7,1,1,B8,0.4713288366918936,0.019952354,-1.050047349,1.620798394687318,-3.004907533,7,1,1.621549634144792,1.5,2
1801,B0838,8,B,8B,Muslim,Enemies,Enemy3,2,3,M,38,5,7,1,6,5,7,5,4,5,5,5,3,8,NA,1,1,1,1,2,1,2,2,1,2,1,1,2,1,6,6,5,1,1,1,2,1,1,1,5,3,M,NA,NA,NA,NA,NA,NA,NA,NA,NA,NA,NA,NA,NA,NA,NA,NA,NA,NA,NA,NA,NA,NA,NA,NA,NA,NA,NA,NA,1,NA,B8,0.4713288366918936,0.019952354,-1.050047349,1.620798394687318,-3.004907533,7,1,1.621549634144792,1.5,2
1802,B0838,8,B,8B,Muslim,Enemies,Enemy4,2,11,M,38,5,7,1,6,5,7,5,4,5,5,5,3,8,NA,1,1,1,1,2,1,2,2,1,2,1,1,2,1,6,6,5,1,1,1,2,1,1,1,5,3,M,NA,NA,NA,NA,NA,NA,NA,NA,NA,NA,NA,NA,NA,NA,NA,NA,NA,NA,NA,NA,NA,NA,NA,NA,NA,NA,NA,NA,1,NA,B8,0.4713288366918936,0.019952354,-1.050047349,1.620798394687318,-3.004907533,7,1,1.621549634144792,1.5,2
1803,B0838,8,B,8B,Muslim,Enemies,Enemy5,2,13,M,38,5,7,1,6,5,7,5,4,5,5,5,3,8,NA,1,1,1,1,2,1,2,2,1,2,1,1,2,1,6,6,5,1,1,1,2,1,1,1,5,3,M,Hindu,1,1,1,1,1,1,1,5,1,1,1,7,3,3,1,1,2,1,1,1,1,5,2,6,5,7,5,1,0,B8,0.4713288366918936,0.019952354,-1.050047349,1.620798394687318,-3.004907533,7,1,1.621549634144792,1.5,2
1804,B0838,8,B,8B,Muslim,Enemies,Enemy6,2,14,M,38,5,7,1,6,5,7,5,4,5,5,5,3,8,NA,1,1,1,1,2,1,2,2,1,2,1,1,2,1,6,6,5,1,1,1,2,1,1,1,5,3,M,NA,NA,NA,NA,NA,NA,NA,NA,NA,NA,NA,NA,NA,NA,NA,NA,NA,NA,NA,NA,NA,NA,NA,NA,NA,NA,NA,NA,1,NA,B8,0.4713288366918936,0.019952354,-1.050047349,1.620798394687318,-3.004907533,7,1,1.621549634144792,1.5,2
1805,B0838,8,B,8B,Muslim,Enemies,Enemy7,2,25,M,38,5,7,1,6,5,7,5,4,5,5,5,3,8,NA,1,1,1,1,2,1,2,2,1,2,1,1,2,1,6,6,5,1,1,1,2,1,1,1,5,3,M,NA,NA,NA,NA,NA,NA,NA,NA,NA,NA,NA,NA,NA,NA,NA,NA,NA,NA,NA,NA,NA,NA,NA,NA,NA,NA,NA,NA,1,NA,B8,0.4713288366918936,0.019952354,-1.050047349,1.620798394687318,-3.004907533,7,1,1.621549634144792,1.5,2
1806,B0842,8,B,8B,Muslim,Enemies,Enemy1,2,1,M,42,6,6,7,1,1,7,7,6,1,6,NA,5,7,NA,1,1,2,3,1,1,1,2,1,1,1,1,2,1,3,4,5,1,1,1,1,1,5,1,2,1,M,NA,NA,NA,NA,NA,NA,NA,NA,NA,NA,NA,NA,NA,NA,NA,NA,NA,NA,NA,NA,NA,NA,NA,NA,NA,NA,NA,NA,1,NA,B8,0.4713288366918936,0.019952354,-1.050047349,1.620798394687318,-3.004907533,6,7,-1.448261643,1.5,6
1807,B0842,8,B,8B,Muslim,Enemies,Enemy2,2,3,M,42,6,6,7,1,1,7,7,6,1,6,NA,5,7,NA,1,1,2,3,1,1,1,2,1,1,1,1,2,1,3,4,5,1,1,1,1,1,5,1,2,1,M,NA,NA,NA,NA,NA,NA,NA,NA,NA,NA,NA,NA,NA,NA,NA,NA,NA,NA,NA,NA,NA,NA,NA,NA,NA,NA,NA,NA,1,NA,B8,0.4713288366918936,0.019952354,-1.050047349,1.620798394687318,-3.004907533,6,7,-1.448261643,1.5,6
1808,B0842,8,B,8B,Muslim,Enemies,Enemy3,2,16,M,42,6,6,7,1,1,7,7,6,1,6,NA,5,7,NA,1,1,2,3,1,1,1,2,1,1,1,1,2,1,3,4,5,1,1,1,1,1,5,1,2,1,M,Hindu,4,1,2,1,3,1,3,1,5,2,2,4,4,4,1,1,3,2,5,1,3,5,5,6,1,6,3,1,0,B8,0.4713288366918936,0.019952354,-1.050047349,1.620798394687318,-3.004907533,6,7,-1.448261643,1.5,6
1809,B0842,8,B,8B,Muslim,Enemies,Enemy4,2,23,M,42,6,6,7,1,1,7,7,6,1,6,NA,5,7,NA,1,1,2,3,1,1,1,2,1,1,1,1,2,1,3,4,5,1,1,1,1,1,5,1,2,1,M,NA,NA,NA,NA,NA,NA,NA,NA,NA,NA,NA,NA,NA,NA,NA,NA,NA,NA,NA,NA,NA,NA,NA,NA,NA,NA,NA,NA,1,NA,B8,0.4713288366918936,0.019952354,-1.050047349,1.620798394687318,-3.004907533,6,7,-1.448261643,1.5,6
1810,B0842,8,B,8B,Muslim,Enemies,Enemy5,2,25,M,42,6,6,7,1,1,7,7,6,1,6,NA,5,7,NA,1,1,2,3,1,1,1,2,1,1,1,1,2,1,3,4,5,1,1,1,1,1,5,1,2,1,M,NA,NA,NA,NA,NA,NA,NA,NA,NA,NA,NA,NA,NA,NA,NA,NA,NA,NA,NA,NA,NA,NA,NA,NA,NA,NA,NA,NA,1,NA,B8,0.4713288366918936,0.019952354,-1.050047349,1.620798394687318,-3.004907533,6,7,-1.448261643,1.5,6
1811,B0842,8,B,8B,Muslim,Enemies,Enemy6,2,32,M,42,6,6,7,1,1,7,7,6,1,6,NA,5,7,NA,1,1,2,3,1,1,1,2,1,1,1,1,2,1,3,4,5,1,1,1,1,1,5,1,2,1,M,Muslim,1,3,1,2,1,1,4,1,1,1,2,4,1,4,1,1,1,3,1,1,1,1,5,7,4,4,7,1,1,B8,0.4713288366918936,0.019952354,-1.050047349,1.620798394687318,-3.004907533,6,7,-1.448261643,1.5,6
1812,B0842,8,B,8B,Muslim,Enemies,Enemy7,2,46,M,42,6,6,7,1,1,7,7,6,1,6,NA,5,7,NA,1,1,2,3,1,1,1,2,1,1,1,1,2,1,3,4,5,1,1,1,1,1,5,1,2,1,M,NA,NA,NA,NA,NA,NA,NA,NA,NA,NA,NA,NA,NA,NA,NA,NA,NA,NA,NA,NA,NA,NA,NA,NA,NA,NA,NA,NA,1,NA,B8,0.4713288366918936,0.019952354,-1.050047349,1.620798394687318,-3.004907533,6,7,-1.448261643,1.5,6
1813,B0844,8,B,8B,Hindu,Enemies,Enemy1,2,25,M,44,2,7,7,5,7,7,7,7,7,7,6,4,8,NA,1,2,4,1,1,3,1,4,4,1,4,2,1,2,6,4,7,1,1,1,1,1,4,1,5,3,M,NA,NA,NA,NA,NA,NA,NA,NA,NA,NA,NA,NA,NA,NA,NA,NA,NA,NA,NA,NA,NA,NA,NA,NA,NA,NA,NA,NA,1,NA,B8,0.4713288366918936,0.019952354,-1.050047349,1.620798394687318,-3.004907533,7,7,-1.009717175,1.5,0
1814,B0845,8,B,8B,Hindu,Enemies,Enemy1,2,3,M,45,7,7,1,1,6,6,6,1,4,7,7,7,1,GUJARATI,1,1,1,2,3,2,1,1,1,1,1,1,1,2,3,1,1,1,1,1,1,1,3,1,5,5,M,NA,NA,NA,NA,NA,NA,NA,NA,NA,NA,NA,NA,NA,NA,NA,NA,NA,NA,NA,NA,NA,NA,NA,NA,NA,NA,NA,NA,1,NA,B8,0.4713288366918936,0.019952354,-1.050047349,1.620798394687318,-3.004907533,7,1,1.621549634144792,1.5,0
1815,B0845,8,B,8B,Hindu,Enemies,Enemy2,2,7,M,45,7,7,1,1,6,6,6,1,4,7,7,7,1,GUJARATI,1,1,1,2,3,2,1,1,1,1,1,1,1,2,3,1,1,1,1,1,1,1,3,1,5,5,M,NA,NA,NA,NA,NA,NA,NA,NA,NA,NA,NA,NA,NA,NA,NA,NA,NA,NA,NA,NA,NA,NA,NA,NA,NA,NA,NA,NA,1,NA,B8,0.4713288366918936,0.019952354,-1.050047349,1.620798394687318,-3.004907533,7,1,1.621549634144792,1.5,0
1816,B0845,8,B,8B,Hindu,Enemies,Enemy3,2,11,M,45,7,7,1,1,6,6,6,1,4,7,7,7,1,GUJARATI,1,1,1,2,3,2,1,1,1,1,1,1,1,2,3,1,1,1,1,1,1,1,3,1,5,5,M,NA,NA,NA,NA,NA,NA,NA,NA,NA,NA,NA,NA,NA,NA,NA,NA,NA,NA,NA,NA,NA,NA,NA,NA,NA,NA,NA,NA,1,NA,B8,0.4713288366918936,0.019952354,-1.050047349,1.620798394687318,-3.004907533,7,1,1.621549634144792,1.5,0
1817,B0845,8,B,8B,Hindu,Enemies,Enemy4,2,13,M,45,7,7,1,1,6,6,6,1,4,7,7,7,1,GUJARATI,1,1,1,2,3,2,1,1,1,1,1,1,1,2,3,1,1,1,1,1,1,1,3,1,5,5,M,Hindu,1,1,1,1,1,1,1,5,1,1,1,7,3,3,1,1,2,1,1,1,1,5,2,6,5,7,5,1,1,B8,0.4713288366918936,0.019952354,-1.050047349,1.620798394687318,-3.004907533,7,1,1.621549634144792,1.5,0
1818,B0845,8,B,8B,Hindu,Enemies,Enemy5,2,18,M,45,7,7,1,1,6,6,6,1,4,7,7,7,1,GUJARATI,1,1,1,2,3,2,1,1,1,1,1,1,1,2,3,1,1,1,1,1,1,1,3,1,5,5,M,NA,NA,NA,NA,NA,NA,NA,NA,NA,NA,NA,NA,NA,NA,NA,NA,NA,NA,NA,NA,NA,NA,NA,NA,NA,NA,NA,NA,1,NA,B8,0.4713288366918936,0.019952354,-1.050047349,1.620798394687318,-3.004907533,7,1,1.621549634144792,1.5,0
1819,B0845,8,B,8B,Hindu,Enemies,Enemy6,2,25,M,45,7,7,1,1,6,6,6,1,4,7,7,7,1,GUJARATI,1,1,1,2,3,2,1,1,1,1,1,1,1,2,3,1,1,1,1,1,1,1,3,1,5,5,M,NA,NA,NA,NA,NA,NA,NA,NA,NA,NA,NA,NA,NA,NA,NA,NA,NA,NA,NA,NA,NA,NA,NA,NA,NA,NA,NA,NA,1,NA,B8,0.4713288366918936,0.019952354,-1.050047349,1.620798394687318,-3.004907533,7,1,1.621549634144792,1.5,0
1820,B0845,8,B,8B,Hindu,Enemies,Enemy7,2,30,M,45,7,7,1,1,6,6,6,1,4,7,7,7,1,GUJARATI,1,1,1,2,3,2,1,1,1,1,1,1,1,2,3,1,1,1,1,1,1,1,3,1,5,5,M,NA,NA,NA,NA,NA,NA,NA,NA,NA,NA,NA,NA,NA,NA,NA,NA,NA,NA,NA,NA,NA,NA,NA,NA,NA,NA,NA,NA,1,NA,B8,0.4713288366918936,0.019952354,-1.050047349,1.620798394687318,-3.004907533,7,1,1.621549634144792,1.5,0
1821,B0849,8,B,8B,Hindu,Enemies,Enemy1,2,39,M,49,1,6,6,7,7,6,7,5,5,7,4,7,2,NA,1,2,1,2,1,1,1,2,4,1,3,2,1,1,4,4,4,1,1,1,3,1,1,1,5,4,M,NA,NA,NA,NA,NA,NA,NA,NA,NA,NA,NA,NA,NA,NA,NA,NA,NA,NA,NA,NA,NA,NA,NA,NA,NA,NA,NA,NA,1,NA,B8,0.4713288366918936,0.019952354,-1.050047349,1.620798394687318,-3.004907533,6,6,-1.009717175,1.5,1
1822,B0849,8,B,8B,Hindu,Enemies,Enemy2,2,46,M,49,1,6,6,7,7,6,7,5,5,7,4,7,2,NA,1,2,1,2,1,1,1,2,4,1,3,2,1,1,4,4,4,1,1,1,3,1,1,1,5,4,M,NA,NA,NA,NA,NA,NA,NA,NA,NA,NA,NA,NA,NA,NA,NA,NA,NA,NA,NA,NA,NA,NA,NA,NA,NA,NA,NA,NA,1,NA,B8,0.4713288366918936,0.019952354,-1.050047349,1.620798394687318,-3.004907533,6,6,-1.009717175,1.5,1
1823,B0849,8,B,8B,Hindu,Enemies,Enemy3,2,47,M,49,1,6,6,7,7,6,7,5,5,7,4,7,2,NA,1,2,1,2,1,1,1,2,4,1,3,2,1,1,4,4,4,1,1,1,3,1,1,1,5,4,M,NA,NA,NA,NA,NA,NA,NA,NA,NA,NA,NA,NA,NA,NA,NA,NA,NA,NA,NA,NA,NA,NA,NA,NA,NA,NA,NA,NA,1,NA,B8,0.4713288366918936,0.019952354,-1.050047349,1.620798394687318,-3.004907533,6,6,-1.009717175,1.5,1
1824,B0850,8,B,8B,Muslim,Enemies,Enemy1,2,55,F,50,4,3,6,4,4,7,6,6,6,5,6,3,8,MUSLIM,2,1,2,2,2,1,1,2,4,1,2,1,2,1,4,4,4,1,1,1,1,1,1,2,5,3,F,NA,NA,NA,NA,NA,NA,NA,NA,NA,NA,NA,NA,NA,NA,NA,NA,NA,NA,NA,NA,NA,NA,NA,NA,NA,NA,NA,NA,1,NA,B8,0.4713288366918936,0.019952354,-1.050047349,1.620798394687318,-3.004907533,6,3,0.30591622948642044,1.5,3
1825,B0850,8,B,8B,Muslim,Enemies,Enemy2,2,73,F,50,4,3,6,4,4,7,6,6,6,5,6,3,8,MUSLIM,2,1,2,2,2,1,1,2,4,1,2,1,2,1,4,4,4,1,1,1,1,1,1,2,5,3,F,Muslim,1,1,2,1,1,1,3,1,1,2,1,5,5,5,1,1,1,3,1,5,1,5,2,4,6,6,6,1,1,B8,0.4713288366918936,0.019952354,-1.050047349,1.620798394687318,-3.004907533,6,3,0.30591622948642044,1.5,3
1826,B0851,8,B,8B,Muslim,Enemies,Enemy1,2,21,F,51,1,6,5,5,7,4,4,5,4,6,1,7,NA,SULOMANI VAHRA,2,5,1,3,1,5,1,2,3,5,5,5,2,4,2,1,1,1,1,1,1,1,1,1,5,5,M,Hindu,2,2,2,1,1,1,3,1,2,2,1,5,6,5,1,1,1,4,1,1,1,5,5,7,4,7,7,0,0,B8,0.4713288366918936,0.019952354,-1.050047349,1.620798394687318,-3.004907533,5,6,-1.448261643,1.5,-3
1827,B0851,8,B,8B,Muslim,Enemies,Enemy2,2,42,F,51,1,6,5,5,7,4,4,5,4,6,1,7,NA,SULOMANI VAHRA,2,5,1,3,1,5,1,2,3,5,5,5,2,4,2,1,1,1,1,1,1,1,1,1,5,5,M,Muslim,1,2,3,1,1,1,1,1,1,1,1,3,4,5,1,1,1,1,1,5,1,2,1,6,7,1,7,0,1,B8,0.4713288366918936,0.019952354,-1.050047349,1.620798394687318,-3.004907533,5,6,-1.448261643,1.5,-3
1828,B0851,8,B,8B,Muslim,Enemies,Enemy3,2,53,F,51,1,6,5,5,7,4,4,5,4,6,1,7,NA,SULOMANI VAHRA,2,5,1,3,1,5,1,2,3,5,5,5,2,4,2,1,1,1,1,1,1,1,1,1,5,5,F,Hindu,4,3,2,3,3,1,3,5,5,4,2,4,4,4,3,2,1,3,2,2,2,3,5,4,7,7,6,1,0,B8,0.4713288366918936,0.019952354,-1.050047349,1.620798394687318,-3.004907533,5,6,-1.448261643,1.5,-3
1829,B0851,8,B,8B,Muslim,Enemies,Enemy4,2,56,F,51,1,6,5,5,7,4,4,5,4,6,1,7,NA,SULOMANI VAHRA,2,5,1,3,1,5,1,2,3,5,5,5,2,4,2,1,1,1,1,1,1,1,1,1,5,5,F,NA,NA,NA,NA,NA,NA,NA,NA,NA,NA,NA,NA,NA,NA,NA,NA,NA,NA,NA,NA,NA,NA,NA,NA,NA,NA,NA,NA,1,NA,B8,0.4713288366918936,0.019952354,-1.050047349,1.620798394687318,-3.004907533,5,6,-1.448261643,1.5,-3
1830,B0851,8,B,8B,Muslim,Enemies,Enemy5,2,62,F,51,1,6,5,5,7,4,4,5,4,6,1,7,NA,SULOMANI VAHRA,2,5,1,3,1,5,1,2,3,5,5,5,2,4,2,1,1,1,1,1,1,1,1,1,5,5,F,Hindu,3,2,2,1,1,1,3,1,5,1,1,7,4,4,1,1,2,3,1,2,3,3,1,1,6,7,5,1,0,B8,0.4713288366918936,0.019952354,-1.050047349,1.620798394687318,-3.004907533,5,6,-1.448261643,1.5,-3
1831,B0853,8,B,8B,Hindu,Enemies,Enemy1,2,51,F,53,1,4,7,4,7,6,7,6,6,6,4,4,2,NA,2,4,3,2,3,3,1,4,3,5,5,4,1,2,4,4,4,3,2,1,3,2,2,2,3,5,F,Muslim,5,1,3,1,5,1,3,5,5,5,4,2,1,1,1,1,1,1,1,1,1,5,5,6,5,7,4,1,0,B8,0.4713288366918936,0.019952354,-1.050047349,1.620798394687318,-3.004907533,7,4,0.30591622948642044,1.5,1
1832,B0853,8,B,8B,Hindu,Enemies,Enemy2,2,60,F,53,1,4,7,4,7,6,7,6,6,6,4,4,2,NA,2,4,3,2,3,3,1,4,3,5,5,4,1,2,4,4,4,3,2,1,3,2,2,2,3,5,F,NA,NA,NA,NA,NA,NA,NA,NA,NA,NA,NA,NA,NA,NA,NA,NA,NA,NA,NA,NA,NA,NA,NA,NA,NA,NA,NA,NA,1,NA,B8,0.4713288366918936,0.019952354,-1.050047349,1.620798394687318,-3.004907533,7,4,0.30591622948642044,1.5,1
1833,B0853,8,B,8B,Hindu,Enemies,Enemy3,2,63,F,53,1,4,7,4,7,6,7,6,6,6,4,4,2,NA,2,4,3,2,3,3,1,4,3,5,5,4,1,2,4,4,4,3,2,1,3,2,2,2,3,5,F,NA,NA,NA,NA,NA,NA,NA,NA,NA,NA,NA,NA,NA,NA,NA,NA,NA,NA,NA,NA,NA,NA,NA,NA,NA,NA,NA,NA,1,NA,B8,0.4713288366918936,0.019952354,-1.050047349,1.620798394687318,-3.004907533,7,4,0.30591622948642044,1.5,1
1834,B0853,8,B,8B,Hindu,Enemies,Enemy4,2,65,F,53,1,4,7,4,7,6,7,6,6,6,4,4,2,NA,2,4,3,2,3,3,1,4,3,5,5,4,1,2,4,4,4,3,2,1,3,2,2,2,3,5,F,Muslim,1,1,1,1,1,1,4,1,1,1,1,4,7,7,1,1,1,2,1,1,1,5,2,7,7,6,7,1,0,B8,0.4713288366918936,0.019952354,-1.050047349,1.620798394687318,-3.004907533,7,4,0.30591622948642044,1.5,1
1835,B0853,8,B,8B,Hindu,Enemies,Enemy5,2,67,F,53,1,4,7,4,7,6,7,6,6,6,4,4,2,NA,2,4,3,2,3,3,1,4,3,5,5,4,1,2,4,4,4,3,2,1,3,2,2,2,3,5,F,NA,NA,NA,NA,NA,NA,NA,NA,NA,NA,NA,NA,NA,NA,NA,NA,NA,NA,NA,NA,NA,NA,NA,NA,NA,NA,NA,NA,1,NA,B8,0.4713288366918936,0.019952354,-1.050047349,1.620798394687318,-3.004907533,7,4,0.30591622948642044,1.5,1
1836,B0853,8,B,8B,Hindu,Enemies,Enemy6,2,72,F,53,1,4,7,4,7,6,7,6,6,6,4,4,2,NA,2,4,3,2,3,3,1,4,3,5,5,4,1,2,4,4,4,3,2,1,3,2,2,2,3,5,F,Muslim,1,1,1,1,1,1,4,1,1,2,1,4,1,7,1,1,1,3,1,1,1,5,2,4,7,4,6,1,0,B8,0.4713288366918936,0.019952354,-1.050047349,1.620798394687318,-3.004907533,7,4,0.30591622948642044,1.5,1
1837,B0853,8,B,8B,Hindu,Enemies,Enemy7,2,73,F,53,1,4,7,4,7,6,7,6,6,6,4,4,2,NA,2,4,3,2,3,3,1,4,3,5,5,4,1,2,4,4,4,3,2,1,3,2,2,2,3,5,F,Muslim,1,1,2,1,1,1,3,1,1,2,1,5,5,5,1,1,1,3,1,5,1,5,2,4,6,6,6,1,0,B8,0.4713288366918936,0.019952354,-1.050047349,1.620798394687318,-3.004907533,7,4,0.30591622948642044,1.5,1
1838,B0854,8,B,8B,Muslim,Enemies,Enemy1,2,58,F,54,2,1,7,7,4,7,4,6,3,5,4,4,NA,MUSLIM,2,1,1,2,1,3,1,2,3,1,1,2,2,1,4,4,4,1,2,1,1,1,5,1,5,3,F,Hindu,2,2,1,1,3,2,4,1,3,2,1,5,4,2,1,1,2,3,2,1,1,3,2,2,7,6,1,1,0,B8,0.4713288366918936,0.019952354,-1.050047349,1.620798394687318,-3.004907533,7,1,1.621549634144792,1.5,3
1839,B0854,8,B,8B,Muslim,Enemies,Enemy2,2,59,F,54,2,1,7,7,4,7,4,6,3,5,4,4,NA,MUSLIM,2,1,1,2,1,3,1,2,3,1,1,2,2,1,4,4,4,1,2,1,1,1,5,1,5,3,F,NA,NA,NA,NA,NA,NA,NA,NA,NA,NA,NA,NA,NA,NA,NA,NA,NA,NA,NA,NA,NA,NA,NA,NA,NA,NA,NA,NA,1,NA,B8,0.4713288366918936,0.019952354,-1.050047349,1.620798394687318,-3.004907533,7,1,1.621549634144792,1.5,3
1840,B0854,8,B,8B,Muslim,Enemies,Enemy3,2,60,F,54,2,1,7,7,4,7,4,6,3,5,4,4,NA,MUSLIM,2,1,1,2,1,3,1,2,3,1,1,2,2,1,4,4,4,1,2,1,1,1,5,1,5,3,F,NA,NA,NA,NA,NA,NA,NA,NA,NA,NA,NA,NA,NA,NA,NA,NA,NA,NA,NA,NA,NA,NA,NA,NA,NA,NA,NA,NA,1,NA,B8,0.4713288366918936,0.019952354,-1.050047349,1.620798394687318,-3.004907533,7,1,1.621549634144792,1.5,3
1841,B0854,8,B,8B,Muslim,Enemies,Enemy4,2,65,F,54,2,1,7,7,4,7,4,6,3,5,4,4,NA,MUSLIM,2,1,1,2,1,3,1,2,3,1,1,2,2,1,4,4,4,1,2,1,1,1,5,1,5,3,F,Muslim,1,1,1,1,1,1,4,1,1,1,1,4,7,7,1,1,1,2,1,1,1,5,2,7,7,6,7,1,1,B8,0.4713288366918936,0.019952354,-1.050047349,1.620798394687318,-3.004907533,7,1,1.621549634144792,1.5,3
1842,B0854,8,B,8B,Muslim,Enemies,Enemy5,2,67,F,54,2,1,7,7,4,7,4,6,3,5,4,4,NA,MUSLIM,2,1,1,2,1,3,1,2,3,1,1,2,2,1,4,4,4,1,2,1,1,1,5,1,5,3,F,NA,NA,NA,NA,NA,NA,NA,NA,NA,NA,NA,NA,NA,NA,NA,NA,NA,NA,NA,NA,NA,NA,NA,NA,NA,NA,NA,NA,1,NA,B8,0.4713288366918936,0.019952354,-1.050047349,1.620798394687318,-3.004907533,7,1,1.621549634144792,1.5,3
1843,B0854,8,B,8B,Muslim,Enemies,Enemy6,2,68,F,54,2,1,7,7,4,7,4,6,3,5,4,4,NA,MUSLIM,2,1,1,2,1,3,1,2,3,1,1,2,2,1,4,4,4,1,2,1,1,1,5,1,5,3,F,Hindu,1,2,1,1,3,1,4,1,5,2,1,3,2,1,1,1,1,3,2,1,1,3,5,1,7,7,4,1,0,B8,0.4713288366918936,0.019952354,-1.050047349,1.620798394687318,-3.004907533,7,1,1.621549634144792,1.5,3
1844,B0854,8,B,8B,Muslim,Enemies,Enemy7,2,71,F,54,2,1,7,7,4,7,4,6,3,5,4,4,NA,MUSLIM,2,1,1,2,1,3,1,2,3,1,1,2,2,1,4,4,4,1,2,1,1,1,5,1,5,3,F,NA,NA,NA,NA,NA,NA,NA,NA,NA,NA,NA,NA,NA,NA,NA,NA,NA,NA,NA,NA,NA,NA,NA,NA,NA,NA,NA,NA,1,NA,B8,0.4713288366918936,0.019952354,-1.050047349,1.620798394687318,-3.004907533,7,1,1.621549634144792,1.5,3
1845,B0858,8,B,8B,Hindu,Enemies,Enemy1,2,51,F,58,1,2,7,7,6,1,6,7,2,2,7,6,8,NA,2,2,2,1,1,3,2,4,4,1,3,2,1,1,5,4,2,1,1,2,3,2,1,1,3,2,F,Muslim,5,1,3,1,5,1,3,5,5,5,4,2,1,1,1,1,1,1,1,1,1,5,5,6,5,7,4,1,0,B8,0.4713288366918936,0.019952354,-1.050047349,1.620798394687318,-3.004907533,7,2,1.183005165925335,1.5,5
1846,B0858,8,B,8B,Hindu,Enemies,Enemy2,2,52,F,58,1,2,7,7,6,1,6,7,2,2,7,6,8,NA,2,2,2,1,1,3,2,4,4,1,3,2,1,1,5,4,2,1,1,2,3,2,1,1,3,2,F,NA,NA,NA,NA,NA,NA,NA,NA,NA,NA,NA,NA,NA,NA,NA,NA,NA,NA,NA,NA,NA,NA,NA,NA,NA,NA,NA,NA,1,NA,B8,0.4713288366918936,0.019952354,-1.050047349,1.620798394687318,-3.004907533,7,2,1.183005165925335,1.5,5
1847,B0858,8,B,8B,Hindu,Enemies,Enemy3,2,57,F,58,1,2,7,7,6,1,6,7,2,2,7,6,8,NA,2,2,2,1,1,3,2,4,4,1,3,2,1,1,5,4,2,1,1,2,3,2,1,1,3,2,F,NA,NA,NA,NA,NA,NA,NA,NA,NA,NA,NA,NA,NA,NA,NA,NA,NA,NA,NA,NA,NA,NA,NA,NA,NA,NA,NA,NA,1,NA,B8,0.4713288366918936,0.019952354,-1.050047349,1.620798394687318,-3.004907533,7,2,1.183005165925335,1.5,5
1848,B0858,8,B,8B,Hindu,Enemies,Enemy4,2,59,F,58,1,2,7,7,6,1,6,7,2,2,7,6,8,NA,2,2,2,1,1,3,2,4,4,1,3,2,1,1,5,4,2,1,1,2,3,2,1,1,3,2,F,NA,NA,NA,NA,NA,NA,NA,NA,NA,NA,NA,NA,NA,NA,NA,NA,NA,NA,NA,NA,NA,NA,NA,NA,NA,NA,NA,NA,1,NA,B8,0.4713288366918936,0.019952354,-1.050047349,1.620798394687318,-3.004907533,7,2,1.183005165925335,1.5,5
1849,B0858,8,B,8B,Hindu,Enemies,Enemy5,2,60,F,58,1,2,7,7,6,1,6,7,2,2,7,6,8,NA,2,2,2,1,1,3,2,4,4,1,3,2,1,1,5,4,2,1,1,2,3,2,1,1,3,2,F,NA,NA,NA,NA,NA,NA,NA,NA,NA,NA,NA,NA,NA,NA,NA,NA,NA,NA,NA,NA,NA,NA,NA,NA,NA,NA,NA,NA,1,NA,B8,0.4713288366918936,0.019952354,-1.050047349,1.620798394687318,-3.004907533,7,2,1.183005165925335,1.5,5
1850,B0858,8,B,8B,Hindu,Enemies,Enemy6,2,63,F,58,1,2,7,7,6,1,6,7,2,2,7,6,8,NA,2,2,2,1,1,3,2,4,4,1,3,2,1,1,5,4,2,1,1,2,3,2,1,1,3,2,F,NA,NA,NA,NA,NA,NA,NA,NA,NA,NA,NA,NA,NA,NA,NA,NA,NA,NA,NA,NA,NA,NA,NA,NA,NA,NA,NA,NA,1,NA,B8,0.4713288366918936,0.019952354,-1.050047349,1.620798394687318,-3.004907533,7,2,1.183005165925335,1.5,5
1851,B0858,8,B,8B,Hindu,Enemies,Enemy7,2,65,F,58,1,2,7,7,6,1,6,7,2,2,7,6,8,NA,2,2,2,1,1,3,2,4,4,1,3,2,1,1,5,4,2,1,1,2,3,2,1,1,3,2,F,Muslim,1,1,1,1,1,1,4,1,1,1,1,4,7,7,1,1,1,2,1,1,1,5,2,7,7,6,7,1,0,B8,0.4713288366918936,0.019952354,-1.050047349,1.620798394687318,-3.004907533,7,2,1.183005165925335,1.5,5
1852,B0861,8,B,8B,Hindu,Enemies,Enemy1,2,54,F,61,2,2,6,6,6,3,6,6,6,2,6,6,8,NA,2,1,1,1,1,1,1,1,4,1,1,1,1,1,6,6,6,1,1,1,1,1,5,1,5,5,F,Muslim,1,1,2,1,3,1,3,1,1,2,1,4,4,4,1,2,1,1,1,5,1,5,3,1,7,4,7,1,0,B8,0.4713288366918936,0.019952354,-1.050047349,1.620798394687318,-3.004907533,6,2,0.7444606977058776,1.5,3
1853,B0862,8,B,8B,Hindu,Enemies,Enemy1,2,52,F,62,2,1,6,3,7,5,7,7,3,5,4,5,1,NA,2,3,2,2,1,1,1,1,3,1,5,1,1,1,7,4,4,1,1,2,3,1,2,3,3,1,F,NA,NA,NA,NA,NA,NA,NA,NA,NA,NA,NA,NA,NA,NA,NA,NA,NA,NA,NA,NA,NA,NA,NA,NA,NA,NA,NA,NA,1,NA,B8,0.4713288366918936,0.019952354,-1.050047349,1.620798394687318,-3.004907533,6,1,1.183005165925335,1.5,2
1854,B0862,8,B,8B,Hindu,Enemies,Enemy2,2,56,F,62,2,1,6,3,7,5,7,7,3,5,4,5,1,NA,2,3,2,2,1,1,1,1,3,1,5,1,1,1,7,4,4,1,1,2,3,1,2,3,3,1,F,NA,NA,NA,NA,NA,NA,NA,NA,NA,NA,NA,NA,NA,NA,NA,NA,NA,NA,NA,NA,NA,NA,NA,NA,NA,NA,NA,NA,1,NA,B8,0.4713288366918936,0.019952354,-1.050047349,1.620798394687318,-3.004907533,6,1,1.183005165925335,1.5,2
1855,B0862,8,B,8B,Hindu,Enemies,Enemy3,2,58,F,62,2,1,6,3,7,5,7,7,3,5,4,5,1,NA,2,3,2,2,1,1,1,1,3,1,5,1,1,1,7,4,4,1,1,2,3,1,2,3,3,1,F,Hindu,2,2,1,1,3,2,4,1,3,2,1,5,4,2,1,1,2,3,2,1,1,3,2,2,7,6,1,1,1,B8,0.4713288366918936,0.019952354,-1.050047349,1.620798394687318,-3.004907533,6,1,1.183005165925335,1.5,2
1856,B0862,8,B,8B,Hindu,Enemies,Enemy4,2,61,F,62,2,1,6,3,7,5,7,7,3,5,4,5,1,NA,2,3,2,2,1,1,1,1,3,1,5,1,1,1,7,4,4,1,1,2,3,1,2,3,3,1,F,Hindu,1,1,1,1,1,1,4,1,1,1,1,6,6,6,1,1,1,1,1,5,1,5,5,2,6,6,3,1,1,B8,0.4713288366918936,0.019952354,-1.050047349,1.620798394687318,-3.004907533,6,1,1.183005165925335,1.5,2
1857,B0862,8,B,8B,Hindu,Enemies,Enemy5,2,63,F,62,2,1,6,3,7,5,7,7,3,5,4,5,1,NA,2,3,2,2,1,1,1,1,3,1,5,1,1,1,7,4,4,1,1,2,3,1,2,3,3,1,F,NA,NA,NA,NA,NA,NA,NA,NA,NA,NA,NA,NA,NA,NA,NA,NA,NA,NA,NA,NA,NA,NA,NA,NA,NA,NA,NA,NA,1,NA,B8,0.4713288366918936,0.019952354,-1.050047349,1.620798394687318,-3.004907533,6,1,1.183005165925335,1.5,2
1858,B0862,8,B,8B,Hindu,Enemies,Enemy6,2,64,F,62,2,1,6,3,7,5,7,7,3,5,4,5,1,NA,2,3,2,2,1,1,1,1,3,1,5,1,1,1,7,4,4,1,1,2,3,1,2,3,3,1,F,Muslim,2,1,2,2,1,1,3,1,1,2,2,4,2,7,3,1,2,2,2,2,1,NA,NA,2,7,5,7,1,0,B8,0.4713288366918936,0.019952354,-1.050047349,1.620798394687318,-3.004907533,6,1,1.183005165925335,1.5,2
1859,B0862,8,B,8B,Hindu,Enemies,Enemy7,2,70,F,62,2,1,6,3,7,5,7,7,3,5,4,5,1,NA,2,3,2,2,1,1,1,1,3,1,5,1,1,1,7,4,4,1,1,2,3,1,2,3,3,1,F,Hindu,2,1,2,1,1,1,3,1,4,2,2,4,4,4,1,1,1,1,1,3,1,5,3,4,6,7,7,1,1,B8,0.4713288366918936,0.019952354,-1.050047349,1.620798394687318,-3.004907533,6,1,1.183005165925335,1.5,2
1860,B0864,8,B,8B,Muslim,Enemies,Enemy1,2,51,F,64,6,2,7,6,5,7,7,7,5,5,5,6,6,NA,2,2,1,2,2,1,1,2,3,1,1,2,2,2,4,2,7,3,1,2,2,2,2,1,NA,NA,F,Muslim,5,1,3,1,5,1,3,5,5,5,4,2,1,1,1,1,1,1,1,1,1,5,5,6,5,7,4,1,1,B8,0.4713288366918936,0.019952354,-1.050047349,1.620798394687318,-3.004907533,7,2,1.183005165925335,1.5,2
1861,B0864,8,B,8B,Muslim,Enemies,Enemy2,2,52,F,64,6,2,7,6,5,7,7,7,5,5,5,6,6,NA,2,2,1,2,2,1,1,2,3,1,1,2,2,2,4,2,7,3,1,2,2,2,2,1,NA,NA,F,NA,NA,NA,NA,NA,NA,NA,NA,NA,NA,NA,NA,NA,NA,NA,NA,NA,NA,NA,NA,NA,NA,NA,NA,NA,NA,NA,NA,1,NA,B8,0.4713288366918936,0.019952354,-1.050047349,1.620798394687318,-3.004907533,7,2,1.183005165925335,1.5,2
1862,B0864,8,B,8B,Muslim,Enemies,Enemy3,2,53,F,64,6,2,7,6,5,7,7,7,5,5,5,6,6,NA,2,2,1,2,2,1,1,2,3,1,1,2,2,2,4,2,7,3,1,2,2,2,2,1,NA,NA,F,Hindu,4,3,2,3,3,1,3,5,5,4,2,4,4,4,3,2,1,3,2,2,2,3,5,4,7,7,6,1,0,B8,0.4713288366918936,0.019952354,-1.050047349,1.620798394687318,-3.004907533,7,2,1.183005165925335,1.5,2
1863,B0864,8,B,8B,Muslim,Enemies,Enemy4,2,56,F,64,6,2,7,6,5,7,7,7,5,5,5,6,6,NA,2,2,1,2,2,1,1,2,3,1,1,2,2,2,4,2,7,3,1,2,2,2,2,1,NA,NA,F,NA,NA,NA,NA,NA,NA,NA,NA,NA,NA,NA,NA,NA,NA,NA,NA,NA,NA,NA,NA,NA,NA,NA,NA,NA,NA,NA,NA,1,NA,B8,0.4713288366918936,0.019952354,-1.050047349,1.620798394687318,-3.004907533,7,2,1.183005165925335,1.5,2
1864,B0864,8,B,8B,Muslim,Enemies,Enemy5,2,57,F,64,6,2,7,6,5,7,7,7,5,5,5,6,6,NA,2,2,1,2,2,1,1,2,3,1,1,2,2,2,4,2,7,3,1,2,2,2,2,1,NA,NA,F,NA,NA,NA,NA,NA,NA,NA,NA,NA,NA,NA,NA,NA,NA,NA,NA,NA,NA,NA,NA,NA,NA,NA,NA,NA,NA,NA,NA,1,NA,B8,0.4713288366918936,0.019952354,-1.050047349,1.620798394687318,-3.004907533,7,2,1.183005165925335,1.5,2
1865,B0864,8,B,8B,Muslim,Enemies,Enemy6,2,62,F,64,6,2,7,6,5,7,7,7,5,5,5,6,6,NA,2,2,1,2,2,1,1,2,3,1,1,2,2,2,4,2,7,3,1,2,2,2,2,1,NA,NA,F,Hindu,3,2,2,1,1,1,3,1,5,1,1,7,4,4,1,1,2,3,1,2,3,3,1,1,6,7,5,1,0,B8,0.4713288366918936,0.019952354,-1.050047349,1.620798394687318,-3.004907533,7,2,1.183005165925335,1.5,2
1866,B0864,8,B,8B,Muslim,Enemies,Enemy7,2,71,F,64,6,2,7,6,5,7,7,7,5,5,5,6,6,NA,2,2,1,2,2,1,1,2,3,1,1,2,2,2,4,2,7,3,1,2,2,2,2,1,NA,NA,F,NA,NA,NA,NA,NA,NA,NA,NA,NA,NA,NA,NA,NA,NA,NA,NA,NA,NA,NA,NA,NA,NA,NA,NA,NA,NA,NA,NA,1,NA,B8,0.4713288366918936,0.019952354,-1.050047349,1.620798394687318,-3.004907533,7,2,1.183005165925335,1.5,2
1867,B0865,8,B,8B,Muslim,Enemies,Enemy1,2,3,F,65,6,7,7,7,6,7,7,7,5,6,7,7,6,NA,2,1,1,1,1,1,1,2,4,1,1,1,2,1,4,7,7,1,1,1,2,1,1,1,5,2,M,NA,NA,NA,NA,NA,NA,NA,NA,NA,NA,NA,NA,NA,NA,NA,NA,NA,NA,NA,NA,NA,NA,NA,NA,NA,NA,NA,NA,0,NA,B8,0.4713288366918936,0.019952354,-1.050047349,1.620798394687318,-3.004907533,7,7,-1.009717175,1.5,1
1868,B0865,8,B,8B,Muslim,Enemies,Enemy2,2,46,F,65,6,7,7,7,6,7,7,7,5,6,7,7,6,NA,2,1,1,1,1,1,1,2,4,1,1,1,2,1,4,7,7,1,1,1,2,1,1,1,5,2,M,NA,NA,NA,NA,NA,NA,NA,NA,NA,NA,NA,NA,NA,NA,NA,NA,NA,NA,NA,NA,NA,NA,NA,NA,NA,NA,NA,NA,0,NA,B8,0.4713288366918936,0.019952354,-1.050047349,1.620798394687318,-3.004907533,7,7,-1.009717175,1.5,1
1869,B0865,8,B,8B,Muslim,Enemies,Enemy3,2,56,F,65,6,7,7,7,6,7,7,7,5,6,7,7,6,NA,2,1,1,1,1,1,1,2,4,1,1,1,2,1,4,7,7,1,1,1,2,1,1,1,5,2,F,NA,NA,NA,NA,NA,NA,NA,NA,NA,NA,NA,NA,NA,NA,NA,NA,NA,NA,NA,NA,NA,NA,NA,NA,NA,NA,NA,NA,1,NA,B8,0.4713288366918936,0.019952354,-1.050047349,1.620798394687318,-3.004907533,7,7,-1.009717175,1.5,1
1870,B0865,8,B,8B,Muslim,Enemies,Enemy4,2,58,F,65,6,7,7,7,6,7,7,7,5,6,7,7,6,NA,2,1,1,1,1,1,1,2,4,1,1,1,2,1,4,7,7,1,1,1,2,1,1,1,5,2,F,Hindu,2,2,1,1,3,2,4,1,3,2,1,5,4,2,1,1,2,3,2,1,1,3,2,2,7,6,1,1,0,B8,0.4713288366918936,0.019952354,-1.050047349,1.620798394687318,-3.004907533,7,7,-1.009717175,1.5,1
1871,B0865,8,B,8B,Muslim,Enemies,Enemy5,2,63,F,65,6,7,7,7,6,7,7,7,5,6,7,7,6,NA,2,1,1,1,1,1,1,2,4,1,1,1,2,1,4,7,7,1,1,1,2,1,1,1,5,2,F,NA,NA,NA,NA,NA,NA,NA,NA,NA,NA,NA,NA,NA,NA,NA,NA,NA,NA,NA,NA,NA,NA,NA,NA,NA,NA,NA,NA,1,NA,B8,0.4713288366918936,0.019952354,-1.050047349,1.620798394687318,-3.004907533,7,7,-1.009717175,1.5,1
1872,B0865,8,B,8B,Muslim,Enemies,Enemy6,2,68,F,65,6,7,7,7,6,7,7,7,5,6,7,7,6,NA,2,1,1,1,1,1,1,2,4,1,1,1,2,1,4,7,7,1,1,1,2,1,1,1,5,2,F,Hindu,1,2,1,1,3,1,4,1,5,2,1,3,2,1,1,1,1,3,2,1,1,3,5,1,7,7,4,1,0,B8,0.4713288366918936,0.019952354,-1.050047349,1.620798394687318,-3.004907533,7,7,-1.009717175,1.5,1
1873,B0865,8,B,8B,Muslim,Enemies,Enemy7,2,71,F,65,6,7,7,7,6,7,7,7,5,6,7,7,6,NA,2,1,1,1,1,1,1,2,4,1,1,1,2,1,4,7,7,1,1,1,2,1,1,1,5,2,F,NA,NA,NA,NA,NA,NA,NA,NA,NA,NA,NA,NA,NA,NA,NA,NA,NA,NA,NA,NA,NA,NA,NA,NA,NA,NA,NA,NA,1,NA,B8,0.4713288366918936,0.019952354,-1.050047349,1.620798394687318,-3.004907533,7,7,-1.009717175,1.5,1
1874,B0866,8,B,8B,Hindu,Enemies,Enemy1,2,7,F,66,7,7,7,7,7,4,7,6,6,6,3,4,8,NA,2,1,1,1,2,1,1,1,4,1,4,2,1,1,4,7,3,1,1,1,1,1,1,1,4,2,M,NA,NA,NA,NA,NA,NA,NA,NA,NA,NA,NA,NA,NA,NA,NA,NA,NA,NA,NA,NA,NA,NA,NA,NA,NA,NA,NA,NA,0,NA,B8,0.4713288366918936,0.019952354,-1.050047349,1.620798394687318,-3.004907533,7,7,-1.009717175,1.5,3
1875,B0866,8,B,8B,Hindu,Enemies,Enemy2,2,50,F,66,7,7,7,7,7,4,7,6,6,6,3,4,8,NA,2,1,1,1,2,1,1,1,4,1,4,2,1,1,4,7,3,1,1,1,1,1,1,1,4,2,F,Muslim,1,2,2,2,1,1,4,1,2,1,1,4,4,4,1,1,1,1,1,1,2,5,3,3,6,4,7,1,0,B8,0.4713288366918936,0.019952354,-1.050047349,1.620798394687318,-3.004907533,7,7,-1.009717175,1.5,3
1876,B0866,8,B,8B,Hindu,Enemies,Enemy3,2,51,F,66,7,7,7,7,7,4,7,6,6,6,3,4,8,NA,2,1,1,1,2,1,1,1,4,1,4,2,1,1,4,7,3,1,1,1,1,1,1,1,4,2,F,Muslim,5,1,3,1,5,1,3,5,5,5,4,2,1,1,1,1,1,1,1,1,1,5,5,6,5,7,4,1,0,B8,0.4713288366918936,0.019952354,-1.050047349,1.620798394687318,-3.004907533,7,7,-1.009717175,1.5,3
1877,B0866,8,B,8B,Hindu,Enemies,Enemy4,2,54,F,66,7,7,7,7,7,4,7,6,6,6,3,4,8,NA,2,1,1,1,2,1,1,1,4,1,4,2,1,1,4,7,3,1,1,1,1,1,1,1,4,2,F,Muslim,1,1,2,1,3,1,3,1,1,2,1,4,4,4,1,2,1,1,1,5,1,5,3,1,7,4,7,1,0,B8,0.4713288366918936,0.019952354,-1.050047349,1.620798394687318,-3.004907533,7,7,-1.009717175,1.5,3
1878,B0866,8,B,8B,Hindu,Enemies,Enemy5,2,56,F,66,7,7,7,7,7,4,7,6,6,6,3,4,8,NA,2,1,1,1,2,1,1,1,4,1,4,2,1,1,4,7,3,1,1,1,1,1,1,1,4,2,F,NA,NA,NA,NA,NA,NA,NA,NA,NA,NA,NA,NA,NA,NA,NA,NA,NA,NA,NA,NA,NA,NA,NA,NA,NA,NA,NA,NA,1,NA,B8,0.4713288366918936,0.019952354,-1.050047349,1.620798394687318,-3.004907533,7,7,-1.009717175,1.5,3
1879,B0866,8,B,8B,Hindu,Enemies,Enemy6,2,58,F,66,7,7,7,7,7,4,7,6,6,6,3,4,8,NA,2,1,1,1,2,1,1,1,4,1,4,2,1,1,4,7,3,1,1,1,1,1,1,1,4,2,F,Hindu,2,2,1,1,3,2,4,1,3,2,1,5,4,2,1,1,2,3,2,1,1,3,2,2,7,6,1,1,1,B8,0.4713288366918936,0.019952354,-1.050047349,1.620798394687318,-3.004907533,7,7,-1.009717175,1.5,3
1880,B0866,8,B,8B,Hindu,Enemies,Enemy7,2,59,F,66,7,7,7,7,7,4,7,6,6,6,3,4,8,NA,2,1,1,1,2,1,1,1,4,1,4,2,1,1,4,7,3,1,1,1,1,1,1,1,4,2,F,NA,NA,NA,NA,NA,NA,NA,NA,NA,NA,NA,NA,NA,NA,NA,NA,NA,NA,NA,NA,NA,NA,NA,NA,NA,NA,NA,NA,1,NA,B8,0.4713288366918936,0.019952354,-1.050047349,1.620798394687318,-3.004907533,7,7,-1.009717175,1.5,3
1881,B0866,8,B,8B,Hindu,Enemies,Enemy8,2,69,F,66,7,7,7,7,7,4,7,6,6,6,3,4,8,NA,2,1,1,1,2,1,1,1,4,1,4,2,1,1,4,7,3,1,1,1,1,1,1,1,4,2,F,Muslim,4,1,2,1,3,1,4,1,3,3,2,7,4,4,1,1,1,1,1,3,1,5,5,4,7,7,7,1,0,B8,0.4713288366918936,0.019952354,-1.050047349,1.620798394687318,-3.004907533,7,7,-1.009717175,1.5,3
1882,B0868,8,B,8B,Hindu,Enemies,Enemy1,2,55,F,68,5,1,7,6,7,4,7,6,6,2,5,5,NA,KOKANI (MARATHI),2,1,2,1,1,3,1,4,4,1,5,2,1,1,3,2,1,1,1,1,3,2,1,1,3,5,F,NA,NA,NA,NA,NA,NA,NA,NA,NA,NA,NA,NA,NA,NA,NA,NA,NA,NA,NA,NA,NA,NA,NA,NA,NA,NA,NA,NA,1,NA,B8,0.4713288366918936,0.019952354,-1.050047349,1.620798394687318,-3.004907533,7,1,1.621549634144792,1.5,3
1883,B0868,8,B,8B,Hindu,Enemies,Enemy2,2,59,F,68,5,1,7,6,7,4,7,6,6,2,5,5,NA,KOKANI (MARATHI),2,1,2,1,1,3,1,4,4,1,5,2,1,1,3,2,1,1,1,1,3,2,1,1,3,5,F,NA,NA,NA,NA,NA,NA,NA,NA,NA,NA,NA,NA,NA,NA,NA,NA,NA,NA,NA,NA,NA,NA,NA,NA,NA,NA,NA,NA,1,NA,B8,0.4713288366918936,0.019952354,-1.050047349,1.620798394687318,-3.004907533,7,1,1.621549634144792,1.5,3
1884,B0868,8,B,8B,Hindu,Enemies,Enemy3,2,60,F,68,5,1,7,6,7,4,7,6,6,2,5,5,NA,KOKANI (MARATHI),2,1,2,1,1,3,1,4,4,1,5,2,1,1,3,2,1,1,1,1,3,2,1,1,3,5,F,NA,NA,NA,NA,NA,NA,NA,NA,NA,NA,NA,NA,NA,NA,NA,NA,NA,NA,NA,NA,NA,NA,NA,NA,NA,NA,NA,NA,1,NA,B8,0.4713288366918936,0.019952354,-1.050047349,1.620798394687318,-3.004907533,7,1,1.621549634144792,1.5,3
1885,B0868,8,B,8B,Hindu,Enemies,Enemy4,2,63,F,68,5,1,7,6,7,4,7,6,6,2,5,5,NA,KOKANI (MARATHI),2,1,2,1,1,3,1,4,4,1,5,2,1,1,3,2,1,1,1,1,3,2,1,1,3,5,F,NA,NA,NA,NA,NA,NA,NA,NA,NA,NA,NA,NA,NA,NA,NA,NA,NA,NA,NA,NA,NA,NA,NA,NA,NA,NA,NA,NA,1,NA,B8,0.4713288366918936,0.019952354,-1.050047349,1.620798394687318,-3.004907533,7,1,1.621549634144792,1.5,3
1886,B0868,8,B,8B,Hindu,Enemies,Enemy5,2,65,F,68,5,1,7,6,7,4,7,6,6,2,5,5,NA,KOKANI (MARATHI),2,1,2,1,1,3,1,4,4,1,5,2,1,1,3,2,1,1,1,1,3,2,1,1,3,5,F,Muslim,1,1,1,1,1,1,4,1,1,1,1,4,7,7,1,1,1,2,1,1,1,5,2,7,7,6,7,1,0,B8,0.4713288366918936,0.019952354,-1.050047349,1.620798394687318,-3.004907533,7,1,1.621549634144792,1.5,3
1887,B0868,8,B,8B,Hindu,Enemies,Enemy6,2,67,F,68,5,1,7,6,7,4,7,6,6,2,5,5,NA,KOKANI (MARATHI),2,1,2,1,1,3,1,4,4,1,5,2,1,1,3,2,1,1,1,1,3,2,1,1,3,5,F,NA,NA,NA,NA,NA,NA,NA,NA,NA,NA,NA,NA,NA,NA,NA,NA,NA,NA,NA,NA,NA,NA,NA,NA,NA,NA,NA,NA,1,NA,B8,0.4713288366918936,0.019952354,-1.050047349,1.620798394687318,-3.004907533,7,1,1.621549634144792,1.5,3
1888,B0868,8,B,8B,Hindu,Enemies,Enemy7,2,72,F,68,5,1,7,6,7,4,7,6,6,2,5,5,NA,KOKANI (MARATHI),2,1,2,1,1,3,1,4,4,1,5,2,1,1,3,2,1,1,1,1,3,2,1,1,3,5,F,Muslim,1,1,1,1,1,1,4,1,1,2,1,4,1,7,1,1,1,3,1,1,1,5,2,4,7,4,6,1,0,B8,0.4713288366918936,0.019952354,-1.050047349,1.620798394687318,-3.004907533,7,1,1.621549634144792,1.5,3
1889,B0869,8,B,8B,Muslim,Enemies,Enemy1,2,32,F,69,4,4,7,4,7,7,6,7,6,7,5,4,8,NA,2,4,1,2,1,3,1,4,4,1,3,3,2,2,7,4,4,1,1,1,1,1,3,1,5,5,M,Muslim,1,3,1,2,1,1,4,1,1,1,2,4,1,4,1,1,1,3,1,1,1,1,5,7,4,4,7,0,1,B8,0.4713288366918936,0.019952354,-1.050047349,1.620798394687318,-3.004907533,7,4,0.30591622948642044,1.5,0
1890,B0869,8,B,8B,Muslim,Enemies,Enemy2,2,42,F,69,4,4,7,4,7,7,6,7,6,7,5,4,8,NA,2,4,1,2,1,3,1,4,4,1,3,3,2,2,7,4,4,1,1,1,1,1,3,1,5,5,M,Muslim,1,2,3,1,1,1,1,1,1,1,1,3,4,5,1,1,1,1,1,5,1,2,1,6,7,1,7,0,1,B8,0.4713288366918936,0.019952354,-1.050047349,1.620798394687318,-3.004907533,7,4,0.30591622948642044,1.5,0
1891,B0869,8,B,8B,Muslim,Enemies,Enemy3,2,50,F,69,4,4,7,4,7,7,6,7,6,7,5,4,8,NA,2,4,1,2,1,3,1,4,4,1,3,3,2,2,7,4,4,1,1,1,1,1,3,1,5,5,F,Muslim,1,2,2,2,1,1,4,1,2,1,1,4,4,4,1,1,1,1,1,1,2,5,3,3,6,4,7,1,1,B8,0.4713288366918936,0.019952354,-1.050047349,1.620798394687318,-3.004907533,7,4,0.30591622948642044,1.5,0
1892,B0869,8,B,8B,Muslim,Enemies,Enemy4,2,54,F,69,4,4,7,4,7,7,6,7,6,7,5,4,8,NA,2,4,1,2,1,3,1,4,4,1,3,3,2,2,7,4,4,1,1,1,1,1,3,1,5,5,F,Muslim,1,1,2,1,3,1,3,1,1,2,1,4,4,4,1,2,1,1,1,5,1,5,3,1,7,4,7,1,1,B8,0.4713288366918936,0.019952354,-1.050047349,1.620798394687318,-3.004907533,7,4,0.30591622948642044,1.5,0
1893,B0869,8,B,8B,Muslim,Enemies,Enemy5,2,58,F,69,4,4,7,4,7,7,6,7,6,7,5,4,8,NA,2,4,1,2,1,3,1,4,4,1,3,3,2,2,7,4,4,1,1,1,1,1,3,1,5,5,F,Hindu,2,2,1,1,3,2,4,1,3,2,1,5,4,2,1,1,2,3,2,1,1,3,2,2,7,6,1,1,0,B8,0.4713288366918936,0.019952354,-1.050047349,1.620798394687318,-3.004907533,7,4,0.30591622948642044,1.5,0
1894,B0869,8,B,8B,Muslim,Enemies,Enemy6,2,60,F,69,4,4,7,4,7,7,6,7,6,7,5,4,8,NA,2,4,1,2,1,3,1,4,4,1,3,3,2,2,7,4,4,1,1,1,1,1,3,1,5,5,F,NA,NA,NA,NA,NA,NA,NA,NA,NA,NA,NA,NA,NA,NA,NA,NA,NA,NA,NA,NA,NA,NA,NA,NA,NA,NA,NA,NA,1,NA,B8,0.4713288366918936,0.019952354,-1.050047349,1.620798394687318,-3.004907533,7,4,0.30591622948642044,1.5,0
1895,B0869,8,B,8B,Muslim,Enemies,Enemy7,2,65,F,69,4,4,7,4,7,7,6,7,6,7,5,4,8,NA,2,4,1,2,1,3,1,4,4,1,3,3,2,2,7,4,4,1,1,1,1,1,3,1,5,5,F,Muslim,1,1,1,1,1,1,4,1,1,1,1,4,7,7,1,1,1,2,1,1,1,5,2,7,7,6,7,1,1,B8,0.4713288366918936,0.019952354,-1.050047349,1.620798394687318,-3.004907533,7,4,0.30591622948642044,1.5,0
1896,B0870,8,B,8B,Hindu,Enemies,Enemy1,2,1,F,70,6,4,6,7,7,7,7,7,7,7,6,5,7,NA,2,2,1,2,1,1,1,1,3,1,4,2,1,2,4,4,4,1,1,1,1,1,3,1,5,3,M,NA,NA,NA,NA,NA,NA,NA,NA,NA,NA,NA,NA,NA,NA,NA,NA,NA,NA,NA,NA,NA,NA,NA,NA,NA,NA,NA,NA,0,NA,B8,0.4713288366918936,0.019952354,-1.050047349,1.620798394687318,-3.004907533,6,4,-0.132628239,1.5,0
1897,B0870,8,B,8B,Hindu,Enemies,Enemy2,2,3,F,70,6,4,6,7,7,7,7,7,7,7,6,5,7,NA,2,2,1,2,1,1,1,1,3,1,4,2,1,2,4,4,4,1,1,1,1,1,3,1,5,3,M,NA,NA,NA,NA,NA,NA,NA,NA,NA,NA,NA,NA,NA,NA,NA,NA,NA,NA,NA,NA,NA,NA,NA,NA,NA,NA,NA,NA,0,NA,B8,0.4713288366918936,0.019952354,-1.050047349,1.620798394687318,-3.004907533,6,4,-0.132628239,1.5,0
1898,B0870,8,B,8B,Hindu,Enemies,Enemy3,2,11,F,70,6,4,6,7,7,7,7,7,7,7,6,5,7,NA,2,2,1,2,1,1,1,1,3,1,4,2,1,2,4,4,4,1,1,1,1,1,3,1,5,3,M,NA,NA,NA,NA,NA,NA,NA,NA,NA,NA,NA,NA,NA,NA,NA,NA,NA,NA,NA,NA,NA,NA,NA,NA,NA,NA,NA,NA,0,NA,B8,0.4713288366918936,0.019952354,-1.050047349,1.620798394687318,-3.004907533,6,4,-0.132628239,1.5,0
1899,B0870,8,B,8B,Hindu,Enemies,Enemy4,2,12,F,70,6,4,6,7,7,7,7,7,7,7,6,5,7,NA,2,2,1,2,1,1,1,1,3,1,4,2,1,2,4,4,4,1,1,1,1,1,3,1,5,3,M,NA,NA,NA,NA,NA,NA,NA,NA,NA,NA,NA,NA,NA,NA,NA,NA,NA,NA,NA,NA,NA,NA,NA,NA,NA,NA,NA,NA,0,NA,B8,0.4713288366918936,0.019952354,-1.050047349,1.620798394687318,-3.004907533,6,4,-0.132628239,1.5,0
1900,B0870,8,B,8B,Hindu,Enemies,Enemy5,2,18,F,70,6,4,6,7,7,7,7,7,7,7,6,5,7,NA,2,2,1,2,1,1,1,1,3,1,4,2,1,2,4,4,4,1,1,1,1,1,3,1,5,3,M,NA,NA,NA,NA,NA,NA,NA,NA,NA,NA,NA,NA,NA,NA,NA,NA,NA,NA,NA,NA,NA,NA,NA,NA,NA,NA,NA,NA,0,NA,B8,0.4713288366918936,0.019952354,-1.050047349,1.620798394687318,-3.004907533,6,4,-0.132628239,1.5,0
1901,B0870,8,B,8B,Hindu,Enemies,Enemy6,2,34,F,70,6,4,6,7,7,7,7,7,7,7,6,5,7,NA,2,2,1,2,1,1,1,1,3,1,4,2,1,2,4,4,4,1,1,1,1,1,3,1,5,3,M,Muslim,1,1,1,1,1,1,1,1,1,1,1,4,4,4,3,3,3,3,3,2,1,2,3,7,1,5,7,0,0,B8,0.4713288366918936,0.019952354,-1.050047349,1.620798394687318,-3.004907533,6,4,-0.132628239,1.5,0
1902,B0870,8,B,8B,Hindu,Enemies,Enemy7,2,36,F,70,6,4,6,7,7,7,7,7,7,7,6,5,7,NA,2,2,1,2,1,1,1,1,3,1,4,2,1,2,4,4,4,1,1,1,1,1,3,1,5,3,M,NA,NA,NA,NA,NA,NA,NA,NA,NA,NA,NA,NA,NA,NA,NA,NA,NA,NA,NA,NA,NA,NA,NA,NA,NA,NA,NA,NA,0,NA,B8,0.4713288366918936,0.019952354,-1.050047349,1.620798394687318,-3.004907533,6,4,-0.132628239,1.5,0
1903,B0872,8,B,8B,Muslim,Enemies,Enemy1,2,54,F,72,3,4,7,7,4,6,7,7,4,6,5,4,6,NA,2,1,1,1,1,1,1,2,4,1,1,2,2,1,4,1,7,1,1,1,3,1,1,1,5,2,F,Muslim,1,1,2,1,3,1,3,1,1,2,1,4,4,4,1,2,1,1,1,5,1,5,3,1,7,4,7,1,1,B8,0.4713288366918936,0.019952354,-1.050047349,1.620798394687318,-3.004907533,7,4,0.30591622948642044,1.5,2
1904,B0872,8,B,8B,Muslim,Enemies,Enemy2,2,56,F,72,3,4,7,7,4,6,7,7,4,6,5,4,6,NA,2,1,1,1,1,1,1,2,4,1,1,2,2,1,4,1,7,1,1,1,3,1,1,1,5,2,F,NA,NA,NA,NA,NA,NA,NA,NA,NA,NA,NA,NA,NA,NA,NA,NA,NA,NA,NA,NA,NA,NA,NA,NA,NA,NA,NA,NA,1,NA,B8,0.4713288366918936,0.019952354,-1.050047349,1.620798394687318,-3.004907533,7,4,0.30591622948642044,1.5,2
1905,B0872,8,B,8B,Muslim,Enemies,Enemy3,2,58,F,72,3,4,7,7,4,6,7,7,4,6,5,4,6,NA,2,1,1,1,1,1,1,2,4,1,1,2,2,1,4,1,7,1,1,1,3,1,1,1,5,2,F,Hindu,2,2,1,1,3,2,4,1,3,2,1,5,4,2,1,1,2,3,2,1,1,3,2,2,7,6,1,1,0,B8,0.4713288366918936,0.019952354,-1.050047349,1.620798394687318,-3.004907533,7,4,0.30591622948642044,1.5,2
1906,B0872,8,B,8B,Muslim,Enemies,Enemy4,2,59,F,72,3,4,7,7,4,6,7,7,4,6,5,4,6,NA,2,1,1,1,1,1,1,2,4,1,1,2,2,1,4,1,7,1,1,1,3,1,1,1,5,2,F,NA,NA,NA,NA,NA,NA,NA,NA,NA,NA,NA,NA,NA,NA,NA,NA,NA,NA,NA,NA,NA,NA,NA,NA,NA,NA,NA,NA,1,NA,B8,0.4713288366918936,0.019952354,-1.050047349,1.620798394687318,-3.004907533,7,4,0.30591622948642044,1.5,2
1907,B0872,8,B,8B,Muslim,Enemies,Enemy5,2,69,F,72,3,4,7,7,4,6,7,7,4,6,5,4,6,NA,2,1,1,1,1,1,1,2,4,1,1,2,2,1,4,1,7,1,1,1,3,1,1,1,5,2,F,Muslim,4,1,2,1,3,1,4,1,3,3,2,7,4,4,1,1,1,1,1,3,1,5,5,4,7,7,7,1,1,B8,0.4713288366918936,0.019952354,-1.050047349,1.620798394687318,-3.004907533,7,4,0.30591622948642044,1.5,2
1908,B0872,8,B,8B,Muslim,Enemies,Enemy6,2,70,F,72,3,4,7,7,4,6,7,7,4,6,5,4,6,NA,2,1,1,1,1,1,1,2,4,1,1,2,2,1,4,1,7,1,1,1,3,1,1,1,5,2,F,Hindu,2,1,2,1,1,1,3,1,4,2,2,4,4,4,1,1,1,1,1,3,1,5,3,4,6,7,7,1,0,B8,0.4713288366918936,0.019952354,-1.050047349,1.620798394687318,-3.004907533,7,4,0.30591622948642044,1.5,2
1909,B0872,8,B,8B,Muslim,Enemies,Enemy7,2,71,F,72,3,4,7,7,4,6,7,7,4,6,5,4,6,NA,2,1,1,1,1,1,1,2,4,1,1,2,2,1,4,1,7,1,1,1,3,1,1,1,5,2,F,NA,NA,NA,NA,NA,NA,NA,NA,NA,NA,NA,NA,NA,NA,NA,NA,NA,NA,NA,NA,NA,NA,NA,NA,NA,NA,NA,NA,1,NA,B8,0.4713288366918936,0.019952354,-1.050047349,1.620798394687318,-3.004907533,7,4,0.30591622948642044,1.5,2
1910,C0804,8,C,8C,Muslim,Enemies,Enemy1,2,36,M,4,4,6,5,7,7,7,7,7,5,7,7,6,NA,Muslim Vohra,1,1,1,1,1,3,1,1,2,1,1,2,2,1,4,2,2,1,1,2,2,1,2,1,4,3,M,Hindu,3,1,1,1,2,1,4,1,4,3,2,6,4,4,2,1,1,3,1,2,1,5,5,7,3,6,6,1,0,C8,-0.762841465,0.792507512,-0.509672105,2.0930840196293183,-2.598292954,6,5,-0.571172707,1.5,0
1911,C0805,8,C,8C,Hindu,Enemies,Enemy1,2,2,M,5,4,7,6,6,7,7,7,7,6,7,6,5,8,NA,1,1,1,2,2,3,1,1,3,3,4,2,1,2,4,1,1,1,1,1,1,1,2,1,5,3,M,NA,NA,NA,NA,NA,NA,NA,NA,NA,NA,NA,NA,NA,NA,NA,NA,NA,NA,NA,NA,NA,NA,NA,NA,NA,NA,NA,NA,1,NA,C8,-0.762841465,0.792507512,-0.509672105,2.0930840196293183,-2.598292954,7,6,-0.571172707,1.5,0
1912,C0805,8,C,8C,Hindu,Enemies,Enemy2,2,9,M,5,4,7,6,6,7,7,7,7,6,7,6,5,8,NA,1,1,1,2,2,3,1,1,3,3,4,2,1,2,4,1,1,1,1,1,1,1,2,1,5,3,M,Hindu,2,1,2,1,2,1,3,2,4,1,2,4,4,4,2,1,1,3,1,1,1,4,3,7,1,7,4,1,1,C8,-0.762841465,0.792507512,-0.509672105,2.0930840196293183,-2.598292954,7,6,-0.571172707,1.5,0
1913,C0805,8,C,8C,Hindu,Enemies,Enemy3,2,11,M,5,4,7,6,6,7,7,7,7,6,7,6,5,8,NA,1,1,1,2,2,3,1,1,3,3,4,2,1,2,4,1,1,1,1,1,1,1,2,1,5,3,M,Hindu,3,1,2,2,2,1,2,1,3,2,2,4,3,3,1,1,1,1,1,2,1,4,3,6,5,6,6,1,1,C8,-0.762841465,0.792507512,-0.509672105,2.0930840196293183,-2.598292954,7,6,-0.571172707,1.5,0
1914,C0805,8,C,8C,Hindu,Enemies,Enemy4,2,15,M,5,4,7,6,6,7,7,7,7,6,7,6,5,8,NA,1,1,1,2,2,3,1,1,3,3,4,2,1,2,4,1,1,1,1,1,1,1,2,1,5,3,M,NA,NA,NA,NA,NA,NA,NA,NA,NA,NA,NA,NA,NA,NA,NA,NA,NA,NA,NA,NA,NA,NA,NA,NA,NA,NA,NA,NA,1,NA,C8,-0.762841465,0.792507512,-0.509672105,2.0930840196293183,-2.598292954,7,6,-0.571172707,1.5,0
1915,C0805,8,C,8C,Hindu,Enemies,Enemy5,2,17,M,5,4,7,6,6,7,7,7,7,6,7,6,5,8,NA,1,1,1,2,2,3,1,1,3,3,4,2,1,2,4,1,1,1,1,1,1,1,2,1,5,3,M,Muslim,1,2,3,1,2,1,4,3,1,1,1,4,3,7,3,2,1,2,1,2,3,4,1,7,1,3,7,1,0,C8,-0.762841465,0.792507512,-0.509672105,2.0930840196293183,-2.598292954,7,6,-0.571172707,1.5,0
1916,C0805,8,C,8C,Hindu,Enemies,Enemy6,2,19,M,5,4,7,6,6,7,7,7,7,6,7,6,5,8,NA,1,1,1,2,2,3,1,1,3,3,4,2,1,2,4,1,1,1,1,1,1,1,2,1,5,3,M,NA,NA,NA,NA,NA,NA,NA,NA,NA,NA,NA,NA,NA,NA,NA,NA,NA,NA,NA,NA,NA,NA,NA,NA,NA,NA,NA,NA,1,NA,C8,-0.762841465,0.792507512,-0.509672105,2.0930840196293183,-2.598292954,7,6,-0.571172707,1.5,0
1917,C0805,8,C,8C,Hindu,Enemies,Enemy7,2,33,M,5,4,7,6,6,7,7,7,7,6,7,6,5,8,NA,1,1,1,2,2,3,1,1,3,3,4,2,1,2,4,1,1,1,1,1,1,1,2,1,5,3,M,NA,NA,NA,NA,NA,NA,NA,NA,NA,NA,NA,NA,NA,NA,NA,NA,NA,NA,NA,NA,NA,NA,NA,NA,NA,NA,NA,NA,1,NA,C8,-0.762841465,0.792507512,-0.509672105,2.0930840196293183,-2.598292954,7,6,-0.571172707,1.5,0
1918,C0806,8,C,8C,Hindu,Enemies,Enemy1,2,29,M,6,2,6,5,6,7,4,7,6,4,5,6,5,1,Brahmin,1,1,1,1,1,2,1,2,4,1,3,2,1,1,7,7,6,3,2,1,2,1,1,1,5,3,M,Hindu,1,1,2,2,1,1,4,1,3,2,1,7,5,6,1,1,2,1,2,2,1,1,4,7,6,7,5,1,1,C8,-0.762841465,0.792507512,-0.509672105,2.0930840196293183,-2.598292954,6,5,-0.571172707,1.5,3
1919,C0806,8,C,8C,Hindu,Enemies,Enemy2,2,35,M,6,2,6,5,6,7,4,7,6,4,5,6,5,1,Brahmin,1,1,1,1,1,2,1,2,4,1,3,2,1,1,7,7,6,3,2,1,2,1,1,1,5,3,M,NA,NA,NA,NA,NA,NA,NA,NA,NA,NA,NA,NA,NA,NA,NA,NA,NA,NA,NA,NA,NA,NA,NA,NA,NA,NA,NA,NA,1,NA,C8,-0.762841465,0.792507512,-0.509672105,2.0930840196293183,-2.598292954,6,5,-0.571172707,1.5,3
1920,C0806,8,C,8C,Hindu,Enemies,Enemy3,2,40,M,6,2,6,5,6,7,4,7,6,4,5,6,5,1,Brahmin,1,1,1,1,1,2,1,2,4,1,3,2,1,1,7,7,6,3,2,1,2,1,1,1,5,3,M,Hindu,1,1,2,1,1,1,3,1,3,2,3,4,6,4,1,1,1,1,1,2,1,4,3,7,6,7,7,1,1,C8,-0.762841465,0.792507512,-0.509672105,2.0930840196293183,-2.598292954,6,5,-0.571172707,1.5,3
1921,C0807,8,C,8C,Hindu,Enemies,Enemy1,2,1,M,7,6,7,6,7,7,5,6,7,5,5,5,6,2,Kshatirya,1,2,3,2,1,2,1,1,4,1,1,3,1,1,3,2,2,1,1,1,1,1,2,1,5,3,M,Muslim,1,2,1,1,2,1,4,1,1,1,1,5,4,4,1,1,1,1,2,3,1,5,4,7,7,4,7,1,0,C8,-0.762841465,0.792507512,-0.509672105,2.0930840196293183,-2.598292954,7,6,-0.571172707,1.5,2
1922,C0807,8,C,8C,Hindu,Enemies,Enemy2,2,6,M,7,6,7,6,7,7,5,6,7,5,5,5,6,2,Kshatirya,1,2,3,2,1,2,1,1,4,1,1,3,1,1,3,2,2,1,1,1,1,1,2,1,5,3,M,Hindu,1,1,1,1,2,1,4,1,3,2,1,7,7,6,3,2,1,2,1,1,1,5,3,6,5,7,4,1,1,C8,-0.762841465,0.792507512,-0.509672105,2.0930840196293183,-2.598292954,7,6,-0.571172707,1.5,2
1923,C0807,8,C,8C,Hindu,Enemies,Enemy3,2,15,M,7,6,7,6,7,7,5,6,7,5,5,5,6,2,Kshatirya,1,2,3,2,1,2,1,1,4,1,1,3,1,1,3,2,2,1,1,1,1,1,2,1,5,3,M,NA,NA,NA,NA,NA,NA,NA,NA,NA,NA,NA,NA,NA,NA,NA,NA,NA,NA,NA,NA,NA,NA,NA,NA,NA,NA,NA,NA,1,NA,C8,-0.762841465,0.792507512,-0.509672105,2.0930840196293183,-2.598292954,7,6,-0.571172707,1.5,2
1924,C0807,8,C,8C,Hindu,Enemies,Enemy4,2,36,M,7,6,7,6,7,7,5,6,7,5,5,5,6,2,Kshatirya,1,2,3,2,1,2,1,1,4,1,1,3,1,1,3,2,2,1,1,1,1,1,2,1,5,3,M,Hindu,3,1,1,1,2,1,4,1,4,3,2,6,4,4,2,1,1,3,1,2,1,5,5,7,3,6,6,1,1,C8,-0.762841465,0.792507512,-0.509672105,2.0930840196293183,-2.598292954,7,6,-0.571172707,1.5,2
1925,C0807,8,C,8C,Hindu,Enemies,Enemy5,2,71,M,7,6,7,6,7,7,5,6,7,5,5,5,6,2,Kshatirya,1,2,3,2,1,2,1,1,4,1,1,3,1,1,3,2,2,1,1,1,1,1,2,1,5,3,F,NA,NA,NA,NA,NA,NA,NA,NA,NA,NA,NA,NA,NA,NA,NA,NA,NA,NA,NA,NA,NA,NA,NA,NA,NA,NA,NA,NA,0,NA,C8,-0.762841465,0.792507512,-0.509672105,2.0930840196293183,-2.598292954,7,6,-0.571172707,1.5,2
1926,C0808,8,C,8C,Hindu,Enemies,Enemy1,2,1,M,8,5,7,6,6,6,6,5,6,6,4,6,3,2,Kshatriya,1,4,1,3,1,1,1,NA,3,1,5,2,1,3,4,4,2,1,1,1,1,1,2,1,3,1,M,Muslim,1,2,1,1,2,1,4,1,1,1,1,5,4,4,1,1,1,1,2,3,1,5,4,7,7,4,7,1,0,C8,-0.762841465,0.792507512,-0.509672105,2.0930840196293183,-2.598292954,7,6,-0.571172707,1.5,0
1927,C0808,8,C,8C,Hindu,Enemies,Enemy2,2,7,M,8,5,7,6,6,6,6,5,6,6,4,6,3,2,Kshatriya,1,4,1,3,1,1,1,NA,3,1,5,2,1,3,4,4,2,1,1,1,1,1,2,1,3,1,M,Hindu,2,3,2,1,2,1,4,1,1,3,1,3,2,2,1,1,1,1,1,2,1,5,3,7,6,7,5,1,1,C8,-0.762841465,0.792507512,-0.509672105,2.0930840196293183,-2.598292954,7,6,-0.571172707,1.5,0
1928,C0808,8,C,8C,Hindu,Enemies,Enemy3,2,12,M,8,5,7,6,6,6,6,5,6,6,4,6,3,2,Kshatriya,1,4,1,3,1,1,1,NA,3,1,5,2,1,3,4,4,2,1,1,1,1,1,2,1,3,1,M,Muslim,2,1,2,1,1,1,4,1,1,1,1,4,4,4,5,5,4,3,4,4,5,5,4,7,4,4,7,1,0,C8,-0.762841465,0.792507512,-0.509672105,2.0930840196293183,-2.598292954,7,6,-0.571172707,1.5,0
1929,C0808,8,C,8C,Hindu,Enemies,Enemy4,2,15,M,8,5,7,6,6,6,6,5,6,6,4,6,3,2,Kshatriya,1,4,1,3,1,1,1,NA,3,1,5,2,1,3,4,4,2,1,1,1,1,1,2,1,3,1,M,NA,NA,NA,NA,NA,NA,NA,NA,NA,NA,NA,NA,NA,NA,NA,NA,NA,NA,NA,NA,NA,NA,NA,NA,NA,NA,NA,NA,1,NA,C8,-0.762841465,0.792507512,-0.509672105,2.0930840196293183,-2.598292954,7,6,-0.571172707,1.5,0
1930,C0808,8,C,8C,Hindu,Enemies,Enemy5,2,17,M,8,5,7,6,6,6,6,5,6,6,4,6,3,2,Kshatriya,1,4,1,3,1,1,1,NA,3,1,5,2,1,3,4,4,2,1,1,1,1,1,2,1,3,1,M,Muslim,1,2,3,1,2,1,4,3,1,1,1,4,3,7,3,2,1,2,1,2,3,4,1,7,1,3,7,1,0,C8,-0.762841465,0.792507512,-0.509672105,2.0930840196293183,-2.598292954,7,6,-0.571172707,1.5,0
1931,C0808,8,C,8C,Hindu,Enemies,Enemy6,2,22,M,8,5,7,6,6,6,6,5,6,6,4,6,3,2,Kshatriya,1,4,1,3,1,1,1,NA,3,1,5,2,1,3,4,4,2,1,1,1,1,1,2,1,3,1,M,Hindu,2,1,3,1,3,1,3,1,4,2,2,7,4,4,1,1,1,1,1,1,1,5,3,4,4,4,4,1,1,C8,-0.762841465,0.792507512,-0.509672105,2.0930840196293183,-2.598292954,7,6,-0.571172707,1.5,0
1932,C0808,8,C,8C,Hindu,Enemies,Enemy7,2,34,M,8,5,7,6,6,6,6,5,6,6,4,6,3,2,Kshatriya,1,4,1,3,1,1,1,NA,3,1,5,2,1,3,4,4,2,1,1,1,1,1,2,1,3,1,M,Muslim,2,2,1,1,1,2,4,2,1,1,1,4,1,4,3,1,1,2,2,1,2,1,2,6,4,1,7,1,0,C8,-0.762841465,0.792507512,-0.509672105,2.0930840196293183,-2.598292954,7,6,-0.571172707,1.5,0
1933,C0809,8,C,8C,Hindu,Enemies,Enemy1,2,1,M,9,2,7,1,6,7,4,6,7,5,6,1,5,1,Brahmin,1,2,1,2,1,2,1,NA,3,2,4,1,1,2,4,4,4,2,1,1,3,1,1,1,4,3,M,Muslim,1,2,1,1,2,1,4,1,1,1,1,5,4,4,1,1,1,1,2,3,1,5,4,7,7,4,7,1,0,C8,-0.762841465,0.792507512,-0.509672105,2.0930840196293183,-2.598292954,7,1,1.621549634144792,1.5,3
1934,C0809,8,C,8C,Hindu,Enemies,Enemy2,2,2,M,9,2,7,1,6,7,4,6,7,5,6,1,5,1,Brahmin,1,2,1,2,1,2,1,NA,3,2,4,1,1,2,4,4,4,2,1,1,3,1,1,1,4,3,M,NA,NA,NA,NA,NA,NA,NA,NA,NA,NA,NA,NA,NA,NA,NA,NA,NA,NA,NA,NA,NA,NA,NA,NA,NA,NA,NA,NA,1,NA,C8,-0.762841465,0.792507512,-0.509672105,2.0930840196293183,-2.598292954,7,1,1.621549634144792,1.5,3
1935,C0809,8,C,8C,Hindu,Enemies,Enemy3,2,5,M,9,2,7,1,6,7,4,6,7,5,6,1,5,1,Brahmin,1,2,1,2,1,2,1,NA,3,2,4,1,1,2,4,4,4,2,1,1,3,1,1,1,4,3,M,Hindu,1,1,2,2,3,1,3,3,4,2,2,4,1,1,1,1,1,1,1,2,1,5,3,7,6,7,7,1,1,C8,-0.762841465,0.792507512,-0.509672105,2.0930840196293183,-2.598292954,7,1,1.621549634144792,1.5,3
1936,C0809,8,C,8C,Hindu,Enemies,Enemy4,2,7,M,9,2,7,1,6,7,4,6,7,5,6,1,5,1,Brahmin,1,2,1,2,1,2,1,NA,3,2,4,1,1,2,4,4,4,2,1,1,3,1,1,1,4,3,M,Hindu,2,3,2,1,2,1,4,1,1,3,1,3,2,2,1,1,1,1,1,2,1,5,3,7,6,7,5,1,1,C8,-0.762841465,0.792507512,-0.509672105,2.0930840196293183,-2.598292954,7,1,1.621549634144792,1.5,3
1937,C0809,8,C,8C,Hindu,Enemies,Enemy5,2,16,M,9,2,7,1,6,7,4,6,7,5,6,1,5,1,Brahmin,1,2,1,2,1,2,1,NA,3,2,4,1,1,2,4,4,4,2,1,1,3,1,1,1,4,3,M,NA,NA,NA,NA,NA,NA,NA,NA,NA,NA,NA,NA,NA,NA,NA,NA,NA,NA,NA,NA,NA,NA,NA,NA,NA,NA,NA,NA,1,NA,C8,-0.762841465,0.792507512,-0.509672105,2.0930840196293183,-2.598292954,7,1,1.621549634144792,1.5,3
1938,C0809,8,C,8C,Hindu,Enemies,Enemy6,2,25,M,9,2,7,1,6,7,4,6,7,5,6,1,5,1,Brahmin,1,2,1,2,1,2,1,NA,3,2,4,1,1,2,4,4,4,2,1,1,3,1,1,1,4,3,M,NA,NA,NA,NA,NA,NA,NA,NA,NA,NA,NA,NA,NA,NA,NA,NA,NA,NA,NA,NA,NA,NA,NA,NA,NA,NA,NA,NA,1,NA,C8,-0.762841465,0.792507512,-0.509672105,2.0930840196293183,-2.598292954,7,1,1.621549634144792,1.5,3
1939,C0809,8,C,8C,Hindu,Enemies,Enemy7,2,28,M,9,2,7,1,6,7,4,6,7,5,6,1,5,1,Brahmin,1,2,1,2,1,2,1,NA,3,2,4,1,1,2,4,4,4,2,1,1,3,1,1,1,4,3,M,Muslim,2,1,2,2,1,1,1,1,2,1,3,4,4,4,1,1,2,2,1,2,2,2,3,7,6,7,7,1,0,C8,-0.762841465,0.792507512,-0.509672105,2.0930840196293183,-2.598292954,7,1,1.621549634144792,1.5,3
1940,C0809,8,C,8C,Hindu,Enemies,Enemy8,2,33,M,9,2,7,1,6,7,4,6,7,5,6,1,5,1,Brahmin,1,2,1,2,1,2,1,NA,3,2,4,1,1,2,4,4,4,2,1,1,3,1,1,1,4,3,M,NA,NA,NA,NA,NA,NA,NA,NA,NA,NA,NA,NA,NA,NA,NA,NA,NA,NA,NA,NA,NA,NA,NA,NA,NA,NA,NA,NA,1,NA,C8,-0.762841465,0.792507512,-0.509672105,2.0930840196293183,-2.598292954,7,1,1.621549634144792,1.5,3
1941,C0811,8,C,8C,Hindu,Enemies,Enemy1,2,1,M,11,5,6,5,6,6,6,6,5,5,6,7,5,2,Vaishya,1,3,1,2,2,2,1,1,2,1,3,2,1,2,4,3,3,1,1,1,1,1,2,1,4,3,M,Muslim,1,2,1,1,2,1,4,1,1,1,1,5,4,4,1,1,1,1,2,3,1,5,4,7,7,4,7,1,0,C8,-0.762841465,0.792507512,-0.509672105,2.0930840196293183,-2.598292954,6,5,-0.571172707,1.5,0
1942,C0811,8,C,8C,Hindu,Enemies,Enemy2,2,15,M,11,5,6,5,6,6,6,6,5,5,6,7,5,2,Vaishya,1,3,1,2,2,2,1,1,2,1,3,2,1,2,4,3,3,1,1,1,1,1,2,1,4,3,M,NA,NA,NA,NA,NA,NA,NA,NA,NA,NA,NA,NA,NA,NA,NA,NA,NA,NA,NA,NA,NA,NA,NA,NA,NA,NA,NA,NA,1,NA,C8,-0.762841465,0.792507512,-0.509672105,2.0930840196293183,-2.598292954,6,5,-0.571172707,1.5,0
1943,C0811,8,C,8C,Hindu,Enemies,Enemy3,2,16,M,11,5,6,5,6,6,6,6,5,5,6,7,5,2,Vaishya,1,3,1,2,2,2,1,1,2,1,3,2,1,2,4,3,3,1,1,1,1,1,2,1,4,3,M,NA,NA,NA,NA,NA,NA,NA,NA,NA,NA,NA,NA,NA,NA,NA,NA,NA,NA,NA,NA,NA,NA,NA,NA,NA,NA,NA,NA,1,NA,C8,-0.762841465,0.792507512,-0.509672105,2.0930840196293183,-2.598292954,6,5,-0.571172707,1.5,0
1944,C0811,8,C,8C,Hindu,Enemies,Enemy4,2,17,M,11,5,6,5,6,6,6,6,5,5,6,7,5,2,Vaishya,1,3,1,2,2,2,1,1,2,1,3,2,1,2,4,3,3,1,1,1,1,1,2,1,4,3,M,Muslim,1,2,3,1,2,1,4,3,1,1,1,4,3,7,3,2,1,2,1,2,3,4,1,7,1,3,7,1,0,C8,-0.762841465,0.792507512,-0.509672105,2.0930840196293183,-2.598292954,6,5,-0.571172707,1.5,0
1945,C0811,8,C,8C,Hindu,Enemies,Enemy5,2,23,M,11,5,6,5,6,6,6,6,5,5,6,7,5,2,Vaishya,1,3,1,2,2,2,1,1,2,1,3,2,1,2,4,3,3,1,1,1,1,1,2,1,4,3,M,NA,NA,NA,NA,NA,NA,NA,NA,NA,NA,NA,NA,NA,NA,NA,NA,NA,NA,NA,NA,NA,NA,NA,NA,NA,NA,NA,NA,1,NA,C8,-0.762841465,0.792507512,-0.509672105,2.0930840196293183,-2.598292954,6,5,-0.571172707,1.5,0
1946,C0811,8,C,8C,Hindu,Enemies,Enemy6,2,28,M,11,5,6,5,6,6,6,6,5,5,6,7,5,2,Vaishya,1,3,1,2,2,2,1,1,2,1,3,2,1,2,4,3,3,1,1,1,1,1,2,1,4,3,M,Muslim,2,1,2,2,1,1,1,1,2,1,3,4,4,4,1,1,2,2,1,2,2,2,3,7,6,7,7,1,0,C8,-0.762841465,0.792507512,-0.509672105,2.0930840196293183,-2.598292954,6,5,-0.571172707,1.5,0
1947,C0811,8,C,8C,Hindu,Enemies,Enemy7,2,35,M,11,5,6,5,6,6,6,6,5,5,6,7,5,2,Vaishya,1,3,1,2,2,2,1,1,2,1,3,2,1,2,4,3,3,1,1,1,1,1,2,1,4,3,M,NA,NA,NA,NA,NA,NA,NA,NA,NA,NA,NA,NA,NA,NA,NA,NA,NA,NA,NA,NA,NA,NA,NA,NA,NA,NA,NA,NA,1,NA,C8,-0.762841465,0.792507512,-0.509672105,2.0930840196293183,-2.598292954,6,5,-0.571172707,1.5,0
1948,C0818,8,C,8C,Muslim,Enemies,Enemy1,2,20,M,18,4,6,5,3,3,7,7,3,5,4,6,4,6,NA,1,1,2,3,3,1,2,2,4,1,1,1,2,1,4,4,6,3,1,1,2,1,2,1,4,3,M,Hindu,4,1,1,2,4,1,3,4,5,4,3,4,4,4,1,1,1,3,1,5,3,4,5,6,4,7,7,1,0,C8,-0.762841465,0.792507512,-0.509672105,2.0930840196293183,-2.598292954,6,5,-0.571172707,1.5,4
1949,C0827,8,C,8C,Muslim,Enemies,Enemy1,2,35,M,27,6,7,6,7,6,7,7,7,6,6,5,6,NA,Vohra,1,1,1,2,1,1,1,1,4,1,1,1,2,1,4,3,6,1,1,1,2,1,3,1,5,3,M,NA,NA,NA,NA,NA,NA,NA,NA,NA,NA,NA,NA,NA,NA,NA,NA,NA,NA,NA,NA,NA,NA,NA,NA,NA,NA,NA,NA,1,NA,C8,-0.762841465,0.792507512,-0.509672105,2.0930840196293183,-2.598292954,7,6,-0.571172707,1.5,1
1950,C0827,8,C,8C,Muslim,Enemies,Enemy2,2,66,M,27,6,7,6,7,6,7,7,7,6,6,5,6,NA,Vohra,1,1,1,2,1,1,1,1,4,1,1,1,2,1,4,3,6,1,1,1,2,1,3,1,5,3,F,NA,NA,NA,NA,NA,NA,NA,NA,NA,NA,NA,NA,NA,NA,NA,NA,NA,NA,NA,NA,NA,NA,NA,NA,NA,NA,NA,NA,0,NA,C8,-0.762841465,0.792507512,-0.509672105,2.0930840196293183,-2.598292954,7,6,-0.571172707,1.5,1
1951,C0828,8,C,8C,Muslim,Enemies,Enemy1,2,1,M,28,5,7,6,6,7,7,7,5,6,5,NA,5,8,don't know,1,2,1,2,2,1,1,2,1,1,2,1,2,3,4,4,4,1,1,2,2,1,2,2,2,3,M,Muslim,1,2,1,1,2,1,4,1,1,1,1,5,4,4,1,1,1,1,2,3,1,5,4,7,7,4,7,1,1,C8,-0.762841465,0.792507512,-0.509672105,2.0930840196293183,-2.598292954,7,6,-0.571172707,1.5,0
1952,C0828,8,C,8C,Muslim,Enemies,Enemy2,2,2,M,28,5,7,6,6,7,7,7,5,6,5,NA,5,8,don't know,1,2,1,2,2,1,1,2,1,1,2,1,2,3,4,4,4,1,1,2,2,1,2,2,2,3,M,NA,NA,NA,NA,NA,NA,NA,NA,NA,NA,NA,NA,NA,NA,NA,NA,NA,NA,NA,NA,NA,NA,NA,NA,NA,NA,NA,NA,1,NA,C8,-0.762841465,0.792507512,-0.509672105,2.0930840196293183,-2.598292954,7,6,-0.571172707,1.5,0
1953,C0828,8,C,8C,Muslim,Enemies,Enemy3,2,8,M,28,5,7,6,6,7,7,7,5,6,5,NA,5,8,don't know,1,2,1,2,2,1,1,2,1,1,2,1,2,3,4,4,4,1,1,2,2,1,2,2,2,3,M,Hindu,4,1,3,1,1,1,3,1,5,2,3,4,4,2,1,1,1,1,1,2,1,3,1,7,6,6,6,1,0,C8,-0.762841465,0.792507512,-0.509672105,2.0930840196293183,-2.598292954,7,6,-0.571172707,1.5,0
1954,C0828,8,C,8C,Muslim,Enemies,Enemy4,2,9,M,28,5,7,6,6,7,7,7,5,6,5,NA,5,8,don't know,1,2,1,2,2,1,1,2,1,1,2,1,2,3,4,4,4,1,1,2,2,1,2,2,2,3,M,Hindu,2,1,2,1,2,1,3,2,4,1,2,4,4,4,2,1,1,3,1,1,1,4,3,7,1,7,4,1,0,C8,-0.762841465,0.792507512,-0.509672105,2.0930840196293183,-2.598292954,7,6,-0.571172707,1.5,0
1955,C0828,8,C,8C,Muslim,Enemies,Enemy5,2,20,M,28,5,7,6,6,7,7,7,5,6,5,NA,5,8,don't know,1,2,1,2,2,1,1,2,1,1,2,1,2,3,4,4,4,1,1,2,2,1,2,2,2,3,M,Hindu,4,1,1,2,4,1,3,4,5,4,3,4,4,4,1,1,1,3,1,5,3,4,5,6,4,7,7,1,0,C8,-0.762841465,0.792507512,-0.509672105,2.0930840196293183,-2.598292954,7,6,-0.571172707,1.5,0
1956,C0828,8,C,8C,Muslim,Enemies,Enemy6,2,21,M,28,5,7,6,6,7,7,7,5,6,5,NA,5,8,don't know,1,2,1,2,2,1,1,2,1,1,2,1,2,3,4,4,4,1,1,2,2,1,2,2,2,3,M,Hindu,1,1,1,1,1,1,4,2,1,1,1,4,4,4,5,1,1,4,1,1,1,4,2,7,6,7,6,1,0,C8,-0.762841465,0.792507512,-0.509672105,2.0930840196293183,-2.598292954,7,6,-0.571172707,1.5,0
1957,C0828,8,C,8C,Muslim,Enemies,Enemy7,2,29,M,28,5,7,6,6,7,7,7,5,6,5,NA,5,8,don't know,1,2,1,2,2,1,1,2,1,1,2,1,2,3,4,4,4,1,1,2,2,1,2,2,2,3,M,Hindu,1,1,2,2,1,1,4,1,3,2,1,7,5,6,1,1,2,1,2,2,1,1,4,7,6,7,5,1,0,C8,-0.762841465,0.792507512,-0.509672105,2.0930840196293183,-2.598292954,7,6,-0.571172707,1.5,0
1958,C0831,8,C,8C,Muslim,Enemies,Enemy1,2,7,M,31,4,6,4,5,1,7,7,4,3,4,6,4,6,NA,1,1,2,1,2,1,2,2,4,2,2,2,2,1,4,1,6,3,1,1,2,1,1,1,5,2,M,Hindu,2,3,2,1,2,1,4,1,1,3,1,3,2,2,1,1,1,1,1,2,1,5,3,7,6,7,5,1,0,C8,-0.762841465,0.792507512,-0.509672105,2.0930840196293183,-2.598292954,6,4,-0.132628239,1.5,6
1959,C0831,8,C,8C,Muslim,Enemies,Enemy2,2,11,M,31,4,6,4,5,1,7,7,4,3,4,6,4,6,NA,1,1,2,1,2,1,2,2,4,2,2,2,2,1,4,1,6,3,1,1,2,1,1,1,5,2,M,Hindu,3,1,2,2,2,1,2,1,3,2,2,4,3,3,1,1,1,1,1,2,1,4,3,6,5,6,6,1,0,C8,-0.762841465,0.792507512,-0.509672105,2.0930840196293183,-2.598292954,6,4,-0.132628239,1.5,6
1960,C0831,8,C,8C,Muslim,Enemies,Enemy3,2,13,M,31,4,6,4,5,1,7,7,4,3,4,6,4,6,NA,1,1,2,1,2,1,2,2,4,2,2,2,2,1,4,1,6,3,1,1,2,1,1,1,5,2,M,Muslim,1,1,2,2,1,1,4,1,1,1,1,4,4,4,5,5,4,3,5,4,5,4,4,NA,5,4,7,1,1,C8,-0.762841465,0.792507512,-0.509672105,2.0930840196293183,-2.598292954,6,4,-0.132628239,1.5,6
1961,C0831,8,C,8C,Muslim,Enemies,Enemy4,2,16,M,31,4,6,4,5,1,7,7,4,3,4,6,4,6,NA,1,1,2,1,2,1,2,2,4,2,2,2,2,1,4,1,6,3,1,1,2,1,1,1,5,2,M,NA,NA,NA,NA,NA,NA,NA,NA,NA,NA,NA,NA,NA,NA,NA,NA,NA,NA,NA,NA,NA,NA,NA,NA,NA,NA,NA,NA,1,NA,C8,-0.762841465,0.792507512,-0.509672105,2.0930840196293183,-2.598292954,6,4,-0.132628239,1.5,6
1962,C0831,8,C,8C,Muslim,Enemies,Enemy5,2,20,M,31,4,6,4,5,1,7,7,4,3,4,6,4,6,NA,1,1,2,1,2,1,2,2,4,2,2,2,2,1,4,1,6,3,1,1,2,1,1,1,5,2,M,Hindu,4,1,1,2,4,1,3,4,5,4,3,4,4,4,1,1,1,3,1,5,3,4,5,6,4,7,7,1,0,C8,-0.762841465,0.792507512,-0.509672105,2.0930840196293183,-2.598292954,6,4,-0.132628239,1.5,6
1963,C0831,8,C,8C,Muslim,Enemies,Enemy6,2,24,M,31,4,6,4,5,1,7,7,4,3,4,6,4,6,NA,1,1,2,1,2,1,2,2,4,2,2,2,2,1,4,1,6,3,1,1,2,1,1,1,5,2,M,NA,NA,NA,NA,NA,NA,NA,NA,NA,NA,NA,NA,NA,NA,NA,NA,NA,NA,NA,NA,NA,NA,NA,NA,NA,NA,NA,NA,1,NA,C8,-0.762841465,0.792507512,-0.509672105,2.0930840196293183,-2.598292954,6,4,-0.132628239,1.5,6
1964,C0831,8,C,8C,Muslim,Enemies,Enemy7,2,29,M,31,4,6,4,5,1,7,7,4,3,4,6,4,6,NA,1,1,2,1,2,1,2,2,4,2,2,2,2,1,4,1,6,3,1,1,2,1,1,1,5,2,M,Hindu,1,1,2,2,1,1,4,1,3,2,1,7,5,6,1,1,2,1,2,2,1,1,4,7,6,7,5,1,0,C8,-0.762841465,0.792507512,-0.509672105,2.0930840196293183,-2.598292954,6,4,-0.132628239,1.5,6
1965,C0834,8,C,8C,Muslim,Enemies,Enemy1,2,4,M,34,1,6,4,7,1,7,7,4,3,4,2,3,6,NA,1,2,2,1,1,1,2,2,4,2,1,1,2,1,4,1,4,3,1,1,2,2,1,2,1,2,M,Muslim,1,1,1,1,3,1,2,1,1,2,1,4,2,2,1,1,2,2,1,2,1,4,3,6,5,7,7,1,1,C8,-0.762841465,0.792507512,-0.509672105,2.0930840196293183,-2.598292954,6,4,-0.132628239,1.5,6
1966,C0834,8,C,8C,Muslim,Enemies,Enemy2,2,6,M,34,1,6,4,7,1,7,7,4,3,4,2,3,6,NA,1,2,2,1,1,1,2,2,4,2,1,1,2,1,4,1,4,3,1,1,2,2,1,2,1,2,M,Hindu,1,1,1,1,2,1,4,1,3,2,1,7,7,6,3,2,1,2,1,1,1,5,3,6,5,7,4,1,0,C8,-0.762841465,0.792507512,-0.509672105,2.0930840196293183,-2.598292954,6,4,-0.132628239,1.5,6
1967,C0834,8,C,8C,Muslim,Enemies,Enemy3,2,7,M,34,1,6,4,7,1,7,7,4,3,4,2,3,6,NA,1,2,2,1,1,1,2,2,4,2,1,1,2,1,4,1,4,3,1,1,2,2,1,2,1,2,M,Hindu,2,3,2,1,2,1,4,1,1,3,1,3,2,2,1,1,1,1,1,2,1,5,3,7,6,7,5,1,0,C8,-0.762841465,0.792507512,-0.509672105,2.0930840196293183,-2.598292954,6,4,-0.132628239,1.5,6
1968,C0834,8,C,8C,Muslim,Enemies,Enemy4,2,11,M,34,1,6,4,7,1,7,7,4,3,4,2,3,6,NA,1,2,2,1,1,1,2,2,4,2,1,1,2,1,4,1,4,3,1,1,2,2,1,2,1,2,M,Hindu,3,1,2,2,2,1,2,1,3,2,2,4,3,3,1,1,1,1,1,2,1,4,3,6,5,6,6,1,0,C8,-0.762841465,0.792507512,-0.509672105,2.0930840196293183,-2.598292954,6,4,-0.132628239,1.5,6
1969,C0834,8,C,8C,Muslim,Enemies,Enemy5,2,20,M,34,1,6,4,7,1,7,7,4,3,4,2,3,6,NA,1,2,2,1,1,1,2,2,4,2,1,1,2,1,4,1,4,3,1,1,2,2,1,2,1,2,M,Hindu,4,1,1,2,4,1,3,4,5,4,3,4,4,4,1,1,1,3,1,5,3,4,5,6,4,7,7,1,0,C8,-0.762841465,0.792507512,-0.509672105,2.0930840196293183,-2.598292954,6,4,-0.132628239,1.5,6
1970,C0834,8,C,8C,Muslim,Enemies,Enemy6,2,29,M,34,1,6,4,7,1,7,7,4,3,4,2,3,6,NA,1,2,2,1,1,1,2,2,4,2,1,1,2,1,4,1,4,3,1,1,2,2,1,2,1,2,M,Hindu,1,1,2,2,1,1,4,1,3,2,1,7,5,6,1,1,2,1,2,2,1,1,4,7,6,7,5,1,0,C8,-0.762841465,0.792507512,-0.509672105,2.0930840196293183,-2.598292954,6,4,-0.132628239,1.5,6
1971,C0834,8,C,8C,Muslim,Enemies,Enemy7,2,38,M,34,1,6,4,7,1,7,7,4,3,4,2,3,6,NA,1,2,2,1,1,1,2,2,4,2,1,1,2,1,4,1,4,3,1,1,2,2,1,2,1,2,M,Hindu,4,2,3,1,4,1,3,2,5,3,3,4,4,4,1,1,1,1,1,2,1,3,1,6,6,6,6,1,0,C8,-0.762841465,0.792507512,-0.509672105,2.0930840196293183,-2.598292954,6,4,-0.132628239,1.5,6
1972,C0836,8,C,8C,Hindu,Enemies,Enemy1,2,8,M,36,3,7,3,4,6,6,6,7,5,6,5,5,8,NA,1,3,1,1,1,2,1,2,4,1,4,3,1,2,6,4,4,2,1,1,3,1,2,1,5,5,M,Hindu,4,1,3,1,1,1,3,1,5,2,3,4,4,2,1,1,1,1,1,2,1,3,1,7,6,6,6,1,1,C8,-0.762841465,0.792507512,-0.509672105,2.0930840196293183,-2.598292954,7,3,0.7444606977058776,1.5,0
1973,C0836,8,C,8C,Hindu,Enemies,Enemy2,2,15,M,36,3,7,3,4,6,6,6,7,5,6,5,5,8,NA,1,3,1,1,1,2,1,2,4,1,4,3,1,2,6,4,4,2,1,1,3,1,2,1,5,5,M,NA,NA,NA,NA,NA,NA,NA,NA,NA,NA,NA,NA,NA,NA,NA,NA,NA,NA,NA,NA,NA,NA,NA,NA,NA,NA,NA,NA,1,NA,C8,-0.762841465,0.792507512,-0.509672105,2.0930840196293183,-2.598292954,7,3,0.7444606977058776,1.5,0
1974,C0836,8,C,8C,Hindu,Enemies,Enemy3,2,17,M,36,3,7,3,4,6,6,6,7,5,6,5,5,8,NA,1,3,1,1,1,2,1,2,4,1,4,3,1,2,6,4,4,2,1,1,3,1,2,1,5,5,M,Muslim,1,2,3,1,2,1,4,3,1,1,1,4,3,7,3,2,1,2,1,2,3,4,1,7,1,3,7,1,0,C8,-0.762841465,0.792507512,-0.509672105,2.0930840196293183,-2.598292954,7,3,0.7444606977058776,1.5,0
1975,C0838,8,C,8C,Hindu,Enemies,Enemy1,2,1,M,38,6,6,6,7,6,6,6,6,6,7,6,4,4,Shudra,1,4,2,3,1,4,1,NA,3,2,5,3,1,3,4,4,4,1,1,1,1,1,2,1,3,1,M,Muslim,1,2,1,1,2,1,4,1,1,1,1,5,4,4,1,1,1,1,2,3,1,5,4,7,7,4,7,1,0,C8,-0.762841465,0.792507512,-0.509672105,2.0930840196293183,-2.598292954,6,6,-1.009717175,1.5,0
1976,C0838,8,C,8C,Hindu,Enemies,Enemy2,2,17,M,38,6,6,6,7,6,6,6,6,6,7,6,4,4,Shudra,1,4,2,3,1,4,1,NA,3,2,5,3,1,3,4,4,4,1,1,1,1,1,2,1,3,1,M,Muslim,1,2,3,1,2,1,4,3,1,1,1,4,3,7,3,2,1,2,1,2,3,4,1,7,1,3,7,1,0,C8,-0.762841465,0.792507512,-0.509672105,2.0930840196293183,-2.598292954,6,6,-1.009717175,1.5,0
1977,C0838,8,C,8C,Hindu,Enemies,Enemy3,2,23,M,38,6,6,6,7,6,6,6,6,6,7,6,4,4,Shudra,1,4,2,3,1,4,1,NA,3,2,5,3,1,3,4,4,4,1,1,1,1,1,2,1,3,1,M,NA,NA,NA,NA,NA,NA,NA,NA,NA,NA,NA,NA,NA,NA,NA,NA,NA,NA,NA,NA,NA,NA,NA,NA,NA,NA,NA,NA,1,NA,C8,-0.762841465,0.792507512,-0.509672105,2.0930840196293183,-2.598292954,6,6,-1.009717175,1.5,0
1978,C0838,8,C,8C,Hindu,Enemies,Enemy4,2,25,M,38,6,6,6,7,6,6,6,6,6,7,6,4,4,Shudra,1,4,2,3,1,4,1,NA,3,2,5,3,1,3,4,4,4,1,1,1,1,1,2,1,3,1,M,NA,NA,NA,NA,NA,NA,NA,NA,NA,NA,NA,NA,NA,NA,NA,NA,NA,NA,NA,NA,NA,NA,NA,NA,NA,NA,NA,NA,1,NA,C8,-0.762841465,0.792507512,-0.509672105,2.0930840196293183,-2.598292954,6,6,-1.009717175,1.5,0
1979,C0838,8,C,8C,Hindu,Enemies,Enemy5,2,28,M,38,6,6,6,7,6,6,6,6,6,7,6,4,4,Shudra,1,4,2,3,1,4,1,NA,3,2,5,3,1,3,4,4,4,1,1,1,1,1,2,1,3,1,M,Muslim,2,1,2,2,1,1,1,1,2,1,3,4,4,4,1,1,2,2,1,2,2,2,3,7,6,7,7,1,0,C8,-0.762841465,0.792507512,-0.509672105,2.0930840196293183,-2.598292954,6,6,-1.009717175,1.5,0
1980,C0838,8,C,8C,Hindu,Enemies,Enemy6,2,33,M,38,6,6,6,7,6,6,6,6,6,7,6,4,4,Shudra,1,4,2,3,1,4,1,NA,3,2,5,3,1,3,4,4,4,1,1,1,1,1,2,1,3,1,M,NA,NA,NA,NA,NA,NA,NA,NA,NA,NA,NA,NA,NA,NA,NA,NA,NA,NA,NA,NA,NA,NA,NA,NA,NA,NA,NA,NA,1,NA,C8,-0.762841465,0.792507512,-0.509672105,2.0930840196293183,-2.598292954,6,6,-1.009717175,1.5,0
1981,C0838,8,C,8C,Hindu,Enemies,Enemy7,2,34,M,38,6,6,6,7,6,6,6,6,6,7,6,4,4,Shudra,1,4,2,3,1,4,1,NA,3,2,5,3,1,3,4,4,4,1,1,1,1,1,2,1,3,1,M,Muslim,2,2,1,1,1,2,4,2,1,1,1,4,1,4,3,1,1,2,2,1,2,1,2,6,4,1,7,1,0,C8,-0.762841465,0.792507512,-0.509672105,2.0930840196293183,-2.598292954,6,6,-1.009717175,1.5,0
1982,C0839,8,C,8C,Hindu,Enemies,Enemy1,2,35,M,39,6,7,6,7,7,7,6,5,7,6,6,5,4,Shudra,1,1,1,1,1,2,1,1,3,1,1,2,1,3,4,6,7,1,1,1,1,1,2,1,2,3,M,NA,NA,NA,NA,NA,NA,NA,NA,NA,NA,NA,NA,NA,NA,NA,NA,NA,NA,NA,NA,NA,NA,NA,NA,NA,NA,NA,NA,1,NA,C8,-0.762841465,0.792507512,-0.509672105,2.0930840196293183,-2.598292954,7,6,-0.571172707,1.5,0
1983,C0839,8,C,8C,Hindu,Enemies,Enemy2,2,36,M,39,6,7,6,7,7,7,6,5,7,6,6,5,4,Shudra,1,1,1,1,1,2,1,1,3,1,1,2,1,3,4,6,7,1,1,1,1,1,2,1,2,3,M,Hindu,3,1,1,1,2,1,4,1,4,3,2,6,4,4,2,1,1,3,1,2,1,5,5,7,3,6,6,1,1,C8,-0.762841465,0.792507512,-0.509672105,2.0930840196293183,-2.598292954,7,6,-0.571172707,1.5,0
1984,C0839,8,C,8C,Hindu,Enemies,Enemy3,2,63,M,39,6,7,6,7,7,7,6,5,7,6,6,5,4,Shudra,1,1,1,1,1,2,1,1,3,1,1,2,1,3,4,6,7,1,1,1,1,1,2,1,2,3,F,Hindu,1,1,2,1,1,1,4,1,4,2,2,4,4,4,1,1,1,1,1,2,1,4,2,6,6,7,7,0,1,C8,-0.762841465,0.792507512,-0.509672105,2.0930840196293183,-2.598292954,7,6,-0.571172707,1.5,0
1985,C0840,8,C,8C,Hindu,Enemies,Enemy1,2,27,M,40,3,7,6,6,7,7,7,6,6,6,6,5,8,don't know,1,1,1,2,1,1,1,1,3,1,3,2,1,3,4,6,4,1,1,1,1,1,2,1,4,3,M,Muslim,1,1,2,1,1,1,4,1,1,1,1,4,3,6,1,1,1,2,1,3,1,5,3,7,6,6,7,1,0,C8,-0.762841465,0.792507512,-0.509672105,2.0930840196293183,-2.598292954,7,6,-0.571172707,1.5,0
1986,C0840,8,C,8C,Hindu,Enemies,Enemy2,2,36,M,40,3,7,6,6,7,7,7,6,6,6,6,5,8,don't know,1,1,1,2,1,1,1,1,3,1,3,2,1,3,4,6,4,1,1,1,1,1,2,1,4,3,M,Hindu,3,1,1,1,2,1,4,1,4,3,2,6,4,4,2,1,1,3,1,2,1,5,5,7,3,6,6,1,1,C8,-0.762841465,0.792507512,-0.509672105,2.0930840196293183,-2.598292954,7,6,-0.571172707,1.5,0
1987,C0840,8,C,8C,Hindu,Enemies,Enemy3,2,71,M,40,3,7,6,6,7,7,7,6,6,6,6,5,8,don't know,1,1,1,2,1,1,1,1,3,1,3,2,1,3,4,6,4,1,1,1,1,1,2,1,4,3,F,NA,NA,NA,NA,NA,NA,NA,NA,NA,NA,NA,NA,NA,NA,NA,NA,NA,NA,NA,NA,NA,NA,NA,NA,NA,NA,NA,NA,0,NA,C8,-0.762841465,0.792507512,-0.509672105,2.0930840196293183,-2.598292954,7,6,-0.571172707,1.5,0
1988,C0841,8,C,8C,Hindu,Enemies,Enemy1,2,8,F,41,4,6,7,6,7,5,7,7,6,7,6,6,1,Brahmin,2,1,1,1,2,1,2,2,3,1,5,2,1,1,3,3,2,1,1,1,1,1,2,2,4,3,M,Hindu,4,1,3,1,1,1,3,1,5,2,3,4,4,2,1,1,1,1,1,2,1,3,1,7,6,6,6,0,1,C8,-0.762841465,0.792507512,-0.509672105,2.0930840196293183,-2.598292954,7,6,-0.571172707,1.5,2
1989,C0841,8,C,8C,Hindu,Enemies,Enemy2,2,13,F,41,4,6,7,6,7,5,7,7,6,7,6,6,1,Brahmin,2,1,1,1,2,1,2,2,3,1,5,2,1,1,3,3,2,1,1,1,1,1,2,2,4,3,M,Muslim,1,1,2,2,1,1,4,1,1,1,1,4,4,4,5,5,4,3,5,4,5,4,4,NA,5,4,7,0,0,C8,-0.762841465,0.792507512,-0.509672105,2.0930840196293183,-2.598292954,7,6,-0.571172707,1.5,2
1990,C0841,8,C,8C,Hindu,Enemies,Enemy3,2,17,F,41,4,6,7,6,7,5,7,7,6,7,6,6,1,Brahmin,2,1,1,1,2,1,2,2,3,1,5,2,1,1,3,3,2,1,1,1,1,1,2,2,4,3,M,Muslim,1,2,3,1,2,1,4,3,1,1,1,4,3,7,3,2,1,2,1,2,3,4,1,7,1,3,7,0,0,C8,-0.762841465,0.792507512,-0.509672105,2.0930840196293183,-2.598292954,7,6,-0.571172707,1.5,2
1991,C0841,8,C,8C,Hindu,Enemies,Enemy4,2,28,F,41,4,6,7,6,7,5,7,7,6,7,6,6,1,Brahmin,2,1,1,1,2,1,2,2,3,1,5,2,1,1,3,3,2,1,1,1,1,1,2,2,4,3,M,Muslim,2,1,2,2,1,1,1,1,2,1,3,4,4,4,1,1,2,2,1,2,2,2,3,7,6,7,7,0,0,C8,-0.762841465,0.792507512,-0.509672105,2.0930840196293183,-2.598292954,7,6,-0.571172707,1.5,2
1992,C0841,8,C,8C,Hindu,Enemies,Enemy5,2,48,F,41,4,6,7,6,7,5,7,7,6,7,6,6,1,Brahmin,2,1,1,1,2,1,2,2,3,1,5,2,1,1,3,3,2,1,1,1,1,1,2,2,4,3,F,NA,NA,NA,NA,NA,NA,NA,NA,NA,NA,NA,NA,NA,NA,NA,NA,NA,NA,NA,NA,NA,NA,NA,NA,NA,NA,NA,NA,1,NA,C8,-0.762841465,0.792507512,-0.509672105,2.0930840196293183,-2.598292954,7,6,-0.571172707,1.5,2
1993,C0841,8,C,8C,Hindu,Enemies,Enemy6,2,66,F,41,4,6,7,6,7,5,7,7,6,7,6,6,1,Brahmin,2,1,1,1,2,1,2,2,3,1,5,2,1,1,3,3,2,1,1,1,1,1,2,2,4,3,F,NA,NA,NA,NA,NA,NA,NA,NA,NA,NA,NA,NA,NA,NA,NA,NA,NA,NA,NA,NA,NA,NA,NA,NA,NA,NA,NA,NA,1,NA,C8,-0.762841465,0.792507512,-0.509672105,2.0930840196293183,-2.598292954,7,6,-0.571172707,1.5,2
1994,C0842,8,C,8C,other,Enemies,Enemy1,2,44,F,42,1,4,7,3,5,4,6,7,2,4,4,3,NA,Bohra,2,1,1,3,2,2,1,1,1,3,3,3,NA,1,4,1,2,1,1,2,1,3,2,1,5,1,F,Hindu,1,3,2,1,1,1,4,1,5,2,1,4,2,2,2,1,1,3,1,1,2,5,3,4,7,6,6,1,0,C8,-0.762841465,0.792507512,-0.509672105,2.0930840196293183,-2.598292954,7,4,0.30591622948642044,1.5,-1
1995,C0842,8,C,8C,other,Enemies,Enemy2,2,45,F,42,1,4,7,3,5,4,6,7,2,4,4,3,NA,Bohra,2,1,1,3,2,2,1,1,1,3,3,3,NA,1,4,1,2,1,1,2,1,3,2,1,5,1,F,Hindu,4,1,2,3,2,1,4,1,5,2,1,4,4,4,1,1,1,3,1,2,1,3,3,4,7,7,6,1,0,C8,-0.762841465,0.792507512,-0.509672105,2.0930840196293183,-2.598292954,7,4,0.30591622948642044,1.5,-1
1996,C0842,8,C,8C,other,Enemies,Enemy3,2,48,F,42,1,4,7,3,5,4,6,7,2,4,4,3,NA,Bohra,2,1,1,3,2,2,1,1,1,3,3,3,NA,1,4,1,2,1,1,2,1,3,2,1,5,1,F,NA,NA,NA,NA,NA,NA,NA,NA,NA,NA,NA,NA,NA,NA,NA,NA,NA,NA,NA,NA,NA,NA,NA,NA,NA,NA,NA,NA,1,NA,C8,-0.762841465,0.792507512,-0.509672105,2.0930840196293183,-2.598292954,7,4,0.30591622948642044,1.5,-1
1997,C0842,8,C,8C,other,Enemies,Enemy4,2,53,F,42,1,4,7,3,5,4,6,7,2,4,4,3,NA,Bohra,2,1,1,3,2,2,1,1,1,3,3,3,NA,1,4,1,2,1,1,2,1,3,2,1,5,1,F,NA,NA,NA,NA,NA,NA,NA,NA,NA,NA,NA,NA,NA,NA,NA,NA,NA,NA,NA,NA,NA,NA,NA,NA,NA,NA,NA,NA,1,NA,C8,-0.762841465,0.792507512,-0.509672105,2.0930840196293183,-2.598292954,7,4,0.30591622948642044,1.5,-1
1998,C0842,8,C,8C,other,Enemies,Enemy5,2,60,F,42,1,4,7,3,5,4,6,7,2,4,4,3,NA,Bohra,2,1,1,3,2,2,1,1,1,3,3,3,NA,1,4,1,2,1,1,2,1,3,2,1,5,1,F,NA,NA,NA,NA,NA,NA,NA,NA,NA,NA,NA,NA,NA,NA,NA,NA,NA,NA,NA,NA,NA,NA,NA,NA,NA,NA,NA,NA,1,NA,C8,-0.762841465,0.792507512,-0.509672105,2.0930840196293183,-2.598292954,7,4,0.30591622948642044,1.5,-1
1999,C0842,8,C,8C,other,Enemies,Enemy6,2,68,F,42,1,4,7,3,5,4,6,7,2,4,4,3,NA,Bohra,2,1,1,3,2,2,1,1,1,3,3,3,NA,1,4,1,2,1,1,2,1,3,2,1,5,1,F,NA,NA,NA,NA,NA,NA,NA,NA,NA,NA,NA,NA,NA,NA,NA,NA,NA,NA,NA,NA,NA,NA,NA,NA,NA,NA,NA,NA,1,NA,C8,-0.762841465,0.792507512,-0.509672105,2.0930840196293183,-2.598292954,7,4,0.30591622948642044,1.5,-1
2000,C0842,8,C,8C,other,Enemies,Enemy7,2,71,F,42,1,4,7,3,5,4,6,7,2,4,4,3,NA,Bohra,2,1,1,3,2,2,1,1,1,3,3,3,NA,1,4,1,2,1,1,2,1,3,2,1,5,1,F,NA,NA,NA,NA,NA,NA,NA,NA,NA,NA,NA,NA,NA,NA,NA,NA,NA,NA,NA,NA,NA,NA,NA,NA,NA,NA,NA,NA,1,NA,C8,-0.762841465,0.792507512,-0.509672105,2.0930840196293183,-2.598292954,7,4,0.30591622948642044,1.5,-1
2001,C0843,8,C,8C,Muslim,Enemies,Enemy1,2,49,F,43,4,6,7,6,6,7,7,7,6,6,6,5,NA,Mehedviya/Sunni,2,1,2,1,1,1,1,2,3,1,2,5,2,1,4,3,3,2,1,1,3,1,1,1,5,3,F,NA,NA,NA,NA,NA,NA,NA,NA,NA,NA,NA,NA,NA,NA,NA,NA,NA,NA,NA,NA,NA,NA,NA,NA,NA,NA,NA,NA,1,NA,C8,-0.762841465,0.792507512,-0.509672105,2.0930840196293183,-2.598292954,7,6,-0.571172707,1.5,1
2002,C0843,8,C,8C,Muslim,Enemies,Enemy2,2,57,F,43,4,6,7,6,6,7,7,7,6,6,6,5,NA,Mehedviya/Sunni,2,1,2,1,1,1,1,2,3,1,2,5,2,1,4,3,3,2,1,1,3,1,1,1,5,3,F,Hindu,2,1,1,1,1,2,2,2,5,2,2,4,4,4,5,1,1,3,1,1,1,5,5,1,7,7,5,1,0,C8,-0.762841465,0.792507512,-0.509672105,2.0930840196293183,-2.598292954,7,6,-0.571172707,1.5,1
2003,C0843,8,C,8C,Muslim,Enemies,Enemy3,2,60,F,43,4,6,7,6,6,7,7,7,6,6,6,5,NA,Mehedviya/Sunni,2,1,2,1,1,1,1,2,3,1,2,5,2,1,4,3,3,2,1,1,3,1,1,1,5,3,F,NA,NA,NA,NA,NA,NA,NA,NA,NA,NA,NA,NA,NA,NA,NA,NA,NA,NA,NA,NA,NA,NA,NA,NA,NA,NA,NA,NA,1,NA,C8,-0.762841465,0.792507512,-0.509672105,2.0930840196293183,-2.598292954,7,6,-0.571172707,1.5,1
2004,C0843,8,C,8C,Muslim,Enemies,Enemy4,2,62,F,43,4,6,7,6,6,7,7,7,6,6,6,5,NA,Mehedviya/Sunni,2,1,2,1,1,1,1,2,3,1,2,5,2,1,4,3,3,2,1,1,3,1,1,1,5,3,F,Muslim,2,4,3,1,2,2,4,1,1,5,2,4,2,2,5,3,3,3,5,2,1,5,1,3,6,4,7,1,1,C8,-0.762841465,0.792507512,-0.509672105,2.0930840196293183,-2.598292954,7,6,-0.571172707,1.5,1
2005,C0843,8,C,8C,Muslim,Enemies,Enemy5,2,70,F,43,4,6,7,6,6,7,7,7,6,6,6,5,NA,Mehedviya/Sunni,2,1,2,1,1,1,1,2,3,1,2,5,2,1,4,3,3,2,1,1,3,1,1,1,5,3,F,Hindu,1,2,1,1,1,1,4,1,3,1,1,4,4,4,2,3,3,1,2,1,1,5,3,6,7,7,4,1,0,C8,-0.762841465,0.792507512,-0.509672105,2.0930840196293183,-2.598292954,7,6,-0.571172707,1.5,1
2006,C0843,8,C,8C,Muslim,Enemies,Enemy6,2,71,F,43,4,6,7,6,6,7,7,7,6,6,6,5,NA,Mehedviya/Sunni,2,1,2,1,1,1,1,2,3,1,2,5,2,1,4,3,3,2,1,1,3,1,1,1,5,3,F,NA,NA,NA,NA,NA,NA,NA,NA,NA,NA,NA,NA,NA,NA,NA,NA,NA,NA,NA,NA,NA,NA,NA,NA,NA,NA,NA,NA,1,NA,C8,-0.762841465,0.792507512,-0.509672105,2.0930840196293183,-2.598292954,7,6,-0.571172707,1.5,1
2007,C0843,8,C,8C,Muslim,Enemies,Enemy7,2,73,F,43,4,6,7,6,6,7,7,7,6,6,6,5,NA,Mehedviya/Sunni,2,1,2,1,1,1,1,2,3,1,2,5,2,1,4,3,3,2,1,1,3,1,1,1,5,3,F,NA,NA,NA,NA,NA,NA,NA,NA,NA,NA,NA,NA,NA,NA,NA,NA,NA,NA,NA,NA,NA,NA,NA,NA,NA,NA,NA,NA,1,NA,C8,-0.762841465,0.792507512,-0.509672105,2.0930840196293183,-2.598292954,7,6,-0.571172707,1.5,1
2008,C0844,8,C,8C,Hindu,Enemies,Enemy1,2,49,F,44,4,4,7,6,6,6,7,7,6,6,4,5,8,NA,2,1,3,2,1,1,1,1,4,1,5,2,1,1,4,2,2,2,1,1,3,1,1,2,5,3,F,NA,NA,NA,NA,NA,NA,NA,NA,NA,NA,NA,NA,NA,NA,NA,NA,NA,NA,NA,NA,NA,NA,NA,NA,NA,NA,NA,NA,1,NA,C8,-0.762841465,0.792507512,-0.509672105,2.0930840196293183,-2.598292954,7,4,0.30591622948642044,1.5,0
2009,C0844,8,C,8C,Hindu,Enemies,Enemy2,2,57,F,44,4,4,7,6,6,6,7,7,6,6,4,5,8,NA,2,1,3,2,1,1,1,1,4,1,5,2,1,1,4,2,2,2,1,1,3,1,1,2,5,3,F,Hindu,2,1,1,1,1,2,2,2,5,2,2,4,4,4,5,1,1,3,1,1,1,5,5,1,7,7,5,1,1,C8,-0.762841465,0.792507512,-0.509672105,2.0930840196293183,-2.598292954,7,4,0.30591622948642044,1.5,0
2010,C0844,8,C,8C,Hindu,Enemies,Enemy3,2,70,F,44,4,4,7,6,6,6,7,7,6,6,4,5,8,NA,2,1,3,2,1,1,1,1,4,1,5,2,1,1,4,2,2,2,1,1,3,1,1,2,5,3,F,Hindu,1,2,1,1,1,1,4,1,3,1,1,4,4,4,2,3,3,1,2,1,1,5,3,6,7,7,4,1,1,C8,-0.762841465,0.792507512,-0.509672105,2.0930840196293183,-2.598292954,7,4,0.30591622948642044,1.5,0
2011,C0844,8,C,8C,Hindu,Enemies,Enemy4,2,71,F,44,4,4,7,6,6,6,7,7,6,6,4,5,8,NA,2,1,3,2,1,1,1,1,4,1,5,2,1,1,4,2,2,2,1,1,3,1,1,2,5,3,F,NA,NA,NA,NA,NA,NA,NA,NA,NA,NA,NA,NA,NA,NA,NA,NA,NA,NA,NA,NA,NA,NA,NA,NA,NA,NA,NA,NA,1,NA,C8,-0.762841465,0.792507512,-0.509672105,2.0930840196293183,-2.598292954,7,4,0.30591622948642044,1.5,0
2012,C0844,8,C,8C,Hindu,Enemies,Enemy5,2,72,F,44,4,4,7,6,6,6,7,7,6,6,4,5,8,NA,2,1,3,2,1,1,1,1,4,1,5,2,1,1,4,2,2,2,1,1,3,1,1,2,5,3,F,Muslim,2,1,2,1,2,1,3,1,2,2,1,4,4,4,2,1,1,2,2,1,1,3,3,4,7,6,7,1,0,C8,-0.762841465,0.792507512,-0.509672105,2.0930840196293183,-2.598292954,7,4,0.30591622948642044,1.5,0
2013,C0844,8,C,8C,Hindu,Enemies,Enemy6,2,73,F,44,4,4,7,6,6,6,7,7,6,6,4,5,8,NA,2,1,3,2,1,1,1,1,4,1,5,2,1,1,4,2,2,2,1,1,3,1,1,2,5,3,F,NA,NA,NA,NA,NA,NA,NA,NA,NA,NA,NA,NA,NA,NA,NA,NA,NA,NA,NA,NA,NA,NA,NA,NA,NA,NA,NA,NA,1,NA,C8,-0.762841465,0.792507512,-0.509672105,2.0930840196293183,-2.598292954,7,4,0.30591622948642044,1.5,0
2014,C0845,8,C,8C,Hindu,Enemies,Enemy1,2,41,F,45,4,4,7,5,7,6,7,7,4,4,6,6,8,NA,2,4,1,2,3,2,1,1,4,1,5,2,1,1,4,4,4,1,1,1,3,1,2,1,3,3,F,Hindu,1,1,1,2,1,2,3,1,5,2,1,3,3,2,1,1,1,1,1,2,2,4,3,6,7,7,5,1,1,C8,-0.762841465,0.792507512,-0.509672105,2.0930840196293183,-2.598292954,7,4,0.30591622948642044,1.5,1
2015,C0845,8,C,8C,Hindu,Enemies,Enemy2,2,46,F,45,4,4,7,5,7,6,7,7,4,4,6,6,8,NA,2,4,1,2,3,2,1,1,4,1,5,2,1,1,4,4,4,1,1,1,3,1,2,1,3,3,F,NA,NA,NA,NA,NA,NA,NA,NA,NA,NA,NA,NA,NA,NA,NA,NA,NA,NA,NA,NA,NA,NA,NA,NA,NA,NA,NA,NA,1,NA,C8,-0.762841465,0.792507512,-0.509672105,2.0930840196293183,-2.598292954,7,4,0.30591622948642044,1.5,1
2016,C0845,8,C,8C,Hindu,Enemies,Enemy3,2,60,F,45,4,4,7,5,7,6,7,7,4,4,6,6,8,NA,2,4,1,2,3,2,1,1,4,1,5,2,1,1,4,4,4,1,1,1,3,1,2,1,3,3,F,NA,NA,NA,NA,NA,NA,NA,NA,NA,NA,NA,NA,NA,NA,NA,NA,NA,NA,NA,NA,NA,NA,NA,NA,NA,NA,NA,NA,1,NA,C8,-0.762841465,0.792507512,-0.509672105,2.0930840196293183,-2.598292954,7,4,0.30591622948642044,1.5,1
2017,C0845,8,C,8C,Hindu,Enemies,Enemy4,2,64,F,45,4,4,7,5,7,6,7,7,4,4,6,6,8,NA,2,4,1,2,3,2,1,1,4,1,5,2,1,1,4,4,4,1,1,1,3,1,2,1,3,3,F,Hindu,1,2,1,3,1,1,4,1,4,3,2,4,4,4,1,1,1,1,1,2,2,3,3,2,7,7,5,1,1,C8,-0.762841465,0.792507512,-0.509672105,2.0930840196293183,-2.598292954,7,4,0.30591622948642044,1.5,1
2018,C0845,8,C,8C,Hindu,Enemies,Enemy5,2,69,F,45,4,4,7,5,7,6,7,7,4,4,6,6,8,NA,2,4,1,2,3,2,1,1,4,1,5,2,1,1,4,4,4,1,1,1,3,1,2,1,3,3,F,Hindu,1,1,2,2,1,2,3,1,4,3,1,4,3,3,1,1,1,1,1,2,1,5,3,6,7,7,5,1,1,C8,-0.762841465,0.792507512,-0.509672105,2.0930840196293183,-2.598292954,7,4,0.30591622948642044,1.5,1
2019,C0845,8,C,8C,Hindu,Enemies,Enemy6,2,70,F,45,4,4,7,5,7,6,7,7,4,4,6,6,8,NA,2,4,1,2,3,2,1,1,4,1,5,2,1,1,4,4,4,1,1,1,3,1,2,1,3,3,F,Hindu,1,2,1,1,1,1,4,1,3,1,1,4,4,4,2,3,3,1,2,1,1,5,3,6,7,7,4,1,1,C8,-0.762841465,0.792507512,-0.509672105,2.0930840196293183,-2.598292954,7,4,0.30591622948642044,1.5,1
2020,C0845,8,C,8C,Hindu,Enemies,Enemy7,2,71,F,45,4,4,7,5,7,6,7,7,4,4,6,6,8,NA,2,4,1,2,3,2,1,1,4,1,5,2,1,1,4,4,4,1,1,1,3,1,2,1,3,3,F,NA,NA,NA,NA,NA,NA,NA,NA,NA,NA,NA,NA,NA,NA,NA,NA,NA,NA,NA,NA,NA,NA,NA,NA,NA,NA,NA,NA,1,NA,C8,-0.762841465,0.792507512,-0.509672105,2.0930840196293183,-2.598292954,7,4,0.30591622948642044,1.5,1
2021,C0847,8,C,8C,Hindu,Enemies,Enemy1,2,28,F,47,6,1,7,7,7,6,7,6,6,6,7,7,1,brahmin,2,1,4,3,1,2,1,2,3,1,4,2,1,1,4,4,4,1,2,1,1,1,2,1,5,3,M,Muslim,2,1,2,2,1,1,1,1,2,1,3,4,4,4,1,1,2,2,1,2,2,2,3,7,6,7,7,0,0,C8,-0.762841465,0.792507512,-0.509672105,2.0930840196293183,-2.598292954,7,1,1.621549634144792,1.5,1
2022,C0850,8,C,8C,Muslim,Enemies,Enemy1,2,66,F,50,6,6,6,4,6,7,6,7,7,7,6,4,8,NA,2,1,1,2,1,1,1,1,4,1,1,3,2,2,4,3,4,1,1,1,1,1,2,1,3,2,F,NA,NA,NA,NA,NA,NA,NA,NA,NA,NA,NA,NA,NA,NA,NA,NA,NA,NA,NA,NA,NA,NA,NA,NA,NA,NA,NA,NA,1,NA,C8,-0.762841465,0.792507512,-0.509672105,2.0930840196293183,-2.598292954,6,6,-1.009717175,1.5,1
2023,C0850,8,C,8C,Muslim,Enemies,Enemy2,2,70,F,50,6,6,6,4,6,7,6,7,7,7,6,4,8,NA,2,1,1,2,1,1,1,1,4,1,1,3,2,2,4,3,4,1,1,1,1,1,2,1,3,2,F,Hindu,1,2,1,1,1,1,4,1,3,1,1,4,4,4,2,3,3,1,2,1,1,5,3,6,7,7,4,1,0,C8,-0.762841465,0.792507512,-0.509672105,2.0930840196293183,-2.598292954,6,6,-1.009717175,1.5,1
2024,C0851,8,C,8C,Muslim,Enemies,Enemy1,2,16,F,51,4,1,6,5,5,6,7,7,6,6,6,4,6,NA,2,2,1,2,3,1,2,2,4,1,1,5,2,1,4,4,4,5,1,1,3,1,2,1,5,2,M,NA,NA,NA,NA,NA,NA,NA,NA,NA,NA,NA,NA,NA,NA,NA,NA,NA,NA,NA,NA,NA,NA,NA,NA,NA,NA,NA,NA,0,NA,C8,-0.762841465,0.792507512,-0.509672105,2.0930840196293183,-2.598292954,6,1,1.183005165925335,1.5,1
2025,C0851,8,C,8C,Muslim,Enemies,Enemy2,2,26,F,51,4,1,6,5,5,6,7,7,6,6,6,4,6,NA,2,2,1,2,3,1,2,2,4,1,1,5,2,1,4,4,4,5,1,1,3,1,2,1,5,2,M,NA,NA,NA,NA,NA,NA,NA,NA,NA,NA,NA,NA,NA,NA,NA,NA,NA,NA,NA,NA,NA,NA,NA,NA,NA,NA,NA,NA,0,NA,C8,-0.762841465,0.792507512,-0.509672105,2.0930840196293183,-2.598292954,6,1,1.183005165925335,1.5,1
2026,C0851,8,C,8C,Muslim,Enemies,Enemy3,2,53,F,51,4,1,6,5,5,6,7,7,6,6,6,4,6,NA,2,2,1,2,3,1,2,2,4,1,1,5,2,1,4,4,4,5,1,1,3,1,2,1,5,2,F,NA,NA,NA,NA,NA,NA,NA,NA,NA,NA,NA,NA,NA,NA,NA,NA,NA,NA,NA,NA,NA,NA,NA,NA,NA,NA,NA,NA,1,NA,C8,-0.762841465,0.792507512,-0.509672105,2.0930840196293183,-2.598292954,6,1,1.183005165925335,1.5,1
2027,C0852,8,C,8C,Muslim,Enemies,Enemy1,2,47,F,52,4,5,7,5,4,7,7,6,6,6,7,5,8,NA,2,2,1,2,1,1,1,2,3,1,1,5,2,1,5,4,4,2,1,1,3,1,1,1,4,4,F,Hindu,1,4,3,1,2,1,3,1,4,2,1,4,4,4,1,2,1,1,1,2,1,5,3,1,7,7,6,1,0,C8,-0.762841465,0.792507512,-0.509672105,2.0930840196293183,-2.598292954,7,5,-0.132628239,1.5,3
2028,C0852,8,C,8C,Muslim,Enemies,Enemy2,2,49,F,52,4,5,7,5,4,7,7,6,6,6,7,5,8,NA,2,2,1,2,1,1,1,2,3,1,1,5,2,1,5,4,4,2,1,1,3,1,1,1,4,4,F,NA,NA,NA,NA,NA,NA,NA,NA,NA,NA,NA,NA,NA,NA,NA,NA,NA,NA,NA,NA,NA,NA,NA,NA,NA,NA,NA,NA,1,NA,C8,-0.762841465,0.792507512,-0.509672105,2.0930840196293183,-2.598292954,7,5,-0.132628239,1.5,3
2029,C0852,8,C,8C,Muslim,Enemies,Enemy3,2,57,F,52,4,5,7,5,4,7,7,6,6,6,7,5,8,NA,2,2,1,2,1,1,1,2,3,1,1,5,2,1,5,4,4,2,1,1,3,1,1,1,4,4,F,Hindu,2,1,1,1,1,2,2,2,5,2,2,4,4,4,5,1,1,3,1,1,1,5,5,1,7,7,5,1,0,C8,-0.762841465,0.792507512,-0.509672105,2.0930840196293183,-2.598292954,7,5,-0.132628239,1.5,3
2030,C0852,8,C,8C,Muslim,Enemies,Enemy4,2,58,F,52,4,5,7,5,4,7,7,6,6,6,7,5,8,NA,2,2,1,2,1,1,1,2,3,1,1,5,2,1,5,4,4,2,1,1,3,1,1,1,4,4,F,Hindu,1,1,2,1,1,1,3,1,2,1,1,6,4,4,2,1,1,2,1,2,1,5,5,6,7,7,7,1,0,C8,-0.762841465,0.792507512,-0.509672105,2.0930840196293183,-2.598292954,7,5,-0.132628239,1.5,3
2031,C0852,8,C,8C,Muslim,Enemies,Enemy5,2,70,F,52,4,5,7,5,4,7,7,6,6,6,7,5,8,NA,2,2,1,2,1,1,1,2,3,1,1,5,2,1,5,4,4,2,1,1,3,1,1,1,4,4,F,Hindu,1,2,1,1,1,1,4,1,3,1,1,4,4,4,2,3,3,1,2,1,1,5,3,6,7,7,4,1,0,C8,-0.762841465,0.792507512,-0.509672105,2.0930840196293183,-2.598292954,7,5,-0.132628239,1.5,3
2032,C0852,8,C,8C,Muslim,Enemies,Enemy6,2,71,F,52,4,5,7,5,4,7,7,6,6,6,7,5,8,NA,2,2,1,2,1,1,1,2,3,1,1,5,2,1,5,4,4,2,1,1,3,1,1,1,4,4,F,NA,NA,NA,NA,NA,NA,NA,NA,NA,NA,NA,NA,NA,NA,NA,NA,NA,NA,NA,NA,NA,NA,NA,NA,NA,NA,NA,NA,1,NA,C8,-0.762841465,0.792507512,-0.509672105,2.0930840196293183,-2.598292954,7,5,-0.132628239,1.5,3
2033,C0852,8,C,8C,Muslim,Enemies,Enemy7,2,73,F,52,4,5,7,5,4,7,7,6,6,6,7,5,8,NA,2,2,1,2,1,1,1,2,3,1,1,5,2,1,5,4,4,2,1,1,3,1,1,1,4,4,F,NA,NA,NA,NA,NA,NA,NA,NA,NA,NA,NA,NA,NA,NA,NA,NA,NA,NA,NA,NA,NA,NA,NA,NA,NA,NA,NA,NA,1,NA,C8,-0.762841465,0.792507512,-0.509672105,2.0930840196293183,-2.598292954,7,5,-0.132628239,1.5,3
2034,C0854,8,C,8C,Hindu,Enemies,Enemy1,2,57,F,54,4,5,7,6,2,7,7,7,5,6,4,4,8,NA,2,1,1,1,1,1,1,2,4,1,1,1,2,2,4,4,4,2,1,1,3,1,3,4,5,2,F,Hindu,2,1,1,1,1,2,2,2,5,2,2,4,4,4,5,1,1,3,1,1,1,5,5,1,7,7,5,1,1,C8,-0.762841465,0.792507512,-0.509672105,2.0930840196293183,-2.598292954,7,5,-0.132628239,1.5,-5
2035,C0854,8,C,8C,Hindu,Enemies,Enemy2,2,60,F,54,4,5,7,6,2,7,7,7,5,6,4,4,8,NA,2,1,1,1,1,1,1,2,4,1,1,1,2,2,4,4,4,2,1,1,3,1,3,4,5,2,F,NA,NA,NA,NA,NA,NA,NA,NA,NA,NA,NA,NA,NA,NA,NA,NA,NA,NA,NA,NA,NA,NA,NA,NA,NA,NA,NA,NA,1,NA,C8,-0.762841465,0.792507512,-0.509672105,2.0930840196293183,-2.598292954,7,5,-0.132628239,1.5,-5
2036,C0854,8,C,8C,Hindu,Enemies,Enemy3,2,61,F,54,4,5,7,6,2,7,7,7,5,6,4,4,8,NA,2,1,1,1,1,1,1,2,4,1,1,1,2,2,4,4,4,2,1,1,3,1,3,4,5,2,F,Hindu,2,2,1,1,3,1,2,1,5,3,2,6,3,3,2,2,1,1,1,1,1,1,1,2,7,6,6,1,1,C8,-0.762841465,0.792507512,-0.509672105,2.0930840196293183,-2.598292954,7,5,-0.132628239,1.5,-5
2037,C0857,8,C,8C,Hindu,Enemies,Enemy1,2,44,F,57,4,1,7,7,7,5,7,7,6,7,4,7,2,NA,2,2,1,1,1,1,2,1,2,2,5,2,1,2,4,4,4,5,1,1,3,1,1,1,5,5,F,Hindu,1,3,2,1,1,1,4,1,5,2,1,4,2,2,2,1,1,3,1,1,2,5,3,4,7,6,6,1,1,C8,-0.762841465,0.792507512,-0.509672105,2.0930840196293183,-2.598292954,7,1,1.621549634144792,1.5,2
2038,C0857,8,C,8C,Hindu,Enemies,Enemy2,2,45,F,57,4,1,7,7,7,5,7,7,6,7,4,7,2,NA,2,2,1,1,1,1,2,1,2,2,5,2,1,2,4,4,4,5,1,1,3,1,1,1,5,5,F,Hindu,4,1,2,3,2,1,4,1,5,2,1,4,4,4,1,1,1,3,1,2,1,3,3,4,7,7,6,1,1,C8,-0.762841465,0.792507512,-0.509672105,2.0930840196293183,-2.598292954,7,1,1.621549634144792,1.5,2
2039,C0857,8,C,8C,Hindu,Enemies,Enemy3,2,48,F,57,4,1,7,7,7,5,7,7,6,7,4,7,2,NA,2,2,1,1,1,1,2,1,2,2,5,2,1,2,4,4,4,5,1,1,3,1,1,1,5,5,F,NA,NA,NA,NA,NA,NA,NA,NA,NA,NA,NA,NA,NA,NA,NA,NA,NA,NA,NA,NA,NA,NA,NA,NA,NA,NA,NA,NA,1,NA,C8,-0.762841465,0.792507512,-0.509672105,2.0930840196293183,-2.598292954,7,1,1.621549634144792,1.5,2
2040,C0857,8,C,8C,Hindu,Enemies,Enemy4,2,49,F,57,4,1,7,7,7,5,7,7,6,7,4,7,2,NA,2,2,1,1,1,1,2,1,2,2,5,2,1,2,4,4,4,5,1,1,3,1,1,1,5,5,F,NA,NA,NA,NA,NA,NA,NA,NA,NA,NA,NA,NA,NA,NA,NA,NA,NA,NA,NA,NA,NA,NA,NA,NA,NA,NA,NA,NA,1,NA,C8,-0.762841465,0.792507512,-0.509672105,2.0930840196293183,-2.598292954,7,1,1.621549634144792,1.5,2
2041,C0857,8,C,8C,Hindu,Enemies,Enemy5,2,54,F,57,4,1,7,7,7,5,7,7,6,7,4,7,2,NA,2,2,1,1,1,1,2,1,2,2,5,2,1,2,4,4,4,5,1,1,3,1,1,1,5,5,F,Hindu,1,1,1,1,1,1,4,1,1,1,2,4,4,4,2,1,1,3,1,3,4,5,2,5,7,2,7,1,1,C8,-0.762841465,0.792507512,-0.509672105,2.0930840196293183,-2.598292954,7,1,1.621549634144792,1.5,2
2042,C0857,8,C,8C,Hindu,Enemies,Enemy6,2,55,F,57,4,1,7,7,7,5,7,7,6,7,4,7,2,NA,2,2,1,1,1,1,2,1,2,2,5,2,1,2,4,4,4,5,1,1,3,1,1,1,5,5,F,Muslim,2,1,2,1,1,1,4,1,1,1,1,4,4,4,5,4,5,3,5,3,4,5,2,6,7,4,7,1,0,C8,-0.762841465,0.792507512,-0.509672105,2.0930840196293183,-2.598292954,7,1,1.621549634144792,1.5,2
2043,C0857,8,C,8C,Hindu,Enemies,Enemy7,2,61,F,57,4,1,7,7,7,5,7,7,6,7,4,7,2,NA,2,2,1,1,1,1,2,1,2,2,5,2,1,2,4,4,4,5,1,1,3,1,1,1,5,5,F,Hindu,2,2,1,1,3,1,2,1,5,3,2,6,3,3,2,2,1,1,1,1,1,1,1,2,7,6,6,1,1,C8,-0.762841465,0.792507512,-0.509672105,2.0930840196293183,-2.598292954,7,1,1.621549634144792,1.5,2
2044,C0858,8,C,8C,Hindu,Enemies,Enemy1,2,35,F,58,5,6,7,6,7,7,6,7,7,7,6,5,2,Luhar,2,1,1,2,1,1,1,1,3,1,2,1,1,1,6,4,4,2,1,1,2,1,2,1,5,5,M,NA,NA,NA,NA,NA,NA,NA,NA,NA,NA,NA,NA,NA,NA,NA,NA,NA,NA,NA,NA,NA,NA,NA,NA,NA,NA,NA,NA,0,NA,C8,-0.762841465,0.792507512,-0.509672105,2.0930840196293183,-2.598292954,7,6,-0.571172707,1.5,0
2045,C0858,8,C,8C,Hindu,Enemies,Enemy2,2,44,F,58,5,6,7,6,7,7,6,7,7,7,6,5,2,Luhar,2,1,1,2,1,1,1,1,3,1,2,1,1,1,6,4,4,2,1,1,2,1,2,1,5,5,F,Hindu,1,3,2,1,1,1,4,1,5,2,1,4,2,2,2,1,1,3,1,1,2,5,3,4,7,6,6,1,1,C8,-0.762841465,0.792507512,-0.509672105,2.0930840196293183,-2.598292954,7,6,-0.571172707,1.5,0
2046,C0858,8,C,8C,Hindu,Enemies,Enemy3,2,45,F,58,5,6,7,6,7,7,6,7,7,7,6,5,2,Luhar,2,1,1,2,1,1,1,1,3,1,2,1,1,1,6,4,4,2,1,1,2,1,2,1,5,5,F,Hindu,4,1,2,3,2,1,4,1,5,2,1,4,4,4,1,1,1,3,1,2,1,3,3,4,7,7,6,1,1,C8,-0.762841465,0.792507512,-0.509672105,2.0930840196293183,-2.598292954,7,6,-0.571172707,1.5,0
2047,C0858,8,C,8C,Hindu,Enemies,Enemy4,2,49,F,58,5,6,7,6,7,7,6,7,7,7,6,5,2,Luhar,2,1,1,2,1,1,1,1,3,1,2,1,1,1,6,4,4,2,1,1,2,1,2,1,5,5,F,NA,NA,NA,NA,NA,NA,NA,NA,NA,NA,NA,NA,NA,NA,NA,NA,NA,NA,NA,NA,NA,NA,NA,NA,NA,NA,NA,NA,1,NA,C8,-0.762841465,0.792507512,-0.509672105,2.0930840196293183,-2.598292954,7,6,-0.571172707,1.5,0
2048,C0858,8,C,8C,Hindu,Enemies,Enemy5,2,56,F,58,5,6,7,6,7,7,6,7,7,7,6,5,2,Luhar,2,1,1,2,1,1,1,1,3,1,2,1,1,1,6,4,4,2,1,1,2,1,2,1,5,5,F,NA,NA,NA,NA,NA,NA,NA,NA,NA,NA,NA,NA,NA,NA,NA,NA,NA,NA,NA,NA,NA,NA,NA,NA,NA,NA,NA,NA,1,NA,C8,-0.762841465,0.792507512,-0.509672105,2.0930840196293183,-2.598292954,7,6,-0.571172707,1.5,0
2049,C0859,8,C,8C,Hindu,Enemies,Enemy1,2,50,F,59,6,5,7,6,6,6,6,7,6,5,5,6,8,NA,2,2,2,1,1,2,1,1,2,1,5,2,1,1,4,3,3,3,1,1,1,1,1,1,1,2,F,Muslim,1,1,2,1,1,1,4,1,1,3,2,4,3,4,1,1,1,1,1,2,1,3,2,6,6,6,7,1,0,C8,-0.762841465,0.792507512,-0.509672105,2.0930840196293183,-2.598292954,7,5,-0.132628239,1.5,0
2050,C0859,8,C,8C,Hindu,Enemies,Enemy2,2,55,F,59,6,5,7,6,6,6,6,7,6,5,5,6,8,NA,2,2,2,1,1,2,1,1,2,1,5,2,1,1,4,3,3,3,1,1,1,1,1,1,1,2,F,Muslim,2,1,2,1,1,1,4,1,1,1,1,4,4,4,5,4,5,3,5,3,4,5,2,6,7,4,7,1,0,C8,-0.762841465,0.792507512,-0.509672105,2.0930840196293183,-2.598292954,7,5,-0.132628239,1.5,0
2051,C0859,8,C,8C,Hindu,Enemies,Enemy3,2,66,F,59,6,5,7,6,6,6,6,7,6,5,5,6,8,NA,2,2,2,1,1,2,1,1,2,1,5,2,1,1,4,3,3,3,1,1,1,1,1,1,1,2,F,NA,NA,NA,NA,NA,NA,NA,NA,NA,NA,NA,NA,NA,NA,NA,NA,NA,NA,NA,NA,NA,NA,NA,NA,NA,NA,NA,NA,1,NA,C8,-0.762841465,0.792507512,-0.509672105,2.0930840196293183,-2.598292954,7,5,-0.132628239,1.5,0
2052,C0859,8,C,8C,Hindu,Enemies,Enemy4,2,70,F,59,6,5,7,6,6,6,6,7,6,5,5,6,8,NA,2,2,2,1,1,2,1,1,2,1,5,2,1,1,4,3,3,3,1,1,1,1,1,1,1,2,F,Hindu,1,2,1,1,1,1,4,1,3,1,1,4,4,4,2,3,3,1,2,1,1,5,3,6,7,7,4,1,1,C8,-0.762841465,0.792507512,-0.509672105,2.0930840196293183,-2.598292954,7,5,-0.132628239,1.5,0
2053,C0861,8,C,8C,Hindu,Enemies,Enemy1,2,50,F,61,6,2,7,7,6,6,5,5,6,6,5,5,8,NA,2,2,2,1,1,3,1,1,2,1,5,3,1,2,6,3,3,2,2,1,1,1,1,1,1,1,F,Muslim,1,1,2,1,1,1,4,1,1,3,2,4,3,4,1,1,1,1,1,2,1,3,2,6,6,6,7,1,0,C8,-0.762841465,0.792507512,-0.509672105,2.0930840196293183,-2.598292954,7,2,1.183005165925335,1.5,0
2054,C0861,8,C,8C,Hindu,Enemies,Enemy2,2,54,F,61,6,2,7,7,6,6,5,5,6,6,5,5,8,NA,2,2,2,1,1,3,1,1,2,1,5,3,1,2,6,3,3,2,2,1,1,1,1,1,1,1,F,Hindu,1,1,1,1,1,1,4,1,1,1,2,4,4,4,2,1,1,3,1,3,4,5,2,5,7,2,7,1,1,C8,-0.762841465,0.792507512,-0.509672105,2.0930840196293183,-2.598292954,7,2,1.183005165925335,1.5,0
2055,C0861,8,C,8C,Hindu,Enemies,Enemy3,2,55,F,61,6,2,7,7,6,6,5,5,6,6,5,5,8,NA,2,2,2,1,1,3,1,1,2,1,5,3,1,2,6,3,3,2,2,1,1,1,1,1,1,1,F,Muslim,2,1,2,1,1,1,4,1,1,1,1,4,4,4,5,4,5,3,5,3,4,5,2,6,7,4,7,1,0,C8,-0.762841465,0.792507512,-0.509672105,2.0930840196293183,-2.598292954,7,2,1.183005165925335,1.5,0
2056,C0861,8,C,8C,Hindu,Enemies,Enemy4,2,66,F,61,6,2,7,7,6,6,5,5,6,6,5,5,8,NA,2,2,2,1,1,3,1,1,2,1,5,3,1,2,6,3,3,2,2,1,1,1,1,1,1,1,F,NA,NA,NA,NA,NA,NA,NA,NA,NA,NA,NA,NA,NA,NA,NA,NA,NA,NA,NA,NA,NA,NA,NA,NA,NA,NA,NA,NA,1,NA,C8,-0.762841465,0.792507512,-0.509672105,2.0930840196293183,-2.598292954,7,2,1.183005165925335,1.5,0
2057,C0862,8,C,8C,Muslim,Enemies,Enemy1,2,15,F,62,6,3,6,6,4,7,6,6,6,4,6,5,6,Muslim (Suni),2,2,4,3,1,2,2,2,4,1,1,5,2,2,4,2,2,5,3,3,3,5,2,1,5,1,M,NA,NA,NA,NA,NA,NA,NA,NA,NA,NA,NA,NA,NA,NA,NA,NA,NA,NA,NA,NA,NA,NA,NA,NA,NA,NA,NA,NA,0,NA,C8,-0.762841465,0.792507512,-0.509672105,2.0930840196293183,-2.598292954,6,3,0.30591622948642044,1.5,3
2058,C0862,8,C,8C,Muslim,Enemies,Enemy2,2,35,F,62,6,3,6,6,4,7,6,6,6,4,6,5,6,Muslim (Suni),2,2,4,3,1,2,2,2,4,1,1,5,2,2,4,2,2,5,3,3,3,5,2,1,5,1,M,NA,NA,NA,NA,NA,NA,NA,NA,NA,NA,NA,NA,NA,NA,NA,NA,NA,NA,NA,NA,NA,NA,NA,NA,NA,NA,NA,NA,0,NA,C8,-0.762841465,0.792507512,-0.509672105,2.0930840196293183,-2.598292954,6,3,0.30591622948642044,1.5,3
2059,C0867,8,C,8C,Hindu,Enemies,Enemy1,2,28,F,67,4,6,7,5,7,5,7,5,6,4,7,7,1,Brahmin,2,1,2,1,1,1,1,1,3,1,3,1,1,1,4,4,3,1,1,1,1,1,1,1,2,3,M,Muslim,2,1,2,2,1,1,1,1,2,1,3,4,4,4,1,1,2,2,1,2,2,2,3,7,6,7,7,0,0,C8,-0.762841465,0.792507512,-0.509672105,2.0930840196293183,-2.598292954,7,6,-0.571172707,1.5,2
2060,C0869,8,C,8C,Hindu,Enemies,Enemy1,2,8,F,69,5,6,7,6,7,5,7,6,6,6,4,4,1,brahmin,2,1,1,2,2,1,2,1,3,1,4,3,1,1,4,3,3,1,1,1,1,1,2,1,5,3,M,Hindu,4,1,3,1,1,1,3,1,5,2,3,4,4,2,1,1,1,1,1,2,1,3,1,7,6,6,6,0,1,C8,-0.762841465,0.792507512,-0.509672105,2.0930840196293183,-2.598292954,7,6,-0.571172707,1.5,2
2061,C0869,8,C,8C,Hindu,Enemies,Enemy2,2,13,F,69,5,6,7,6,7,5,7,6,6,6,4,4,1,brahmin,2,1,1,2,2,1,2,1,3,1,4,3,1,1,4,3,3,1,1,1,1,1,2,1,5,3,M,Muslim,1,1,2,2,1,1,4,1,1,1,1,4,4,4,5,5,4,3,5,4,5,4,4,NA,5,4,7,0,0,C8,-0.762841465,0.792507512,-0.509672105,2.0930840196293183,-2.598292954,7,6,-0.571172707,1.5,2
2062,C0869,8,C,8C,Hindu,Enemies,Enemy3,2,28,F,69,5,6,7,6,7,5,7,6,6,6,4,4,1,brahmin,2,1,1,2,2,1,2,1,3,1,4,3,1,1,4,3,3,1,1,1,1,1,2,1,5,3,M,Muslim,2,1,2,2,1,1,1,1,2,1,3,4,4,4,1,1,2,2,1,2,2,2,3,7,6,7,7,0,0,C8,-0.762841465,0.792507512,-0.509672105,2.0930840196293183,-2.598292954,7,6,-0.571172707,1.5,2
2063,C0869,8,C,8C,Hindu,Enemies,Enemy4,2,34,F,69,5,6,7,6,7,5,7,6,6,6,4,4,1,brahmin,2,1,1,2,2,1,2,1,3,1,4,3,1,1,4,3,3,1,1,1,1,1,2,1,5,3,M,Muslim,2,2,1,1,1,2,4,2,1,1,1,4,1,4,3,1,1,2,2,1,2,1,2,6,4,1,7,0,0,C8,-0.762841465,0.792507512,-0.509672105,2.0930840196293183,-2.598292954,7,6,-0.571172707,1.5,2
2064,C0872,8,C,8C,Muslim,Enemies,Enemy1,2,57,F,72,5,4,7,4,6,7,7,6,5,4,4,3,NA,Muslim,2,2,1,2,1,2,1,2,3,1,2,2,2,1,4,4,4,2,1,1,2,2,1,1,3,3,F,Hindu,2,1,1,1,1,2,2,2,5,2,2,4,4,4,5,1,1,3,1,1,1,5,5,1,7,7,5,1,0,C8,-0.762841465,0.792507512,-0.509672105,2.0930840196293183,-2.598292954,7,4,0.30591622948642044,1.5,1
2065,C0872,8,C,8C,Muslim,Enemies,Enemy2,2,58,F,72,5,4,7,4,6,7,7,6,5,4,4,3,NA,Muslim,2,2,1,2,1,2,1,2,3,1,2,2,2,1,4,4,4,2,1,1,2,2,1,1,3,3,F,Hindu,1,1,2,1,1,1,3,1,2,1,1,6,4,4,2,1,1,2,1,2,1,5,5,6,7,7,7,1,0,C8,-0.762841465,0.792507512,-0.509672105,2.0930840196293183,-2.598292954,7,4,0.30591622948642044,1.5,1
2066,C0872,8,C,8C,Muslim,Enemies,Enemy3,2,60,F,72,5,4,7,4,6,7,7,6,5,4,4,3,NA,Muslim,2,2,1,2,1,2,1,2,3,1,2,2,2,1,4,4,4,2,1,1,2,2,1,1,3,3,F,NA,NA,NA,NA,NA,NA,NA,NA,NA,NA,NA,NA,NA,NA,NA,NA,NA,NA,NA,NA,NA,NA,NA,NA,NA,NA,NA,NA,1,NA,C8,-0.762841465,0.792507512,-0.509672105,2.0930840196293183,-2.598292954,7,4,0.30591622948642044,1.5,1
2067,C0872,8,C,8C,Muslim,Enemies,Enemy4,2,64,F,72,5,4,7,4,6,7,7,6,5,4,4,3,NA,Muslim,2,2,1,2,1,2,1,2,3,1,2,2,2,1,4,4,4,2,1,1,2,2,1,1,3,3,F,Hindu,1,2,1,3,1,1,4,1,4,3,2,4,4,4,1,1,1,1,1,2,2,3,3,2,7,7,5,1,0,C8,-0.762841465,0.792507512,-0.509672105,2.0930840196293183,-2.598292954,7,4,0.30591622948642044,1.5,1
2068,C0872,8,C,8C,Muslim,Enemies,Enemy5,2,65,F,72,5,4,7,4,6,7,7,6,5,4,4,3,NA,Muslim,2,2,1,2,1,2,1,2,3,1,2,2,2,1,4,4,4,2,1,1,2,2,1,1,3,3,F,Hindu,1,1,1,1,1,1,3,1,2,1,1,4,4,4,2,1,1,1,1,1,1,2,3,4,6,7,6,1,0,C8,-0.762841465,0.792507512,-0.509672105,2.0930840196293183,-2.598292954,7,4,0.30591622948642044,1.5,1
2069,C0872,8,C,8C,Muslim,Enemies,Enemy6,2,66,F,72,5,4,7,4,6,7,7,6,5,4,4,3,NA,Muslim,2,2,1,2,1,2,1,2,3,1,2,2,2,1,4,4,4,2,1,1,2,2,1,1,3,3,F,NA,NA,NA,NA,NA,NA,NA,NA,NA,NA,NA,NA,NA,NA,NA,NA,NA,NA,NA,NA,NA,NA,NA,NA,NA,NA,NA,NA,1,NA,C8,-0.762841465,0.792507512,-0.509672105,2.0930840196293183,-2.598292954,7,4,0.30591622948642044,1.5,1
2070,C0872,8,C,8C,Muslim,Enemies,Enemy7,2,73,F,72,5,4,7,4,6,7,7,6,5,4,4,3,NA,Muslim,2,2,1,2,1,2,1,2,3,1,2,2,2,1,4,4,4,2,1,1,2,2,1,1,3,3,F,NA,NA,NA,NA,NA,NA,NA,NA,NA,NA,NA,NA,NA,NA,NA,NA,NA,NA,NA,NA,NA,NA,NA,NA,NA,NA,NA,NA,1,NA,C8,-0.762841465,0.792507512,-0.509672105,2.0930840196293183,-2.598292954,7,4,0.30591622948642044,1.5,1
2071,CO817,8,C,8C,Muslim,Enemies,Enemy1,2,8,M,17,6,7,1,6,3,7,7,5,5,2,6,7,7,Muslims,1,1,2,3,1,2,1,1,4,3,1,1,2,1,4,3,7,3,2,1,2,1,2,3,4,1,M,Hindu,4,1,3,1,1,1,3,1,5,2,3,4,4,2,1,1,1,1,1,2,1,3,1,7,6,6,6,1,0,C8,-0.762841465,0.792507512,-0.509672105,2.0930840196293183,-2.598292954,7,1,1.621549634144792,1.5,4
2072,CO817,8,C,8C,Muslim,Enemies,Enemy2,2,16,M,17,6,7,1,6,3,7,7,5,5,2,6,7,7,Muslims,1,1,2,3,1,2,1,1,4,3,1,1,2,1,4,3,7,3,2,1,2,1,2,3,4,1,M,NA,NA,NA,NA,NA,NA,NA,NA,NA,NA,NA,NA,NA,NA,NA,NA,NA,NA,NA,NA,NA,NA,NA,NA,NA,NA,NA,NA,1,NA,C8,-0.762841465,0.792507512,-0.509672105,2.0930840196293183,-2.598292954,7,1,1.621549634144792,1.5,4
2073,CO817,8,C,8C,Muslim,Enemies,Enemy3,2,20,M,17,6,7,1,6,3,7,7,5,5,2,6,7,7,Muslims,1,1,2,3,1,2,1,1,4,3,1,1,2,1,4,3,7,3,2,1,2,1,2,3,4,1,M,Hindu,4,1,1,2,4,1,3,4,5,4,3,4,4,4,1,1,1,3,1,5,3,4,5,6,4,7,7,1,0,C8,-0.762841465,0.792507512,-0.509672105,2.0930840196293183,-2.598292954,7,1,1.621549634144792,1.5,4
2074,CO817,8,C,8C,Muslim,Enemies,Enemy4,2,24,M,17,6,7,1,6,3,7,7,5,5,2,6,7,7,Muslims,1,1,2,3,1,2,1,1,4,3,1,1,2,1,4,3,7,3,2,1,2,1,2,3,4,1,M,NA,NA,NA,NA,NA,NA,NA,NA,NA,NA,NA,NA,NA,NA,NA,NA,NA,NA,NA,NA,NA,NA,NA,NA,NA,NA,NA,NA,1,NA,C8,-0.762841465,0.792507512,-0.509672105,2.0930840196293183,-2.598292954,7,1,1.621549634144792,1.5,4
2075,CO817,8,C,8C,Muslim,Enemies,Enemy5,2,25,M,17,6,7,1,6,3,7,7,5,5,2,6,7,7,Muslims,1,1,2,3,1,2,1,1,4,3,1,1,2,1,4,3,7,3,2,1,2,1,2,3,4,1,M,NA,NA,NA,NA,NA,NA,NA,NA,NA,NA,NA,NA,NA,NA,NA,NA,NA,NA,NA,NA,NA,NA,NA,NA,NA,NA,NA,NA,1,NA,C8,-0.762841465,0.792507512,-0.509672105,2.0930840196293183,-2.598292954,7,1,1.621549634144792,1.5,4
2076,CO817,8,C,8C,Muslim,Enemies,Enemy6,2,26,M,17,6,7,1,6,3,7,7,5,5,2,6,7,7,Muslims,1,1,2,3,1,2,1,1,4,3,1,1,2,1,4,3,7,3,2,1,2,1,2,3,4,1,M,NA,NA,NA,NA,NA,NA,NA,NA,NA,NA,NA,NA,NA,NA,NA,NA,NA,NA,NA,NA,NA,NA,NA,NA,NA,NA,NA,NA,1,NA,C8,-0.762841465,0.792507512,-0.509672105,2.0930840196293183,-2.598292954,7,1,1.621549634144792,1.5,4
2077,CO817,8,C,8C,Muslim,Enemies,Enemy7,2,28,M,17,6,7,1,6,3,7,7,5,5,2,6,7,7,Muslims,1,1,2,3,1,2,1,1,4,3,1,1,2,1,4,3,7,3,2,1,2,1,2,3,4,1,M,Muslim,2,1,2,2,1,1,1,1,2,1,3,4,4,4,1,1,2,2,1,2,2,2,3,7,6,7,7,1,1,C8,-0.762841465,0.792507512,-0.509672105,2.0930840196293183,-2.598292954,7,1,1.621549634144792,1.5,4
2078,CO820,8,C,8C,Hindu,Enemies,Enemy1,2,9,M,20,4,6,4,6,7,7,7,7,7,1,2,2,3,Vaishya,1,4,1,1,2,4,1,1,3,4,5,4,1,3,4,4,4,1,1,1,3,1,5,3,4,5,M,Hindu,2,1,2,1,2,1,3,2,4,1,2,4,4,4,2,1,1,3,1,1,1,4,3,7,1,7,4,1,1,C8,-0.762841465,0.792507512,-0.509672105,2.0930840196293183,-2.598292954,6,4,-0.132628239,1.5,0
2079,CO820,8,C,8C,Hindu,Enemies,Enemy2,2,11,M,20,4,6,4,6,7,7,7,7,7,1,2,2,3,Vaishya,1,4,1,1,2,4,1,1,3,4,5,4,1,3,4,4,4,1,1,1,3,1,5,3,4,5,M,Hindu,3,1,2,2,2,1,2,1,3,2,2,4,3,3,1,1,1,1,1,2,1,4,3,6,5,6,6,1,1,C8,-0.762841465,0.792507512,-0.509672105,2.0930840196293183,-2.598292954,6,4,-0.132628239,1.5,0
2080,CO820,8,C,8C,Hindu,Enemies,Enemy3,2,19,M,20,4,6,4,6,7,7,7,7,7,1,2,2,3,Vaishya,1,4,1,1,2,4,1,1,3,4,5,4,1,3,4,4,4,1,1,1,3,1,5,3,4,5,M,NA,NA,NA,NA,NA,NA,NA,NA,NA,NA,NA,NA,NA,NA,NA,NA,NA,NA,NA,NA,NA,NA,NA,NA,NA,NA,NA,NA,1,NA,C8,-0.762841465,0.792507512,-0.509672105,2.0930840196293183,-2.598292954,6,4,-0.132628239,1.5,0
2081,CO820,8,C,8C,Hindu,Enemies,Enemy4,2,24,M,20,4,6,4,6,7,7,7,7,7,1,2,2,3,Vaishya,1,4,1,1,2,4,1,1,3,4,5,4,1,3,4,4,4,1,1,1,3,1,5,3,4,5,M,NA,NA,NA,NA,NA,NA,NA,NA,NA,NA,NA,NA,NA,NA,NA,NA,NA,NA,NA,NA,NA,NA,NA,NA,NA,NA,NA,NA,1,NA,C8,-0.762841465,0.792507512,-0.509672105,2.0930840196293183,-2.598292954,6,4,-0.132628239,1.5,0
2082,CO820,8,C,8C,Hindu,Enemies,Enemy5,2,33,M,20,4,6,4,6,7,7,7,7,7,1,2,2,3,Vaishya,1,4,1,1,2,4,1,1,3,4,5,4,1,3,4,4,4,1,1,1,3,1,5,3,4,5,M,NA,NA,NA,NA,NA,NA,NA,NA,NA,NA,NA,NA,NA,NA,NA,NA,NA,NA,NA,NA,NA,NA,NA,NA,NA,NA,NA,NA,1,NA,C8,-0.762841465,0.792507512,-0.509672105,2.0930840196293183,-2.598292954,6,4,-0.132628239,1.5,0
2083,CO820,8,C,8C,Hindu,Enemies,Enemy6,2,34,M,20,4,6,4,6,7,7,7,7,7,1,2,2,3,Vaishya,1,4,1,1,2,4,1,1,3,4,5,4,1,3,4,4,4,1,1,1,3,1,5,3,4,5,M,Muslim,2,2,1,1,1,2,4,2,1,1,1,4,1,4,3,1,1,2,2,1,2,1,2,6,4,1,7,1,0,C8,-0.762841465,0.792507512,-0.509672105,2.0930840196293183,-2.598292954,6,4,-0.132628239,1.5,0
2084,A0901,9,A,9A,Hindu,Enemies,Enemy1,2,16,M,1,4,7,6,3,6,6,5,5,5,6,5,5,3,NA,1,4,1,2,1,3,2,2,3,1,5,1,1,2,4,3,2,2,1,1,1,2,1,1,4,2,M,Hindu,2,1,2,1,2,1,3,1,5,1,2,4,4,4,2,1,1,4,1,2,1,5,3,5,4,6,6,1,1,A9,-0.92813213,0.5993687222039109,-0.185446959,-0.504486918,0.7208167549080569,7,6,-0.571172707,2.5,0
2085,A0901,9,A,9A,Hindu,Enemies,Enemy2,2,32,M,1,4,7,6,3,6,6,5,5,5,6,5,5,3,NA,1,4,1,2,1,3,2,2,3,1,5,1,1,2,4,3,2,2,1,1,1,2,1,1,4,2,M,Hindu,2,2,3,1,2,1,3,2,4,2,2,6,4,4,2,1,1,4,1,1,1,5,3,7,5,6,6,1,1,A9,-0.92813213,0.5993687222039109,-0.185446959,-0.504486918,0.7208167549080569,7,6,-0.571172707,2.5,0
2086,A0901,9,A,9A,Hindu,Enemies,Enemy3,2,63,M,1,4,7,6,3,6,6,5,5,5,6,5,5,3,NA,1,4,1,2,1,3,2,2,3,1,5,1,1,2,4,3,2,2,1,1,1,2,1,1,4,2,F,Hindu,5,5,4,1,3,1,3,1,4,3,2,4,4,4,1,1,1,4,1,2,3,1,1,7,1,5,5,0,1,A9,-0.92813213,0.5993687222039109,-0.185446959,-0.504486918,0.7208167549080569,7,6,-0.571172707,2.5,0
2087,A0902,9,A,9A,Hindu,Enemies,Enemy1,2,12,M,2,5,7,1,6,7,6,7,6,5,5,6,6,6,NA,1,1,1,1,1,1,1,1,3,1,3,3,1,2,3,2,2,1,1,1,5,1,1,1,3,1,M,other,4,4,3,1,3,2,2,1,1,2,1,4,4,4,2,1,2,3,2,1,1,2,3,7,5,6,6,1,0,A9,-0.92813213,0.5993687222039109,-0.185446959,-0.504486918,0.7208167549080569,7,1,1.621549634144792,2.5,1
2088,A0902,9,A,9A,Hindu,Enemies,Enemy2,2,21,M,2,5,7,1,6,7,6,7,6,5,5,6,6,6,NA,1,1,1,1,1,1,1,1,3,1,3,3,1,2,3,2,2,1,1,1,5,1,1,1,3,1,M,Hindu,1,1,1,1,2,1,3,1,4,2,2,3,2,2,2,1,1,2,1,2,2,2,1,6,6,7,4,1,1,A9,-0.92813213,0.5993687222039109,-0.185446959,-0.504486918,0.7208167549080569,7,1,1.621549634144792,2.5,1
2089,A0903,9,A,9A,Muslim,Enemies,Enemy1,2,1,M,3,6,5,4,7,4,7,6,5,5,4,5,3,7,Aalvibohra,1,1,1,NA,1,1,1,1,3,1,1,3,2,1,4,3,3,3,1,1,2,2,2,1,2,2,M,Hindu,4,1,2,1,3,2,3,1,5,1,2,4,3,2,2,1,1,1,2,1,1,4,2,7,6,6,6,1,0,A9,-0.92813213,0.5993687222039109,-0.185446959,-0.504486918,0.7208167549080569,5,4,-0.571172707,2.5,3
2090,A0903,9,A,9A,Muslim,Enemies,Enemy2,2,2,M,3,6,5,4,7,4,7,6,5,5,4,5,3,7,Aalvibohra,1,1,1,NA,1,1,1,1,3,1,1,3,2,1,4,3,3,3,1,1,2,2,2,1,2,2,M,Hindu,1,1,1,1,1,1,3,1,3,3,2,3,2,2,1,1,1,5,1,1,1,3,1,7,1,7,6,1,0,A9,-0.92813213,0.5993687222039109,-0.185446959,-0.504486918,0.7208167549080569,5,4,-0.571172707,2.5,3
2091,A0903,9,A,9A,Muslim,Enemies,Enemy3,2,5,M,3,6,5,4,7,4,7,6,5,5,4,5,3,7,Aalvibohra,1,1,1,NA,1,1,1,1,3,1,1,3,2,1,4,3,3,3,1,1,2,2,2,1,2,2,M,Muslim,2,1,1,2,2,2,3,1,1,2,2,4,3,3,2,1,1,1,1,1,1,4,2,6,4,6,6,1,1,A9,-0.92813213,0.5993687222039109,-0.185446959,-0.504486918,0.7208167549080569,5,4,-0.571172707,2.5,3
2092,A0903,9,A,9A,Muslim,Enemies,Enemy4,2,8,M,3,6,5,4,7,4,7,6,5,5,4,5,3,7,Aalvibohra,1,1,1,NA,1,1,1,1,3,1,1,3,2,1,4,3,3,3,1,1,2,2,2,1,2,2,M,Hindu,1,1,1,1,1,1,3,3,3,2,3,4,4,4,1,1,1,1,1,1,1,5,3,5,4,6,6,1,0,A9,-0.92813213,0.5993687222039109,-0.185446959,-0.504486918,0.7208167549080569,5,4,-0.571172707,2.5,3
2093,A0903,9,A,9A,Muslim,Enemies,Enemy5,2,14,M,3,6,5,4,7,4,7,6,5,5,4,5,3,7,Aalvibohra,1,1,1,NA,1,1,1,1,3,1,1,3,2,1,4,3,3,3,1,1,2,2,2,1,2,2,M,Muslim,1,2,2,2,1,1,3,1,1,1,1,4,4,4,1,1,1,2,1,1,1,4,2,6,6,4,6,1,1,A9,-0.92813213,0.5993687222039109,-0.185446959,-0.504486918,0.7208167549080569,5,4,-0.571172707,2.5,3
2094,A0903,9,A,9A,Muslim,Enemies,Enemy6,2,28,M,3,6,5,4,7,4,7,6,5,5,4,5,3,7,Aalvibohra,1,1,1,NA,1,1,1,1,3,1,1,3,2,1,4,3,3,3,1,1,2,2,2,1,2,2,M,Hindu,3,1,2,1,3,1,4,2,5,3,2,7,7,7,2,1,1,2,1,1,1,2,2,4,4,4,4,1,0,A9,-0.92813213,0.5993687222039109,-0.185446959,-0.504486918,0.7208167549080569,5,4,-0.571172707,2.5,3
2095,A0903,9,A,9A,Muslim,Enemies,Enemy7,2,31,M,3,6,5,4,7,4,7,6,5,5,4,5,3,7,Aalvibohra,1,1,1,NA,1,1,1,1,3,1,1,3,2,1,4,3,3,3,1,1,2,2,2,1,2,2,M,NA,NA,NA,NA,NA,NA,NA,NA,NA,NA,NA,NA,NA,NA,NA,NA,NA,NA,NA,NA,NA,NA,NA,NA,NA,NA,NA,NA,1,NA,A9,-0.92813213,0.5993687222039109,-0.185446959,-0.504486918,0.7208167549080569,5,4,-0.571172707,2.5,3
2096,A0903,9,A,9A,Muslim,Enemies,Enemy8,2,33,M,3,6,5,4,7,4,7,6,5,5,4,5,3,7,Aalvibohra,1,1,1,NA,1,1,1,1,3,1,1,3,2,1,4,3,3,3,1,1,2,2,2,1,2,2,M,Hindu,2,1,2,1,1,2,4,1,5,2,2,1,3,1,3,3,2,2,2,2,1,5,2,5,1,7,4,1,0,A9,-0.92813213,0.5993687222039109,-0.185446959,-0.504486918,0.7208167549080569,5,4,-0.571172707,2.5,3
2097,A0904,9,A,9A,Hindu,Enemies,Enemy1,2,8,M,4,3,7,7,7,7,6,7,7,6,6,4,6,7,NA,1,2,1,2,1,2,1,1,4,1,4,2,1,1,4,2,2,1,1,1,2,1,1,1,5,5,M,Hindu,1,1,1,1,1,1,3,3,3,2,3,4,4,4,1,1,1,1,1,1,1,5,3,5,4,6,6,1,1,A9,-0.92813213,0.5993687222039109,-0.185446959,-0.504486918,0.7208167549080569,7,7,-1.009717175,2.5,1
2098,A0904,9,A,9A,Hindu,Enemies,Enemy2,2,12,M,4,3,7,7,7,7,6,7,7,6,6,4,6,7,NA,1,2,1,2,1,2,1,1,4,1,4,2,1,1,4,2,2,1,1,1,2,1,1,1,5,5,M,other,4,4,3,1,3,2,2,1,1,2,1,4,4,4,2,1,2,3,2,1,1,2,3,7,5,6,6,1,0,A9,-0.92813213,0.5993687222039109,-0.185446959,-0.504486918,0.7208167549080569,7,7,-1.009717175,2.5,1
2099,A0904,9,A,9A,Hindu,Enemies,Enemy3,2,14,M,4,3,7,7,7,7,6,7,7,6,6,4,6,7,NA,1,2,1,2,1,2,1,1,4,1,4,2,1,1,4,2,2,1,1,1,2,1,1,1,5,5,M,Muslim,1,2,2,2,1,1,3,1,1,1,1,4,4,4,1,1,1,2,1,1,1,4,2,6,6,4,6,1,0,A9,-0.92813213,0.5993687222039109,-0.185446959,-0.504486918,0.7208167549080569,7,7,-1.009717175,2.5,1
2100,A0904,9,A,9A,Hindu,Enemies,Enemy4,2,19,M,4,3,7,7,7,7,6,7,7,6,6,4,6,7,NA,1,2,1,2,1,2,1,1,4,1,4,2,1,1,4,2,2,1,1,1,2,1,1,1,5,5,M,Muslim,3,1,2,2,1,2,3,1,1,1,1,3,2,2,2,2,2,4,2,2,1,4,3,6,2,5,7,1,0,A9,-0.92813213,0.5993687222039109,-0.185446959,-0.504486918,0.7208167549080569,7,7,-1.009717175,2.5,1
2101,A0904,9,A,9A,Hindu,Enemies,Enemy5,2,29,M,4,3,7,7,7,7,6,7,7,6,6,4,6,7,NA,1,2,1,2,1,2,1,1,4,1,4,2,1,1,4,2,2,1,1,1,2,1,1,1,5,5,M,Muslim,4,2,3,3,2,1,3,1,1,2,2,3,2,2,1,1,1,2,2,1,2,4,2,7,7,6,6,1,0,A9,-0.92813213,0.5993687222039109,-0.185446959,-0.504486918,0.7208167549080569,7,7,-1.009717175,2.5,1
2102,A0904,9,A,9A,Hindu,Enemies,Enemy6,2,32,M,4,3,7,7,7,7,6,7,7,6,6,4,6,7,NA,1,2,1,2,1,2,1,1,4,1,4,2,1,1,4,2,2,1,1,1,2,1,1,1,5,5,M,Hindu,2,2,3,1,2,1,3,2,4,2,2,6,4,4,2,1,1,4,1,1,1,5,3,7,5,6,6,1,1,A9,-0.92813213,0.5993687222039109,-0.185446959,-0.504486918,0.7208167549080569,7,7,-1.009717175,2.5,1
2103,A0904,9,A,9A,Hindu,Enemies,Enemy7,2,33,M,4,3,7,7,7,7,6,7,7,6,6,4,6,7,NA,1,2,1,2,1,2,1,1,4,1,4,2,1,1,4,2,2,1,1,1,2,1,1,1,5,5,M,Hindu,2,1,2,1,1,2,4,1,5,2,2,1,3,1,3,3,2,2,2,2,1,5,2,5,1,7,4,1,1,A9,-0.92813213,0.5993687222039109,-0.185446959,-0.504486918,0.7208167549080569,7,7,-1.009717175,2.5,1
2104,A0905,9,A,9A,Muslim,Enemies,Enemy1,2,17,M,5,4,6,4,6,6,6,6,6,5,6,4,3,7,Bohra,1,2,1,1,2,2,2,2,3,1,1,2,2,2,4,3,3,2,1,1,1,1,1,1,4,2,M,Muslim,1,1,1,2,2,1,4,1,1,1,1,4,1,7,1,1,1,2,1,1,1,5,5,7,7,6,7,1,1,A9,-0.92813213,0.5993687222039109,-0.185446959,-0.504486918,0.7208167549080569,6,4,-0.132628239,2.5,0
2105,A0906,9,A,9A,Hindu,Enemies,Enemy1,2,12,M,6,4,5,4,4,4,4,4,5,4,4,4,3,3,NA,1,1,1,2,1,1,2,4,3,1,2,1,1,1,6,4,4,2,1,1,3,1,2,1,5,2,M,other,4,4,3,1,3,2,2,1,1,2,1,4,4,4,2,1,2,3,2,1,1,2,3,7,5,6,6,1,0,A9,-0.92813213,0.5993687222039109,-0.185446959,-0.504486918,0.7208167549080569,5,4,-0.571172707,2.5,0
2106,A0906,9,A,9A,Hindu,Enemies,Enemy2,2,14,M,6,4,5,4,4,4,4,4,5,4,4,4,3,3,NA,1,1,1,2,1,1,2,4,3,1,2,1,1,1,6,4,4,2,1,1,3,1,2,1,5,2,M,Muslim,1,2,2,2,1,1,3,1,1,1,1,4,4,4,1,1,1,2,1,1,1,4,2,6,6,4,6,1,0,A9,-0.92813213,0.5993687222039109,-0.185446959,-0.504486918,0.7208167549080569,5,4,-0.571172707,2.5,0
2107,A0906,9,A,9A,Hindu,Enemies,Enemy3,2,16,M,6,4,5,4,4,4,4,4,5,4,4,4,3,3,NA,1,1,1,2,1,1,2,4,3,1,2,1,1,1,6,4,4,2,1,1,3,1,2,1,5,2,M,Hindu,2,1,2,1,2,1,3,1,5,1,2,4,4,4,2,1,1,4,1,2,1,5,3,5,4,6,6,1,1,A9,-0.92813213,0.5993687222039109,-0.185446959,-0.504486918,0.7208167549080569,5,4,-0.571172707,2.5,0
2108,A0906,9,A,9A,Hindu,Enemies,Enemy4,2,21,M,6,4,5,4,4,4,4,4,5,4,4,4,3,3,NA,1,1,1,2,1,1,2,4,3,1,2,1,1,1,6,4,4,2,1,1,3,1,2,1,5,2,M,Hindu,1,1,1,1,2,1,3,1,4,2,2,3,2,2,2,1,1,2,1,2,2,2,1,6,6,7,4,1,1,A9,-0.92813213,0.5993687222039109,-0.185446959,-0.504486918,0.7208167549080569,5,4,-0.571172707,2.5,0
2109,A0906,9,A,9A,Hindu,Enemies,Enemy5,2,31,M,6,4,5,4,4,4,4,4,5,4,4,4,3,3,NA,1,1,1,2,1,1,2,4,3,1,2,1,1,1,6,4,4,2,1,1,3,1,2,1,5,2,M,NA,NA,NA,NA,NA,NA,NA,NA,NA,NA,NA,NA,NA,NA,NA,NA,NA,NA,NA,NA,NA,NA,NA,NA,NA,NA,NA,NA,1,NA,A9,-0.92813213,0.5993687222039109,-0.185446959,-0.504486918,0.7208167549080569,5,4,-0.571172707,2.5,0
2110,A0906,9,A,9A,Hindu,Enemies,Enemy6,2,32,M,6,4,5,4,4,4,4,4,5,4,4,4,3,3,NA,1,1,1,2,1,1,2,4,3,1,2,1,1,1,6,4,4,2,1,1,3,1,2,1,5,2,M,Hindu,2,2,3,1,2,1,3,2,4,2,2,6,4,4,2,1,1,4,1,1,1,5,3,7,5,6,6,1,1,A9,-0.92813213,0.5993687222039109,-0.185446959,-0.504486918,0.7208167549080569,5,4,-0.571172707,2.5,0
2111,A0906,9,A,9A,Hindu,Enemies,Enemy7,2,33,M,6,4,5,4,4,4,4,4,5,4,4,4,3,3,NA,1,1,1,2,1,1,2,4,3,1,2,1,1,1,6,4,4,2,1,1,3,1,2,1,5,2,M,Hindu,2,1,2,1,1,2,4,1,5,2,2,1,3,1,3,3,2,2,2,2,1,5,2,5,1,7,4,1,1,A9,-0.92813213,0.5993687222039109,-0.185446959,-0.504486918,0.7208167549080569,5,4,-0.571172707,2.5,0
2112,A0908,9,A,9A,Hindu,Enemies,Enemy1,2,9,M,8,4,5,4,4,6,6,4,3,5,5,4,4,1,NA,1,1,1,1,1,1,1,4,3,3,3,2,1,3,4,4,4,1,1,1,1,1,1,1,5,3,M,Muslim,1,1,1,1,1,1,3,1,1,1,1,4,4,4,1,1,1,1,1,1,1,4,2,6,6,6,6,1,0,A9,-0.92813213,0.5993687222039109,-0.185446959,-0.504486918,0.7208167549080569,5,4,-0.571172707,2.5,0
2113,A0908,9,A,9A,Hindu,Enemies,Enemy2,2,19,M,8,4,5,4,4,6,6,4,3,5,5,4,4,1,NA,1,1,1,1,1,1,1,4,3,3,3,2,1,3,4,4,4,1,1,1,1,1,1,1,5,3,M,Muslim,3,1,2,2,1,2,3,1,1,1,1,3,2,2,2,2,2,4,2,2,1,4,3,6,2,5,7,1,0,A9,-0.92813213,0.5993687222039109,-0.185446959,-0.504486918,0.7208167549080569,5,4,-0.571172707,2.5,0
2114,A0908,9,A,9A,Hindu,Enemies,Enemy3,2,21,M,8,4,5,4,4,6,6,4,3,5,5,4,4,1,NA,1,1,1,1,1,1,1,4,3,3,3,2,1,3,4,4,4,1,1,1,1,1,1,1,5,3,M,Hindu,1,1,1,1,2,1,3,1,4,2,2,3,2,2,2,1,1,2,1,2,2,2,1,6,6,7,4,1,1,A9,-0.92813213,0.5993687222039109,-0.185446959,-0.504486918,0.7208167549080569,5,4,-0.571172707,2.5,0
2115,A0908,9,A,9A,Hindu,Enemies,Enemy4,2,31,M,8,4,5,4,4,6,6,4,3,5,5,4,4,1,NA,1,1,1,1,1,1,1,4,3,3,3,2,1,3,4,4,4,1,1,1,1,1,1,1,5,3,M,NA,NA,NA,NA,NA,NA,NA,NA,NA,NA,NA,NA,NA,NA,NA,NA,NA,NA,NA,NA,NA,NA,NA,NA,NA,NA,NA,NA,1,NA,A9,-0.92813213,0.5993687222039109,-0.185446959,-0.504486918,0.7208167549080569,5,4,-0.571172707,2.5,0
2116,A0910,9,A,9A,Hindu,Enemies,Enemy1,2,35,M,10,4,7,4,6,7,4,6,6,6,6,3,6,1,NA,1,1,2,2,2,2,1,4,3,1,5,2,1,1,4,6,1,2,1,1,1,1,5,1,4,3,F,Muslim,2,1,2,4,1,3,4,3,4,5,3,3,2,2,1,1,2,3,1,1,2,5,2,4,5,5,6,0,0,A9,-0.92813213,0.5993687222039109,-0.185446959,-0.504486918,0.7208167549080569,7,4,0.30591622948642044,2.5,3
2117,A0910,9,A,9A,Hindu,Enemies,Enemy2,2,36,M,10,4,7,4,6,7,4,6,6,6,6,3,6,1,NA,1,1,2,2,2,2,1,4,3,1,5,2,1,1,4,6,1,2,1,1,1,1,5,1,4,3,F,Muslim,3,1,3,4,1,2,1,1,2,5,2,4,7,7,1,1,2,2,3,3,1,1,1,3,5,5,6,0,0,A9,-0.92813213,0.5993687222039109,-0.185446959,-0.504486918,0.7208167549080569,7,4,0.30591622948642044,2.5,3
2118,A0910,9,A,9A,Hindu,Enemies,Enemy3,2,50,M,10,4,7,4,6,7,4,6,6,6,6,3,6,1,NA,1,1,2,2,2,2,1,4,3,1,5,2,1,1,4,6,1,2,1,1,1,1,5,1,4,3,F,Muslim,2,4,3,1,2,1,3,1,1,2,2,4,4,4,3,1,1,2,1,2,1,5,4,2,6,4,4,0,0,A9,-0.92813213,0.5993687222039109,-0.185446959,-0.504486918,0.7208167549080569,7,4,0.30591622948642044,2.5,3
2119,A0910,9,A,9A,Hindu,Enemies,Enemy4,2,57,M,10,4,7,4,6,7,4,6,6,6,6,3,6,1,NA,1,1,2,2,2,2,1,4,3,1,5,2,1,1,4,6,1,2,1,1,1,1,5,1,4,3,F,Muslim,3,2,3,1,2,1,3,1,1,5,3,4,3,3,2,1,2,2,1,1,1,5,3,4,6,6,6,0,0,A9,-0.92813213,0.5993687222039109,-0.185446959,-0.504486918,0.7208167549080569,7,4,0.30591622948642044,2.5,3
2120,A0910,9,A,9A,Hindu,Enemies,Enemy5,2,59,M,10,4,7,4,6,7,4,6,6,6,6,3,6,1,NA,1,1,2,2,2,2,1,4,3,1,5,2,1,1,4,6,1,2,1,1,1,1,5,1,4,3,F,Muslim,2,1,2,1,1,1,4,1,4,3,2,7,5,5,1,1,1,2,1,1,2,5,3,7,7,5,5,0,0,A9,-0.92813213,0.5993687222039109,-0.185446959,-0.504486918,0.7208167549080569,7,4,0.30591622948642044,2.5,3
2121,A0910,9,A,9A,Hindu,Enemies,Enemy6,2,62,M,10,4,7,4,6,7,4,6,6,6,6,3,6,1,NA,1,1,2,2,2,2,1,4,3,1,5,2,1,1,4,6,1,2,1,1,1,1,5,1,4,3,F,Hindu,1,1,1,1,1,1,4,2,5,4,1,4,4,4,1,1,3,4,1,1,2,1,1,7,1,7,2,0,1,A9,-0.92813213,0.5993687222039109,-0.185446959,-0.504486918,0.7208167549080569,7,4,0.30591622948642044,2.5,3
2122,A0910,9,A,9A,Hindu,Enemies,Enemy7,2,63,M,10,4,7,4,6,7,4,6,6,6,6,3,6,1,NA,1,1,2,2,2,2,1,4,3,1,5,2,1,1,4,6,1,2,1,1,1,1,5,1,4,3,F,Hindu,5,5,4,1,3,1,3,1,4,3,2,4,4,4,1,1,1,4,1,2,3,1,1,7,1,5,5,0,1,A9,-0.92813213,0.5993687222039109,-0.185446959,-0.504486918,0.7208167549080569,7,4,0.30591622948642044,2.5,3
2123,A0911,9,A,9A,Muslim,Enemies,Enemy1,2,34,M,11,4,6,3,6,6,5,6,7,5,6,4,4,6,NA,1,1,1,1,2,3,1,1,3,1,1,1,2,2,4,2,2,1,1,1,3,1,1,3,4,2,M,Muslim,1,2,2,1,1,1,3,1,1,1,1,4,4,4,1,1,1,1,1,1,1,5,2,6,6,6,6,1,1,A9,-0.92813213,0.5993687222039109,-0.185446959,-0.504486918,0.7208167549080569,6,3,0.30591622948642044,2.5,-1
2124,A0911,9,A,9A,Muslim,Enemies,Enemy2,2,55,M,11,4,6,3,6,6,5,6,7,5,6,4,4,6,NA,1,1,1,1,2,3,1,1,3,1,1,1,2,2,4,2,2,1,1,1,3,1,1,3,4,2,F,Hindu,2,1,5,1,2,2,4,5,5,4,4,4,4,4,1,1,2,1,1,1,1,1,3,1,1,7,6,0,0,A9,-0.92813213,0.5993687222039109,-0.185446959,-0.504486918,0.7208167549080569,6,3,0.30591622948642044,2.5,-1
2125,A0911,9,A,9A,Muslim,Enemies,Enemy3,2,56,M,11,4,6,3,6,6,5,6,7,5,6,4,4,6,NA,1,1,1,1,2,3,1,1,3,1,1,1,2,2,4,2,2,1,1,1,3,1,1,3,4,2,F,Hindu,3,3,3,1,4,2,3,4,5,4,2,4,4,4,1,1,1,3,1,1,4,4,3,6,6,6,5,0,0,A9,-0.92813213,0.5993687222039109,-0.185446959,-0.504486918,0.7208167549080569,6,3,0.30591622948642044,2.5,-1
2126,A0911,9,A,9A,Muslim,Enemies,Enemy4,2,64,M,11,4,6,3,6,6,5,6,7,5,6,4,4,6,NA,1,1,1,1,2,3,1,1,3,1,1,1,2,2,4,2,2,1,1,1,3,1,1,3,4,2,F,Muslim,1,1,1,1,1,1,3,1,1,5,1,4,4,4,1,1,1,2,1,1,1,5,3,6,7,6,7,0,1,A9,-0.92813213,0.5993687222039109,-0.185446959,-0.504486918,0.7208167549080569,6,3,0.30591622948642044,2.5,-1
2127,A0912,9,A,9A,other,Enemies,Enemy1,2,13,M,12,4,7,5,7,6,6,4,6,4,5,6,4,8,DON'T KNOW,1,4,4,3,1,3,2,1,2,1,1,2,3,1,4,4,4,2,1,2,3,2,1,1,2,3,M,Muslim,1,1,1,1,1,1,3,1,1,2,1,4,4,4,2,1,1,3,1,1,1,5,3,4,4,4,4,1,0,A9,-0.92813213,0.5993687222039109,-0.185446959,-0.504486918,0.7208167549080569,7,5,-0.132628239,2.5,0
2128,A0912,9,A,9A,other,Enemies,Enemy2,2,17,M,12,4,7,5,7,6,6,4,6,4,5,6,4,8,DON'T KNOW,1,4,4,3,1,3,2,1,2,1,1,2,3,1,4,4,4,2,1,2,3,2,1,1,2,3,M,Muslim,1,1,1,2,2,1,4,1,1,1,1,4,1,7,1,1,1,2,1,1,1,5,5,7,7,6,7,1,0,A9,-0.92813213,0.5993687222039109,-0.185446959,-0.504486918,0.7208167549080569,7,5,-0.132628239,2.5,0
2129,A0914,9,A,9A,Muslim,Enemies,Enemy1,2,2,M,14,3,6,6,5,4,6,6,5,5,5,6,4,7,NA,1,1,2,2,2,1,1,1,3,1,1,1,2,1,4,4,4,1,1,1,2,1,1,1,4,2,M,Hindu,1,1,1,1,1,1,3,1,3,3,2,3,2,2,1,1,1,5,1,1,1,3,1,7,1,7,6,1,0,A9,-0.92813213,0.5993687222039109,-0.185446959,-0.504486918,0.7208167549080569,6,6,-1.009717175,2.5,2
2130,A0914,9,A,9A,Muslim,Enemies,Enemy2,2,4,M,14,3,6,6,5,4,6,6,5,5,5,6,4,7,NA,1,1,2,2,2,1,1,1,3,1,1,1,2,1,4,4,4,1,1,1,2,1,1,1,4,2,M,Hindu,2,1,2,1,2,1,4,1,4,2,1,4,2,2,1,1,1,2,1,1,1,5,5,7,7,7,6,1,0,A9,-0.92813213,0.5993687222039109,-0.185446959,-0.504486918,0.7208167549080569,6,6,-1.009717175,2.5,2
2131,A0914,9,A,9A,Muslim,Enemies,Enemy3,2,5,M,14,3,6,6,5,4,6,6,5,5,5,6,4,7,NA,1,1,2,2,2,1,1,1,3,1,1,1,2,1,4,4,4,1,1,1,2,1,1,1,4,2,M,Muslim,2,1,1,2,2,2,3,1,1,2,2,4,3,3,2,1,1,1,1,1,1,4,2,6,4,6,6,1,1,A9,-0.92813213,0.5993687222039109,-0.185446959,-0.504486918,0.7208167549080569,6,6,-1.009717175,2.5,2
2132,A0914,9,A,9A,Muslim,Enemies,Enemy4,2,8,M,14,3,6,6,5,4,6,6,5,5,5,6,4,7,NA,1,1,2,2,2,1,1,1,3,1,1,1,2,1,4,4,4,1,1,1,2,1,1,1,4,2,M,Hindu,1,1,1,1,1,1,3,3,3,2,3,4,4,4,1,1,1,1,1,1,1,5,3,5,4,6,6,1,0,A9,-0.92813213,0.5993687222039109,-0.185446959,-0.504486918,0.7208167549080569,6,6,-1.009717175,2.5,2
2133,A0914,9,A,9A,Muslim,Enemies,Enemy5,2,10,M,14,3,6,6,5,4,6,6,5,5,5,6,4,7,NA,1,1,2,2,2,1,1,1,3,1,1,1,2,1,4,4,4,1,1,1,2,1,1,1,4,2,M,Hindu,1,2,2,2,2,1,3,1,5,2,1,4,6,1,2,1,1,1,1,5,1,4,3,7,4,7,4,1,0,A9,-0.92813213,0.5993687222039109,-0.185446959,-0.504486918,0.7208167549080569,6,6,-1.009717175,2.5,2
2134,A0914,9,A,9A,Muslim,Enemies,Enemy6,2,31,M,14,3,6,6,5,4,6,6,5,5,5,6,4,7,NA,1,1,2,2,2,1,1,1,3,1,1,1,2,1,4,4,4,1,1,1,2,1,1,1,4,2,M,NA,NA,NA,NA,NA,NA,NA,NA,NA,NA,NA,NA,NA,NA,NA,NA,NA,NA,NA,NA,NA,NA,NA,NA,NA,NA,NA,NA,1,NA,A9,-0.92813213,0.5993687222039109,-0.185446959,-0.504486918,0.7208167549080569,6,6,-1.009717175,2.5,2
2135,A0914,9,A,9A,Muslim,Enemies,Enemy7,2,34,M,14,3,6,6,5,4,6,6,5,5,5,6,4,7,NA,1,1,2,2,2,1,1,1,3,1,1,1,2,1,4,4,4,1,1,1,2,1,1,1,4,2,M,Muslim,1,2,2,1,1,1,3,1,1,1,1,4,4,4,1,1,1,1,1,1,1,5,2,6,6,6,6,1,1,A9,-0.92813213,0.5993687222039109,-0.185446959,-0.504486918,0.7208167549080569,6,6,-1.009717175,2.5,2
2136,A0916,9,A,9A,Hindu,Enemies,Enemy1,2,10,M,16,4,5,4,5,6,6,6,5,5,4,4,5,8,NA,1,2,1,2,1,2,1,2,3,1,5,1,1,2,4,4,4,2,1,1,4,1,2,1,5,3,M,Hindu,1,2,2,2,2,1,3,1,5,2,1,4,6,1,2,1,1,1,1,5,1,4,3,7,4,7,4,1,1,A9,-0.92813213,0.5993687222039109,-0.185446959,-0.504486918,0.7208167549080569,5,4,-0.571172707,2.5,0
2137,A0916,9,A,9A,Hindu,Enemies,Enemy2,2,12,M,16,4,5,4,5,6,6,6,5,5,4,4,5,8,NA,1,2,1,2,1,2,1,2,3,1,5,1,1,2,4,4,4,2,1,1,4,1,2,1,5,3,M,other,4,4,3,1,3,2,2,1,1,2,1,4,4,4,2,1,2,3,2,1,1,2,3,7,5,6,6,1,0,A9,-0.92813213,0.5993687222039109,-0.185446959,-0.504486918,0.7208167549080569,5,4,-0.571172707,2.5,0
2138,A0916,9,A,9A,Hindu,Enemies,Enemy3,2,28,M,16,4,5,4,5,6,6,6,5,5,4,4,5,8,NA,1,2,1,2,1,2,1,2,3,1,5,1,1,2,4,4,4,2,1,1,4,1,2,1,5,3,M,Hindu,3,1,2,1,3,1,4,2,5,3,2,7,7,7,2,1,1,2,1,1,1,2,2,4,4,4,4,1,1,A9,-0.92813213,0.5993687222039109,-0.185446959,-0.504486918,0.7208167549080569,5,4,-0.571172707,2.5,0
2139,A0916,9,A,9A,Hindu,Enemies,Enemy4,2,31,M,16,4,5,4,5,6,6,6,5,5,4,4,5,8,NA,1,2,1,2,1,2,1,2,3,1,5,1,1,2,4,4,4,2,1,1,4,1,2,1,5,3,M,NA,NA,NA,NA,NA,NA,NA,NA,NA,NA,NA,NA,NA,NA,NA,NA,NA,NA,NA,NA,NA,NA,NA,NA,NA,NA,NA,NA,1,NA,A9,-0.92813213,0.5993687222039109,-0.185446959,-0.504486918,0.7208167549080569,5,4,-0.571172707,2.5,0
2140,A0916,9,A,9A,Hindu,Enemies,Enemy5,2,34,M,16,4,5,4,5,6,6,6,5,5,4,4,5,8,NA,1,2,1,2,1,2,1,2,3,1,5,1,1,2,4,4,4,2,1,1,4,1,2,1,5,3,M,Muslim,1,2,2,1,1,1,3,1,1,1,1,4,4,4,1,1,1,1,1,1,1,5,2,6,6,6,6,1,0,A9,-0.92813213,0.5993687222039109,-0.185446959,-0.504486918,0.7208167549080569,5,4,-0.571172707,2.5,0
2141,A0917,9,A,9A,Muslim,Enemies,Enemy1,2,8,M,17,4,7,7,6,6,7,7,7,5,6,6,6,7,NA,1,1,1,1,2,2,1,2,4,1,1,1,2,1,4,1,7,1,1,1,2,1,1,1,5,5,M,Hindu,1,1,1,1,1,1,3,3,3,2,3,4,4,4,1,1,1,1,1,1,1,5,3,5,4,6,6,1,0,A9,-0.92813213,0.5993687222039109,-0.185446959,-0.504486918,0.7208167549080569,7,7,-1.009717175,2.5,1
2142,A0917,9,A,9A,Muslim,Enemies,Enemy2,2,12,M,17,4,7,7,6,6,7,7,7,5,6,6,6,7,NA,1,1,1,1,2,2,1,2,4,1,1,1,2,1,4,1,7,1,1,1,2,1,1,1,5,5,M,other,4,4,3,1,3,2,2,1,1,2,1,4,4,4,2,1,2,3,2,1,1,2,3,7,5,6,6,1,0,A9,-0.92813213,0.5993687222039109,-0.185446959,-0.504486918,0.7208167549080569,7,7,-1.009717175,2.5,1
2143,A0917,9,A,9A,Muslim,Enemies,Enemy3,2,19,M,17,4,7,7,6,6,7,7,7,5,6,6,6,7,NA,1,1,1,1,2,2,1,2,4,1,1,1,2,1,4,1,7,1,1,1,2,1,1,1,5,5,M,Muslim,3,1,2,2,1,2,3,1,1,1,1,3,2,2,2,2,2,4,2,2,1,4,3,6,2,5,7,1,1,A9,-0.92813213,0.5993687222039109,-0.185446959,-0.504486918,0.7208167549080569,7,7,-1.009717175,2.5,1
2144,A0917,9,A,9A,Muslim,Enemies,Enemy4,2,21,M,17,4,7,7,6,6,7,7,7,5,6,6,6,7,NA,1,1,1,1,2,2,1,2,4,1,1,1,2,1,4,1,7,1,1,1,2,1,1,1,5,5,M,Hindu,1,1,1,1,2,1,3,1,4,2,2,3,2,2,2,1,1,2,1,2,2,2,1,6,6,7,4,1,0,A9,-0.92813213,0.5993687222039109,-0.185446959,-0.504486918,0.7208167549080569,7,7,-1.009717175,2.5,1
2145,A0917,9,A,9A,Muslim,Enemies,Enemy5,2,26,M,17,4,7,7,6,6,7,7,7,5,6,6,6,7,NA,1,1,1,1,2,2,1,2,4,1,1,1,2,1,4,1,7,1,1,1,2,1,1,1,5,5,M,Hindu,1,1,1,1,1,1,3,1,5,3,2,4,3,3,1,1,1,1,1,3,1,5,4,6,6,7,6,1,0,A9,-0.92813213,0.5993687222039109,-0.185446959,-0.504486918,0.7208167549080569,7,7,-1.009717175,2.5,1
2146,A0917,9,A,9A,Muslim,Enemies,Enemy6,2,28,M,17,4,7,7,6,6,7,7,7,5,6,6,6,7,NA,1,1,1,1,2,2,1,2,4,1,1,1,2,1,4,1,7,1,1,1,2,1,1,1,5,5,M,Hindu,3,1,2,1,3,1,4,2,5,3,2,7,7,7,2,1,1,2,1,1,1,2,2,4,4,4,4,1,0,A9,-0.92813213,0.5993687222039109,-0.185446959,-0.504486918,0.7208167549080569,7,7,-1.009717175,2.5,1
2147,A0917,9,A,9A,Muslim,Enemies,Enemy7,2,33,M,17,4,7,7,6,6,7,7,7,5,6,6,6,7,NA,1,1,1,1,2,2,1,2,4,1,1,1,2,1,4,1,7,1,1,1,2,1,1,1,5,5,M,Hindu,2,1,2,1,1,2,4,1,5,2,2,1,3,1,3,3,2,2,2,2,1,5,2,5,1,7,4,1,0,A9,-0.92813213,0.5993687222039109,-0.185446959,-0.504486918,0.7208167549080569,7,7,-1.009717175,2.5,1
2148,A0919,9,A,9A,Muslim,Enemies,Enemy1,2,17,M,19,4,6,2,3,5,7,6,5,4,5,6,6,6,Alvi vohra,1,3,1,2,2,1,2,1,3,1,1,1,2,1,3,2,2,2,2,2,4,2,2,1,4,3,M,Muslim,1,1,1,2,2,1,4,1,1,1,1,4,1,7,1,1,1,2,1,1,1,5,5,7,7,6,7,1,1,A9,-0.92813213,0.5993687222039109,-0.185446959,-0.504486918,0.7208167549080569,6,2,0.7444606977058776,2.5,2
2149,A0919,9,A,9A,Muslim,Enemies,Enemy2,2,21,M,19,4,6,2,3,5,7,6,5,4,5,6,6,6,Alvi vohra,1,3,1,2,2,1,2,1,3,1,1,1,2,1,3,2,2,2,2,2,4,2,2,1,4,3,M,Hindu,1,1,1,1,2,1,3,1,4,2,2,3,2,2,2,1,1,2,1,2,2,2,1,6,6,7,4,1,0,A9,-0.92813213,0.5993687222039109,-0.185446959,-0.504486918,0.7208167549080569,6,2,0.7444606977058776,2.5,2
2150,A0919,9,A,9A,Muslim,Enemies,Enemy3,2,25,M,19,4,6,2,3,5,7,6,5,4,5,6,6,6,Alvi vohra,1,3,1,2,2,1,2,1,3,1,1,1,2,1,3,2,2,2,2,2,4,2,2,1,4,3,M,Hindu,3,2,2,2,2,1,4,1,5,3,2,5,4,4,2,1,1,2,1,1,2,4,2,5,5,6,5,1,0,A9,-0.92813213,0.5993687222039109,-0.185446959,-0.504486918,0.7208167549080569,6,2,0.7444606977058776,2.5,2
2151,A0919,9,A,9A,Muslim,Enemies,Enemy4,2,36,M,19,4,6,2,3,5,7,6,5,4,5,6,6,6,Alvi vohra,1,3,1,2,2,1,2,1,3,1,1,1,2,1,3,2,2,2,2,2,4,2,2,1,4,3,F,Muslim,3,1,3,4,1,2,1,1,2,5,2,4,7,7,1,1,2,2,3,3,1,1,1,3,5,5,6,0,1,A9,-0.92813213,0.5993687222039109,-0.185446959,-0.504486918,0.7208167549080569,6,2,0.7444606977058776,2.5,2
2152,A0919,9,A,9A,Muslim,Enemies,Enemy5,2,38,M,19,4,6,2,3,5,7,6,5,4,5,6,6,6,Alvi vohra,1,3,1,2,2,1,2,1,3,1,1,1,2,1,3,2,2,2,2,2,4,2,2,1,4,3,F,Muslim,3,3,3,1,3,1,4,1,1,5,2,4,4,4,3,1,1,2,1,1,1,5,2,5,6,6,6,0,1,A9,-0.92813213,0.5993687222039109,-0.185446959,-0.504486918,0.7208167549080569,6,2,0.7444606977058776,2.5,2
2153,A0919,9,A,9A,Muslim,Enemies,Enemy6,2,47,M,19,4,6,2,3,5,7,6,5,4,5,6,6,6,Alvi vohra,1,3,1,2,2,1,2,1,3,1,1,1,2,1,3,2,2,2,2,2,4,2,2,1,4,3,F,Hindu,3,1,2,1,1,1,3,1,3,2,2,5,4,4,1,1,1,2,1,1,1,5,4,5,6,7,7,0,0,A9,-0.92813213,0.5993687222039109,-0.185446959,-0.504486918,0.7208167549080569,6,2,0.7444606977058776,2.5,2
2154,A0919,9,A,9A,Muslim,Enemies,Enemy7,2,63,M,19,4,6,2,3,5,7,6,5,4,5,6,6,6,Alvi vohra,1,3,1,2,2,1,2,1,3,1,1,1,2,1,3,2,2,2,2,2,4,2,2,1,4,3,F,Hindu,5,5,4,1,3,1,3,1,4,3,2,4,4,4,1,1,1,4,1,2,3,1,1,7,1,5,5,0,0,A9,-0.92813213,0.5993687222039109,-0.185446959,-0.504486918,0.7208167549080569,6,2,0.7444606977058776,2.5,2
2155,A0920,9,A,9A,Hindu,Enemies,Enemy1,2,24,M,20,4,6,6,6,6,5,6,6,5,4,6,5,2,NA,1,1,1,2,2,1,2,1,3,1,2,1,1,1,3,4,4,1,1,1,2,2,1,1,4,2,M,Hindu,1,1,1,1,1,2,3,2,3,3,2,4,3,3,1,1,1,2,2,2,3,4,3,6,5,7,6,1,1,A9,-0.92813213,0.5993687222039109,-0.185446959,-0.504486918,0.7208167549080569,6,6,-1.009717175,2.5,1
2156,A0920,9,A,9A,Hindu,Enemies,Enemy2,2,48,M,20,4,6,6,6,6,5,6,6,5,4,6,5,2,NA,1,1,1,2,2,1,2,1,3,1,2,1,1,1,3,4,4,1,1,1,2,2,1,1,4,2,F,Muslim,2,2,2,1,1,1,3,1,1,2,2,4,6,6,2,1,1,3,1,2,3,4,3,4,6,6,6,0,0,A9,-0.92813213,0.5993687222039109,-0.185446959,-0.504486918,0.7208167549080569,6,6,-1.009717175,2.5,1
2157,A0921,9,A,9A,Hindu,Enemies,Enemy1,2,14,M,21,4,6,6,3,7,4,6,5,4,4,4,4,1,NA,1,1,1,1,1,2,1,2,3,1,4,2,1,2,3,2,2,2,1,1,2,1,2,2,2,1,M,Muslim,1,2,2,2,1,1,3,1,1,1,1,4,4,4,1,1,1,2,1,1,1,4,2,6,6,4,6,1,0,A9,-0.92813213,0.5993687222039109,-0.185446959,-0.504486918,0.7208167549080569,6,6,-1.009717175,2.5,3
2158,A0921,9,A,9A,Hindu,Enemies,Enemy2,2,41,M,21,4,6,6,3,7,4,6,5,4,4,4,4,1,NA,1,1,1,1,1,2,1,2,3,1,4,2,1,2,3,2,2,2,1,1,2,1,2,2,2,1,F,Hindu,3,2,2,1,2,1,4,1,5,3,3,3,2,2,1,1,1,1,1,2,2,4,3,4,4,6,6,0,1,A9,-0.92813213,0.5993687222039109,-0.185446959,-0.504486918,0.7208167549080569,6,6,-1.009717175,2.5,3
2159,A0921,9,A,9A,Hindu,Enemies,Enemy3,2,64,M,21,4,6,6,3,7,4,6,5,4,4,4,4,1,NA,1,1,1,1,1,2,1,2,3,1,4,2,1,2,3,2,2,2,1,1,2,1,2,2,2,1,F,Muslim,1,1,1,1,1,1,3,1,1,5,1,4,4,4,1,1,1,2,1,1,1,5,3,6,7,6,7,0,0,A9,-0.92813213,0.5993687222039109,-0.185446959,-0.504486918,0.7208167549080569,6,6,-1.009717175,2.5,3
2160,A0923,9,A,9A,Hindu,Enemies,Enemy1,2,14,M,23,7,7,7,7,7,7,7,7,7,7,7,3,1,NA,1,1,1,1,1,1,1,4,1,1,5,3,1,1,4,4,4,1,1,1,1,1,1,1,5,3,M,Muslim,1,2,2,2,1,1,3,1,1,1,1,4,4,4,1,1,1,2,1,1,1,4,2,6,6,4,6,1,0,A9,-0.92813213,0.5993687222039109,-0.185446959,-0.504486918,0.7208167549080569,7,7,-1.009717175,2.5,0
2161,A0923,9,A,9A,Hindu,Enemies,Enemy2,2,17,M,23,7,7,7,7,7,7,7,7,7,7,7,3,1,NA,1,1,1,1,1,1,1,4,1,1,5,3,1,1,4,4,4,1,1,1,1,1,1,1,5,3,M,Muslim,1,1,1,2,2,1,4,1,1,1,1,4,1,7,1,1,1,2,1,1,1,5,5,7,7,6,7,1,0,A9,-0.92813213,0.5993687222039109,-0.185446959,-0.504486918,0.7208167549080569,7,7,-1.009717175,2.5,0
2162,A0925,9,A,9A,Hindu,Enemies,Enemy1,2,17,M,25,6,5,5,6,6,5,4,5,4,5,6,4,8,NA,1,3,2,2,2,2,1,1,4,1,5,3,1,2,5,4,4,2,1,1,2,1,1,2,4,2,M,Muslim,1,1,1,2,2,1,4,1,1,1,1,4,1,7,1,1,1,2,1,1,1,5,5,7,7,6,7,1,0,A9,-0.92813213,0.5993687222039109,-0.185446959,-0.504486918,0.7208167549080569,5,5,-1.009717175,2.5,1
2163,A0925,9,A,9A,Hindu,Enemies,Enemy2,2,19,M,25,6,5,5,6,6,5,4,5,4,5,6,4,8,NA,1,3,2,2,2,2,1,1,4,1,5,3,1,2,5,4,4,2,1,1,2,1,1,2,4,2,M,Muslim,3,1,2,2,1,2,3,1,1,1,1,3,2,2,2,2,2,4,2,2,1,4,3,6,2,5,7,1,0,A9,-0.92813213,0.5993687222039109,-0.185446959,-0.504486918,0.7208167549080569,5,5,-1.009717175,2.5,1
2164,A0925,9,A,9A,Hindu,Enemies,Enemy3,2,21,M,25,6,5,5,6,6,5,4,5,4,5,6,4,8,NA,1,3,2,2,2,2,1,1,4,1,5,3,1,2,5,4,4,2,1,1,2,1,1,2,4,2,M,Hindu,1,1,1,1,2,1,3,1,4,2,2,3,2,2,2,1,1,2,1,2,2,2,1,6,6,7,4,1,1,A9,-0.92813213,0.5993687222039109,-0.185446959,-0.504486918,0.7208167549080569,5,5,-1.009717175,2.5,1
2165,A0928,9,A,9A,Hindu,Enemies,Enemy1,2,12,M,28,4,4,4,4,4,4,4,4,4,4,4,4,NA,NA,1,3,1,2,1,3,1,1,4,2,5,3,1,2,7,7,7,2,1,1,2,1,1,1,2,2,M,other,4,4,3,1,3,2,2,1,1,2,1,4,4,4,2,1,2,3,2,1,1,2,3,7,5,6,6,1,0,A9,-0.92813213,0.5993687222039109,-0.185446959,-0.504486918,0.7208167549080569,4,4,-1.009717175,2.5,0
2166,A0928,9,A,9A,Hindu,Enemies,Enemy2,2,15,M,28,4,4,4,4,4,4,4,4,4,4,4,4,NA,NA,1,3,1,2,1,3,1,1,4,2,5,3,1,2,7,7,7,2,1,1,2,1,1,1,2,2,M,Muslim,1,1,2,1,1,1,4,1,1,1,1,4,4,4,2,1,1,1,1,1,1,4,2,6,6,6,7,1,0,A9,-0.92813213,0.5993687222039109,-0.185446959,-0.504486918,0.7208167549080569,4,4,-1.009717175,2.5,0
2167,A0928,9,A,9A,Hindu,Enemies,Enemy3,2,21,M,28,4,4,4,4,4,4,4,4,4,4,4,4,NA,NA,1,3,1,2,1,3,1,1,4,2,5,3,1,2,7,7,7,2,1,1,2,1,1,1,2,2,M,Hindu,1,1,1,1,2,1,3,1,4,2,2,3,2,2,2,1,1,2,1,2,2,2,1,6,6,7,4,1,1,A9,-0.92813213,0.5993687222039109,-0.185446959,-0.504486918,0.7208167549080569,4,4,-1.009717175,2.5,0
2168,A0928,9,A,9A,Hindu,Enemies,Enemy4,2,24,M,28,4,4,4,4,4,4,4,4,4,4,4,4,NA,NA,1,3,1,2,1,3,1,1,4,2,5,3,1,2,7,7,7,2,1,1,2,1,1,1,2,2,M,Hindu,1,1,1,1,1,2,3,2,3,3,2,4,3,3,1,1,1,2,2,2,3,4,3,6,5,7,6,1,1,A9,-0.92813213,0.5993687222039109,-0.185446959,-0.504486918,0.7208167549080569,4,4,-1.009717175,2.5,0
2169,A0928,9,A,9A,Hindu,Enemies,Enemy5,2,35,M,28,4,4,4,4,4,4,4,4,4,4,4,4,NA,NA,1,3,1,2,1,3,1,1,4,2,5,3,1,2,7,7,7,2,1,1,2,1,1,1,2,2,F,Muslim,2,1,2,4,1,3,4,3,4,5,3,3,2,2,1,1,2,3,1,1,2,5,2,4,5,5,6,0,0,A9,-0.92813213,0.5993687222039109,-0.185446959,-0.504486918,0.7208167549080569,4,4,-1.009717175,2.5,0
2170,A0928,9,A,9A,Hindu,Enemies,Enemy6,2,55,M,28,4,4,4,4,4,4,4,4,4,4,4,4,NA,NA,1,3,1,2,1,3,1,1,4,2,5,3,1,2,7,7,7,2,1,1,2,1,1,1,2,2,F,Hindu,2,1,5,1,2,2,4,5,5,4,4,4,4,4,1,1,2,1,1,1,1,1,3,1,1,7,6,0,1,A9,-0.92813213,0.5993687222039109,-0.185446959,-0.504486918,0.7208167549080569,4,4,-1.009717175,2.5,0
2171,A0929,9,A,9A,Muslim,Enemies,Enemy1,2,19,M,29,3,7,7,5,6,6,7,6,6,4,5,4,7,Shiya,1,4,2,3,3,2,1,2,3,1,1,2,2,2,3,2,2,1,1,1,2,2,1,2,4,2,M,Muslim,3,1,2,2,1,2,3,1,1,1,1,3,2,2,2,2,2,4,2,2,1,4,3,6,2,5,7,1,1,A9,-0.92813213,0.5993687222039109,-0.185446959,-0.504486918,0.7208167549080569,7,7,-1.009717175,2.5,0
2172,A0930,9,A,9A,Jain,Enemies,Enemy1,2,21,M,30,4,6,5,4,6,5,7,7,4,5,6,6,1,NA,1,5,2,2,3,1,2,1,3,1,3,1,3,1,4,3,3,1,1,1,3,1,2,1,4,2,M,Hindu,1,1,1,1,2,1,3,1,4,2,2,3,2,2,2,1,1,2,1,2,2,2,1,6,6,7,4,1,0,A9,-0.92813213,0.5993687222039109,-0.185446959,-0.504486918,0.7208167549080569,6,5,-0.571172707,2.5,-1
2173,A0930,9,A,9A,Jain,Enemies,Enemy2,2,45,M,30,4,6,5,4,6,5,7,7,4,5,6,6,1,NA,1,5,2,2,3,1,2,1,3,1,3,1,3,1,4,3,3,1,1,1,3,1,2,1,4,2,F,Hindu,5,2,5,1,3,1,3,1,4,3,1,4,2,2,2,1,1,4,1,1,1,4,3,4,7,6,4,0,0,A9,-0.92813213,0.5993687222039109,-0.185446959,-0.504486918,0.7208167549080569,6,5,-0.571172707,2.5,-1
2174,A0930,9,A,9A,Jain,Enemies,Enemy3,2,60,M,30,4,6,5,4,6,5,7,7,4,5,6,6,1,NA,1,5,2,2,3,1,2,1,3,1,3,1,3,1,4,3,3,1,1,1,3,1,2,1,4,2,F,Hindu,1,2,3,1,2,1,3,1,5,2,2,4,2,2,1,1,1,2,1,1,1,4,3,NA,NA,7,6,0,0,A9,-0.92813213,0.5993687222039109,-0.185446959,-0.504486918,0.7208167549080569,6,5,-0.571172707,2.5,-1
2175,A0932,9,A,9A,Hindu,Enemies,Enemy1,2,10,M,32,4,7,5,6,6,6,6,7,5,7,5,5,8,NA,1,2,2,3,1,2,1,1,3,2,4,2,1,2,6,4,4,2,1,1,4,1,1,1,5,3,M,Hindu,1,2,2,2,2,1,3,1,5,2,1,4,6,1,2,1,1,1,1,5,1,4,3,7,4,7,4,1,1,A9,-0.92813213,0.5993687222039109,-0.185446959,-0.504486918,0.7208167549080569,7,5,-0.132628239,2.5,0
2176,A0932,9,A,9A,Hindu,Enemies,Enemy2,2,28,M,32,4,7,5,6,6,6,6,7,5,7,5,5,8,NA,1,2,2,3,1,2,1,1,3,2,4,2,1,2,6,4,4,2,1,1,4,1,1,1,5,3,M,Hindu,3,1,2,1,3,1,4,2,5,3,2,7,7,7,2,1,1,2,1,1,1,2,2,4,4,4,4,1,1,A9,-0.92813213,0.5993687222039109,-0.185446959,-0.504486918,0.7208167549080569,7,5,-0.132628239,2.5,0
2177,A0932,9,A,9A,Hindu,Enemies,Enemy3,2,63,M,32,4,7,5,6,6,6,6,7,5,7,5,5,8,NA,1,2,2,3,1,2,1,1,3,2,4,2,1,2,6,4,4,2,1,1,4,1,1,1,5,3,F,Hindu,5,5,4,1,3,1,3,1,4,3,2,4,4,4,1,1,1,4,1,2,3,1,1,7,1,5,5,0,1,A9,-0.92813213,0.5993687222039109,-0.185446959,-0.504486918,0.7208167549080569,7,5,-0.132628239,2.5,0
2178,A0933,9,A,9A,Hindu,Enemies,Enemy1,2,3,M,33,5,5,1,4,7,4,6,5,5,6,5,2,2,NA,1,2,1,2,1,1,2,1,4,1,5,2,1,2,1,3,1,3,3,2,2,2,2,1,5,2,M,Muslim,1,1,NA,1,1,1,3,1,1,3,1,4,3,3,3,1,1,2,2,2,1,2,2,5,4,4,7,1,0,A9,-0.92813213,0.5993687222039109,-0.185446959,-0.504486918,0.7208167549080569,5,1,0.7444606977058776,2.5,3
2179,A0933,9,A,9A,Hindu,Enemies,Enemy2,2,11,M,33,5,5,1,4,7,4,6,5,5,6,5,2,2,NA,1,2,1,2,1,1,2,1,4,1,5,2,1,2,1,3,1,3,3,2,2,2,2,1,5,2,M,Muslim,1,1,1,2,3,1,3,1,1,1,2,4,2,2,1,1,1,3,1,1,3,4,2,6,3,6,5,1,0,A9,-0.92813213,0.5993687222039109,-0.185446959,-0.504486918,0.7208167549080569,5,1,0.7444606977058776,2.5,3
2180,A0933,9,A,9A,Hindu,Enemies,Enemy3,2,12,M,33,5,5,1,4,7,4,6,5,5,6,5,2,2,NA,1,2,1,2,1,1,2,1,4,1,5,2,1,2,1,3,1,3,3,2,2,2,2,1,5,2,M,other,4,4,3,1,3,2,2,1,1,2,1,4,4,4,2,1,2,3,2,1,1,2,3,7,5,6,6,1,0,A9,-0.92813213,0.5993687222039109,-0.185446959,-0.504486918,0.7208167549080569,5,1,0.7444606977058776,2.5,3
2181,A0935,9,A,9A,Muslim,Enemies,Enemy1,2,34,F,35,3,4,5,3,5,6,5,6,4,4,4,1,7,Qureshi,2,2,1,2,4,1,3,2,4,3,4,5,2,3,3,2,2,1,1,2,3,1,1,2,5,2,M,Muslim,1,2,2,1,1,1,3,1,1,1,1,4,4,4,1,1,1,1,1,1,1,5,2,6,6,6,6,0,1,A9,-0.92813213,0.5993687222039109,-0.185446959,-0.504486918,0.7208167549080569,5,4,-0.571172707,2.5,1
2182,A0935,9,A,9A,Muslim,Enemies,Enemy2,2,36,F,35,3,4,5,3,5,6,5,6,4,4,4,1,7,Qureshi,2,2,1,2,4,1,3,2,4,3,4,5,2,3,3,2,2,1,1,2,3,1,1,2,5,2,F,Muslim,3,1,3,4,1,2,1,1,2,5,2,4,7,7,1,1,2,2,3,3,1,1,1,3,5,5,6,1,1,A9,-0.92813213,0.5993687222039109,-0.185446959,-0.504486918,0.7208167549080569,5,4,-0.571172707,2.5,1
2183,A0935,9,A,9A,Muslim,Enemies,Enemy3,2,41,F,35,3,4,5,3,5,6,5,6,4,4,4,1,7,Qureshi,2,2,1,2,4,1,3,2,4,3,4,5,2,3,3,2,2,1,1,2,3,1,1,2,5,2,F,Hindu,3,2,2,1,2,1,4,1,5,3,3,3,2,2,1,1,1,1,1,2,2,4,3,4,4,6,6,1,0,A9,-0.92813213,0.5993687222039109,-0.185446959,-0.504486918,0.7208167549080569,5,4,-0.571172707,2.5,1
2184,A0935,9,A,9A,Muslim,Enemies,Enemy4,2,42,F,35,3,4,5,3,5,6,5,6,4,4,4,1,7,Qureshi,2,2,1,2,4,1,3,2,4,3,4,5,2,3,3,2,2,1,1,2,3,1,1,2,5,2,F,Muslim,1,1,2,1,1,1,4,3,1,5,1,4,4,4,1,1,1,1,1,2,1,3,1,6,7,6,7,1,1,A9,-0.92813213,0.5993687222039109,-0.185446959,-0.504486918,0.7208167549080569,5,4,-0.571172707,2.5,1
2185,A0935,9,A,9A,Muslim,Enemies,Enemy5,2,43,F,35,3,4,5,3,5,6,5,6,4,4,4,1,7,Qureshi,2,2,1,2,4,1,3,2,4,3,4,5,2,3,3,2,2,1,1,2,3,1,1,2,5,2,F,Muslim,3,2,2,2,1,1,4,1,2,5,2,5,4,5,1,1,1,1,1,1,2,3,3,4,6,5,7,1,1,A9,-0.92813213,0.5993687222039109,-0.185446959,-0.504486918,0.7208167549080569,5,4,-0.571172707,2.5,1
2186,A0935,9,A,9A,Muslim,Enemies,Enemy6,2,58,F,35,3,4,5,3,5,6,5,6,4,4,4,1,7,Qureshi,2,2,1,2,4,1,3,2,4,3,4,5,2,3,3,2,2,1,1,2,3,1,1,2,5,2,F,Hindu,2,2,2,1,1,1,3,1,4,1,3,4,4,4,1,1,1,2,1,2,1,5,4,6,7,6,6,1,0,A9,-0.92813213,0.5993687222039109,-0.185446959,-0.504486918,0.7208167549080569,5,4,-0.571172707,2.5,1
2187,A0935,9,A,9A,Muslim,Enemies,Enemy7,2,63,F,35,3,4,5,3,5,6,5,6,4,4,4,1,7,Qureshi,2,2,1,2,4,1,3,2,4,3,4,5,2,3,3,2,2,1,1,2,3,1,1,2,5,2,F,Hindu,5,5,4,1,3,1,3,1,4,3,2,4,4,4,1,1,1,4,1,2,3,1,1,7,1,5,5,1,0,A9,-0.92813213,0.5993687222039109,-0.185446959,-0.504486918,0.7208167549080569,5,4,-0.571172707,2.5,1
2188,A0936,9,A,9A,Muslim,Enemies,Enemy1,2,12,F,36,4,3,5,4,5,6,3,4,4,6,5,4,7,Sunnie (Muslim),2,3,1,3,4,1,2,2,1,1,2,5,2,2,4,7,7,1,1,2,2,3,3,1,1,1,M,other,4,4,3,1,3,2,2,1,1,2,1,4,4,4,2,1,2,3,2,1,1,2,3,7,5,6,6,0,0,A9,-0.92813213,0.5993687222039109,-0.185446959,-0.504486918,0.7208167549080569,5,3,-0.132628239,2.5,1
2189,A0936,9,A,9A,Muslim,Enemies,Enemy2,2,21,F,36,4,3,5,4,5,6,3,4,4,6,5,4,7,Sunnie (Muslim),2,3,1,3,4,1,2,2,1,1,2,5,2,2,4,7,7,1,1,2,2,3,3,1,1,1,M,Hindu,1,1,1,1,2,1,3,1,4,2,2,3,2,2,2,1,1,2,1,2,2,2,1,6,6,7,4,0,0,A9,-0.92813213,0.5993687222039109,-0.185446959,-0.504486918,0.7208167549080569,5,3,-0.132628239,2.5,1
2190,A0936,9,A,9A,Muslim,Enemies,Enemy3,2,35,F,36,4,3,5,4,5,6,3,4,4,6,5,4,7,Sunnie (Muslim),2,3,1,3,4,1,2,2,1,1,2,5,2,2,4,7,7,1,1,2,2,3,3,1,1,1,F,Muslim,2,1,2,4,1,3,4,3,4,5,3,3,2,2,1,1,2,3,1,1,2,5,2,4,5,5,6,1,1,A9,-0.92813213,0.5993687222039109,-0.185446959,-0.504486918,0.7208167549080569,5,3,-0.132628239,2.5,1
2191,A0936,9,A,9A,Muslim,Enemies,Enemy4,2,44,F,36,4,3,5,4,5,6,3,4,4,6,5,4,7,Sunnie (Muslim),2,3,1,3,4,1,2,2,1,1,2,5,2,2,4,7,7,1,1,2,2,3,3,1,1,1,F,Hindu,5,2,4,1,3,1,4,1,5,2,2,5,4,4,3,1,1,5,1,1,2,3,2,3,5,7,7,1,0,A9,-0.92813213,0.5993687222039109,-0.185446959,-0.504486918,0.7208167549080569,5,3,-0.132628239,2.5,1
2192,A0937,9,A,9A,Hindu,Enemies,Enemy1,2,64,F,37,4,6,6,6,6,6,6,6,6,6,4,4,1,NA,2,4,3,4,1,4,1,2,3,1,5,2,1,3,4,2,2,2,1,1,2,1,1,1,2,2,F,Muslim,1,1,1,1,1,1,3,1,1,5,1,4,4,4,1,1,1,2,1,1,1,5,3,6,7,6,7,1,0,A9,-0.92813213,0.5993687222039109,-0.185446959,-0.504486918,0.7208167549080569,6,6,-1.009717175,2.5,0
2193,A0938,9,A,9A,Muslim,Enemies,Enemy1,2,19,F,38,5,5,6,6,6,6,6,6,6,6,6,4,8,NA,2,3,3,3,1,3,1,4,4,1,1,5,2,2,4,4,4,3,1,1,2,1,1,1,5,2,M,Muslim,3,1,2,2,1,2,3,1,1,1,1,3,2,2,2,2,2,4,2,2,1,4,3,6,2,5,7,0,1,A9,-0.92813213,0.5993687222039109,-0.185446959,-0.504486918,0.7208167549080569,6,5,-0.571172707,2.5,0
2194,A0940,9,A,9A,Hindu,Enemies,Enemy1,2,44,F,40,6,5,7,6,7,6,6,6,6,7,6,4,8,NA,2,4,2,2,1,4,1,1,1,1,4,3,1,2,4,2,2,1,1,1,3,1,1,1,1,1,F,Hindu,5,2,4,1,3,1,4,1,5,2,2,5,4,4,3,1,1,5,1,1,2,3,2,3,5,7,7,1,1,A9,-0.92813213,0.5993687222039109,-0.185446959,-0.504486918,0.7208167549080569,7,5,-0.132628239,2.5,1
2195,A0940,9,A,9A,Hindu,Enemies,Enemy2,2,62,F,40,6,5,7,6,7,6,6,6,6,7,6,4,8,NA,2,4,2,2,1,4,1,1,1,1,4,3,1,2,4,2,2,1,1,1,3,1,1,1,1,1,F,Hindu,1,1,1,1,1,1,4,2,5,4,1,4,4,4,1,1,3,4,1,1,2,1,1,7,1,7,2,1,1,A9,-0.92813213,0.5993687222039109,-0.185446959,-0.504486918,0.7208167549080569,7,5,-0.132628239,2.5,1
2196,A0941,9,A,9A,Hindu,Enemies,Enemy1,2,12,F,41,6,4,4,6,6,6,6,6,6,6,4,4,3,NA,2,3,2,2,1,2,1,1,4,1,5,3,1,3,3,2,2,1,1,1,1,1,2,2,4,3,M,other,4,4,3,1,3,2,2,1,1,2,1,4,4,4,2,1,2,3,2,1,1,2,3,7,5,6,6,0,0,A9,-0.92813213,0.5993687222039109,-0.185446959,-0.504486918,0.7208167549080569,4,4,-1.009717175,2.5,0
2197,A0941,9,A,9A,Hindu,Enemies,Enemy2,2,64,F,41,6,4,4,6,6,6,6,6,6,6,4,4,3,NA,2,3,2,2,1,2,1,1,4,1,5,3,1,3,3,2,2,1,1,1,1,1,2,2,4,3,F,Muslim,1,1,1,1,1,1,3,1,1,5,1,4,4,4,1,1,1,2,1,1,1,5,3,6,7,6,7,1,0,A9,-0.92813213,0.5993687222039109,-0.185446959,-0.504486918,0.7208167549080569,4,4,-1.009717175,2.5,0
2198,A0942,9,A,9A,Muslim,Enemies,Enemy1,2,6,F,42,6,6,7,7,6,7,6,6,6,6,7,5,7,Muslim-Tai,2,1,1,2,1,1,1,2,4,3,1,5,2,1,4,4,4,1,1,1,1,1,2,1,3,1,M,Hindu,1,1,2,1,1,2,3,1,2,1,1,6,4,4,2,1,1,3,1,2,1,5,2,5,4,4,4,0,0,A9,-0.92813213,0.5993687222039109,-0.185446959,-0.504486918,0.7208167549080569,7,6,-0.571172707,2.5,1
2199,A0942,9,A,9A,Muslim,Enemies,Enemy2,2,7,F,42,6,6,7,7,6,7,6,6,6,6,7,5,7,Muslim-Tai,2,1,1,2,1,1,1,2,4,3,1,5,2,1,4,4,4,1,1,1,1,1,2,1,3,1,M,NA,NA,NA,NA,NA,NA,NA,NA,NA,NA,NA,NA,NA,NA,NA,NA,NA,NA,NA,NA,NA,NA,NA,NA,NA,NA,NA,NA,0,NA,A9,-0.92813213,0.5993687222039109,-0.185446959,-0.504486918,0.7208167549080569,7,6,-0.571172707,2.5,1
2200,A0942,9,A,9A,Muslim,Enemies,Enemy3,2,12,F,42,6,6,7,7,6,7,6,6,6,6,7,5,7,Muslim-Tai,2,1,1,2,1,1,1,2,4,3,1,5,2,1,4,4,4,1,1,1,1,1,2,1,3,1,M,other,4,4,3,1,3,2,2,1,1,2,1,4,4,4,2,1,2,3,2,1,1,2,3,7,5,6,6,0,0,A9,-0.92813213,0.5993687222039109,-0.185446959,-0.504486918,0.7208167549080569,7,6,-0.571172707,2.5,1
2201,A0942,9,A,9A,Muslim,Enemies,Enemy4,2,17,F,42,6,6,7,7,6,7,6,6,6,6,7,5,7,Muslim-Tai,2,1,1,2,1,1,1,2,4,3,1,5,2,1,4,4,4,1,1,1,1,1,2,1,3,1,M,Muslim,1,1,1,2,2,1,4,1,1,1,1,4,1,7,1,1,1,2,1,1,1,5,5,7,7,6,7,0,1,A9,-0.92813213,0.5993687222039109,-0.185446959,-0.504486918,0.7208167549080569,7,6,-0.571172707,2.5,1
2202,A0942,9,A,9A,Muslim,Enemies,Enemy5,2,39,F,42,6,6,7,7,6,7,6,6,6,6,7,5,7,Muslim-Tai,2,1,1,2,1,1,1,2,4,3,1,5,2,1,4,4,4,1,1,1,1,1,2,1,3,1,F,Muslim,1,1,1,1,1,1,3,1,1,5,1,5,4,4,1,1,1,2,1,2,3,2,1,6,7,6,7,1,1,A9,-0.92813213,0.5993687222039109,-0.185446959,-0.504486918,0.7208167549080569,7,6,-0.571172707,2.5,1
2203,A0944,9,A,9A,Hindu,Enemies,Enemy1,2,8,F,44,7,3,5,4,7,7,6,5,7,7,NA,4,2,Hindu- Maratha (kshatriya),2,5,2,4,1,3,1,4,4,1,5,2,1,2,5,4,4,3,1,1,5,1,1,2,3,2,M,Hindu,1,1,1,1,1,1,3,3,3,2,3,4,4,4,1,1,1,1,1,1,1,5,3,5,4,6,6,0,1,A9,-0.92813213,0.5993687222039109,-0.185446959,-0.504486918,0.7208167549080569,5,3,-0.132628239,2.5,0
2204,A0944,9,A,9A,Hindu,Enemies,Enemy2,2,10,F,44,7,3,5,4,7,7,6,5,7,7,NA,4,2,Hindu- Maratha (kshatriya),2,5,2,4,1,3,1,4,4,1,5,2,1,2,5,4,4,3,1,1,5,1,1,2,3,2,M,Hindu,1,2,2,2,2,1,3,1,5,2,1,4,6,1,2,1,1,1,1,5,1,4,3,7,4,7,4,0,1,A9,-0.92813213,0.5993687222039109,-0.185446959,-0.504486918,0.7208167549080569,5,3,-0.132628239,2.5,0
2205,A0944,9,A,9A,Hindu,Enemies,Enemy3,2,12,F,44,7,3,5,4,7,7,6,5,7,7,NA,4,2,Hindu- Maratha (kshatriya),2,5,2,4,1,3,1,4,4,1,5,2,1,2,5,4,4,3,1,1,5,1,1,2,3,2,M,other,4,4,3,1,3,2,2,1,1,2,1,4,4,4,2,1,2,3,2,1,1,2,3,7,5,6,6,0,0,A9,-0.92813213,0.5993687222039109,-0.185446959,-0.504486918,0.7208167549080569,5,3,-0.132628239,2.5,0
2206,A0944,9,A,9A,Hindu,Enemies,Enemy4,2,19,F,44,7,3,5,4,7,7,6,5,7,7,NA,4,2,Hindu- Maratha (kshatriya),2,5,2,4,1,3,1,4,4,1,5,2,1,2,5,4,4,3,1,1,5,1,1,2,3,2,M,Muslim,3,1,2,2,1,2,3,1,1,1,1,3,2,2,2,2,2,4,2,2,1,4,3,6,2,5,7,0,0,A9,-0.92813213,0.5993687222039109,-0.185446959,-0.504486918,0.7208167549080569,5,3,-0.132628239,2.5,0
2207,A0944,9,A,9A,Hindu,Enemies,Enemy5,2,34,F,44,7,3,5,4,7,7,6,5,7,7,NA,4,2,Hindu- Maratha (kshatriya),2,5,2,4,1,3,1,4,4,1,5,2,1,2,5,4,4,3,1,1,5,1,1,2,3,2,M,Muslim,1,2,2,1,1,1,3,1,1,1,1,4,4,4,1,1,1,1,1,1,1,5,2,6,6,6,6,0,0,A9,-0.92813213,0.5993687222039109,-0.185446959,-0.504486918,0.7208167549080569,5,3,-0.132628239,2.5,0
2208,A0944,9,A,9A,Hindu,Enemies,Enemy6,2,36,F,44,7,3,5,4,7,7,6,5,7,7,NA,4,2,Hindu- Maratha (kshatriya),2,5,2,4,1,3,1,4,4,1,5,2,1,2,5,4,4,3,1,1,5,1,1,2,3,2,F,Muslim,3,1,3,4,1,2,1,1,2,5,2,4,7,7,1,1,2,2,3,3,1,1,1,3,5,5,6,1,0,A9,-0.92813213,0.5993687222039109,-0.185446959,-0.504486918,0.7208167549080569,5,3,-0.132628239,2.5,0
2209,A0944,9,A,9A,Hindu,Enemies,Enemy7,2,63,F,44,7,3,5,4,7,7,6,5,7,7,NA,4,2,Hindu- Maratha (kshatriya),2,5,2,4,1,3,1,4,4,1,5,2,1,2,5,4,4,3,1,1,5,1,1,2,3,2,F,Hindu,5,5,4,1,3,1,3,1,4,3,2,4,4,4,1,1,1,4,1,2,3,1,1,7,1,5,5,1,1,A9,-0.92813213,0.5993687222039109,-0.185446959,-0.504486918,0.7208167549080569,5,3,-0.132628239,2.5,0
2210,A0945,9,A,9A,Hindu,Enemies,Enemy1,2,42,F,45,3,4,7,5,6,4,4,7,4,4,4,4,2,Jaiswal-Kalal,2,5,2,5,1,3,1,2,3,1,4,3,1,1,4,2,2,2,1,1,4,1,1,1,4,3,F,Muslim,1,1,2,1,1,1,4,3,1,5,1,4,4,4,1,1,1,1,1,2,1,3,1,6,7,6,7,1,0,A9,-0.92813213,0.5993687222039109,-0.185446959,-0.504486918,0.7208167549080569,7,4,0.30591622948642044,2.5,2
2211,A0945,9,A,9A,Hindu,Enemies,Enemy2,2,60,F,45,3,4,7,5,6,4,4,7,4,4,4,4,2,Jaiswal-Kalal,2,5,2,5,1,3,1,2,3,1,4,3,1,1,4,2,2,2,1,1,4,1,1,1,4,3,F,Hindu,1,2,3,1,2,1,3,1,5,2,2,4,2,2,1,1,1,2,1,1,1,4,3,NA,NA,7,6,1,1,A9,-0.92813213,0.5993687222039109,-0.185446959,-0.504486918,0.7208167549080569,7,4,0.30591622948642044,2.5,2
2212,A0945,9,A,9A,Hindu,Enemies,Enemy3,2,63,F,45,3,4,7,5,6,4,4,7,4,4,4,4,2,Jaiswal-Kalal,2,5,2,5,1,3,1,2,3,1,4,3,1,1,4,2,2,2,1,1,4,1,1,1,4,3,F,Hindu,5,5,4,1,3,1,3,1,4,3,2,4,4,4,1,1,1,4,1,2,3,1,1,7,1,5,5,1,1,A9,-0.92813213,0.5993687222039109,-0.185446959,-0.504486918,0.7208167549080569,7,4,0.30591622948642044,2.5,2
2213,A0946,9,A,9A,Hindu,Enemies,Enemy1,2,5,F,46,4,3,4,6,4,4,6,4,3,5,5,2,2,NA,2,2,2,3,1,2,1,1,3,1,2,2,1,2,4,3,3,2,1,2,3,2,2,3,4,3,M,Muslim,2,1,1,2,2,2,3,1,1,2,2,4,3,3,2,1,1,1,1,1,1,4,2,6,4,6,6,0,0,A9,-0.92813213,0.5993687222039109,-0.185446959,-0.504486918,0.7208167549080569,4,3,-0.571172707,2.5,0
2214,A0946,9,A,9A,Hindu,Enemies,Enemy2,2,19,F,46,4,3,4,6,4,4,6,4,3,5,5,2,2,NA,2,2,2,3,1,2,1,1,3,1,2,2,1,2,4,3,3,2,1,2,3,2,2,3,4,3,M,Muslim,3,1,2,2,1,2,3,1,1,1,1,3,2,2,2,2,2,4,2,2,1,4,3,6,2,5,7,0,0,A9,-0.92813213,0.5993687222039109,-0.185446959,-0.504486918,0.7208167549080569,4,3,-0.571172707,2.5,0
2215,A0946,9,A,9A,Hindu,Enemies,Enemy3,2,27,F,46,4,3,4,6,4,4,6,4,3,5,5,2,2,NA,2,2,2,3,1,2,1,1,3,1,2,2,1,2,4,3,3,2,1,2,3,2,2,3,4,3,M,Hindu,3,1,1,2,3,1,2,1,2,2,2,4,4,4,2,1,1,3,1,1,1,5,2,6,4,7,6,0,1,A9,-0.92813213,0.5993687222039109,-0.185446959,-0.504486918,0.7208167549080569,4,3,-0.571172707,2.5,0
2216,A0946,9,A,9A,Hindu,Enemies,Enemy4,2,28,F,46,4,3,4,6,4,4,6,4,3,5,5,2,2,NA,2,2,2,3,1,2,1,1,3,1,2,2,1,2,4,3,3,2,1,2,3,2,2,3,4,3,M,Hindu,3,1,2,1,3,1,4,2,5,3,2,7,7,7,2,1,1,2,1,1,1,2,2,4,4,4,4,0,1,A9,-0.92813213,0.5993687222039109,-0.185446959,-0.504486918,0.7208167549080569,4,3,-0.571172707,2.5,0
2217,A0946,9,A,9A,Hindu,Enemies,Enemy5,2,36,F,46,4,3,4,6,4,4,6,4,3,5,5,2,2,NA,2,2,2,3,1,2,1,1,3,1,2,2,1,2,4,3,3,2,1,2,3,2,2,3,4,3,F,Muslim,3,1,3,4,1,2,1,1,2,5,2,4,7,7,1,1,2,2,3,3,1,1,1,3,5,5,6,1,0,A9,-0.92813213,0.5993687222039109,-0.185446959,-0.504486918,0.7208167549080569,4,3,-0.571172707,2.5,0
2218,A0946,9,A,9A,Hindu,Enemies,Enemy6,2,42,F,46,4,3,4,6,4,4,6,4,3,5,5,2,2,NA,2,2,2,3,1,2,1,1,3,1,2,2,1,2,4,3,3,2,1,2,3,2,2,3,4,3,F,Muslim,1,1,2,1,1,1,4,3,1,5,1,4,4,4,1,1,1,1,1,2,1,3,1,6,7,6,7,1,0,A9,-0.92813213,0.5993687222039109,-0.185446959,-0.504486918,0.7208167549080569,4,3,-0.571172707,2.5,0
2219,A0946,9,A,9A,Hindu,Enemies,Enemy7,2,64,F,46,4,3,4,6,4,4,6,4,3,5,5,2,2,NA,2,2,2,3,1,2,1,1,3,1,2,2,1,2,4,3,3,2,1,2,3,2,2,3,4,3,F,Muslim,1,1,1,1,1,1,3,1,1,5,1,4,4,4,1,1,1,2,1,1,1,5,3,6,7,6,7,1,0,A9,-0.92813213,0.5993687222039109,-0.185446959,-0.504486918,0.7208167549080569,4,3,-0.571172707,2.5,0
2220,A0947,9,A,9A,Hindu,Enemies,Enemy1,2,7,F,47,6,5,6,6,7,7,6,6,6,7,6,6,3,NA,2,3,1,2,1,1,1,1,3,1,3,2,1,2,5,4,4,1,1,1,2,1,1,1,5,4,M,NA,NA,NA,NA,NA,NA,NA,NA,NA,NA,NA,NA,NA,NA,NA,NA,NA,NA,NA,NA,NA,NA,NA,NA,NA,NA,NA,NA,0,NA,A9,-0.92813213,0.5993687222039109,-0.185446959,-0.504486918,0.7208167549080569,6,5,-0.571172707,2.5,0
2221,A0947,9,A,9A,Hindu,Enemies,Enemy2,2,19,F,47,6,5,6,6,7,7,6,6,6,7,6,6,3,NA,2,3,1,2,1,1,1,1,3,1,3,2,1,2,5,4,4,1,1,1,2,1,1,1,5,4,M,Muslim,3,1,2,2,1,2,3,1,1,1,1,3,2,2,2,2,2,4,2,2,1,4,3,6,2,5,7,0,0,A9,-0.92813213,0.5993687222039109,-0.185446959,-0.504486918,0.7208167549080569,6,5,-0.571172707,2.5,0
2222,A0947,9,A,9A,Hindu,Enemies,Enemy3,2,21,F,47,6,5,6,6,7,7,6,6,6,7,6,6,3,NA,2,3,1,2,1,1,1,1,3,1,3,2,1,2,5,4,4,1,1,1,2,1,1,1,5,4,M,Hindu,1,1,1,1,2,1,3,1,4,2,2,3,2,2,2,1,1,2,1,2,2,2,1,6,6,7,4,0,1,A9,-0.92813213,0.5993687222039109,-0.185446959,-0.504486918,0.7208167549080569,6,5,-0.571172707,2.5,0
2223,A0947,9,A,9A,Hindu,Enemies,Enemy4,2,27,F,47,6,5,6,6,7,7,6,6,6,7,6,6,3,NA,2,3,1,2,1,1,1,1,3,1,3,2,1,2,5,4,4,1,1,1,2,1,1,1,5,4,M,Hindu,3,1,1,2,3,1,2,1,2,2,2,4,4,4,2,1,1,3,1,1,1,5,2,6,4,7,6,0,1,A9,-0.92813213,0.5993687222039109,-0.185446959,-0.504486918,0.7208167549080569,6,5,-0.571172707,2.5,0
2224,A0947,9,A,9A,Hindu,Enemies,Enemy5,2,33,F,47,6,5,6,6,7,7,6,6,6,7,6,6,3,NA,2,3,1,2,1,1,1,1,3,1,3,2,1,2,5,4,4,1,1,1,2,1,1,1,5,4,M,Hindu,2,1,2,1,1,2,4,1,5,2,2,1,3,1,3,3,2,2,2,2,1,5,2,5,1,7,4,0,1,A9,-0.92813213,0.5993687222039109,-0.185446959,-0.504486918,0.7208167549080569,6,5,-0.571172707,2.5,0
2225,A0947,9,A,9A,Hindu,Enemies,Enemy6,2,59,F,47,6,5,6,6,7,7,6,6,6,7,6,6,3,NA,2,3,1,2,1,1,1,1,3,1,3,2,1,2,5,4,4,1,1,1,2,1,1,1,5,4,F,Muslim,2,1,2,1,1,1,4,1,4,3,2,7,5,5,1,1,1,2,1,1,2,5,3,7,7,5,5,1,0,A9,-0.92813213,0.5993687222039109,-0.185446959,-0.504486918,0.7208167549080569,6,5,-0.571172707,2.5,0
2226,A0947,9,A,9A,Hindu,Enemies,Enemy7,2,63,F,47,6,5,6,6,7,7,6,6,6,7,6,6,3,NA,2,3,1,2,1,1,1,1,3,1,3,2,1,2,5,4,4,1,1,1,2,1,1,1,5,4,F,Hindu,5,5,4,1,3,1,3,1,4,3,2,4,4,4,1,1,1,4,1,2,3,1,1,7,1,5,5,1,1,A9,-0.92813213,0.5993687222039109,-0.185446959,-0.504486918,0.7208167549080569,6,5,-0.571172707,2.5,0
2227,A0948,9,A,9A,Muslim,Enemies,Enemy1,2,36,F,48,4,4,6,6,6,6,6,4,6,4,4,4,NA,Mehdavi,2,2,2,2,1,1,1,2,3,1,1,2,2,2,4,6,6,2,1,1,3,1,2,3,4,3,F,Muslim,3,1,3,4,1,2,1,1,2,5,2,4,7,7,1,1,2,2,3,3,1,1,1,3,5,5,6,1,1,A9,-0.92813213,0.5993687222039109,-0.185446959,-0.504486918,0.7208167549080569,6,4,-0.132628239,2.5,0
2228,A0948,9,A,9A,Muslim,Enemies,Enemy2,2,41,F,48,4,4,6,6,6,6,6,4,6,4,4,4,NA,Mehdavi,2,2,2,2,1,1,1,2,3,1,1,2,2,2,4,6,6,2,1,1,3,1,2,3,4,3,F,Hindu,3,2,2,1,2,1,4,1,5,3,3,3,2,2,1,1,1,1,1,2,2,4,3,4,4,6,6,1,0,A9,-0.92813213,0.5993687222039109,-0.185446959,-0.504486918,0.7208167549080569,6,4,-0.132628239,2.5,0
2229,A0948,9,A,9A,Muslim,Enemies,Enemy3,2,43,F,48,4,4,6,6,6,6,6,4,6,4,4,4,NA,Mehdavi,2,2,2,2,1,1,1,2,3,1,1,2,2,2,4,6,6,2,1,1,3,1,2,3,4,3,F,Muslim,3,2,2,2,1,1,4,1,2,5,2,5,4,5,1,1,1,1,1,1,2,3,3,4,6,5,7,1,1,A9,-0.92813213,0.5993687222039109,-0.185446959,-0.504486918,0.7208167549080569,6,4,-0.132628239,2.5,0
2230,A0948,9,A,9A,Muslim,Enemies,Enemy4,2,54,F,48,4,4,6,6,6,6,6,4,6,4,4,4,NA,Mehdavi,2,2,2,2,1,1,1,2,3,1,1,2,2,2,4,6,6,2,1,1,3,1,2,3,4,3,F,Muslim,2,1,3,2,1,1,3,1,2,2,2,4,4,4,2,1,1,4,1,1,1,3,2,5,7,6,6,1,1,A9,-0.92813213,0.5993687222039109,-0.185446959,-0.504486918,0.7208167549080569,6,4,-0.132628239,2.5,0
2231,A0948,9,A,9A,Muslim,Enemies,Enemy5,2,59,F,48,4,4,6,6,6,6,6,4,6,4,4,4,NA,Mehdavi,2,2,2,2,1,1,1,2,3,1,1,2,2,2,4,6,6,2,1,1,3,1,2,3,4,3,F,Muslim,2,1,2,1,1,1,4,1,4,3,2,7,5,5,1,1,1,2,1,1,2,5,3,7,7,5,5,1,1,A9,-0.92813213,0.5993687222039109,-0.185446959,-0.504486918,0.7208167549080569,6,4,-0.132628239,2.5,0
2232,A0948,9,A,9A,Muslim,Enemies,Enemy6,2,61,F,48,4,4,6,6,6,6,6,4,6,4,4,4,NA,Mehdavi,2,2,2,2,1,1,1,2,3,1,1,2,2,2,4,6,6,2,1,1,3,1,2,3,4,3,F,Muslim,2,1,2,1,2,1,4,2,2,3,2,6,2,2,1,1,1,1,1,2,2,3,3,6,7,7,7,1,1,A9,-0.92813213,0.5993687222039109,-0.185446959,-0.504486918,0.7208167549080569,6,4,-0.132628239,2.5,0
2233,A0948,9,A,9A,Muslim,Enemies,Enemy7,2,63,F,48,4,4,6,6,6,6,6,4,6,4,4,4,NA,Mehdavi,2,2,2,2,1,1,1,2,3,1,1,2,2,2,4,6,6,2,1,1,3,1,2,3,4,3,F,Hindu,5,5,4,1,3,1,3,1,4,3,2,4,4,4,1,1,1,4,1,2,3,1,1,7,1,5,5,1,0,A9,-0.92813213,0.5993687222039109,-0.185446959,-0.504486918,0.7208167549080569,6,4,-0.132628239,2.5,0
2234,A0950,9,A,9A,Muslim,Enemies,Enemy1,2,10,F,50,3,2,6,5,4,4,4,4,4,4,4,2,NA,Alvi vohra,2,2,4,3,1,2,1,1,3,1,1,2,2,2,4,4,4,3,1,1,2,1,2,1,5,4,M,Hindu,1,2,2,2,2,1,3,1,5,2,1,4,6,1,2,1,1,1,1,5,1,4,3,7,4,7,4,0,0,A9,-0.92813213,0.5993687222039109,-0.185446959,-0.504486918,0.7208167549080569,6,2,0.7444606977058776,2.5,0
2235,A0950,9,A,9A,Muslim,Enemies,Enemy2,2,19,F,50,3,2,6,5,4,4,4,4,4,4,4,2,NA,Alvi vohra,2,2,4,3,1,2,1,1,3,1,1,2,2,2,4,4,4,3,1,1,2,1,2,1,5,4,M,Muslim,3,1,2,2,1,2,3,1,1,1,1,3,2,2,2,2,2,4,2,2,1,4,3,6,2,5,7,0,1,A9,-0.92813213,0.5993687222039109,-0.185446959,-0.504486918,0.7208167549080569,6,2,0.7444606977058776,2.5,0
2236,A0950,9,A,9A,Muslim,Enemies,Enemy3,2,28,F,50,3,2,6,5,4,4,4,4,4,4,4,2,NA,Alvi vohra,2,2,4,3,1,2,1,1,3,1,1,2,2,2,4,4,4,3,1,1,2,1,2,1,5,4,M,Hindu,3,1,2,1,3,1,4,2,5,3,2,7,7,7,2,1,1,2,1,1,1,2,2,4,4,4,4,0,0,A9,-0.92813213,0.5993687222039109,-0.185446959,-0.504486918,0.7208167549080569,6,2,0.7444606977058776,2.5,0
2237,A0950,9,A,9A,Muslim,Enemies,Enemy4,2,29,F,50,3,2,6,5,4,4,4,4,4,4,4,2,NA,Alvi vohra,2,2,4,3,1,2,1,1,3,1,1,2,2,2,4,4,4,3,1,1,2,1,2,1,5,4,M,Muslim,4,2,3,3,2,1,3,1,1,2,2,3,2,2,1,1,1,2,2,1,2,4,2,7,7,6,6,0,1,A9,-0.92813213,0.5993687222039109,-0.185446959,-0.504486918,0.7208167549080569,6,2,0.7444606977058776,2.5,0
2238,A0952,9,A,9A,Hindu,Enemies,Enemy1,2,12,F,52,7,6,7,7,7,6,6,7,6,6,4,4,1,NA,2,1,1,2,1,2,1,2,4,1,4,5,1,1,4,4,4,1,1,1,3,1,1,1,5,1,M,other,4,4,3,1,3,2,2,1,1,2,1,4,4,4,2,1,2,3,2,1,1,2,3,7,5,6,6,0,0,A9,-0.92813213,0.5993687222039109,-0.185446959,-0.504486918,0.7208167549080569,7,6,-0.571172707,2.5,1
2239,A0952,9,A,9A,Hindu,Enemies,Enemy2,2,45,F,52,7,6,7,7,7,6,6,7,6,6,4,4,1,NA,2,1,1,2,1,2,1,2,4,1,4,5,1,1,4,4,4,1,1,1,3,1,1,1,5,1,F,Hindu,5,2,5,1,3,1,3,1,4,3,1,4,2,2,2,1,1,4,1,1,1,4,3,4,7,6,4,1,1,A9,-0.92813213,0.5993687222039109,-0.185446959,-0.504486918,0.7208167549080569,7,6,-0.571172707,2.5,1
2240,A0952,9,A,9A,Hindu,Enemies,Enemy3,2,62,F,52,7,6,7,7,7,6,6,7,6,6,4,4,1,NA,2,1,1,2,1,2,1,2,4,1,4,5,1,1,4,4,4,1,1,1,3,1,1,1,5,1,F,Hindu,1,1,1,1,1,1,4,2,5,4,1,4,4,4,1,1,3,4,1,1,2,1,1,7,1,7,2,1,1,A9,-0.92813213,0.5993687222039109,-0.185446959,-0.504486918,0.7208167549080569,7,6,-0.571172707,2.5,1
2241,A0953,9,A,9A,Hindu,Enemies,Enemy1,2,21,F,53,4,5,7,4,7,4,4,4,5,4,4,2,8,NA,2,1,1,1,2,1,2,4,4,1,4,2,1,2,7,7,7,1,1,1,2,1,1,1,2,1,M,Hindu,1,1,1,1,2,1,3,1,4,2,2,3,2,2,2,1,1,2,1,2,2,2,1,6,6,7,4,0,1,A9,-0.92813213,0.5993687222039109,-0.185446959,-0.504486918,0.7208167549080569,7,5,-0.132628239,2.5,3
2242,A0953,9,A,9A,Hindu,Enemies,Enemy2,2,28,F,53,4,5,7,4,7,4,4,4,5,4,4,2,8,NA,2,1,1,1,2,1,2,4,4,1,4,2,1,2,7,7,7,1,1,1,2,1,1,1,2,1,M,Hindu,3,1,2,1,3,1,4,2,5,3,2,7,7,7,2,1,1,2,1,1,1,2,2,4,4,4,4,0,1,A9,-0.92813213,0.5993687222039109,-0.185446959,-0.504486918,0.7208167549080569,7,5,-0.132628239,2.5,3
2243,A0953,9,A,9A,Hindu,Enemies,Enemy3,2,32,F,53,4,5,7,4,7,4,4,4,5,4,4,2,8,NA,2,1,1,1,2,1,2,4,4,1,4,2,1,2,7,7,7,1,1,1,2,1,1,1,2,1,M,Hindu,2,2,3,1,2,1,3,2,4,2,2,6,4,4,2,1,1,4,1,1,1,5,3,7,5,6,6,0,1,A9,-0.92813213,0.5993687222039109,-0.185446959,-0.504486918,0.7208167549080569,7,5,-0.132628239,2.5,3
2244,A0953,9,A,9A,Hindu,Enemies,Enemy4,2,41,F,53,4,5,7,4,7,4,4,4,5,4,4,2,8,NA,2,1,1,1,2,1,2,4,4,1,4,2,1,2,7,7,7,1,1,1,2,1,1,1,2,1,F,Hindu,3,2,2,1,2,1,4,1,5,3,3,3,2,2,1,1,1,1,1,2,2,4,3,4,4,6,6,1,1,A9,-0.92813213,0.5993687222039109,-0.185446959,-0.504486918,0.7208167549080569,7,5,-0.132628239,2.5,3
2245,A0953,9,A,9A,Hindu,Enemies,Enemy5,2,60,F,53,4,5,7,4,7,4,4,4,5,4,4,2,8,NA,2,1,1,1,2,1,2,4,4,1,4,2,1,2,7,7,7,1,1,1,2,1,1,1,2,1,F,Hindu,1,2,3,1,2,1,3,1,5,2,2,4,2,2,1,1,1,2,1,1,1,4,3,NA,NA,7,6,1,1,A9,-0.92813213,0.5993687222039109,-0.185446959,-0.504486918,0.7208167549080569,7,5,-0.132628239,2.5,3
2246,A0953,9,A,9A,Hindu,Enemies,Enemy6,2,63,F,53,4,5,7,4,7,4,4,4,5,4,4,2,8,NA,2,1,1,1,2,1,2,4,4,1,4,2,1,2,7,7,7,1,1,1,2,1,1,1,2,1,F,Hindu,5,5,4,1,3,1,3,1,4,3,2,4,4,4,1,1,1,4,1,2,3,1,1,7,1,5,5,1,1,A9,-0.92813213,0.5993687222039109,-0.185446959,-0.504486918,0.7208167549080569,7,5,-0.132628239,2.5,3
2247,A0953,9,A,9A,Hindu,Enemies,Enemy7,2,64,F,53,4,5,7,4,7,4,4,4,5,4,4,2,8,NA,2,1,1,1,2,1,2,4,4,1,4,2,1,2,7,7,7,1,1,1,2,1,1,1,2,1,F,Muslim,1,1,1,1,1,1,3,1,1,5,1,4,4,4,1,1,1,2,1,1,1,5,3,6,7,6,7,1,0,A9,-0.92813213,0.5993687222039109,-0.185446959,-0.504486918,0.7208167549080569,7,5,-0.132628239,2.5,3
2248,A0954,9,A,9A,Muslim,Enemies,Enemy2,2,10,F,54,6,5,7,6,6,6,6,6,6,6,5,4,7,Alavivohra,2,2,1,3,2,1,1,1,3,1,2,2,2,2,4,4,4,2,1,1,4,1,1,1,3,2,M,Hindu,1,2,2,2,2,1,3,1,5,2,1,4,6,1,2,1,1,1,1,5,1,4,3,7,4,7,4,0,0,A9,-0.92813213,0.5993687222039109,-0.185446959,-0.504486918,0.7208167549080569,7,5,-0.132628239,2.5,0
2249,A0954,9,A,9A,Muslim,Enemies,Enemy3,2,62,F,54,6,5,7,6,6,6,6,6,6,6,5,4,7,Alavivohra,2,2,1,3,2,1,1,1,3,1,2,2,2,2,4,4,4,2,1,1,4,1,1,1,3,2,F,Hindu,1,1,1,1,1,1,4,2,5,4,1,4,4,4,1,1,3,4,1,1,2,1,1,7,1,7,2,1,0,A9,-0.92813213,0.5993687222039109,-0.185446959,-0.504486918,0.7208167549080569,7,5,-0.132628239,2.5,0
2250,A0955,9,A,9A,Hindu,Enemies,Enemy1,2,28,F,55,4,1,1,4,7,6,1,1,1,7,7,4,NA,NA,2,2,1,5,1,2,2,1,4,5,5,4,1,4,4,4,4,1,1,2,1,1,1,1,1,3,M,Hindu,3,1,2,1,3,1,4,2,5,3,2,7,7,7,2,1,1,2,1,1,1,2,2,4,4,4,4,0,1,A9,-0.92813213,0.5993687222039109,-0.185446959,-0.504486918,0.7208167549080569,1,1,-1.009717175,2.5,1
2251,A0955,9,A,9A,Hindu,Enemies,Enemy2,2,36,F,55,4,1,1,4,7,6,1,1,1,7,7,4,NA,NA,2,2,1,5,1,2,2,1,4,5,5,4,1,4,4,4,4,1,1,2,1,1,1,1,1,3,F,Muslim,3,1,3,4,1,2,1,1,2,5,2,4,7,7,1,1,2,2,3,3,1,1,1,3,5,5,6,1,0,A9,-0.92813213,0.5993687222039109,-0.185446959,-0.504486918,0.7208167549080569,1,1,-1.009717175,2.5,1
2252,A0955,9,A,9A,Hindu,Enemies,Enemy3,2,41,F,55,4,1,1,4,7,6,1,1,1,7,7,4,NA,NA,2,2,1,5,1,2,2,1,4,5,5,4,1,4,4,4,4,1,1,2,1,1,1,1,1,3,F,Hindu,3,2,2,1,2,1,4,1,5,3,3,3,2,2,1,1,1,1,1,2,2,4,3,4,4,6,6,1,1,A9,-0.92813213,0.5993687222039109,-0.185446959,-0.504486918,0.7208167549080569,1,1,-1.009717175,2.5,1
2253,A0955,9,A,9A,Hindu,Enemies,Enemy4,2,43,F,55,4,1,1,4,7,6,1,1,1,7,7,4,NA,NA,2,2,1,5,1,2,2,1,4,5,5,4,1,4,4,4,4,1,1,2,1,1,1,1,1,3,F,Muslim,3,2,2,2,1,1,4,1,2,5,2,5,4,5,1,1,1,1,1,1,2,3,3,4,6,5,7,1,0,A9,-0.92813213,0.5993687222039109,-0.185446959,-0.504486918,0.7208167549080569,1,1,-1.009717175,2.5,1
2254,A0955,9,A,9A,Hindu,Enemies,Enemy5,2,49,F,55,4,1,1,4,7,6,1,1,1,7,7,4,NA,NA,2,2,1,5,1,2,2,1,4,5,5,4,1,4,4,4,4,1,1,2,1,1,1,1,1,3,F,Hindu,3,3,3,1,2,2,3,2,2,3,2,3,2,2,1,1,1,3,2,1,2,5,3,5,5,5,4,1,1,A9,-0.92813213,0.5993687222039109,-0.185446959,-0.504486918,0.7208167549080569,1,1,-1.009717175,2.5,1
2255,A0955,9,A,9A,Hindu,Enemies,Enemy6,2,57,F,55,4,1,1,4,7,6,1,1,1,7,7,4,NA,NA,2,2,1,5,1,2,2,1,4,5,5,4,1,4,4,4,4,1,1,2,1,1,1,1,1,3,F,Muslim,3,2,3,1,2,1,3,1,1,5,3,4,3,3,2,1,2,2,1,1,1,5,3,4,6,6,6,1,0,A9,-0.92813213,0.5993687222039109,-0.185446959,-0.504486918,0.7208167549080569,1,1,-1.009717175,2.5,1
2256,A0955,9,A,9A,Hindu,Enemies,Enemy7,2,63,F,55,4,1,1,4,7,6,1,1,1,7,7,4,NA,NA,2,2,1,5,1,2,2,1,4,5,5,4,1,4,4,4,4,1,1,2,1,1,1,1,1,3,F,Hindu,5,5,4,1,3,1,3,1,4,3,2,4,4,4,1,1,1,4,1,2,3,1,1,7,1,5,5,1,1,A9,-0.92813213,0.5993687222039109,-0.185446959,-0.504486918,0.7208167549080569,1,1,-1.009717175,2.5,1
2257,A0956,9,A,9A,Hindu,Enemies,Enemy1,2,42,F,56,4,6,6,2,6,5,5,4,5,4,4,4,1,NA,2,3,3,3,1,4,2,4,3,4,5,4,1,2,4,4,4,1,1,1,3,1,1,4,4,3,F,Muslim,1,1,2,1,1,1,4,3,1,5,1,4,4,4,1,1,1,1,1,2,1,3,1,6,7,6,7,1,0,A9,-0.92813213,0.5993687222039109,-0.185446959,-0.504486918,0.7208167549080569,6,6,-1.009717175,2.5,1
2258,A0956,9,A,9A,Hindu,Enemies,Enemy2,2,58,F,56,4,6,6,2,6,5,5,4,5,4,4,4,1,NA,2,3,3,3,1,4,2,4,3,4,5,4,1,2,4,4,4,1,1,1,3,1,1,4,4,3,F,Hindu,2,2,2,1,1,1,3,1,4,1,3,4,4,4,1,1,1,2,1,2,1,5,4,6,7,6,6,1,1,A9,-0.92813213,0.5993687222039109,-0.185446959,-0.504486918,0.7208167549080569,6,6,-1.009717175,2.5,1
2259,A0957,9,A,9A,Muslim,Enemies,Enemy1,2,3,F,57,5,4,6,5,6,6,6,4,6,4,6,4,NA,PATNISUNNI,2,3,2,3,1,2,1,2,3,1,1,5,2,3,4,3,3,2,1,2,2,1,1,1,5,3,M,Muslim,1,1,NA,1,1,1,3,1,1,3,1,4,3,3,3,1,1,2,2,2,1,2,2,5,4,4,7,0,1,A9,-0.92813213,0.5993687222039109,-0.185446959,-0.504486918,0.7208167549080569,6,4,-0.132628239,2.5,0
2260,A0957,9,A,9A,Muslim,Enemies,Enemy2,2,17,F,57,5,4,6,5,6,6,6,4,6,4,6,4,NA,PATNISUNNI,2,3,2,3,1,2,1,2,3,1,1,5,2,3,4,3,3,2,1,2,2,1,1,1,5,3,M,Muslim,1,1,1,2,2,1,4,1,1,1,1,4,1,7,1,1,1,2,1,1,1,5,5,7,7,6,7,0,1,A9,-0.92813213,0.5993687222039109,-0.185446959,-0.504486918,0.7208167549080569,6,4,-0.132628239,2.5,0
2261,A0957,9,A,9A,Muslim,Enemies,Enemy3,2,19,F,57,5,4,6,5,6,6,6,4,6,4,6,4,NA,PATNISUNNI,2,3,2,3,1,2,1,2,3,1,1,5,2,3,4,3,3,2,1,2,2,1,1,1,5,3,M,Muslim,3,1,2,2,1,2,3,1,1,1,1,3,2,2,2,2,2,4,2,2,1,4,3,6,2,5,7,0,1,A9,-0.92813213,0.5993687222039109,-0.185446959,-0.504486918,0.7208167549080569,6,4,-0.132628239,2.5,0
2262,A0957,9,A,9A,Muslim,Enemies,Enemy4,2,36,F,57,5,4,6,5,6,6,6,4,6,4,6,4,NA,PATNISUNNI,2,3,2,3,1,2,1,2,3,1,1,5,2,3,4,3,3,2,1,2,2,1,1,1,5,3,F,Muslim,3,1,3,4,1,2,1,1,2,5,2,4,7,7,1,1,2,2,3,3,1,1,1,3,5,5,6,1,1,A9,-0.92813213,0.5993687222039109,-0.185446959,-0.504486918,0.7208167549080569,6,4,-0.132628239,2.5,0
2263,A0957,9,A,9A,Muslim,Enemies,Enemy5,2,42,F,57,5,4,6,5,6,6,6,4,6,4,6,4,NA,PATNISUNNI,2,3,2,3,1,2,1,2,3,1,1,5,2,3,4,3,3,2,1,2,2,1,1,1,5,3,F,Muslim,1,1,2,1,1,1,4,3,1,5,1,4,4,4,1,1,1,1,1,2,1,3,1,6,7,6,7,1,1,A9,-0.92813213,0.5993687222039109,-0.185446959,-0.504486918,0.7208167549080569,6,4,-0.132628239,2.5,0
2264,A0957,9,A,9A,Muslim,Enemies,Enemy6,2,64,F,57,5,4,6,5,6,6,6,4,6,4,6,4,NA,PATNISUNNI,2,3,2,3,1,2,1,2,3,1,1,5,2,3,4,3,3,2,1,2,2,1,1,1,5,3,F,Muslim,1,1,1,1,1,1,3,1,1,5,1,4,4,4,1,1,1,2,1,1,1,5,3,6,7,6,7,1,1,A9,-0.92813213,0.5993687222039109,-0.185446959,-0.504486918,0.7208167549080569,6,4,-0.132628239,2.5,0
2265,A0958,9,A,9A,Hindu,Enemies,Enemy1,2,27,F,58,5,6,7,6,6,6,6,6,6,7,6,5,2,NA,2,2,2,2,1,1,1,4,3,1,4,1,1,3,4,4,4,1,1,1,2,1,2,1,5,4,M,Hindu,3,1,1,2,3,1,2,1,2,2,2,4,4,4,2,1,1,3,1,1,1,5,2,6,4,7,6,0,1,A9,-0.92813213,0.5993687222039109,-0.185446959,-0.504486918,0.7208167549080569,7,6,-0.571172707,2.5,0
2266,A0958,9,A,9A,Hindu,Enemies,Enemy2,2,44,F,58,5,6,7,6,6,6,6,6,6,7,6,5,2,NA,2,2,2,2,1,1,1,4,3,1,4,1,1,3,4,4,4,1,1,1,2,1,2,1,5,4,F,Hindu,5,2,4,1,3,1,4,1,5,2,2,5,4,4,3,1,1,5,1,1,2,3,2,3,5,7,7,1,1,A9,-0.92813213,0.5993687222039109,-0.185446959,-0.504486918,0.7208167549080569,7,6,-0.571172707,2.5,0
2267,A0961,9,A,9A,Muslim,Enemies,Enemy1,2,3,F,61,6,6,7,6,7,7,7,7,7,7,7,6,7,Alvivohra,2,2,1,2,1,2,1,1,4,2,2,3,2,2,6,2,2,1,1,1,1,1,2,2,3,3,M,Muslim,1,1,NA,1,1,1,3,1,1,3,1,4,3,3,3,1,1,2,2,2,1,2,2,5,4,4,7,0,1,A9,-0.92813213,0.5993687222039109,-0.185446959,-0.504486918,0.7208167549080569,7,6,-0.571172707,2.5,0
2268,A0961,9,A,9A,Muslim,Enemies,Enemy2,2,13,F,61,6,6,7,6,7,7,7,7,7,7,7,6,7,Alvivohra,2,2,1,2,1,2,1,1,4,2,2,3,2,2,6,2,2,1,1,1,1,1,2,2,3,3,M,Muslim,1,1,1,1,1,1,3,1,1,2,1,4,4,4,2,1,1,3,1,1,1,5,3,4,4,4,4,0,1,A9,-0.92813213,0.5993687222039109,-0.185446959,-0.504486918,0.7208167549080569,7,6,-0.571172707,2.5,0
2269,A0961,9,A,9A,Muslim,Enemies,Enemy3,2,19,F,61,6,6,7,6,7,7,7,7,7,7,7,6,7,Alvivohra,2,2,1,2,1,2,1,1,4,2,2,3,2,2,6,2,2,1,1,1,1,1,2,2,3,3,M,Muslim,3,1,2,2,1,2,3,1,1,1,1,3,2,2,2,2,2,4,2,2,1,4,3,6,2,5,7,0,1,A9,-0.92813213,0.5993687222039109,-0.185446959,-0.504486918,0.7208167549080569,7,6,-0.571172707,2.5,0
2270,A0961,9,A,9A,Muslim,Enemies,Enemy4,2,48,F,61,6,6,7,6,7,7,7,7,7,7,7,6,7,Alvivohra,2,2,1,2,1,2,1,1,4,2,2,3,2,2,6,2,2,1,1,1,1,1,2,2,3,3,F,Muslim,2,2,2,1,1,1,3,1,1,2,2,4,6,6,2,1,1,3,1,2,3,4,3,4,6,6,6,1,1,A9,-0.92813213,0.5993687222039109,-0.185446959,-0.504486918,0.7208167549080569,7,6,-0.571172707,2.5,0
2271,A0962,9,A,9A,Hindu,Enemies,Enemy1,2,4,F,62,4,7,1,6,7,2,6,6,4,7,5,4,1,NA,2,1,1,1,1,1,1,2,4,2,5,4,1,1,4,4,4,1,1,3,4,1,1,2,1,1,M,Hindu,2,1,2,1,2,1,4,1,4,2,1,4,2,2,1,1,1,2,1,1,1,5,5,7,7,7,6,0,1,A9,-0.92813213,0.5993687222039109,-0.185446959,-0.504486918,0.7208167549080569,1,7,-3.640983984,2.5,5
2272,A0962,9,A,9A,Hindu,Enemies,Enemy2,2,12,F,62,4,7,1,6,7,2,6,6,4,7,5,4,1,NA,2,1,1,1,1,1,1,2,4,2,5,4,1,1,4,4,4,1,1,3,4,1,1,2,1,1,M,other,4,4,3,1,3,2,2,1,1,2,1,4,4,4,2,1,2,3,2,1,1,2,3,7,5,6,6,0,0,A9,-0.92813213,0.5993687222039109,-0.185446959,-0.504486918,0.7208167549080569,1,7,-3.640983984,2.5,5
2273,A0962,9,A,9A,Hindu,Enemies,Enemy3,2,28,F,62,4,7,1,6,7,2,6,6,4,7,5,4,1,NA,2,1,1,1,1,1,1,2,4,2,5,4,1,1,4,4,4,1,1,3,4,1,1,2,1,1,M,Hindu,3,1,2,1,3,1,4,2,5,3,2,7,7,7,2,1,1,2,1,1,1,2,2,4,4,4,4,0,1,A9,-0.92813213,0.5993687222039109,-0.185446959,-0.504486918,0.7208167549080569,1,7,-3.640983984,2.5,5
2274,A0962,9,A,9A,Hindu,Enemies,Enemy4,2,32,F,62,4,7,1,6,7,2,6,6,4,7,5,4,1,NA,2,1,1,1,1,1,1,2,4,2,5,4,1,1,4,4,4,1,1,3,4,1,1,2,1,1,M,Hindu,2,2,3,1,2,1,3,2,4,2,2,6,4,4,2,1,1,4,1,1,1,5,3,7,5,6,6,0,1,A9,-0.92813213,0.5993687222039109,-0.185446959,-0.504486918,0.7208167549080569,1,7,-3.640983984,2.5,5
2275,A0962,9,A,9A,Hindu,Enemies,Enemy5,2,63,F,62,4,7,1,6,7,2,6,6,4,7,5,4,1,NA,2,1,1,1,1,1,1,2,4,2,5,4,1,1,4,4,4,1,1,3,4,1,1,2,1,1,F,Hindu,5,5,4,1,3,1,3,1,4,3,2,4,4,4,1,1,1,4,1,2,3,1,1,7,1,5,5,1,1,A9,-0.92813213,0.5993687222039109,-0.185446959,-0.504486918,0.7208167549080569,1,7,-3.640983984,2.5,5
2276,A0963,9,A,9A,Hindu,Enemies,Enemy1,2,12,F,63,3,7,1,3,5,5,6,6,6,6,6,2,7,punjabi,2,5,5,4,1,3,1,2,3,1,4,3,1,2,4,4,4,1,1,1,4,1,2,3,1,1,M,other,4,4,3,1,3,2,2,1,1,2,1,4,4,4,2,1,2,3,2,1,1,2,3,7,5,6,6,0,0,A9,-0.92813213,0.5993687222039109,-0.185446959,-0.504486918,0.7208167549080569,1,7,-3.640983984,2.5,0
2277,A0963,9,A,9A,Hindu,Enemies,Enemy2,2,19,F,63,3,7,1,3,5,5,6,6,6,6,6,2,7,punjabi,2,5,5,4,1,3,1,2,3,1,4,3,1,2,4,4,4,1,1,1,4,1,2,3,1,1,M,Muslim,3,1,2,2,1,2,3,1,1,1,1,3,2,2,2,2,2,4,2,2,1,4,3,6,2,5,7,0,0,A9,-0.92813213,0.5993687222039109,-0.185446959,-0.504486918,0.7208167549080569,1,7,-3.640983984,2.5,0
2278,A0963,9,A,9A,Hindu,Enemies,Enemy3,2,49,F,63,3,7,1,3,5,5,6,6,6,6,6,2,7,punjabi,2,5,5,4,1,3,1,2,3,1,4,3,1,2,4,4,4,1,1,1,4,1,2,3,1,1,F,Hindu,3,3,3,1,2,2,3,2,2,3,2,3,2,2,1,1,1,3,2,1,2,5,3,5,5,5,4,1,1,A9,-0.92813213,0.5993687222039109,-0.185446959,-0.504486918,0.7208167549080569,1,7,-3.640983984,2.5,0
2279,A0963,9,A,9A,Hindu,Enemies,Enemy4,2,60,F,63,3,7,1,3,5,5,6,6,6,6,6,2,7,punjabi,2,5,5,4,1,3,1,2,3,1,4,3,1,2,4,4,4,1,1,1,4,1,2,3,1,1,F,Hindu,1,2,3,1,2,1,3,1,5,2,2,4,2,2,1,1,1,2,1,1,1,4,3,NA,NA,7,6,1,1,A9,-0.92813213,0.5993687222039109,-0.185446959,-0.504486918,0.7208167549080569,1,7,-3.640983984,2.5,0
2280,A0963,9,A,9A,Hindu,Enemies,Enemy5,2,64,F,63,3,7,1,3,5,5,6,6,6,6,6,2,7,punjabi,2,5,5,4,1,3,1,2,3,1,4,3,1,2,4,4,4,1,1,1,4,1,2,3,1,1,F,Muslim,1,1,1,1,1,1,3,1,1,5,1,4,4,4,1,1,1,2,1,1,1,5,3,6,7,6,7,1,0,A9,-0.92813213,0.5993687222039109,-0.185446959,-0.504486918,0.7208167549080569,1,7,-3.640983984,2.5,0
2281,A0964,9,A,9A,Muslim,Enemies,Enemy1,2,63,F,64,4,6,7,5,6,7,7,6,6,7,6,4,7,SUNNI MUSLIM,2,1,1,1,1,1,1,1,3,1,1,5,2,1,4,4,4,1,1,1,2,1,1,1,5,3,F,Hindu,5,5,4,1,3,1,3,1,4,3,2,4,4,4,1,1,1,4,1,2,3,1,1,7,1,5,5,1,0,A9,-0.92813213,0.5993687222039109,-0.185446959,-0.504486918,0.7208167549080569,7,6,-0.571172707,2.5,1
2282,B0901,9,B,9B,Hindu,Enemies,Enemy1,2,19,M,1,4,7,6,4,7,3,7,6,2,3,6,5,8,NA,1,2,1,3,1,1,2,2,1,2,5,2,1,2,5,4,4,1,1,1,2,1,1,2,2,2,M,Muslim,NA,3,4,3,2,2,2,1,1,3,2,4,2,4,1,3,5,3,1,1,3,4,5,3,3,6,6,1,0,B9,0.394193193,-1.086206166,-0.239484483,0.44008433233231753,0.7208167549080569,7,6,-0.571172707,2.5,4
2283,B0901,9,B,9B,Hindu,Enemies,Enemy2,2,28,M,1,4,7,6,4,7,3,7,6,2,3,6,5,8,NA,1,2,1,3,1,1,2,2,1,2,5,2,1,2,5,4,4,1,1,1,2,1,1,2,2,2,M,Hindu,2,1,1,1,1,1,1,1,2,1,3,5,4,4,2,1,1,3,1,1,1,5,3,7,6,7,6,1,1,B9,0.394193193,-1.086206166,-0.239484483,0.44008433233231753,0.7208167549080569,7,6,-0.571172707,2.5,4
2284,B0901,9,B,9B,Hindu,Enemies,Enemy3,2,32,M,1,4,7,6,4,7,3,7,6,2,3,6,5,8,NA,1,2,1,3,1,1,2,2,1,2,5,2,1,2,5,4,4,1,1,1,2,1,1,2,2,2,M,Hindu,2,3,2,3,3,2,3,1,1,2,2,4,3,3,1,1,1,5,1,1,1,5,2,6,7,6,6,1,1,B9,0.394193193,-1.086206166,-0.239484483,0.44008433233231753,0.7208167549080569,7,6,-0.571172707,2.5,4
2285,B0901,9,B,9B,Hindu,Enemies,Enemy4,2,40,M,1,4,7,6,4,7,3,7,6,2,3,6,5,8,NA,1,2,1,3,1,1,2,2,1,2,5,2,1,2,5,4,4,1,1,1,2,1,1,2,2,2,M,other,1,1,1,1,1,1,3,1,1,3,NA,4,4,4,3,5,5,2,1,3,4,2,1,NA,1,NA,7,1,0,B9,0.394193193,-1.086206166,-0.239484483,0.44008433233231753,0.7208167549080569,7,6,-0.571172707,2.5,4
2286,B0902,9,B,9B,Muslim,Enemies,Enemy1,2,35,M,2,7,7,7,1,7,7,6,7,4,1,7,7,NA,MUSLIM,1,1,1,1,2,1,3,2,4,1,1,1,2,1,4,4,4,1,1,1,3,3,2,1,5,1,M,Muslim,1,1,1,1,1,1,3,1,1,1,1,4,4,5,1,1,1,1,1,1,1,1,1,6,6,6,7,1,1,B9,0.394193193,-1.086206166,-0.239484483,0.44008433233231753,0.7208167549080569,7,7,-1.009717175,2.5,0
2287,B0902,9,B,9B,Muslim,Enemies,Enemy2,2,43,M,2,7,7,7,1,7,7,6,7,4,1,7,7,NA,MUSLIM,1,1,1,1,2,1,3,2,4,1,1,1,2,1,4,4,4,1,1,1,3,3,2,1,5,1,M,Hindu,2,1,2,2,2,1,1,2,5,2,2,4,4,4,1,1,1,2,1,1,1,5,2,7,7,1,6,1,0,B9,0.394193193,-1.086206166,-0.239484483,0.44008433233231753,0.7208167549080569,7,7,-1.009717175,2.5,0
2288,B0902,9,B,9B,Muslim,Enemies,Enemy3,2,48,M,2,7,7,7,1,7,7,6,7,4,1,7,7,NA,MUSLIM,1,1,1,1,2,1,3,2,4,1,1,1,2,1,4,4,4,1,1,1,3,3,2,1,5,1,F,Muslim,1,1,2,5,2,1,4,1,1,2,1,4,4,4,1,1,1,3,1,2,1,3,1,5,6,6,6,0,1,B9,0.394193193,-1.086206166,-0.239484483,0.44008433233231753,0.7208167549080569,7,7,-1.009717175,2.5,0
2289,B0902,9,B,9B,Muslim,Enemies,Enemy4,2,50,M,2,7,7,7,1,7,7,6,7,4,1,7,7,NA,MUSLIM,1,1,1,1,2,1,3,2,4,1,1,1,2,1,4,4,4,1,1,1,3,3,2,1,5,1,F,Muslim,1,2,3,2,1,2,4,1,1,2,2,4,3,3,1,1,1,2,1,2,1,5,2,4,7,6,7,0,1,B9,0.394193193,-1.086206166,-0.239484483,0.44008433233231753,0.7208167549080569,7,7,-1.009717175,2.5,0
2290,B0902,9,B,9B,Muslim,Enemies,Enemy5,2,56,M,2,7,7,7,1,7,7,6,7,4,1,7,7,NA,MUSLIM,1,1,1,1,2,1,3,2,4,1,1,1,2,1,4,4,4,1,1,1,3,3,2,1,5,1,F,Hindu,1,1,2,2,1,1,4,1,5,4,3,4,4,1,1,1,1,4,1,3,1,1,1,7,7,7,4,0,0,B9,0.394193193,-1.086206166,-0.239484483,0.44008433233231753,0.7208167549080569,7,7,-1.009717175,2.5,0
2291,B0902,9,B,9B,Muslim,Enemies,Enemy6,2,61,M,2,7,7,7,1,7,7,6,7,4,1,7,7,NA,MUSLIM,1,1,1,1,2,1,3,2,4,1,1,1,2,1,4,4,4,1,1,1,3,3,2,1,5,1,F,Hindu,2,2,2,1,2,1,3,1,2,2,2,4,4,4,1,1,1,3,1,1,1,5,5,5,7,6,6,0,0,B9,0.394193193,-1.086206166,-0.239484483,0.44008433233231753,0.7208167549080569,7,7,-1.009717175,2.5,0
2292,B0902,9,B,9B,Muslim,Enemies,Enemy7,2,68,M,2,7,7,7,1,7,7,6,7,4,1,7,7,NA,MUSLIM,1,1,1,1,2,1,3,2,4,1,1,1,2,1,4,4,4,1,1,1,3,3,2,1,5,1,F,Muslim,1,1,1,1,2,1,4,1,1,5,1,5,4,6,1,1,1,3,2,2,1,4,2,6,7,6,7,0,1,B9,0.394193193,-1.086206166,-0.239484483,0.44008433233231753,0.7208167549080569,7,7,-1.009717175,2.5,0
2293,B0903,9,B,9B,Hindu,Enemies,Enemy1,2,61,M,3,4,7,7,4,7,6,7,7,7,7,7,4,1,NA,1,2,1,2,3,1,1,1,4,2,2,3,1,2,5,7,4,1,1,1,3,1,1,1,5,3,F,Hindu,2,2,2,1,2,1,3,1,2,2,2,4,4,4,1,1,1,3,1,1,1,5,5,5,7,6,6,0,1,B9,0.394193193,-1.086206166,-0.239484483,0.44008433233231753,0.7208167549080569,7,7,-1.009717175,2.5,1
2294,B0904,9,B,9B,Hindu,Enemies,Enemy1,2,5,M,4,4,7,5,2,7,6,7,2,6,3,4,6,7,Patidan,1,1,1,1,1,2,1,1,4,2,5,4,1,2,4,4,4,2,1,1,1,3,1,1,1,1,M,NA,NA,NA,NA,NA,NA,NA,NA,NA,NA,NA,NA,NA,NA,NA,NA,NA,NA,NA,NA,NA,NA,NA,NA,NA,NA,NA,NA,1,NA,B9,0.394193193,-1.086206166,-0.239484483,0.44008433233231753,0.7208167549080569,7,5,-0.132628239,2.5,1
2295,B0904,9,B,9B,Hindu,Enemies,Enemy2,2,8,M,4,4,7,5,2,7,6,7,2,6,3,4,6,7,Patidan,1,1,1,1,1,2,1,1,4,2,5,4,1,2,4,4,4,2,1,1,1,3,1,1,1,1,M,Hindu,3,2,2,4,3,2,4,1,4,1,2,4,4,4,1,1,1,1,1,4,1,5,4,6,6,6,6,1,1,B9,0.394193193,-1.086206166,-0.239484483,0.44008433233231753,0.7208167549080569,7,5,-0.132628239,2.5,1
2296,B0904,9,B,9B,Hindu,Enemies,Enemy3,2,18,M,4,4,7,5,2,7,6,7,2,6,3,4,6,7,Patidan,1,1,1,1,1,2,1,1,4,2,5,4,1,2,4,4,4,2,1,1,1,3,1,1,1,1,M,Muslim,1,3,3,3,1,3,4,1,1,1,1,4,4,4,1,2,1,3,2,5,1,5,3,4,4,4,1,1,0,B9,0.394193193,-1.086206166,-0.239484483,0.44008433233231753,0.7208167549080569,7,5,-0.132628239,2.5,1
2297,B0904,9,B,9B,Hindu,Enemies,Enemy4,2,19,M,4,4,7,5,2,7,6,7,2,6,3,4,6,7,Patidan,1,1,1,1,1,2,1,1,4,2,5,4,1,2,4,4,4,2,1,1,1,3,1,1,1,1,M,Muslim,NA,3,4,3,2,2,2,1,1,3,2,4,2,4,1,3,5,3,1,1,3,4,5,3,3,6,6,1,0,B9,0.394193193,-1.086206166,-0.239484483,0.44008433233231753,0.7208167549080569,7,5,-0.132628239,2.5,1
2298,B0904,9,B,9B,Hindu,Enemies,Enemy5,2,22,M,4,4,7,5,2,7,6,7,2,6,3,4,6,7,Patidan,1,1,1,1,1,2,1,1,4,2,5,4,1,2,4,4,4,2,1,1,1,3,1,1,1,1,M,Muslim,5,5,5,5,1,1,3,5,2,3,3,7,7,7,5,2,1,3,1,5,1,5,4,7,7,2,7,1,0,B9,0.394193193,-1.086206166,-0.239484483,0.44008433233231753,0.7208167549080569,7,5,-0.132628239,2.5,1
2299,B0904,9,B,9B,Hindu,Enemies,Enemy6,2,32,M,4,4,7,5,2,7,6,7,2,6,3,4,6,7,Patidan,1,1,1,1,1,2,1,1,4,2,5,4,1,2,4,4,4,2,1,1,1,3,1,1,1,1,M,Hindu,2,3,2,3,3,2,3,1,1,2,2,4,3,3,1,1,1,5,1,1,1,5,2,6,7,6,6,1,1,B9,0.394193193,-1.086206166,-0.239484483,0.44008433233231753,0.7208167549080569,7,5,-0.132628239,2.5,1
2300,B0904,9,B,9B,Hindu,Enemies,Enemy7,2,40,M,4,4,7,5,2,7,6,7,2,6,3,4,6,7,Patidan,1,1,1,1,1,2,1,1,4,2,5,4,1,2,4,4,4,2,1,1,1,3,1,1,1,1,M,other,1,1,1,1,1,1,3,1,1,3,NA,4,4,4,3,5,5,2,1,3,4,2,1,NA,1,NA,7,1,0,B9,0.394193193,-1.086206166,-0.239484483,0.44008433233231753,0.7208167549080569,7,5,-0.132628239,2.5,1
2301,B0907,9,B,9B,Hindu,Enemies,Enemy1,2,5,M,7,4,6,6,4,7,6,4,6,4,5,5,5,1,NA,1,1,1,1,3,1,1,1,3,2,5,1,1,1,4,7,5,2,1,1,3,1,1,1,5,3,M,NA,NA,NA,NA,NA,NA,NA,NA,NA,NA,NA,NA,NA,NA,NA,NA,NA,NA,NA,NA,NA,NA,NA,NA,NA,NA,NA,NA,1,NA,B9,0.394193193,-1.086206166,-0.239484483,0.44008433233231753,0.7208167549080569,6,6,-1.009717175,2.5,1
2302,B0907,9,B,9B,Hindu,Enemies,Enemy2,2,19,M,7,4,6,6,4,7,6,4,6,4,5,5,5,1,NA,1,1,1,1,3,1,1,1,3,2,5,1,1,1,4,7,5,2,1,1,3,1,1,1,5,3,M,Muslim,NA,3,4,3,2,2,2,1,1,3,2,4,2,4,1,3,5,3,1,1,3,4,5,3,3,6,6,1,0,B9,0.394193193,-1.086206166,-0.239484483,0.44008433233231753,0.7208167549080569,6,6,-1.009717175,2.5,1
2303,B0907,9,B,9B,Hindu,Enemies,Enemy3,2,22,M,7,4,6,6,4,7,6,4,6,4,5,5,5,1,NA,1,1,1,1,3,1,1,1,3,2,5,1,1,1,4,7,5,2,1,1,3,1,1,1,5,3,M,Muslim,5,5,5,5,1,1,3,5,2,3,3,7,7,7,5,2,1,3,1,5,1,5,4,7,7,2,7,1,0,B9,0.394193193,-1.086206166,-0.239484483,0.44008433233231753,0.7208167549080569,6,6,-1.009717175,2.5,1
2304,B0907,9,B,9B,Hindu,Enemies,Enemy4,2,39,M,7,4,6,6,4,7,6,4,6,4,5,5,5,1,NA,1,1,1,1,3,1,1,1,3,2,5,1,1,1,4,7,5,2,1,1,3,1,1,1,5,3,M,Hindu,NA,NA,NA,NA,NA,NA,NA,1,NA,2,2,4,5,4,1,1,1,2,1,1,1,2,2,NA,NA,NA,NA,1,1,B9,0.394193193,-1.086206166,-0.239484483,0.44008433233231753,0.7208167549080569,6,6,-1.009717175,2.5,1
2305,B0907,9,B,9B,Hindu,Enemies,Enemy5,2,40,M,7,4,6,6,4,7,6,4,6,4,5,5,5,1,NA,1,1,1,1,3,1,1,1,3,2,5,1,1,1,4,7,5,2,1,1,3,1,1,1,5,3,M,other,1,1,1,1,1,1,3,1,1,3,NA,4,4,4,3,5,5,2,1,3,4,2,1,NA,1,NA,7,1,0,B9,0.394193193,-1.086206166,-0.239484483,0.44008433233231753,0.7208167549080569,6,6,-1.009717175,2.5,1
2306,B0907,9,B,9B,Hindu,Enemies,Enemy6,2,45,M,7,4,6,6,4,7,6,4,6,4,5,5,5,1,NA,1,1,1,1,3,1,1,1,3,2,5,1,1,1,4,7,5,2,1,1,3,1,1,1,5,3,F,Hindu,1,1,1,2,1,1,4,1,5,3,2,4,4,4,1,1,1,1,1,1,1,2,3,6,7,7,6,0,1,B9,0.394193193,-1.086206166,-0.239484483,0.44008433233231753,0.7208167549080569,6,6,-1.009717175,2.5,1
2307,B0907,9,B,9B,Hindu,Enemies,Enemy7,2,47,M,7,4,6,6,4,7,6,4,6,4,5,5,5,1,NA,1,1,1,1,3,1,1,1,3,2,5,1,1,1,4,7,5,2,1,1,3,1,1,1,5,3,F,Muslim,1,1,1,2,1,2,4,1,1,1,2,4,3,3,3,1,1,1,1,1,1,5,3,1,6,4,7,0,0,B9,0.394193193,-1.086206166,-0.239484483,0.44008433233231753,0.7208167549080569,6,6,-1.009717175,2.5,1
2308,B0909,9,B,9B,other,Enemies,Enemy1,2,8,M,9,4,3,7,6,7,3,NA,7,5,6,3,4,2,NA,1,5,1,2,3,1,3,2,1,1,5,3,3,4,4,7,4,1,1,1,5,5,1,1,3,2,M,Hindu,3,2,2,4,3,2,4,1,4,1,2,4,4,4,1,1,1,1,1,4,1,5,4,6,6,6,6,1,0,B9,0.394193193,-1.086206166,-0.239484483,0.44008433233231753,0.7208167549080569,3,7,-2.763895048,2.5,-4
2309,B0909,9,B,9B,other,Enemies,Enemy2,2,14,M,9,4,3,7,6,7,3,NA,7,5,6,3,4,2,NA,1,5,1,2,3,1,3,2,1,1,5,3,3,4,4,7,4,1,1,1,5,5,1,1,3,2,M,Muslim,1,1,2,NA,1,3,4,1,1,1,1,4,2,4,1,3,1,3,1,2,1,5,1,6,6,NA,7,1,0,B9,0.394193193,-1.086206166,-0.239484483,0.44008433233231753,0.7208167549080569,3,7,-2.763895048,2.5,-4
2310,B0909,9,B,9B,other,Enemies,Enemy3,2,19,M,9,4,3,7,6,7,3,NA,7,5,6,3,4,2,NA,1,5,1,2,3,1,3,2,1,1,5,3,3,4,4,7,4,1,1,1,5,5,1,1,3,2,M,Muslim,NA,3,4,3,2,2,2,1,1,3,2,4,2,4,1,3,5,3,1,1,3,4,5,3,3,6,6,1,0,B9,0.394193193,-1.086206166,-0.239484483,0.44008433233231753,0.7208167549080569,3,7,-2.763895048,2.5,-4
2311,B0909,9,B,9B,other,Enemies,Enemy4,2,25,M,9,4,3,7,6,7,3,NA,7,5,6,3,4,2,NA,1,5,1,2,3,1,3,2,1,1,5,3,3,4,4,7,4,1,1,1,5,5,1,1,3,2,M,Hindu,1,1,1,1,1,1,3,1,5,1,1,4,7,5,2,1,1,3,1,1,1,5,3,7,2,7,1,1,0,B9,0.394193193,-1.086206166,-0.239484483,0.44008433233231753,0.7208167549080569,3,7,-2.763895048,2.5,-4
2312,B0909,9,B,9B,other,Enemies,Enemy5,2,30,M,9,4,3,7,6,7,3,NA,7,5,6,3,4,2,NA,1,5,1,2,3,1,3,2,1,1,5,3,3,4,4,7,4,1,1,1,5,5,1,1,3,2,M,Muslim,1,1,2,2,1,2,3,1,1,2,2,4,4,4,2,2,1,3,1,2,1,3,3,4,4,4,5,1,0,B9,0.394193193,-1.086206166,-0.239484483,0.44008433233231753,0.7208167549080569,3,7,-2.763895048,2.5,-4
2313,B0910,9,B,9B,Hindu,Enemies,Enemy1,2,5,M,10,4,6,7,4,7,5,6,7,6,6,5,4,6,NA,1,3,1,1,4,2,1,4,3,1,4,2,1,2,6,4,3,1,1,2,2,1,1,1,5,2,M,NA,NA,NA,NA,NA,NA,NA,NA,NA,NA,NA,NA,NA,NA,NA,NA,NA,NA,NA,NA,NA,NA,NA,NA,NA,NA,NA,NA,1,NA,B9,0.394193193,-1.086206166,-0.239484483,0.44008433233231753,0.7208167549080569,6,7,-1.448261643,2.5,2
2314,B0910,9,B,9B,Hindu,Enemies,Enemy2,2,9,M,10,4,6,7,4,7,5,6,7,6,6,5,4,6,NA,1,3,1,1,4,2,1,4,3,1,4,2,1,2,6,4,3,1,1,2,2,1,1,1,5,2,M,other,5,1,2,3,1,3,1,1,5,3,4,4,7,4,1,1,1,5,5,1,1,3,2,3,7,7,3,1,0,B9,0.394193193,-1.086206166,-0.239484483,0.44008433233231753,0.7208167549080569,6,7,-1.448261643,2.5,2
2315,B0910,9,B,9B,Hindu,Enemies,Enemy3,2,14,M,10,4,6,7,4,7,5,6,7,6,6,5,4,6,NA,1,3,1,1,4,2,1,4,3,1,4,2,1,2,6,4,3,1,1,2,2,1,1,1,5,2,M,Muslim,1,1,2,NA,1,3,4,1,1,1,1,4,2,4,1,3,1,3,1,2,1,5,1,6,6,NA,7,1,0,B9,0.394193193,-1.086206166,-0.239484483,0.44008433233231753,0.7208167549080569,6,7,-1.448261643,2.5,2
2316,B0910,9,B,9B,Hindu,Enemies,Enemy4,2,18,M,10,4,6,7,4,7,5,6,7,6,6,5,4,6,NA,1,3,1,1,4,2,1,4,3,1,4,2,1,2,6,4,3,1,1,2,2,1,1,1,5,2,M,Muslim,1,3,3,3,1,3,4,1,1,1,1,4,4,4,1,2,1,3,2,5,1,5,3,4,4,4,1,1,0,B9,0.394193193,-1.086206166,-0.239484483,0.44008433233231753,0.7208167549080569,6,7,-1.448261643,2.5,2
2317,B0910,9,B,9B,Hindu,Enemies,Enemy5,2,25,M,10,4,6,7,4,7,5,6,7,6,6,5,4,6,NA,1,3,1,1,4,2,1,4,3,1,4,2,1,2,6,4,3,1,1,2,2,1,1,1,5,2,M,Hindu,1,1,1,1,1,1,3,1,5,1,1,4,7,5,2,1,1,3,1,1,1,5,3,7,2,7,1,1,1,B9,0.394193193,-1.086206166,-0.239484483,0.44008433233231753,0.7208167549080569,6,7,-1.448261643,2.5,2
2318,B0910,9,B,9B,Hindu,Enemies,Enemy6,2,35,M,10,4,6,7,4,7,5,6,7,6,6,5,4,6,NA,1,3,1,1,4,2,1,4,3,1,4,2,1,2,6,4,3,1,1,2,2,1,1,1,5,2,M,Muslim,1,1,1,1,1,1,3,1,1,1,1,4,4,5,1,1,1,1,1,1,1,1,1,6,6,6,7,1,0,B9,0.394193193,-1.086206166,-0.239484483,0.44008433233231753,0.7208167549080569,6,7,-1.448261643,2.5,2
2319,B0910,9,B,9B,Hindu,Enemies,Enemy7,2,40,M,10,4,6,7,4,7,5,6,7,6,6,5,4,6,NA,1,3,1,1,4,2,1,4,3,1,4,2,1,2,6,4,3,1,1,2,2,1,1,1,5,2,M,other,1,1,1,1,1,1,3,1,1,3,NA,4,4,4,3,5,5,2,1,3,4,2,1,NA,1,NA,7,1,0,B9,0.394193193,-1.086206166,-0.239484483,0.44008433233231753,0.7208167549080569,6,7,-1.448261643,2.5,2
2320,B0911,9,B,9B,Muslim,Enemies,Enemy1,2,1,M,11,3,6,6,4,NA,7,7,NA,6,7,7,6,NA,MUSLIM,1,1,1,2,2,1,3,1,4,1,1,1,2,1,4,2,4,1,3,1,3,1,2,1,5,1,M,Hindu,2,1,3,1,1,2,1,2,5,2,2,5,4,4,1,1,1,2,1,1,2,2,2,7,6,7,3,1,0,B9,0.394193193,-1.086206166,-0.239484483,0.44008433233231753,0.7208167549080569,6,6,-1.009717175,2.5,NA
2321,B0911,9,B,9B,Muslim,Enemies,Enemy2,2,22,M,11,3,6,6,4,NA,7,7,NA,6,7,7,6,NA,MUSLIM,1,1,1,2,2,1,3,1,4,1,1,1,2,1,4,2,4,1,3,1,3,1,2,1,5,1,M,Muslim,5,5,5,5,1,1,3,5,2,3,3,7,7,7,5,2,1,3,1,5,1,5,4,7,7,2,7,1,1,B9,0.394193193,-1.086206166,-0.239484483,0.44008433233231753,0.7208167549080569,6,6,-1.009717175,2.5,NA
2322,B0911,9,B,9B,Muslim,Enemies,Enemy3,2,35,M,11,3,6,6,4,NA,7,7,NA,6,7,7,6,NA,MUSLIM,1,1,1,2,2,1,3,1,4,1,1,1,2,1,4,2,4,1,3,1,3,1,2,1,5,1,M,Muslim,1,1,1,1,1,1,3,1,1,1,1,4,4,5,1,1,1,1,1,1,1,1,1,6,6,6,7,1,1,B9,0.394193193,-1.086206166,-0.239484483,0.44008433233231753,0.7208167549080569,6,6,-1.009717175,2.5,NA
2323,B0911,9,B,9B,Muslim,Enemies,Enemy4,2,51,M,11,3,6,6,4,NA,7,7,NA,6,7,7,6,NA,MUSLIM,1,1,1,2,2,1,3,1,4,1,1,1,2,1,4,2,4,1,3,1,3,1,2,1,5,1,F,Muslim,1,1,2,1,1,1,3,1,2,2,2,4,4,4,1,1,1,1,1,1,1,5,2,5,7,6,6,0,1,B9,0.394193193,-1.086206166,-0.239484483,0.44008433233231753,0.7208167549080569,6,6,-1.009717175,2.5,NA
2324,B0911,9,B,9B,Muslim,Enemies,Enemy5,2,61,M,11,3,6,6,4,NA,7,7,NA,6,7,7,6,NA,MUSLIM,1,1,1,2,2,1,3,1,4,1,1,1,2,1,4,2,4,1,3,1,3,1,2,1,5,1,F,Hindu,2,2,2,1,2,1,3,1,2,2,2,4,4,4,1,1,1,3,1,1,1,5,5,5,7,6,6,0,0,B9,0.394193193,-1.086206166,-0.239484483,0.44008433233231753,0.7208167549080569,6,6,-1.009717175,2.5,NA
2325,B0911,9,B,9B,Muslim,Enemies,Enemy6,2,62,M,11,3,6,6,4,NA,7,7,NA,6,7,7,6,NA,MUSLIM,1,1,1,2,2,1,3,1,4,1,1,1,2,1,4,2,4,1,3,1,3,1,2,1,5,1,F,Hindu,1,1,1,1,1,1,3,2,5,3,1,4,5,4,1,1,1,1,1,1,1,5,3,6,6,7,6,0,0,B9,0.394193193,-1.086206166,-0.239484483,0.44008433233231753,0.7208167549080569,6,6,-1.009717175,2.5,NA
2326,B0911,9,B,9B,Muslim,Enemies,Enemy7,2,68,M,11,3,6,6,4,NA,7,7,NA,6,7,7,6,NA,MUSLIM,1,1,1,2,2,1,3,1,4,1,1,1,2,1,4,2,4,1,3,1,3,1,2,1,5,1,F,Muslim,1,1,1,1,2,1,4,1,1,5,1,5,4,6,1,1,1,3,2,2,1,4,2,6,7,6,7,0,1,B9,0.394193193,-1.086206166,-0.239484483,0.44008433233231753,0.7208167549080569,6,6,-1.009717175,2.5,NA
2327,B0912,9,B,9B,Hindu,Enemies,Enemy1,2,5,M,12,4,6,7,6,6,6,6,7,6,6,6,4,2,NA,1,4,4,3,5,4,3,1,3,1,5,3,1,2,4,4,4,1,1,1,4,1,1,1,5,2,M,NA,NA,NA,NA,NA,NA,NA,NA,NA,NA,NA,NA,NA,NA,NA,NA,NA,NA,NA,NA,NA,NA,NA,NA,NA,NA,NA,NA,1,NA,B9,0.394193193,-1.086206166,-0.239484483,0.44008433233231753,0.7208167549080569,6,7,-1.448261643,2.5,0
2328,B0912,9,B,9B,Hindu,Enemies,Enemy2,2,14,M,12,4,6,7,6,6,6,6,7,6,6,6,4,2,NA,1,4,4,3,5,4,3,1,3,1,5,3,1,2,4,4,4,1,1,1,4,1,1,1,5,2,M,Muslim,1,1,2,NA,1,3,4,1,1,1,1,4,2,4,1,3,1,3,1,2,1,5,1,6,6,NA,7,1,0,B9,0.394193193,-1.086206166,-0.239484483,0.44008433233231753,0.7208167549080569,6,7,-1.448261643,2.5,0
2329,B0912,9,B,9B,Hindu,Enemies,Enemy3,2,18,M,12,4,6,7,6,6,6,6,7,6,6,6,4,2,NA,1,4,4,3,5,4,3,1,3,1,5,3,1,2,4,4,4,1,1,1,4,1,1,1,5,2,M,Muslim,1,3,3,3,1,3,4,1,1,1,1,4,4,4,1,2,1,3,2,5,1,5,3,4,4,4,1,1,0,B9,0.394193193,-1.086206166,-0.239484483,0.44008433233231753,0.7208167549080569,6,7,-1.448261643,2.5,0
2330,B0912,9,B,9B,Hindu,Enemies,Enemy4,2,19,M,12,4,6,7,6,6,6,6,7,6,6,6,4,2,NA,1,4,4,3,5,4,3,1,3,1,5,3,1,2,4,4,4,1,1,1,4,1,1,1,5,2,M,Muslim,NA,3,4,3,2,2,2,1,1,3,2,4,2,4,1,3,5,3,1,1,3,4,5,3,3,6,6,1,0,B9,0.394193193,-1.086206166,-0.239484483,0.44008433233231753,0.7208167549080569,6,7,-1.448261643,2.5,0
2331,B0912,9,B,9B,Hindu,Enemies,Enemy5,2,27,M,12,4,6,7,6,6,6,6,7,6,6,6,4,2,NA,1,4,4,3,5,4,3,1,3,1,5,3,1,2,4,4,4,1,1,1,4,1,1,1,5,2,M,Muslim,1,2,2,5,1,5,3,1,1,1,2,4,2,2,1,1,1,5,1,1,1,5,2,7,5,5,7,1,0,B9,0.394193193,-1.086206166,-0.239484483,0.44008433233231753,0.7208167549080569,6,7,-1.448261643,2.5,0
2332,B0912,9,B,9B,Hindu,Enemies,Enemy6,2,40,M,12,4,6,7,6,6,6,6,7,6,6,6,4,2,NA,1,4,4,3,5,4,3,1,3,1,5,3,1,2,4,4,4,1,1,1,4,1,1,1,5,2,M,other,1,1,1,1,1,1,3,1,1,3,NA,4,4,4,3,5,5,2,1,3,4,2,1,NA,1,NA,7,1,0,B9,0.394193193,-1.086206166,-0.239484483,0.44008433233231753,0.7208167549080569,6,7,-1.448261643,2.5,0
2333,B0913,9,B,9B,Muslim,Enemies,Enemy1,2,12,M,13,7,7,6,7,5,7,7,7,6,7,7,6,7,MUSLIM,1,1,1,1,1,1,2,2,3,1,1,2,2,1,4,4,4,1,1,1,3,1,1,1,3,2,M,Hindu,4,4,3,5,4,3,3,1,5,3,2,4,4,4,1,1,1,4,1,1,1,5,2,6,7,6,6,1,0,B9,0.394193193,-1.086206166,-0.239484483,0.44008433233231753,0.7208167549080569,7,6,-0.571172707,2.5,2
2334,B0913,9,B,9B,Muslim,Enemies,Enemy2,2,35,M,13,7,7,6,7,5,7,7,7,6,7,7,6,7,MUSLIM,1,1,1,1,1,1,2,2,3,1,1,2,2,1,4,4,4,1,1,1,3,1,1,1,3,2,M,Muslim,1,1,1,1,1,1,3,1,1,1,1,4,4,5,1,1,1,1,1,1,1,1,1,6,6,6,7,1,1,B9,0.394193193,-1.086206166,-0.239484483,0.44008433233231753,0.7208167549080569,7,6,-0.571172707,2.5,2
2335,B0913,9,B,9B,Muslim,Enemies,Enemy3,2,61,M,13,7,7,6,7,5,7,7,7,6,7,7,6,7,MUSLIM,1,1,1,1,1,1,2,2,3,1,1,2,2,1,4,4,4,1,1,1,3,1,1,1,3,2,F,Hindu,2,2,2,1,2,1,3,1,2,2,2,4,4,4,1,1,1,3,1,1,1,5,5,5,7,6,6,0,0,B9,0.394193193,-1.086206166,-0.239484483,0.44008433233231753,0.7208167549080569,7,6,-0.571172707,2.5,2
2336,B0913,9,B,9B,Muslim,Enemies,Enemy4,2,62,M,13,7,7,6,7,5,7,7,7,6,7,7,6,7,MUSLIM,1,1,1,1,1,1,2,2,3,1,1,2,2,1,4,4,4,1,1,1,3,1,1,1,3,2,F,Hindu,1,1,1,1,1,1,3,2,5,3,1,4,5,4,1,1,1,1,1,1,1,5,3,6,6,7,6,0,0,B9,0.394193193,-1.086206166,-0.239484483,0.44008433233231753,0.7208167549080569,7,6,-0.571172707,2.5,2
2337,B0914,9,B,9B,Muslim,Enemies,Enemy1,2,21,M,14,3,6,6,4,NA,7,7,NA,6,7,7,6,NA,MUSLIM,1,1,1,2,NA,1,3,1,4,1,1,1,2,1,4,2,4,1,3,1,3,1,2,1,5,1,M,Hindu,3,1,2,1,1,1,4,1,5,3,2,4,6,5,1,1,1,3,1,1,1,5,2,7,7,7,6,1,0,B9,0.394193193,-1.086206166,-0.239484483,0.44008433233231753,0.7208167549080569,6,6,-1.009717175,2.5,NA
2338,B0914,9,B,9B,Muslim,Enemies,Enemy2,2,35,M,14,3,6,6,4,NA,7,7,NA,6,7,7,6,NA,MUSLIM,1,1,1,2,NA,1,3,1,4,1,1,1,2,1,4,2,4,1,3,1,3,1,2,1,5,1,M,Muslim,1,1,1,1,1,1,3,1,1,1,1,4,4,5,1,1,1,1,1,1,1,1,1,6,6,6,7,1,1,B9,0.394193193,-1.086206166,-0.239484483,0.44008433233231753,0.7208167549080569,6,6,-1.009717175,2.5,NA
2339,B0914,9,B,9B,Muslim,Enemies,Enemy3,2,51,M,14,3,6,6,4,NA,7,7,NA,6,7,7,6,NA,MUSLIM,1,1,1,2,NA,1,3,1,4,1,1,1,2,1,4,2,4,1,3,1,3,1,2,1,5,1,F,Muslim,1,1,2,1,1,1,3,1,2,2,2,4,4,4,1,1,1,1,1,1,1,5,2,5,7,6,6,0,1,B9,0.394193193,-1.086206166,-0.239484483,0.44008433233231753,0.7208167549080569,6,6,-1.009717175,2.5,NA
2340,B0914,9,B,9B,Muslim,Enemies,Enemy4,2,59,M,14,3,6,6,4,NA,7,7,NA,6,7,7,6,NA,MUSLIM,1,1,1,2,NA,1,3,1,4,1,1,1,2,1,4,2,4,1,3,1,3,1,2,1,5,1,F,Muslim,1,1,1,1,1,1,1,1,1,1,1,4,3,3,1,1,1,2,1,2,1,3,2,4,6,6,7,0,1,B9,0.394193193,-1.086206166,-0.239484483,0.44008433233231753,0.7208167549080569,6,6,-1.009717175,2.5,NA
2341,B0914,9,B,9B,Muslim,Enemies,Enemy5,2,61,M,14,3,6,6,4,NA,7,7,NA,6,7,7,6,NA,MUSLIM,1,1,1,2,NA,1,3,1,4,1,1,1,2,1,4,2,4,1,3,1,3,1,2,1,5,1,F,Hindu,2,2,2,1,2,1,3,1,2,2,2,4,4,4,1,1,1,3,1,1,1,5,5,5,7,6,6,0,0,B9,0.394193193,-1.086206166,-0.239484483,0.44008433233231753,0.7208167549080569,6,6,-1.009717175,2.5,NA
2342,B0914,9,B,9B,Muslim,Enemies,Enemy6,2,62,M,14,3,6,6,4,NA,7,7,NA,6,7,7,6,NA,MUSLIM,1,1,1,2,NA,1,3,1,4,1,1,1,2,1,4,2,4,1,3,1,3,1,2,1,5,1,F,Hindu,1,1,1,1,1,1,3,2,5,3,1,4,5,4,1,1,1,1,1,1,1,5,3,6,6,7,6,0,0,B9,0.394193193,-1.086206166,-0.239484483,0.44008433233231753,0.7208167549080569,6,6,-1.009717175,2.5,NA
2343,B0914,9,B,9B,Muslim,Enemies,Enemy7,2,68,M,14,3,6,6,4,NA,7,7,NA,6,7,7,6,NA,MUSLIM,1,1,1,2,NA,1,3,1,4,1,1,1,2,1,4,2,4,1,3,1,3,1,2,1,5,1,F,Muslim,1,1,1,1,2,1,4,1,1,5,1,5,4,6,1,1,1,3,2,2,1,4,2,6,7,6,7,0,1,B9,0.394193193,-1.086206166,-0.239484483,0.44008433233231753,0.7208167549080569,6,6,-1.009717175,2.5,NA
2344,B0915,9,B,9B,Hindu,Enemies,Enemy1,2,40,M,15,4,7,7,4,7,1,5,4,4,4,4,4,8,NA,1,1,1,1,1,1,1,1,2,1,2,2,1,2,4,4,3,1,1,1,3,1,1,1,5,2,M,other,1,1,1,1,1,1,3,1,1,3,NA,4,4,4,3,5,5,2,1,3,4,2,1,NA,1,NA,7,1,0,B9,0.394193193,-1.086206166,-0.239484483,0.44008433233231753,0.7208167549080569,7,7,-1.009717175,2.5,6
2345,B0915,9,B,9B,Hindu,Enemies,Enemy2,2,51,M,15,4,7,7,4,7,1,5,4,4,4,4,4,8,NA,1,1,1,1,1,1,1,1,2,1,2,2,1,2,4,4,3,1,1,1,3,1,1,1,5,2,F,Muslim,1,1,2,1,1,1,3,1,2,2,2,4,4,4,1,1,1,1,1,1,1,5,2,5,7,6,6,0,0,B9,0.394193193,-1.086206166,-0.239484483,0.44008433233231753,0.7208167549080569,7,7,-1.009717175,2.5,6
2346,B0915,9,B,9B,Hindu,Enemies,Enemy3,2,61,M,15,4,7,7,4,7,1,5,4,4,4,4,4,8,NA,1,1,1,1,1,1,1,1,2,1,2,2,1,2,4,4,3,1,1,1,3,1,1,1,5,2,F,Hindu,2,2,2,1,2,1,3,1,2,2,2,4,4,4,1,1,1,3,1,1,1,5,5,5,7,6,6,0,1,B9,0.394193193,-1.086206166,-0.239484483,0.44008433233231753,0.7208167549080569,7,7,-1.009717175,2.5,6
2347,B0917,9,B,9B,Muslim,Enemies,Enemy1,2,4,M,17,4,5,3,4,4,6,7,6,4,4,4,3,7,NA,1,2,4,1,1,1,2,2,4,2,1,2,2,2,4,3,4,1,1,1,2,2,3,2,5,2,M,Hindu,1,1,1,1,2,1,4,2,5,4,2,4,4,4,2,1,1,1,3,1,1,1,1,7,5,7,6,1,0,B9,0.394193193,-1.086206166,-0.239484483,0.44008433233231753,0.7208167549080569,5,3,-0.132628239,2.5,2
2348,B0917,9,B,9B,Muslim,Enemies,Enemy2,2,41,M,17,4,5,3,4,4,6,7,6,4,4,4,3,7,NA,1,2,4,1,1,1,2,2,4,2,1,2,2,2,4,3,4,1,1,1,2,2,3,2,5,2,M,NA,NA,NA,NA,NA,NA,NA,NA,NA,NA,NA,NA,NA,NA,NA,NA,NA,NA,NA,NA,NA,NA,NA,NA,NA,NA,NA,NA,1,NA,B9,0.394193193,-1.086206166,-0.239484483,0.44008433233231753,0.7208167549080569,5,3,-0.132628239,2.5,2
2349,B0917,9,B,9B,Muslim,Enemies,Enemy3,2,42,M,17,4,5,3,4,4,6,7,6,4,4,4,3,7,NA,1,2,4,1,1,1,2,2,4,2,1,2,2,2,4,3,4,1,1,1,2,2,3,2,5,2,M,Muslim,1,1,3,1,1,1,4,1,1,1,2,4,4,4,1,1,1,1,2,1,1,5,3,7,7,6,7,1,1,B9,0.394193193,-1.086206166,-0.239484483,0.44008433233231753,0.7208167549080569,5,3,-0.132628239,2.5,2
2350,B0917,9,B,9B,Muslim,Enemies,Enemy4,2,43,M,17,4,5,3,4,4,6,7,6,4,4,4,3,7,NA,1,2,4,1,1,1,2,2,4,2,1,2,2,2,4,3,4,1,1,1,2,2,3,2,5,2,M,Hindu,2,1,2,2,2,1,1,2,5,2,2,4,4,4,1,1,1,2,1,1,1,5,2,7,7,1,6,1,0,B9,0.394193193,-1.086206166,-0.239484483,0.44008433233231753,0.7208167549080569,5,3,-0.132628239,2.5,2
2351,B0917,9,B,9B,Muslim,Enemies,Enemy5,2,52,M,17,4,5,3,4,4,6,7,6,4,4,4,3,7,NA,1,2,4,1,1,1,2,2,4,2,1,2,2,2,4,3,4,1,1,1,2,2,3,2,5,2,F,Muslim,1,1,2,1,1,2,3,1,1,2,2,4,4,4,1,1,1,2,1,1,1,4,2,6,6,6,7,0,1,B9,0.394193193,-1.086206166,-0.239484483,0.44008433233231753,0.7208167549080569,5,3,-0.132628239,2.5,2
2352,B0917,9,B,9B,Muslim,Enemies,Enemy6,2,53,M,17,4,5,3,4,4,6,7,6,4,4,4,3,7,NA,1,2,4,1,1,1,2,2,4,2,1,2,2,2,4,3,4,1,1,1,2,2,3,2,5,2,F,Hindu,1,2,1,1,4,1,3,1,3,2,1,4,7,5,1,1,1,3,1,2,1,2,1,5,6,7,5,0,0,B9,0.394193193,-1.086206166,-0.239484483,0.44008433233231753,0.7208167549080569,5,3,-0.132628239,2.5,2
2353,B0917,9,B,9B,Muslim,Enemies,Enemy7,2,54,M,17,4,5,3,4,4,6,7,6,4,4,4,3,7,NA,1,2,4,1,1,1,2,2,4,2,1,2,2,2,4,3,4,1,1,1,2,2,3,2,5,2,F,Hindu,1,2,2,1,2,1,4,1,5,5,1,4,4,4,1,1,1,NA,1,1,2,5,3,4,6,7,6,0,0,B9,0.394193193,-1.086206166,-0.239484483,0.44008433233231753,0.7208167549080569,5,3,-0.132628239,2.5,2
2354,B0918,9,B,9B,Muslim,Enemies,Enemy1,2,10,M,18,4,4,4,2,4,1,1,4,4,4,1,2,7,MUSLIM,1,1,3,3,3,1,3,1,4,1,1,1,2,1,4,4,4,1,2,1,3,2,5,1,5,3,M,Hindu,3,1,1,4,2,1,3,1,4,2,2,6,4,3,1,1,2,2,1,1,1,5,2,6,7,7,5,1,0,B9,0.394193193,-1.086206166,-0.239484483,0.44008433233231753,0.7208167549080569,4,4,-1.009717175,2.5,-3
2355,B0918,9,B,9B,Muslim,Enemies,Enemy2,2,12,M,18,4,4,4,2,4,1,1,4,4,4,1,2,7,MUSLIM,1,1,3,3,3,1,3,1,4,1,1,1,2,1,4,4,4,1,2,1,3,2,5,1,5,3,M,Hindu,4,4,3,5,4,3,3,1,5,3,2,4,4,4,1,1,1,4,1,1,1,5,2,6,7,6,6,1,0,B9,0.394193193,-1.086206166,-0.239484483,0.44008433233231753,0.7208167549080569,4,4,-1.009717175,2.5,-3
2356,B0918,9,B,9B,Muslim,Enemies,Enemy3,2,61,M,18,4,4,4,2,4,1,1,4,4,4,1,2,7,MUSLIM,1,1,3,3,3,1,3,1,4,1,1,1,2,1,4,4,4,1,2,1,3,2,5,1,5,3,F,Hindu,2,2,2,1,2,1,3,1,2,2,2,4,4,4,1,1,1,3,1,1,1,5,5,5,7,6,6,0,0,B9,0.394193193,-1.086206166,-0.239484483,0.44008433233231753,0.7208167549080569,4,4,-1.009717175,2.5,-3
2357,B0919,9,B,9B,Muslim,Enemies,Enemy1,2,8,M,19,6,3,3,6,6,6,7,4,5,3,4,4,7,MUSLIM,1,NA,3,4,3,2,2,4,2,1,1,3,2,2,4,2,4,1,3,5,3,1,1,3,4,5,M,Hindu,3,2,2,4,3,2,4,1,4,1,2,4,4,4,1,1,1,1,1,4,1,5,4,6,6,6,6,1,0,B9,0.394193193,-1.086206166,-0.239484483,0.44008433233231753,0.7208167549080569,3,3,-1.009717175,2.5,0
2358,B0919,9,B,9B,Muslim,Enemies,Enemy2,2,30,M,19,6,3,3,6,6,6,7,4,5,3,4,4,7,MUSLIM,1,NA,3,4,3,2,2,4,2,1,1,3,2,2,4,2,4,1,3,5,3,1,1,3,4,5,M,Muslim,1,1,2,2,1,2,3,1,1,2,2,4,4,4,2,2,1,3,1,2,1,3,3,4,4,4,5,1,1,B9,0.394193193,-1.086206166,-0.239484483,0.44008433233231753,0.7208167549080569,3,3,-1.009717175,2.5,0
2359,B0919,9,B,9B,Muslim,Enemies,Enemy3,2,34,M,19,6,3,3,6,6,6,7,4,5,3,4,4,7,MUSLIM,1,NA,3,4,3,2,2,4,2,1,1,3,2,2,4,2,4,1,3,5,3,1,1,3,4,5,M,Muslim,1,1,2,3,1,2,3,1,1,2,2,4,4,4,4,1,1,3,1,2,2,5,4,4,4,4,5,1,1,B9,0.394193193,-1.086206166,-0.239484483,0.44008433233231753,0.7208167549080569,3,3,-1.009717175,2.5,0
2360,B0919,9,B,9B,Muslim,Enemies,Enemy4,2,36,M,19,6,3,3,6,6,6,7,4,5,3,4,4,7,MUSLIM,1,NA,3,4,3,2,2,4,2,1,1,3,2,2,4,2,4,1,3,5,3,1,1,3,4,5,M,Muslim,2,2,3,3,1,3,3,1,1,2,1,3,3,4,1,1,1,3,1,1,2,3,3,7,4,3,7,1,1,B9,0.394193193,-1.086206166,-0.239484483,0.44008433233231753,0.7208167549080569,3,3,-1.009717175,2.5,0
2361,B0919,9,B,9B,Muslim,Enemies,Enemy5,2,37,M,19,6,3,3,6,6,6,7,4,5,3,4,4,7,MUSLIM,1,NA,3,4,3,2,2,4,2,1,1,3,2,2,4,2,4,1,3,5,3,1,1,3,4,5,M,Hindu,2,1,2,1,2,1,4,1,5,1,1,4,4,4,1,1,1,1,1,1,1,3,2,6,5,6,6,1,0,B9,0.394193193,-1.086206166,-0.239484483,0.44008433233231753,0.7208167549080569,3,3,-1.009717175,2.5,0
2362,B0919,9,B,9B,Muslim,Enemies,Enemy6,2,39,M,19,6,3,3,6,6,6,7,4,5,3,4,4,7,MUSLIM,1,NA,3,4,3,2,2,4,2,1,1,3,2,2,4,2,4,1,3,5,3,1,1,3,4,5,M,Hindu,NA,NA,NA,NA,NA,NA,NA,1,NA,2,2,4,5,4,1,1,1,2,1,1,1,2,2,NA,NA,NA,NA,1,0,B9,0.394193193,-1.086206166,-0.239484483,0.44008433233231753,0.7208167549080569,3,3,-1.009717175,2.5,0
2363,B0919,9,B,9B,Muslim,Enemies,Enemy7,2,42,M,19,6,3,3,6,6,6,7,4,5,3,4,4,7,MUSLIM,1,NA,3,4,3,2,2,4,2,1,1,3,2,2,4,2,4,1,3,5,3,1,1,3,4,5,M,Muslim,1,1,3,1,1,1,4,1,1,1,2,4,4,4,1,1,1,1,2,1,1,5,3,7,7,6,7,1,1,B9,0.394193193,-1.086206166,-0.239484483,0.44008433233231753,0.7208167549080569,3,3,-1.009717175,2.5,0
2364,B0920,9,B,9B,Muslim,Enemies,Enemy1,2,14,M,20,3,7,6,6,6,7,7,4,6,4,6,3,7,ISLAM,1,1,1,3,1,1,1,1,1,1,1,1,2,1,4,4,4,1,1,1,1,1,1,1,5,5,M,Muslim,1,1,2,NA,1,3,4,1,1,1,1,4,2,4,1,3,1,3,1,2,1,5,1,6,6,NA,7,1,1,B9,0.394193193,-1.086206166,-0.239484483,0.44008433233231753,0.7208167549080569,7,6,-0.571172707,2.5,1
2365,B0920,9,B,9B,Muslim,Enemies,Enemy2,2,19,M,20,3,7,6,6,6,7,7,4,6,4,6,3,7,ISLAM,1,1,1,3,1,1,1,1,1,1,1,1,2,1,4,4,4,1,1,1,1,1,1,1,5,5,M,Muslim,NA,3,4,3,2,2,2,1,1,3,2,4,2,4,1,3,5,3,1,1,3,4,5,3,3,6,6,1,1,B9,0.394193193,-1.086206166,-0.239484483,0.44008433233231753,0.7208167549080569,7,6,-0.571172707,2.5,1
2366,B0920,9,B,9B,Muslim,Enemies,Enemy3,2,30,M,20,3,7,6,6,6,7,7,4,6,4,6,3,7,ISLAM,1,1,1,3,1,1,1,1,1,1,1,1,2,1,4,4,4,1,1,1,1,1,1,1,5,5,M,Muslim,1,1,2,2,1,2,3,1,1,2,2,4,4,4,2,2,1,3,1,2,1,3,3,4,4,4,5,1,1,B9,0.394193193,-1.086206166,-0.239484483,0.44008433233231753,0.7208167549080569,7,6,-0.571172707,2.5,1
2367,B0920,9,B,9B,Muslim,Enemies,Enemy4,2,35,M,20,3,7,6,6,6,7,7,4,6,4,6,3,7,ISLAM,1,1,1,3,1,1,1,1,1,1,1,1,2,1,4,4,4,1,1,1,1,1,1,1,5,5,M,Muslim,1,1,1,1,1,1,3,1,1,1,1,4,4,5,1,1,1,1,1,1,1,1,1,6,6,6,7,1,1,B9,0.394193193,-1.086206166,-0.239484483,0.44008433233231753,0.7208167549080569,7,6,-0.571172707,2.5,1
2368,B0920,9,B,9B,Muslim,Enemies,Enemy5,2,39,M,20,3,7,6,6,6,7,7,4,6,4,6,3,7,ISLAM,1,1,1,3,1,1,1,1,1,1,1,1,2,1,4,4,4,1,1,1,1,1,1,1,5,5,M,Hindu,NA,NA,NA,NA,NA,NA,NA,1,NA,2,2,4,5,4,1,1,1,2,1,1,1,2,2,NA,NA,NA,NA,1,0,B9,0.394193193,-1.086206166,-0.239484483,0.44008433233231753,0.7208167549080569,7,6,-0.571172707,2.5,1
2369,B0920,9,B,9B,Muslim,Enemies,Enemy6,2,52,M,20,3,7,6,6,6,7,7,4,6,4,6,3,7,ISLAM,1,1,1,3,1,1,1,1,1,1,1,1,2,1,4,4,4,1,1,1,1,1,1,1,5,5,F,Muslim,1,1,2,1,1,2,3,1,1,2,2,4,4,4,1,1,1,2,1,1,1,4,2,6,6,6,7,0,1,B9,0.394193193,-1.086206166,-0.239484483,0.44008433233231753,0.7208167549080569,7,6,-0.571172707,2.5,1
2370,B0920,9,B,9B,Muslim,Enemies,Enemy7,2,64,M,20,3,7,6,6,6,7,7,4,6,4,6,3,7,ISLAM,1,1,1,3,1,1,1,1,1,1,1,1,2,1,4,4,4,1,1,1,1,1,1,1,5,5,F,Muslim,1,1,1,1,1,1,2,1,1,1,1,4,4,4,1,1,1,1,1,1,1,4,3,7,7,4,7,0,1,B9,0.394193193,-1.086206166,-0.239484483,0.44008433233231753,0.7208167549080569,7,6,-0.571172707,2.5,1
2371,B0921,9,B,9B,Hindu,Enemies,Enemy1,2,61,M,21,6,7,7,6,7,6,5,5,5,6,6,5,6,NA,1,3,1,2,1,1,1,1,4,1,5,3,1,2,4,6,5,1,1,1,3,1,1,1,5,2,F,Hindu,2,2,2,1,2,1,3,1,2,2,2,4,4,4,1,1,1,3,1,1,1,5,5,5,7,6,6,0,1,B9,0.394193193,-1.086206166,-0.239484483,0.44008433233231753,0.7208167549080569,7,7,-1.009717175,2.5,1
2372,B0922,9,B,9B,Muslim,Enemies,Enemy1,2,26,M,22,2,7,7,6,2,7,6,6,6,NA,5,6,NA,MERCHANT,1,5,5,5,5,1,1,2,3,5,2,3,2,3,7,7,7,5,2,1,3,1,5,1,5,4,M,Hindu,1,1,1,1,1,1,3,1,2,1,1,4,4,4,NA,1,1,2,1,2,1,5,5,7,1,7,4,1,0,B9,0.394193193,-1.086206166,-0.239484483,0.44008433233231753,0.7208167549080569,7,7,-1.009717175,2.5,5
2373,B0923,9,B,9B,Muslim,Enemies,Enemy1,2,8,M,23,2,6,5,5,6,6,7,4,4,3,4,4,7,UHORA,1,4,2,3,3,2,1,1,2,2,1,2,NA,2,3,2,2,1,1,1,3,1,1,1,4,3,M,Hindu,3,2,2,4,3,2,4,1,4,1,2,4,4,4,1,1,1,1,1,4,1,5,4,6,6,6,6,1,0,B9,0.394193193,-1.086206166,-0.239484483,0.44008433233231753,0.7208167549080569,6,5,-0.571172707,2.5,0
2374,B0923,9,B,9B,Muslim,Enemies,Enemy2,2,18,M,23,2,6,5,5,6,6,7,4,4,3,4,4,7,UHORA,1,4,2,3,3,2,1,1,2,2,1,2,NA,2,3,2,2,1,1,1,3,1,1,1,4,3,M,Muslim,1,3,3,3,1,3,4,1,1,1,1,4,4,4,1,2,1,3,2,5,1,5,3,4,4,4,1,1,1,B9,0.394193193,-1.086206166,-0.239484483,0.44008433233231753,0.7208167549080569,6,5,-0.571172707,2.5,0
2375,B0923,9,B,9B,Muslim,Enemies,Enemy3,2,19,M,23,2,6,5,5,6,6,7,4,4,3,4,4,7,UHORA,1,4,2,3,3,2,1,1,2,2,1,2,NA,2,3,2,2,1,1,1,3,1,1,1,4,3,M,Muslim,NA,3,4,3,2,2,2,1,1,3,2,4,2,4,1,3,5,3,1,1,3,4,5,3,3,6,6,1,1,B9,0.394193193,-1.086206166,-0.239484483,0.44008433233231753,0.7208167549080569,6,5,-0.571172707,2.5,0
2376,B0923,9,B,9B,Muslim,Enemies,Enemy4,2,22,M,23,2,6,5,5,6,6,7,4,4,3,4,4,7,UHORA,1,4,2,3,3,2,1,1,2,2,1,2,NA,2,3,2,2,1,1,1,3,1,1,1,4,3,M,Muslim,5,5,5,5,1,1,3,5,2,3,3,7,7,7,5,2,1,3,1,5,1,5,4,7,7,2,7,1,1,B9,0.394193193,-1.086206166,-0.239484483,0.44008433233231753,0.7208167549080569,6,5,-0.571172707,2.5,0
2377,B0923,9,B,9B,Muslim,Enemies,Enemy5,2,27,M,23,2,6,5,5,6,6,7,4,4,3,4,4,7,UHORA,1,4,2,3,3,2,1,1,2,2,1,2,NA,2,3,2,2,1,1,1,3,1,1,1,4,3,M,Muslim,1,2,2,5,1,5,3,1,1,1,2,4,2,2,1,1,1,5,1,1,1,5,2,7,5,5,7,1,1,B9,0.394193193,-1.086206166,-0.239484483,0.44008433233231753,0.7208167549080569,6,5,-0.571172707,2.5,0
2378,B0923,9,B,9B,Muslim,Enemies,Enemy6,2,40,M,23,2,6,5,5,6,6,7,4,4,3,4,4,7,UHORA,1,4,2,3,3,2,1,1,2,2,1,2,NA,2,3,2,2,1,1,1,3,1,1,1,4,3,M,other,1,1,1,1,1,1,3,1,1,3,NA,4,4,4,3,5,5,2,1,3,4,2,1,NA,1,NA,7,1,0,B9,0.394193193,-1.086206166,-0.239484483,0.44008433233231753,0.7208167549080569,6,5,-0.571172707,2.5,0
2379,B0924,9,B,9B,Hindu,Enemies,Enemy1,2,5,M,24,5,6,6,6,6,2,7,6,6,6,5,5,7,NA,1,4,1,1,2,3,2,1,1,1,2,2,1,1,4,4,3,1,1,1,1,1,1,1,4,2,M,NA,NA,NA,NA,NA,NA,NA,NA,NA,NA,NA,NA,NA,NA,NA,NA,NA,NA,NA,NA,NA,NA,NA,NA,NA,NA,NA,NA,1,NA,B9,0.394193193,-1.086206166,-0.239484483,0.44008433233231753,0.7208167549080569,6,6,-1.009717175,2.5,4
2380,B0924,9,B,9B,Hindu,Enemies,Enemy2,2,11,M,24,5,6,6,6,6,2,7,6,6,6,5,5,7,NA,1,4,1,1,2,3,2,1,1,1,2,2,1,1,4,4,3,1,1,1,1,1,1,1,4,2,M,Muslim,1,1,2,2,1,3,4,1,1,1,1,4,2,4,1,3,1,3,1,2,1,5,1,6,6,NA,7,1,0,B9,0.394193193,-1.086206166,-0.239484483,0.44008433233231753,0.7208167549080569,6,6,-1.009717175,2.5,4
2381,B0924,9,B,9B,Hindu,Enemies,Enemy3,2,14,M,24,5,6,6,6,6,2,7,6,6,6,5,5,7,NA,1,4,1,1,2,3,2,1,1,1,2,2,1,1,4,4,3,1,1,1,1,1,1,1,4,2,M,Muslim,1,1,2,NA,1,3,4,1,1,1,1,4,2,4,1,3,1,3,1,2,1,5,1,6,6,NA,7,1,0,B9,0.394193193,-1.086206166,-0.239484483,0.44008433233231753,0.7208167549080569,6,6,-1.009717175,2.5,4
2382,B0924,9,B,9B,Hindu,Enemies,Enemy4,2,18,M,24,5,6,6,6,6,2,7,6,6,6,5,5,7,NA,1,4,1,1,2,3,2,1,1,1,2,2,1,1,4,4,3,1,1,1,1,1,1,1,4,2,M,Muslim,1,3,3,3,1,3,4,1,1,1,1,4,4,4,1,2,1,3,2,5,1,5,3,4,4,4,1,1,0,B9,0.394193193,-1.086206166,-0.239484483,0.44008433233231753,0.7208167549080569,6,6,-1.009717175,2.5,4
2383,B0924,9,B,9B,Hindu,Enemies,Enemy5,2,19,M,24,5,6,6,6,6,2,7,6,6,6,5,5,7,NA,1,4,1,1,2,3,2,1,1,1,2,2,1,1,4,4,3,1,1,1,1,1,1,1,4,2,M,Muslim,NA,3,4,3,2,2,2,1,1,3,2,4,2,4,1,3,5,3,1,1,3,4,5,3,3,6,6,1,0,B9,0.394193193,-1.086206166,-0.239484483,0.44008433233231753,0.7208167549080569,6,6,-1.009717175,2.5,4
2384,B0924,9,B,9B,Hindu,Enemies,Enemy6,2,27,M,24,5,6,6,6,6,2,7,6,6,6,5,5,7,NA,1,4,1,1,2,3,2,1,1,1,2,2,1,1,4,4,3,1,1,1,1,1,1,1,4,2,M,Muslim,1,2,2,5,1,5,3,1,1,1,2,4,2,2,1,1,1,5,1,1,1,5,2,7,5,5,7,1,0,B9,0.394193193,-1.086206166,-0.239484483,0.44008433233231753,0.7208167549080569,6,6,-1.009717175,2.5,4
2385,B0924,9,B,9B,Hindu,Enemies,Enemy7,2,40,M,24,5,6,6,6,6,2,7,6,6,6,5,5,7,NA,1,4,1,1,2,3,2,1,1,1,2,2,1,1,4,4,3,1,1,1,1,1,1,1,4,2,M,other,1,1,1,1,1,1,3,1,1,3,NA,4,4,4,3,5,5,2,1,3,4,2,1,NA,1,NA,7,1,0,B9,0.394193193,-1.086206166,-0.239484483,0.44008433233231753,0.7208167549080569,6,6,-1.009717175,2.5,4
2386,B0925,9,B,9B,Hindu,Enemies,Enemy1,2,11,M,25,5,7,2,7,7,1,7,7,6,5,5,7,1,NA,1,1,1,1,1,1,1,1,3,1,5,1,1,1,4,7,5,2,1,1,3,1,1,1,5,3,M,Muslim,1,1,2,2,1,3,4,1,1,1,1,4,2,4,1,3,1,3,1,2,1,5,1,6,6,NA,7,1,0,B9,0.394193193,-1.086206166,-0.239484483,0.44008433233231753,0.7208167549080569,7,2,1.183005165925335,2.5,6
2387,B0925,9,B,9B,Hindu,Enemies,Enemy2,2,15,M,25,5,7,2,7,7,1,7,7,6,5,5,7,1,NA,1,1,1,1,1,1,1,1,3,1,5,1,1,1,4,7,5,2,1,1,3,1,1,1,5,3,M,Hindu,1,1,1,1,1,1,2,1,2,2,2,4,4,3,1,1,1,3,1,1,1,5,2,7,7,7,1,1,1,B9,0.394193193,-1.086206166,-0.239484483,0.44008433233231753,0.7208167549080569,7,2,1.183005165925335,2.5,6
2388,B0925,9,B,9B,Hindu,Enemies,Enemy3,2,19,M,25,5,7,2,7,7,1,7,7,6,5,5,7,1,NA,1,1,1,1,1,1,1,1,3,1,5,1,1,1,4,7,5,2,1,1,3,1,1,1,5,3,M,Muslim,NA,3,4,3,2,2,2,1,1,3,2,4,2,4,1,3,5,3,1,1,3,4,5,3,3,6,6,1,0,B9,0.394193193,-1.086206166,-0.239484483,0.44008433233231753,0.7208167549080569,7,2,1.183005165925335,2.5,6
2389,B0925,9,B,9B,Hindu,Enemies,Enemy4,2,27,M,25,5,7,2,7,7,1,7,7,6,5,5,7,1,NA,1,1,1,1,1,1,1,1,3,1,5,1,1,1,4,7,5,2,1,1,3,1,1,1,5,3,M,Muslim,1,2,2,5,1,5,3,1,1,1,2,4,2,2,1,1,1,5,1,1,1,5,2,7,5,5,7,1,0,B9,0.394193193,-1.086206166,-0.239484483,0.44008433233231753,0.7208167549080569,7,2,1.183005165925335,2.5,6
2390,B0925,9,B,9B,Hindu,Enemies,Enemy5,2,29,M,25,5,7,2,7,7,1,7,7,6,5,5,7,1,NA,1,1,1,1,1,1,1,1,3,1,5,1,1,1,4,7,5,2,1,1,3,1,1,1,5,3,M,Muslim,1,1,3,1,1,1,1,1,1,1,1,4,4,4,1,1,1,1,1,1,1,5,5,6,6,6,7,1,0,B9,0.394193193,-1.086206166,-0.239484483,0.44008433233231753,0.7208167549080569,7,2,1.183005165925335,2.5,6
2391,B0925,9,B,9B,Hindu,Enemies,Enemy6,2,35,M,25,5,7,2,7,7,1,7,7,6,5,5,7,1,NA,1,1,1,1,1,1,1,1,3,1,5,1,1,1,4,7,5,2,1,1,3,1,1,1,5,3,M,Muslim,1,1,1,1,1,1,3,1,1,1,1,4,4,5,1,1,1,1,1,1,1,1,1,6,6,6,7,1,0,B9,0.394193193,-1.086206166,-0.239484483,0.44008433233231753,0.7208167549080569,7,2,1.183005165925335,2.5,6
2392,B0925,9,B,9B,Hindu,Enemies,Enemy7,2,38,M,25,5,7,2,7,7,1,7,7,6,5,5,7,1,NA,1,1,1,1,1,1,1,1,3,1,5,1,1,1,4,7,5,2,1,1,3,1,1,1,5,3,M,Hindu,1,1,1,1,1,1,2,1,2,2,2,4,4,4,1,1,1,3,1,1,1,5,2,7,7,7,5,1,1,B9,0.394193193,-1.086206166,-0.239484483,0.44008433233231753,0.7208167549080569,7,2,1.183005165925335,2.5,6
2393,B0926,9,B,9B,Hindu,Enemies,Enemy1,2,8,M,26,4,7,1,6,7,4,7,6,6,5,7,7,1,NA,1,1,1,1,1,1,1,1,3,1,2,1,1,1,4,4,4,NA,1,1,2,1,2,1,5,5,M,Hindu,3,2,2,4,3,2,4,1,4,1,2,4,4,4,1,1,1,1,1,4,1,5,4,6,6,6,6,1,1,B9,0.394193193,-1.086206166,-0.239484483,0.44008433233231753,0.7208167549080569,7,1,1.621549634144792,2.5,3
2394,B0926,9,B,9B,Hindu,Enemies,Enemy2,2,10,M,26,4,7,1,6,7,4,7,6,6,5,7,7,1,NA,1,1,1,1,1,1,1,1,3,1,2,1,1,1,4,4,4,NA,1,1,2,1,2,1,5,5,M,Hindu,3,1,1,4,2,1,3,1,4,2,2,6,4,3,1,1,2,2,1,1,1,5,2,6,7,7,5,1,1,B9,0.394193193,-1.086206166,-0.239484483,0.44008433233231753,0.7208167549080569,7,1,1.621549634144792,2.5,3
2395,B0926,9,B,9B,Hindu,Enemies,Enemy3,2,12,M,26,4,7,1,6,7,4,7,6,6,5,7,7,1,NA,1,1,1,1,1,1,1,1,3,1,2,1,1,1,4,4,4,NA,1,1,2,1,2,1,5,5,M,Hindu,4,4,3,5,4,3,3,1,5,3,2,4,4,4,1,1,1,4,1,1,1,5,2,6,7,6,6,1,1,B9,0.394193193,-1.086206166,-0.239484483,0.44008433233231753,0.7208167549080569,7,1,1.621549634144792,2.5,3
2396,B0926,9,B,9B,Hindu,Enemies,Enemy4,2,13,M,26,4,7,1,6,7,4,7,6,6,5,7,7,1,NA,1,1,1,1,1,1,1,1,3,1,2,1,1,1,4,4,4,NA,1,1,2,1,2,1,5,5,M,Muslim,1,1,1,1,1,2,3,1,1,2,1,4,4,4,1,1,1,3,1,1,1,3,2,7,6,5,7,1,0,B9,0.394193193,-1.086206166,-0.239484483,0.44008433233231753,0.7208167549080569,7,1,1.621549634144792,2.5,3
2397,B0926,9,B,9B,Hindu,Enemies,Enemy5,2,15,M,26,4,7,1,6,7,4,7,6,6,5,7,7,1,NA,1,1,1,1,1,1,1,1,3,1,2,1,1,1,4,4,4,NA,1,1,2,1,2,1,5,5,M,Hindu,1,1,1,1,1,1,2,1,2,2,2,4,4,3,1,1,1,3,1,1,1,5,2,7,7,7,1,1,1,B9,0.394193193,-1.086206166,-0.239484483,0.44008433233231753,0.7208167549080569,7,1,1.621549634144792,2.5,3
2398,B0926,9,B,9B,Hindu,Enemies,Enemy6,2,25,M,26,4,7,1,6,7,4,7,6,6,5,7,7,1,NA,1,1,1,1,1,1,1,1,3,1,2,1,1,1,4,4,4,NA,1,1,2,1,2,1,5,5,M,Hindu,1,1,1,1,1,1,3,1,5,1,1,4,7,5,2,1,1,3,1,1,1,5,3,7,2,7,1,1,1,B9,0.394193193,-1.086206166,-0.239484483,0.44008433233231753,0.7208167549080569,7,1,1.621549634144792,2.5,3
2399,B0926,9,B,9B,Hindu,Enemies,Enemy7,2,29,M,26,4,7,1,6,7,4,7,6,6,5,7,7,1,NA,1,1,1,1,1,1,1,1,3,1,2,1,1,1,4,4,4,NA,1,1,2,1,2,1,5,5,M,Muslim,1,1,3,1,1,1,1,1,1,1,1,4,4,4,1,1,1,1,1,1,1,5,5,6,6,6,7,1,0,B9,0.394193193,-1.086206166,-0.239484483,0.44008433233231753,0.7208167549080569,7,1,1.621549634144792,2.5,3
2400,B0927,9,B,9B,Muslim,Enemies,Enemy1,2,19,M,27,7,7,5,1,5,7,6,6,4,5,4,4,8,NA,1,1,2,2,5,1,5,2,3,1,1,1,2,2,4,2,2,1,1,1,5,1,1,1,5,2,M,Muslim,NA,3,4,3,2,2,2,1,1,3,2,4,2,4,1,3,5,3,1,1,3,4,5,3,3,6,6,1,1,B9,0.394193193,-1.086206166,-0.239484483,0.44008433233231753,0.7208167549080569,7,5,-0.132628239,2.5,2
2401,B0928,9,B,9B,Hindu,Enemies,Enemy1,2,5,M,28,6,7,6,6,7,6,6,6,6,6,6,6,NA,PATEL,1,2,1,1,1,1,1,1,1,1,2,1,1,3,5,4,4,2,1,1,3,1,1,1,5,3,M,NA,NA,NA,NA,NA,NA,NA,NA,NA,NA,NA,NA,NA,NA,NA,NA,NA,NA,NA,NA,NA,NA,NA,NA,NA,NA,NA,NA,1,NA,B9,0.394193193,-1.086206166,-0.239484483,0.44008433233231753,0.7208167549080569,7,6,-0.571172707,2.5,1
2402,B0928,9,B,9B,Hindu,Enemies,Enemy2,2,8,M,28,6,7,6,6,7,6,6,6,6,6,6,6,NA,PATEL,1,2,1,1,1,1,1,1,1,1,2,1,1,3,5,4,4,2,1,1,3,1,1,1,5,3,M,Hindu,3,2,2,4,3,2,4,1,4,1,2,4,4,4,1,1,1,1,1,4,1,5,4,6,6,6,6,1,1,B9,0.394193193,-1.086206166,-0.239484483,0.44008433233231753,0.7208167549080569,7,6,-0.571172707,2.5,1
2403,B0928,9,B,9B,Hindu,Enemies,Enemy3,2,11,M,28,6,7,6,6,7,6,6,6,6,6,6,6,NA,PATEL,1,2,1,1,1,1,1,1,1,1,2,1,1,3,5,4,4,2,1,1,3,1,1,1,5,3,M,Muslim,1,1,2,2,1,3,4,1,1,1,1,4,2,4,1,3,1,3,1,2,1,5,1,6,6,NA,7,1,0,B9,0.394193193,-1.086206166,-0.239484483,0.44008433233231753,0.7208167549080569,7,6,-0.571172707,2.5,1
2404,B0928,9,B,9B,Hindu,Enemies,Enemy4,2,14,M,28,6,7,6,6,7,6,6,6,6,6,6,6,NA,PATEL,1,2,1,1,1,1,1,1,1,1,2,1,1,3,5,4,4,2,1,1,3,1,1,1,5,3,M,Muslim,1,1,2,NA,1,3,4,1,1,1,1,4,2,4,1,3,1,3,1,2,1,5,1,6,6,NA,7,1,0,B9,0.394193193,-1.086206166,-0.239484483,0.44008433233231753,0.7208167549080569,7,6,-0.571172707,2.5,1
2405,B0928,9,B,9B,Hindu,Enemies,Enemy5,2,18,M,28,6,7,6,6,7,6,6,6,6,6,6,6,NA,PATEL,1,2,1,1,1,1,1,1,1,1,2,1,1,3,5,4,4,2,1,1,3,1,1,1,5,3,M,Muslim,1,3,3,3,1,3,4,1,1,1,1,4,4,4,1,2,1,3,2,5,1,5,3,4,4,4,1,1,0,B9,0.394193193,-1.086206166,-0.239484483,0.44008433233231753,0.7208167549080569,7,6,-0.571172707,2.5,1
2406,B0928,9,B,9B,Hindu,Enemies,Enemy6,2,22,M,28,6,7,6,6,7,6,6,6,6,6,6,6,NA,PATEL,1,2,1,1,1,1,1,1,1,1,2,1,1,3,5,4,4,2,1,1,3,1,1,1,5,3,M,Muslim,5,5,5,5,1,1,3,5,2,3,3,7,7,7,5,2,1,3,1,5,1,5,4,7,7,2,7,1,0,B9,0.394193193,-1.086206166,-0.239484483,0.44008433233231753,0.7208167549080569,7,6,-0.571172707,2.5,1
2407,B0928,9,B,9B,Hindu,Enemies,Enemy7,2,27,M,28,6,7,6,6,7,6,6,6,6,6,6,6,NA,PATEL,1,2,1,1,1,1,1,1,1,1,2,1,1,3,5,4,4,2,1,1,3,1,1,1,5,3,M,Muslim,1,2,2,5,1,5,3,1,1,1,2,4,2,2,1,1,1,5,1,1,1,5,2,7,5,5,7,1,0,B9,0.394193193,-1.086206166,-0.239484483,0.44008433233231753,0.7208167549080569,7,6,-0.571172707,2.5,1
2408,B0930,9,B,9B,Muslim,Enemies,Enemy1,2,2,M,30,4,4,4,3,4,5,6,5,4,4,4,4,7,SUNNI,1,1,1,2,2,1,2,2,3,1,1,2,2,2,4,4,4,2,2,1,3,1,2,1,3,3,M,Muslim,1,1,1,2,1,3,4,1,1,1,1,4,4,4,1,1,1,3,3,2,1,5,1,7,7,7,7,1,1,B9,0.394193193,-1.086206166,-0.239484483,0.44008433233231753,0.7208167549080569,4,4,-1.009717175,2.5,1
2409,B0930,9,B,9B,Muslim,Enemies,Enemy2,2,9,M,30,4,4,4,3,4,5,6,5,4,4,4,4,7,SUNNI,1,1,1,2,2,1,2,2,3,1,1,2,2,2,4,4,4,2,2,1,3,1,2,1,3,3,M,other,5,1,2,3,1,3,1,1,5,3,4,4,7,4,1,1,1,5,5,1,1,3,2,3,7,7,3,1,0,B9,0.394193193,-1.086206166,-0.239484483,0.44008433233231753,0.7208167549080569,4,4,-1.009717175,2.5,1
2410,B0930,9,B,9B,Muslim,Enemies,Enemy3,2,14,M,30,4,4,4,3,4,5,6,5,4,4,4,4,7,SUNNI,1,1,1,2,2,1,2,2,3,1,1,2,2,2,4,4,4,2,2,1,3,1,2,1,3,3,M,Muslim,1,1,2,NA,1,3,4,1,1,1,1,4,2,4,1,3,1,3,1,2,1,5,1,6,6,NA,7,1,1,B9,0.394193193,-1.086206166,-0.239484483,0.44008433233231753,0.7208167549080569,4,4,-1.009717175,2.5,1
2411,B0930,9,B,9B,Muslim,Enemies,Enemy4,2,32,M,30,4,4,4,3,4,5,6,5,4,4,4,4,7,SUNNI,1,1,1,2,2,1,2,2,3,1,1,2,2,2,4,4,4,2,2,1,3,1,2,1,3,3,M,Hindu,2,3,2,3,3,2,3,1,1,2,2,4,3,3,1,1,1,5,1,1,1,5,2,6,7,6,6,1,0,B9,0.394193193,-1.086206166,-0.239484483,0.44008433233231753,0.7208167549080569,4,4,-1.009717175,2.5,1
2412,B0930,9,B,9B,Muslim,Enemies,Enemy5,2,35,M,30,4,4,4,3,4,5,6,5,4,4,4,4,7,SUNNI,1,1,1,2,2,1,2,2,3,1,1,2,2,2,4,4,4,2,2,1,3,1,2,1,3,3,M,Muslim,1,1,1,1,1,1,3,1,1,1,1,4,4,5,1,1,1,1,1,1,1,1,1,6,6,6,7,1,1,B9,0.394193193,-1.086206166,-0.239484483,0.44008433233231753,0.7208167549080569,4,4,-1.009717175,2.5,1
2413,B0930,9,B,9B,Muslim,Enemies,Enemy6,2,62,M,30,4,4,4,3,4,5,6,5,4,4,4,4,7,SUNNI,1,1,1,2,2,1,2,2,3,1,1,2,2,2,4,4,4,2,2,1,3,1,2,1,3,3,F,Hindu,1,1,1,1,1,1,3,2,5,3,1,4,5,4,1,1,1,1,1,1,1,5,3,6,6,7,6,0,0,B9,0.394193193,-1.086206166,-0.239484483,0.44008433233231753,0.7208167549080569,4,4,-1.009717175,2.5,1
2414,B0930,9,B,9B,Muslim,Enemies,Enemy7,2,66,M,30,4,4,4,3,4,5,6,5,4,4,4,4,7,SUNNI,1,1,1,2,2,1,2,2,3,1,1,2,2,2,4,4,4,2,2,1,3,1,2,1,3,3,F,Hindu,2,2,2,2,2,1,3,2,4,2,2,4,4,4,1,1,1,2,1,2,2,5,3,6,7,6,6,0,0,B9,0.394193193,-1.086206166,-0.239484483,0.44008433233231753,0.7208167549080569,4,4,-1.009717175,2.5,1
2415,B0931,9,B,9B,Hindu,Enemies,Enemy1,2,3,M,31,5,6,6,3,6,2,5,4,4,4,7,3,7,NA,1,4,1,1,2,2,1,1,3,1,2,2,1,2,4,5,3,1,1,2,1,1,1,1,5,2,M,Hindu,2,1,2,3,1,1,4,2,2,3,2,5,7,4,1,1,1,3,1,1,1,5,3,7,7,7,6,1,1,B9,0.394193193,-1.086206166,-0.239484483,0.44008433233231753,0.7208167549080569,6,6,-1.009717175,2.5,4
2416,B0931,9,B,9B,Hindu,Enemies,Enemy2,2,5,M,31,5,6,6,3,6,2,5,4,4,4,7,3,7,NA,1,4,1,1,2,2,1,1,3,1,2,2,1,2,4,5,3,1,1,2,1,1,1,1,5,2,M,NA,NA,NA,NA,NA,NA,NA,NA,NA,NA,NA,NA,NA,NA,NA,NA,NA,NA,NA,NA,NA,NA,NA,NA,NA,NA,NA,NA,1,NA,B9,0.394193193,-1.086206166,-0.239484483,0.44008433233231753,0.7208167549080569,6,6,-1.009717175,2.5,4
2417,B0931,9,B,9B,Hindu,Enemies,Enemy3,2,8,M,31,5,6,6,3,6,2,5,4,4,4,7,3,7,NA,1,4,1,1,2,2,1,1,3,1,2,2,1,2,4,5,3,1,1,2,1,1,1,1,5,2,M,Hindu,3,2,2,4,3,2,4,1,4,1,2,4,4,4,1,1,1,1,1,4,1,5,4,6,6,6,6,1,1,B9,0.394193193,-1.086206166,-0.239484483,0.44008433233231753,0.7208167549080569,6,6,-1.009717175,2.5,4
2418,B0931,9,B,9B,Hindu,Enemies,Enemy4,2,14,M,31,5,6,6,3,6,2,5,4,4,4,7,3,7,NA,1,4,1,1,2,2,1,1,3,1,2,2,1,2,4,5,3,1,1,2,1,1,1,1,5,2,M,Muslim,1,1,2,NA,1,3,4,1,1,1,1,4,2,4,1,3,1,3,1,2,1,5,1,6,6,NA,7,1,0,B9,0.394193193,-1.086206166,-0.239484483,0.44008433233231753,0.7208167549080569,6,6,-1.009717175,2.5,4
2419,B0931,9,B,9B,Hindu,Enemies,Enemy5,2,18,M,31,5,6,6,3,6,2,5,4,4,4,7,3,7,NA,1,4,1,1,2,2,1,1,3,1,2,2,1,2,4,5,3,1,1,2,1,1,1,1,5,2,M,Muslim,1,3,3,3,1,3,4,1,1,1,1,4,4,4,1,2,1,3,2,5,1,5,3,4,4,4,1,1,0,B9,0.394193193,-1.086206166,-0.239484483,0.44008433233231753,0.7208167549080569,6,6,-1.009717175,2.5,4
2420,B0931,9,B,9B,Hindu,Enemies,Enemy6,2,19,M,31,5,6,6,3,6,2,5,4,4,4,7,3,7,NA,1,4,1,1,2,2,1,1,3,1,2,2,1,2,4,5,3,1,1,2,1,1,1,1,5,2,M,Muslim,NA,3,4,3,2,2,2,1,1,3,2,4,2,4,1,3,5,3,1,1,3,4,5,3,3,6,6,1,0,B9,0.394193193,-1.086206166,-0.239484483,0.44008433233231753,0.7208167549080569,6,6,-1.009717175,2.5,4
2421,B0931,9,B,9B,Hindu,Enemies,Enemy7,2,35,M,31,5,6,6,3,6,2,5,4,4,4,7,3,7,NA,1,4,1,1,2,2,1,1,3,1,2,2,1,2,4,5,3,1,1,2,1,1,1,1,5,2,M,Muslim,1,1,1,1,1,1,3,1,1,1,1,4,4,5,1,1,1,1,1,1,1,1,1,6,6,6,7,1,0,B9,0.394193193,-1.086206166,-0.239484483,0.44008433233231753,0.7208167549080569,6,6,-1.009717175,2.5,4
2422,B0932,9,B,9B,Hindu,Enemies,Enemy1,2,1,M,32,7,6,7,1,6,6,6,7,5,5,6,4,1,NA,1,2,3,2,3,3,2,1,3,1,1,2,1,2,4,3,3,1,1,1,5,1,1,1,5,2,M,Hindu,2,1,3,1,1,2,1,2,5,2,2,5,4,4,1,1,1,2,1,1,2,2,2,7,6,7,3,1,1,B9,0.394193193,-1.086206166,-0.239484483,0.44008433233231753,0.7208167549080569,6,7,-1.448261643,2.5,0
2423,B0932,9,B,9B,Hindu,Enemies,Enemy2,2,5,M,32,7,6,7,1,6,6,6,7,5,5,6,4,1,NA,1,2,3,2,3,3,2,1,3,1,1,2,1,2,4,3,3,1,1,1,5,1,1,1,5,2,M,NA,NA,NA,NA,NA,NA,NA,NA,NA,NA,NA,NA,NA,NA,NA,NA,NA,NA,NA,NA,NA,NA,NA,NA,NA,NA,NA,NA,1,NA,B9,0.394193193,-1.086206166,-0.239484483,0.44008433233231753,0.7208167549080569,6,7,-1.448261643,2.5,0
2424,B0932,9,B,9B,Hindu,Enemies,Enemy3,2,12,M,32,7,6,7,1,6,6,6,7,5,5,6,4,1,NA,1,2,3,2,3,3,2,1,3,1,1,2,1,2,4,3,3,1,1,1,5,1,1,1,5,2,M,Hindu,4,4,3,5,4,3,3,1,5,3,2,4,4,4,1,1,1,4,1,1,1,5,2,6,7,6,6,1,1,B9,0.394193193,-1.086206166,-0.239484483,0.44008433233231753,0.7208167549080569,6,7,-1.448261643,2.5,0
2425,B0932,9,B,9B,Hindu,Enemies,Enemy4,2,28,M,32,7,6,7,1,6,6,6,7,5,5,6,4,1,NA,1,2,3,2,3,3,2,1,3,1,1,2,1,2,4,3,3,1,1,1,5,1,1,1,5,2,M,Hindu,2,1,1,1,1,1,1,1,2,1,3,5,4,4,2,1,1,3,1,1,1,5,3,7,6,7,6,1,1,B9,0.394193193,-1.086206166,-0.239484483,0.44008433233231753,0.7208167549080569,6,7,-1.448261643,2.5,0
2426,B0932,9,B,9B,Hindu,Enemies,Enemy5,2,33,M,32,7,6,7,1,6,6,6,7,5,5,6,4,1,NA,1,2,3,2,3,3,2,1,3,1,1,2,1,2,4,3,3,1,1,1,5,1,1,1,5,2,M,Hindu,2,2,2,1,2,1,3,2,5,2,3,4,4,4,2,1,1,4,1,3,1,3,2,6,6,6,6,1,1,B9,0.394193193,-1.086206166,-0.239484483,0.44008433233231753,0.7208167549080569,6,7,-1.448261643,2.5,0
2427,B0932,9,B,9B,Hindu,Enemies,Enemy6,2,34,M,32,7,6,7,1,6,6,6,7,5,5,6,4,1,NA,1,2,3,2,3,3,2,1,3,1,1,2,1,2,4,3,3,1,1,1,5,1,1,1,5,2,M,Muslim,1,1,2,3,1,2,3,1,1,2,2,4,4,4,4,1,1,3,1,2,2,5,4,4,4,4,5,1,0,B9,0.394193193,-1.086206166,-0.239484483,0.44008433233231753,0.7208167549080569,6,7,-1.448261643,2.5,0
2428,B0932,9,B,9B,Hindu,Enemies,Enemy7,2,38,M,32,7,6,7,1,6,6,6,7,5,5,6,4,1,NA,1,2,3,2,3,3,2,1,3,1,1,2,1,2,4,3,3,1,1,1,5,1,1,1,5,2,M,Hindu,1,1,1,1,1,1,2,1,2,2,2,4,4,4,1,1,1,3,1,1,1,5,2,7,7,7,5,1,1,B9,0.394193193,-1.086206166,-0.239484483,0.44008433233231753,0.7208167549080569,6,7,-1.448261643,2.5,0
2429,B0934,9,B,9B,Muslim,Enemies,Enemy1,2,5,M,34,4,4,4,3,4,5,6,5,4,4,4,4,7,SUNNI,1,1,1,2,3,1,2,2,3,1,1,2,2,2,4,4,4,4,1,1,3,1,2,2,5,4,M,NA,NA,NA,NA,NA,NA,NA,NA,NA,NA,NA,NA,NA,NA,NA,NA,NA,NA,NA,NA,NA,NA,NA,NA,NA,NA,NA,NA,1,NA,B9,0.394193193,-1.086206166,-0.239484483,0.44008433233231753,0.7208167549080569,4,4,-1.009717175,2.5,1
2430,B0934,9,B,9B,Muslim,Enemies,Enemy2,2,8,M,34,4,4,4,3,4,5,6,5,4,4,4,4,7,SUNNI,1,1,1,2,3,1,2,2,3,1,1,2,2,2,4,4,4,4,1,1,3,1,2,2,5,4,M,Hindu,3,2,2,4,3,2,4,1,4,1,2,4,4,4,1,1,1,1,1,4,1,5,4,6,6,6,6,1,0,B9,0.394193193,-1.086206166,-0.239484483,0.44008433233231753,0.7208167549080569,4,4,-1.009717175,2.5,1
2431,B0934,9,B,9B,Muslim,Enemies,Enemy3,2,13,M,34,4,4,4,3,4,5,6,5,4,4,4,4,7,SUNNI,1,1,1,2,3,1,2,2,3,1,1,2,2,2,4,4,4,4,1,1,3,1,2,2,5,4,M,Muslim,1,1,1,1,1,2,3,1,1,2,1,4,4,4,1,1,1,3,1,1,1,3,2,7,6,5,7,1,1,B9,0.394193193,-1.086206166,-0.239484483,0.44008433233231753,0.7208167549080569,4,4,-1.009717175,2.5,1
2432,B0934,9,B,9B,Muslim,Enemies,Enemy4,2,22,M,34,4,4,4,3,4,5,6,5,4,4,4,4,7,SUNNI,1,1,1,2,3,1,2,2,3,1,1,2,2,2,4,4,4,4,1,1,3,1,2,2,5,4,M,Muslim,5,5,5,5,1,1,3,5,2,3,3,7,7,7,5,2,1,3,1,5,1,5,4,7,7,2,7,1,1,B9,0.394193193,-1.086206166,-0.239484483,0.44008433233231753,0.7208167549080569,4,4,-1.009717175,2.5,1
2433,B0934,9,B,9B,Muslim,Enemies,Enemy5,2,35,M,34,4,4,4,3,4,5,6,5,4,4,4,4,7,SUNNI,1,1,1,2,3,1,2,2,3,1,1,2,2,2,4,4,4,4,1,1,3,1,2,2,5,4,M,Muslim,1,1,1,1,1,1,3,1,1,1,1,4,4,5,1,1,1,1,1,1,1,1,1,6,6,6,7,1,1,B9,0.394193193,-1.086206166,-0.239484483,0.44008433233231753,0.7208167549080569,4,4,-1.009717175,2.5,1
2434,B0936,9,B,9B,Muslim,Enemies,Enemy1,2,8,M,36,5,7,4,4,3,7,7,4,4,3,4,4,7,MUSLIM,1,2,2,3,3,1,3,2,3,1,1,2,2,1,3,3,4,1,1,1,3,1,1,2,3,3,M,Hindu,3,2,2,4,3,2,4,1,4,1,2,4,4,4,1,1,1,1,1,4,1,5,4,6,6,6,6,1,0,B9,0.394193193,-1.086206166,-0.239484483,0.44008433233231753,0.7208167549080569,7,4,0.30591622948642044,2.5,4
2435,B0936,9,B,9B,Muslim,Enemies,Enemy2,2,27,M,36,5,7,4,4,3,7,7,4,4,3,4,4,7,MUSLIM,1,2,2,3,3,1,3,2,3,1,1,2,2,1,3,3,4,1,1,1,3,1,1,2,3,3,M,Muslim,1,2,2,5,1,5,3,1,1,1,2,4,2,2,1,1,1,5,1,1,1,5,2,7,5,5,7,1,1,B9,0.394193193,-1.086206166,-0.239484483,0.44008433233231753,0.7208167549080569,7,4,0.30591622948642044,2.5,4
2436,B0936,9,B,9B,Muslim,Enemies,Enemy3,2,61,M,36,5,7,4,4,3,7,7,4,4,3,4,4,7,MUSLIM,1,2,2,3,3,1,3,2,3,1,1,2,2,1,3,3,4,1,1,1,3,1,1,2,3,3,F,Hindu,2,2,2,1,2,1,3,1,2,2,2,4,4,4,1,1,1,3,1,1,1,5,5,5,7,6,6,0,0,B9,0.394193193,-1.086206166,-0.239484483,0.44008433233231753,0.7208167549080569,7,4,0.30591622948642044,2.5,4
2437,B0937,9,B,9B,Hindu,Enemies,Enemy1,2,9,M,37,2,6,5,6,6,6,6,6,6,6,6,5,1,NA,1,2,1,2,1,2,1,1,4,1,5,1,1,1,4,4,4,1,1,1,1,1,1,1,3,2,M,other,5,1,2,3,1,3,1,1,5,3,4,4,7,4,1,1,1,5,5,1,1,3,2,3,7,7,3,1,0,B9,0.394193193,-1.086206166,-0.239484483,0.44008433233231753,0.7208167549080569,6,5,-0.571172707,2.5,0
2438,B0937,9,B,9B,Hindu,Enemies,Enemy2,2,11,M,37,2,6,5,6,6,6,6,6,6,6,6,5,1,NA,1,2,1,2,1,2,1,1,4,1,5,1,1,1,4,4,4,1,1,1,1,1,1,1,3,2,M,Muslim,1,1,2,2,1,3,4,1,1,1,1,4,2,4,1,3,1,3,1,2,1,5,1,6,6,NA,7,1,0,B9,0.394193193,-1.086206166,-0.239484483,0.44008433233231753,0.7208167549080569,6,5,-0.571172707,2.5,0
2439,B0937,9,B,9B,Hindu,Enemies,Enemy3,2,14,M,37,2,6,5,6,6,6,6,6,6,6,6,5,1,NA,1,2,1,2,1,2,1,1,4,1,5,1,1,1,4,4,4,1,1,1,1,1,1,1,3,2,M,Muslim,1,1,2,NA,1,3,4,1,1,1,1,4,2,4,1,3,1,3,1,2,1,5,1,6,6,NA,7,1,0,B9,0.394193193,-1.086206166,-0.239484483,0.44008433233231753,0.7208167549080569,6,5,-0.571172707,2.5,0
2440,B0937,9,B,9B,Hindu,Enemies,Enemy4,2,27,M,37,2,6,5,6,6,6,6,6,6,6,6,5,1,NA,1,2,1,2,1,2,1,1,4,1,5,1,1,1,4,4,4,1,1,1,1,1,1,1,3,2,M,Muslim,1,2,2,5,1,5,3,1,1,1,2,4,2,2,1,1,1,5,1,1,1,5,2,7,5,5,7,1,0,B9,0.394193193,-1.086206166,-0.239484483,0.44008433233231753,0.7208167549080569,6,5,-0.571172707,2.5,0
2441,B0937,9,B,9B,Hindu,Enemies,Enemy5,2,31,M,37,2,6,5,6,6,6,6,6,6,6,6,5,1,NA,1,2,1,2,1,2,1,1,4,1,5,1,1,1,4,4,4,1,1,1,1,1,1,1,3,2,M,Hindu,4,1,1,2,2,1,3,1,2,2,2,4,5,3,1,1,2,1,1,1,1,5,2,6,6,6,2,1,1,B9,0.394193193,-1.086206166,-0.239484483,0.44008433233231753,0.7208167549080569,6,5,-0.571172707,2.5,0
2442,B0937,9,B,9B,Hindu,Enemies,Enemy6,2,39,M,37,2,6,5,6,6,6,6,6,6,6,6,5,1,NA,1,2,1,2,1,2,1,1,4,1,5,1,1,1,4,4,4,1,1,1,1,1,1,1,3,2,M,Hindu,NA,NA,NA,NA,NA,NA,NA,1,NA,2,2,4,5,4,1,1,1,2,1,1,1,2,2,NA,NA,NA,NA,1,1,B9,0.394193193,-1.086206166,-0.239484483,0.44008433233231753,0.7208167549080569,6,5,-0.571172707,2.5,0
2443,B0937,9,B,9B,Hindu,Enemies,Enemy7,2,40,M,37,2,6,5,6,6,6,6,6,6,6,6,5,1,NA,1,2,1,2,1,2,1,1,4,1,5,1,1,1,4,4,4,1,1,1,1,1,1,1,3,2,M,other,1,1,1,1,1,1,3,1,1,3,NA,4,4,4,3,5,5,2,1,3,4,2,1,NA,1,NA,7,1,0,B9,0.394193193,-1.086206166,-0.239484483,0.44008433233231753,0.7208167549080569,6,5,-0.571172707,2.5,0
2444,B0938,9,B,9B,Hindu,Enemies,Enemy1,2,40,M,38,5,7,7,6,7,5,7,6,6,6,6,6,1,NA,1,1,1,1,1,1,1,4,2,1,2,2,1,2,4,4,4,1,1,1,3,1,1,1,5,2,M,other,1,1,1,1,1,1,3,1,1,3,NA,4,4,4,3,5,5,2,1,3,4,2,1,NA,1,NA,7,1,0,B9,0.394193193,-1.086206166,-0.239484483,0.44008433233231753,0.7208167549080569,7,7,-1.009717175,2.5,2
2445,B0938,9,B,9B,Hindu,Enemies,Enemy2,2,51,M,38,5,7,7,6,7,5,7,6,6,6,6,6,1,NA,1,1,1,1,1,1,1,4,2,1,2,2,1,2,4,4,4,1,1,1,3,1,1,1,5,2,F,Muslim,1,1,2,1,1,1,3,1,2,2,2,4,4,4,1,1,1,1,1,1,1,5,2,5,7,6,6,0,0,B9,0.394193193,-1.086206166,-0.239484483,0.44008433233231753,0.7208167549080569,7,7,-1.009717175,2.5,2
2446,B0938,9,B,9B,Hindu,Enemies,Enemy3,2,61,M,38,5,7,7,6,7,5,7,6,6,6,6,6,1,NA,1,1,1,1,1,1,1,4,2,1,2,2,1,2,4,4,4,1,1,1,3,1,1,1,5,2,F,Hindu,2,2,2,1,2,1,3,1,2,2,2,4,4,4,1,1,1,3,1,1,1,5,5,5,7,6,6,0,1,B9,0.394193193,-1.086206166,-0.239484483,0.44008433233231753,0.7208167549080569,7,7,-1.009717175,2.5,2
2447,B0939,9,B,9B,Hindu,Enemies,Enemy1,2,2,M,39,NA,NA,NA,NA,NA,NA,NA,NA,NA,7,NA,NA,NA,NA,1,NA,NA,NA,NA,NA,NA,1,NA,1,NA,2,1,2,4,5,4,1,1,1,2,1,1,1,2,2,M,Muslim,1,1,1,2,1,3,4,1,1,1,1,4,4,4,1,1,1,3,3,2,1,5,1,7,7,7,7,1,0,B9,0.394193193,-1.086206166,-0.239484483,0.44008433233231753,0.7208167549080569,NA,NA,NA,2.5,NA
2448,B0939,9,B,9B,Hindu,Enemies,Enemy2,2,6,M,39,NA,NA,NA,NA,NA,NA,NA,NA,NA,7,NA,NA,NA,NA,1,NA,NA,NA,NA,NA,NA,1,NA,1,NA,2,1,2,4,5,4,1,1,1,2,1,1,1,2,2,M,Hindu,1,1,1,2,2,1,4,1,3,2,1,4,4,4,1,1,1,2,1,2,1,5,2,7,7,7,7,1,1,B9,0.394193193,-1.086206166,-0.239484483,0.44008433233231753,0.7208167549080569,NA,NA,NA,2.5,NA
2449,B0939,9,B,9B,Hindu,Enemies,Enemy3,2,8,M,39,NA,NA,NA,NA,NA,NA,NA,NA,NA,7,NA,NA,NA,NA,1,NA,NA,NA,NA,NA,NA,1,NA,1,NA,2,1,2,4,5,4,1,1,1,2,1,1,1,2,2,M,Hindu,3,2,2,4,3,2,4,1,4,1,2,4,4,4,1,1,1,1,1,4,1,5,4,6,6,6,6,1,1,B9,0.394193193,-1.086206166,-0.239484483,0.44008433233231753,0.7208167549080569,NA,NA,NA,2.5,NA
2450,B0939,9,B,9B,Hindu,Enemies,Enemy4,2,30,M,39,NA,NA,NA,NA,NA,NA,NA,NA,NA,7,NA,NA,NA,NA,1,NA,NA,NA,NA,NA,NA,1,NA,1,NA,2,1,2,4,5,4,1,1,1,2,1,1,1,2,2,M,Muslim,1,1,2,2,1,2,3,1,1,2,2,4,4,4,2,2,1,3,1,2,1,3,3,4,4,4,5,1,0,B9,0.394193193,-1.086206166,-0.239484483,0.44008433233231753,0.7208167549080569,NA,NA,NA,2.5,NA
2451,B0940,9,B,9B,other,Enemies,Enemy1,2,2,M,40,4,NA,1,6,NA,7,NA,5,5,4,NA,7,6,NA,1,1,1,1,1,1,1,1,3,1,1,3,NA,NA,4,4,4,3,5,5,2,1,3,4,2,1,M,Muslim,1,1,1,2,1,3,4,1,1,1,1,4,4,4,1,1,1,3,3,2,1,5,1,7,7,7,7,1,0,B9,0.394193193,-1.086206166,-0.239484483,0.44008433233231753,0.7208167549080569,NA,1,NA,2.5,NA
2452,B0940,9,B,9B,other,Enemies,Enemy2,2,5,M,40,4,NA,1,6,NA,7,NA,5,5,4,NA,7,6,NA,1,1,1,1,1,1,1,1,3,1,1,3,NA,NA,4,4,4,3,5,5,2,1,3,4,2,1,M,NA,NA,NA,NA,NA,NA,NA,NA,NA,NA,NA,NA,NA,NA,NA,NA,NA,NA,NA,NA,NA,NA,NA,NA,NA,NA,NA,NA,1,NA,B9,0.394193193,-1.086206166,-0.239484483,0.44008433233231753,0.7208167549080569,NA,1,NA,2.5,NA
2453,B0940,9,B,9B,other,Enemies,Enemy3,2,8,M,40,4,NA,1,6,NA,7,NA,5,5,4,NA,7,6,NA,1,1,1,1,1,1,1,1,3,1,1,3,NA,NA,4,4,4,3,5,5,2,1,3,4,2,1,M,Hindu,3,2,2,4,3,2,4,1,4,1,2,4,4,4,1,1,1,1,1,4,1,5,4,6,6,6,6,1,0,B9,0.394193193,-1.086206166,-0.239484483,0.44008433233231753,0.7208167549080569,NA,1,NA,2.5,NA
2454,B0940,9,B,9B,other,Enemies,Enemy4,2,14,M,40,4,NA,1,6,NA,7,NA,5,5,4,NA,7,6,NA,1,1,1,1,1,1,1,1,3,1,1,3,NA,NA,4,4,4,3,5,5,2,1,3,4,2,1,M,Muslim,1,1,2,NA,1,3,4,1,1,1,1,4,2,4,1,3,1,3,1,2,1,5,1,6,6,NA,7,1,0,B9,0.394193193,-1.086206166,-0.239484483,0.44008433233231753,0.7208167549080569,NA,1,NA,2.5,NA
2455,B0940,9,B,9B,other,Enemies,Enemy5,2,18,M,40,4,NA,1,6,NA,7,NA,5,5,4,NA,7,6,NA,1,1,1,1,1,1,1,1,3,1,1,3,NA,NA,4,4,4,3,5,5,2,1,3,4,2,1,M,Muslim,1,3,3,3,1,3,4,1,1,1,1,4,4,4,1,2,1,3,2,5,1,5,3,4,4,4,1,1,0,B9,0.394193193,-1.086206166,-0.239484483,0.44008433233231753,0.7208167549080569,NA,1,NA,2.5,NA
2456,B0940,9,B,9B,other,Enemies,Enemy6,2,35,M,40,4,NA,1,6,NA,7,NA,5,5,4,NA,7,6,NA,1,1,1,1,1,1,1,1,3,1,1,3,NA,NA,4,4,4,3,5,5,2,1,3,4,2,1,M,Muslim,1,1,1,1,1,1,3,1,1,1,1,4,4,5,1,1,1,1,1,1,1,1,1,6,6,6,7,1,0,B9,0.394193193,-1.086206166,-0.239484483,0.44008433233231753,0.7208167549080569,NA,1,NA,2.5,NA
2457,B0940,9,B,9B,other,Enemies,Enemy7,2,43,M,40,4,NA,1,6,NA,7,NA,5,5,4,NA,7,6,NA,1,1,1,1,1,1,1,1,3,1,1,3,NA,NA,4,4,4,3,5,5,2,1,3,4,2,1,M,Hindu,2,1,2,2,2,1,1,2,5,2,2,4,4,4,1,1,1,2,1,1,1,5,2,7,7,1,6,1,0,B9,0.394193193,-1.086206166,-0.239484483,0.44008433233231753,0.7208167549080569,NA,1,NA,2.5,NA
2458,B0943,9,B,9B,Hindu,Enemies,Enemy1,2,14,M,43,4,7,7,4,1,6,5,5,4,4,4,2,2,NA,1,2,1,2,2,2,1,2,1,2,5,2,1,2,4,4,4,1,1,1,2,1,1,1,5,2,M,Muslim,1,1,2,NA,1,3,4,1,1,1,1,4,2,4,1,3,1,3,1,2,1,5,1,6,6,NA,7,1,0,B9,0.394193193,-1.086206166,-0.239484483,0.44008433233231753,0.7208167549080569,7,7,-1.009717175,2.5,-5
2459,B0943,9,B,9B,Hindu,Enemies,Enemy2,2,19,M,43,4,7,7,4,1,6,5,5,4,4,4,2,2,NA,1,2,1,2,2,2,1,2,1,2,5,2,1,2,4,4,4,1,1,1,2,1,1,1,5,2,M,Muslim,NA,3,4,3,2,2,2,1,1,3,2,4,2,4,1,3,5,3,1,1,3,4,5,3,3,6,6,1,0,B9,0.394193193,-1.086206166,-0.239484483,0.44008433233231753,0.7208167549080569,7,7,-1.009717175,2.5,-5
2460,B0943,9,B,9B,Hindu,Enemies,Enemy3,2,35,M,43,4,7,7,4,1,6,5,5,4,4,4,2,2,NA,1,2,1,2,2,2,1,2,1,2,5,2,1,2,4,4,4,1,1,1,2,1,1,1,5,2,M,Muslim,1,1,1,1,1,1,3,1,1,1,1,4,4,5,1,1,1,1,1,1,1,1,1,6,6,6,7,1,0,B9,0.394193193,-1.086206166,-0.239484483,0.44008433233231753,0.7208167549080569,7,7,-1.009717175,2.5,-5
2461,B0944,9,B,9B,Hindu,Enemies,Enemy1,2,5,M,44,5,6,7,7,7,7,6,6,5,5,6,1,1,NA,1,NA,2,NA,1,NA,1,4,3,1,4,2,1,3,4,4,4,1,1,1,3,2,2,1,5,3,M,NA,NA,NA,NA,NA,NA,NA,NA,NA,NA,NA,NA,NA,NA,NA,NA,NA,NA,NA,NA,NA,NA,NA,NA,NA,NA,NA,NA,1,NA,B9,0.394193193,-1.086206166,-0.239484483,0.44008433233231753,0.7208167549080569,6,7,-1.448261643,2.5,0
2462,B0944,9,B,9B,Hindu,Enemies,Enemy2,2,8,M,44,5,6,7,7,7,7,6,6,5,5,6,1,1,NA,1,NA,2,NA,1,NA,1,4,3,1,4,2,1,3,4,4,4,1,1,1,3,2,2,1,5,3,M,Hindu,3,2,2,4,3,2,4,1,4,1,2,4,4,4,1,1,1,1,1,4,1,5,4,6,6,6,6,1,1,B9,0.394193193,-1.086206166,-0.239484483,0.44008433233231753,0.7208167549080569,6,7,-1.448261643,2.5,0
2463,B0944,9,B,9B,Hindu,Enemies,Enemy3,2,9,M,44,5,6,7,7,7,7,6,6,5,5,6,1,1,NA,1,NA,2,NA,1,NA,1,4,3,1,4,2,1,3,4,4,4,1,1,1,3,2,2,1,5,3,M,other,5,1,2,3,1,3,1,1,5,3,4,4,7,4,1,1,1,5,5,1,1,3,2,3,7,7,3,1,0,B9,0.394193193,-1.086206166,-0.239484483,0.44008433233231753,0.7208167549080569,6,7,-1.448261643,2.5,0
2464,B0944,9,B,9B,Hindu,Enemies,Enemy4,2,18,M,44,5,6,7,7,7,7,6,6,5,5,6,1,1,NA,1,NA,2,NA,1,NA,1,4,3,1,4,2,1,3,4,4,4,1,1,1,3,2,2,1,5,3,M,Muslim,1,3,3,3,1,3,4,1,1,1,1,4,4,4,1,2,1,3,2,5,1,5,3,4,4,4,1,1,0,B9,0.394193193,-1.086206166,-0.239484483,0.44008433233231753,0.7208167549080569,6,7,-1.448261643,2.5,0
2465,B0944,9,B,9B,Hindu,Enemies,Enemy5,2,24,M,44,5,6,7,7,7,7,6,6,5,5,6,1,1,NA,1,NA,2,NA,1,NA,1,4,3,1,4,2,1,3,4,4,4,1,1,1,3,2,2,1,5,3,M,Hindu,4,1,1,2,3,2,1,1,2,2,1,4,4,3,1,1,1,1,1,1,1,4,2,6,6,6,2,1,1,B9,0.394193193,-1.086206166,-0.239484483,0.44008433233231753,0.7208167549080569,6,7,-1.448261643,2.5,0
2466,B0944,9,B,9B,Hindu,Enemies,Enemy6,2,25,M,44,5,6,7,7,7,7,6,6,5,5,6,1,1,NA,1,NA,2,NA,1,NA,1,4,3,1,4,2,1,3,4,4,4,1,1,1,3,2,2,1,5,3,M,Hindu,1,1,1,1,1,1,3,1,5,1,1,4,7,5,2,1,1,3,1,1,1,5,3,7,2,7,1,1,1,B9,0.394193193,-1.086206166,-0.239484483,0.44008433233231753,0.7208167549080569,6,7,-1.448261643,2.5,0
2467,B0944,9,B,9B,Hindu,Enemies,Enemy7,2,32,M,44,5,6,7,7,7,7,6,6,5,5,6,1,1,NA,1,NA,2,NA,1,NA,1,4,3,1,4,2,1,3,4,4,4,1,1,1,3,2,2,1,5,3,M,Hindu,2,3,2,3,3,2,3,1,1,2,2,4,3,3,1,1,1,5,1,1,1,5,2,6,7,6,6,1,1,B9,0.394193193,-1.086206166,-0.239484483,0.44008433233231753,0.7208167549080569,6,7,-1.448261643,2.5,0
2468,B0945,9,B,9B,Hindu,Enemies,Enemy1,2,13,F,45,6,6,7,6,7,6,7,7,7,7,6,6,7,SINDHI,2,1,1,1,2,1,1,4,4,1,5,3,1,2,4,4,4,1,1,1,1,1,1,1,2,3,M,Muslim,1,1,1,1,1,2,3,1,1,2,1,4,4,4,1,1,1,3,1,1,1,3,2,7,6,5,7,0,0,B9,0.394193193,-1.086206166,-0.239484483,0.44008433233231753,0.7208167549080569,7,6,-0.571172707,2.5,1
2469,B0945,9,B,9B,Hindu,Enemies,Enemy2,2,14,F,45,6,6,7,6,7,6,7,7,7,7,6,6,7,SINDHI,2,1,1,1,2,1,1,4,4,1,5,3,1,2,4,4,4,1,1,1,1,1,1,1,2,3,M,Muslim,1,1,2,NA,1,3,4,1,1,1,1,4,2,4,1,3,1,3,1,2,1,5,1,6,6,NA,7,0,0,B9,0.394193193,-1.086206166,-0.239484483,0.44008433233231753,0.7208167549080569,7,6,-0.571172707,2.5,1
2470,B0945,9,B,9B,Hindu,Enemies,Enemy3,2,27,F,45,6,6,7,6,7,6,7,7,7,7,6,6,7,SINDHI,2,1,1,1,2,1,1,4,4,1,5,3,1,2,4,4,4,1,1,1,1,1,1,1,2,3,M,Muslim,1,2,2,5,1,5,3,1,1,1,2,4,2,2,1,1,1,5,1,1,1,5,2,7,5,5,7,0,0,B9,0.394193193,-1.086206166,-0.239484483,0.44008433233231753,0.7208167549080569,7,6,-0.571172707,2.5,1
2471,B0945,9,B,9B,Hindu,Enemies,Enemy4,2,35,F,45,6,6,7,6,7,6,7,7,7,7,6,6,7,SINDHI,2,1,1,1,2,1,1,4,4,1,5,3,1,2,4,4,4,1,1,1,1,1,1,1,2,3,M,Muslim,1,1,1,1,1,1,3,1,1,1,1,4,4,5,1,1,1,1,1,1,1,1,1,6,6,6,7,0,0,B9,0.394193193,-1.086206166,-0.239484483,0.44008433233231753,0.7208167549080569,7,6,-0.571172707,2.5,1
2472,B0945,9,B,9B,Hindu,Enemies,Enemy5,2,50,F,45,6,6,7,6,7,6,7,7,7,7,6,6,7,SINDHI,2,1,1,1,2,1,1,4,4,1,5,3,1,2,4,4,4,1,1,1,1,1,1,1,2,3,F,Muslim,1,2,3,2,1,2,4,1,1,2,2,4,3,3,1,1,1,2,1,2,1,5,2,4,7,6,7,1,0,B9,0.394193193,-1.086206166,-0.239484483,0.44008433233231753,0.7208167549080569,7,6,-0.571172707,2.5,1
2473,B0945,9,B,9B,Hindu,Enemies,Enemy6,2,65,F,45,6,6,7,6,7,6,7,7,7,7,6,6,7,SINDHI,2,1,1,1,2,1,1,4,4,1,5,3,1,2,4,4,4,1,1,1,1,1,1,1,2,3,F,Muslim,1,1,2,1,1,2,3,1,1,2,1,4,4,4,1,1,1,3,1,1,1,3,2,6,6,5,7,1,0,B9,0.394193193,-1.086206166,-0.239484483,0.44008433233231753,0.7208167549080569,7,6,-0.571172707,2.5,1
2474,B0945,9,B,9B,Hindu,Enemies,Enemy7,2,68,F,45,6,6,7,6,7,6,7,7,7,7,6,6,7,SINDHI,2,1,1,1,2,1,1,4,4,1,5,3,1,2,4,4,4,1,1,1,1,1,1,1,2,3,F,Muslim,1,1,1,1,2,1,4,1,1,5,1,5,4,6,1,1,1,3,2,2,1,4,2,6,7,6,7,1,0,B9,0.394193193,-1.086206166,-0.239484483,0.44008433233231753,0.7208167549080569,7,6,-0.571172707,2.5,1
2475,B0946,9,B,9B,Muslim,Enemies,Enemy1,2,42,F,46,4,2,6,2,3,6,6,6,6,2,6,4,7,Sunni,2,1,1,2,3,1,1,2,4,1,1,2,2,3,2,3,3,3,1,2,2,1,2,3,5,3,M,Muslim,1,1,3,1,1,1,4,1,1,1,2,4,4,4,1,1,1,1,2,1,1,5,3,7,7,6,7,0,1,B9,0.394193193,-1.086206166,-0.239484483,0.44008433233231753,0.7208167549080569,6,2,0.7444606977058776,2.5,3
2476,B0946,9,B,9B,Muslim,Enemies,Enemy2,2,54,F,46,4,2,6,2,3,6,6,6,6,2,6,4,7,Sunni,2,1,1,2,3,1,1,2,4,1,1,2,2,3,2,3,3,3,1,2,2,1,2,3,5,3,F,Hindu,1,2,2,1,2,1,4,1,5,5,1,4,4,4,1,1,1,NA,1,1,2,5,3,4,6,7,6,1,0,B9,0.394193193,-1.086206166,-0.239484483,0.44008433233231753,0.7208167549080569,6,2,0.7444606977058776,2.5,3
2477,B0946,9,B,9B,Muslim,Enemies,Enemy3,2,61,F,46,4,2,6,2,3,6,6,6,6,2,6,4,7,Sunni,2,1,1,2,3,1,1,2,4,1,1,2,2,3,2,3,3,3,1,2,2,1,2,3,5,3,F,Hindu,2,2,2,1,2,1,3,1,2,2,2,4,4,4,1,1,1,3,1,1,1,5,5,5,7,6,6,1,0,B9,0.394193193,-1.086206166,-0.239484483,0.44008433233231753,0.7208167549080569,6,2,0.7444606977058776,2.5,3
2478,B0946,9,B,9B,Muslim,Enemies,Enemy4,2,64,F,46,4,2,6,2,3,6,6,6,6,2,6,4,7,Sunni,2,1,1,2,3,1,1,2,4,1,1,2,2,3,2,3,3,3,1,2,2,1,2,3,5,3,F,Muslim,1,1,1,1,1,1,2,1,1,1,1,4,4,4,1,1,1,1,1,1,1,4,3,7,7,4,7,1,1,B9,0.394193193,-1.086206166,-0.239484483,0.44008433233231753,0.7208167549080569,6,2,0.7444606977058776,2.5,3
2479,B0948,9,B,9B,Muslim,Enemies,Enemy1,2,13,F,48,5,5,6,5,6,6,6,6,5,6,6,5,7,MUSLIM,2,1,1,2,5,2,1,1,4,1,1,2,2,1,4,4,4,1,1,1,3,1,2,1,3,1,M,Muslim,1,1,1,1,1,2,3,1,1,2,1,4,4,4,1,1,1,3,1,1,1,3,2,7,6,5,7,0,1,B9,0.394193193,-1.086206166,-0.239484483,0.44008433233231753,0.7208167549080569,6,5,-0.571172707,2.5,0
2480,B0948,9,B,9B,Muslim,Enemies,Enemy2,2,14,F,48,5,5,6,5,6,6,6,6,5,6,6,5,7,MUSLIM,2,1,1,2,5,2,1,1,4,1,1,2,2,1,4,4,4,1,1,1,3,1,2,1,3,1,M,Muslim,1,1,2,NA,1,3,4,1,1,1,1,4,2,4,1,3,1,3,1,2,1,5,1,6,6,NA,7,0,1,B9,0.394193193,-1.086206166,-0.239484483,0.44008433233231753,0.7208167549080569,6,5,-0.571172707,2.5,0
2481,B0948,9,B,9B,Muslim,Enemies,Enemy3,2,19,F,48,5,5,6,5,6,6,6,6,5,6,6,5,7,MUSLIM,2,1,1,2,5,2,1,1,4,1,1,2,2,1,4,4,4,1,1,1,3,1,2,1,3,1,M,Muslim,NA,3,4,3,2,2,2,1,1,3,2,4,2,4,1,3,5,3,1,1,3,4,5,3,3,6,6,0,1,B9,0.394193193,-1.086206166,-0.239484483,0.44008433233231753,0.7208167549080569,6,5,-0.571172707,2.5,0
2482,B0948,9,B,9B,Muslim,Enemies,Enemy4,2,35,F,48,5,5,6,5,6,6,6,6,5,6,6,5,7,MUSLIM,2,1,1,2,5,2,1,1,4,1,1,2,2,1,4,4,4,1,1,1,3,1,2,1,3,1,M,Muslim,1,1,1,1,1,1,3,1,1,1,1,4,4,5,1,1,1,1,1,1,1,1,1,6,6,6,7,0,1,B9,0.394193193,-1.086206166,-0.239484483,0.44008433233231753,0.7208167549080569,6,5,-0.571172707,2.5,0
2483,B0948,9,B,9B,Muslim,Enemies,Enemy5,2,49,F,48,5,5,6,5,6,6,6,6,5,6,6,5,7,MUSLIM,2,1,1,2,5,2,1,1,4,1,1,2,2,1,4,4,4,1,1,1,3,1,2,1,3,1,F,Hindu,1,1,1,1,1,1,4,1,1,2,1,4,4,4,1,1,1,1,1,1,1,5,3,6,6,7,6,1,0,B9,0.394193193,-1.086206166,-0.239484483,0.44008433233231753,0.7208167549080569,6,5,-0.571172707,2.5,0
2484,B0948,9,B,9B,Muslim,Enemies,Enemy6,2,66,F,48,5,5,6,5,6,6,6,6,5,6,6,5,7,MUSLIM,2,1,1,2,5,2,1,1,4,1,1,2,2,1,4,4,4,1,1,1,3,1,2,1,3,1,F,Hindu,2,2,2,2,2,1,3,2,4,2,2,4,4,4,1,1,1,2,1,2,2,5,3,6,7,6,6,1,0,B9,0.394193193,-1.086206166,-0.239484483,0.44008433233231753,0.7208167549080569,6,5,-0.571172707,2.5,0
2485,B0949,9,B,9B,Hindu,Enemies,Enemy1,2,3,F,49,4,6,6,6,7,6,6,1,6,4,6,6,2,NA,2,1,1,1,1,1,1,1,4,1,1,2,1,1,4,4,4,1,1,1,1,1,1,1,5,3,M,Hindu,2,1,2,3,1,1,4,2,2,3,2,5,7,4,1,1,1,3,1,1,1,5,3,7,7,7,6,0,1,B9,0.394193193,-1.086206166,-0.239484483,0.44008433233231753,0.7208167549080569,6,6,-1.009717175,2.5,1
2486,B0949,9,B,9B,Hindu,Enemies,Enemy2,2,40,F,49,4,6,6,6,7,6,6,1,6,4,6,6,2,NA,2,1,1,1,1,1,1,1,4,1,1,2,1,1,4,4,4,1,1,1,1,1,1,1,5,3,M,other,1,1,1,1,1,1,3,1,1,3,NA,4,4,4,3,5,5,2,1,3,4,2,1,NA,1,NA,7,0,0,B9,0.394193193,-1.086206166,-0.239484483,0.44008433233231753,0.7208167549080569,6,6,-1.009717175,2.5,1
2487,B0949,9,B,9B,Hindu,Enemies,Enemy3,2,61,F,49,4,6,6,6,7,6,6,1,6,4,6,6,2,NA,2,1,1,1,1,1,1,1,4,1,1,2,1,1,4,4,4,1,1,1,1,1,1,1,5,3,F,Hindu,2,2,2,1,2,1,3,1,2,2,2,4,4,4,1,1,1,3,1,1,1,5,5,5,7,6,6,1,1,B9,0.394193193,-1.086206166,-0.239484483,0.44008433233231753,0.7208167549080569,6,6,-1.009717175,2.5,1
2488,B0952,9,B,9B,Muslim,Enemies,Enemy1,2,22,F,52,3,6,6,4,6,7,7,6,5,5,4,4,7,VOHRA-SULEMANI,2,1,1,2,1,1,2,NA,3,1,1,2,2,2,4,4,4,1,1,1,2,1,1,1,4,2,M,Muslim,5,5,5,5,1,1,3,5,2,3,3,7,7,7,5,2,1,3,1,5,1,5,4,7,7,2,7,0,1,B9,0.394193193,-1.086206166,-0.239484483,0.44008433233231753,0.7208167549080569,6,6,-1.009717175,2.5,1
2489,B0952,9,B,9B,Muslim,Enemies,Enemy2,2,46,F,52,3,6,6,4,6,7,7,6,5,5,4,4,7,VOHRA-SULEMANI,2,1,1,2,1,1,2,NA,3,1,1,2,2,2,4,4,4,1,1,1,2,1,1,1,4,2,F,Muslim,1,1,2,3,1,1,4,1,1,2,3,2,3,3,3,1,2,2,1,2,3,5,3,2,6,3,6,1,1,B9,0.394193193,-1.086206166,-0.239484483,0.44008433233231753,0.7208167549080569,6,6,-1.009717175,2.5,1
2490,B0952,9,B,9B,Muslim,Enemies,Enemy3,2,47,F,52,3,6,6,4,6,7,7,6,5,5,4,4,7,VOHRA-SULEMANI,2,1,1,2,1,1,2,NA,3,1,1,2,2,2,4,4,4,1,1,1,2,1,1,1,4,2,F,Muslim,1,1,1,2,1,2,4,1,1,1,2,4,3,3,3,1,1,1,1,1,1,5,3,1,6,4,7,1,1,B9,0.394193193,-1.086206166,-0.239484483,0.44008433233231753,0.7208167549080569,6,6,-1.009717175,2.5,1
2491,B0952,9,B,9B,Muslim,Enemies,Enemy4,2,50,F,52,3,6,6,4,6,7,7,6,5,5,4,4,7,VOHRA-SULEMANI,2,1,1,2,1,1,2,NA,3,1,1,2,2,2,4,4,4,1,1,1,2,1,1,1,4,2,F,Muslim,1,2,3,2,1,2,4,1,1,2,2,4,3,3,1,1,1,2,1,2,1,5,2,4,7,6,7,1,1,B9,0.394193193,-1.086206166,-0.239484483,0.44008433233231753,0.7208167549080569,6,6,-1.009717175,2.5,1
2492,B0952,9,B,9B,Muslim,Enemies,Enemy5,2,57,F,52,3,6,6,4,6,7,7,6,5,5,4,4,7,VOHRA-SULEMANI,2,1,1,2,1,1,2,NA,3,1,1,2,2,2,4,4,4,1,1,1,2,1,1,1,4,2,F,Muslim,1,2,2,1,1,2,4,1,1,1,1,6,5,7,3,2,2,4,3,1,1,3,3,3,6,3,7,1,1,B9,0.394193193,-1.086206166,-0.239484483,0.44008433233231753,0.7208167549080569,6,6,-1.009717175,2.5,1
2493,B0953,9,B,9B,Hindu,Enemies,Enemy1,2,11,F,53,7,5,6,7,7,5,7,7,7,7,7,7,7,KHARVA,2,1,2,1,1,4,1,1,3,1,3,2,1,1,4,7,5,1,1,1,3,1,2,1,2,1,M,Muslim,1,1,2,2,1,3,4,1,1,1,1,4,2,4,1,3,1,3,1,2,1,5,1,6,6,NA,7,0,0,B9,0.394193193,-1.086206166,-0.239484483,0.44008433233231753,0.7208167549080569,6,5,-0.571172707,2.5,2
2494,B0953,9,B,9B,Hindu,Enemies,Enemy2,2,13,F,53,7,5,6,7,7,5,7,7,7,7,7,7,7,KHARVA,2,1,2,1,1,4,1,1,3,1,3,2,1,1,4,7,5,1,1,1,3,1,2,1,2,1,M,Muslim,1,1,1,1,1,2,3,1,1,2,1,4,4,4,1,1,1,3,1,1,1,3,2,7,6,5,7,0,0,B9,0.394193193,-1.086206166,-0.239484483,0.44008433233231753,0.7208167549080569,6,5,-0.571172707,2.5,2
2495,B0953,9,B,9B,Hindu,Enemies,Enemy3,2,17,F,53,7,5,6,7,7,5,7,7,7,7,7,7,7,KHARVA,2,1,2,1,1,4,1,1,3,1,3,2,1,1,4,7,5,1,1,1,3,1,2,1,2,1,M,Muslim,2,4,1,1,1,2,4,2,1,2,2,4,3,4,1,1,1,2,2,3,2,5,2,5,3,4,6,0,0,B9,0.394193193,-1.086206166,-0.239484483,0.44008433233231753,0.7208167549080569,6,5,-0.571172707,2.5,2
2496,B0953,9,B,9B,Hindu,Enemies,Enemy4,2,22,F,53,7,5,6,7,7,5,7,7,7,7,7,7,7,KHARVA,2,1,2,1,1,4,1,1,3,1,3,2,1,1,4,7,5,1,1,1,3,1,2,1,2,1,M,Muslim,5,5,5,5,1,1,3,5,2,3,3,7,7,7,5,2,1,3,1,5,1,5,4,7,7,2,7,0,0,B9,0.394193193,-1.086206166,-0.239484483,0.44008433233231753,0.7208167549080569,6,5,-0.571172707,2.5,2
2497,B0953,9,B,9B,Hindu,Enemies,Enemy5,2,27,F,53,7,5,6,7,7,5,7,7,7,7,7,7,7,KHARVA,2,1,2,1,1,4,1,1,3,1,3,2,1,1,4,7,5,1,1,1,3,1,2,1,2,1,M,Muslim,1,2,2,5,1,5,3,1,1,1,2,4,2,2,1,1,1,5,1,1,1,5,2,7,5,5,7,0,0,B9,0.394193193,-1.086206166,-0.239484483,0.44008433233231753,0.7208167549080569,6,5,-0.571172707,2.5,2
2498,B0953,9,B,9B,Hindu,Enemies,Enemy6,2,30,F,53,7,5,6,7,7,5,7,7,7,7,7,7,7,KHARVA,2,1,2,1,1,4,1,1,3,1,3,2,1,1,4,7,5,1,1,1,3,1,2,1,2,1,M,Muslim,1,1,2,2,1,2,3,1,1,2,2,4,4,4,2,2,1,3,1,2,1,3,3,4,4,4,5,0,0,B9,0.394193193,-1.086206166,-0.239484483,0.44008433233231753,0.7208167549080569,6,5,-0.571172707,2.5,2
2499,B0953,9,B,9B,Hindu,Enemies,Enemy7,2,47,F,53,7,5,6,7,7,5,7,7,7,7,7,7,7,KHARVA,2,1,2,1,1,4,1,1,3,1,3,2,1,1,4,7,5,1,1,1,3,1,2,1,2,1,F,Muslim,1,1,1,2,1,2,4,1,1,1,2,4,3,3,3,1,1,1,1,1,1,5,3,1,6,4,7,1,0,B9,0.394193193,-1.086206166,-0.239484483,0.44008433233231753,0.7208167549080569,6,5,-0.571172707,2.5,2
2500,B0954,9,B,9B,Hindu,Enemies,Enemy1,2,5,F,54,NA,4,6,6,7,6,6,4,3,5,5,3,8,NA,2,1,2,2,1,2,1,2,4,1,5,5,1,1,4,4,4,1,1,1,NA,1,1,2,5,3,M,NA,NA,NA,NA,NA,NA,NA,NA,NA,NA,NA,NA,NA,NA,NA,NA,NA,NA,NA,NA,NA,NA,NA,NA,NA,NA,NA,NA,0,NA,B9,0.394193193,-1.086206166,-0.239484483,0.44008433233231753,0.7208167549080569,6,4,-0.132628239,2.5,1
2501,B0954,9,B,9B,Hindu,Enemies,Enemy2,2,14,F,54,NA,4,6,6,7,6,6,4,3,5,5,3,8,NA,2,1,2,2,1,2,1,2,4,1,5,5,1,1,4,4,4,1,1,1,NA,1,1,2,5,3,M,Muslim,1,1,2,NA,1,3,4,1,1,1,1,4,2,4,1,3,1,3,1,2,1,5,1,6,6,NA,7,0,0,B9,0.394193193,-1.086206166,-0.239484483,0.44008433233231753,0.7208167549080569,6,4,-0.132628239,2.5,1
2502,B0954,9,B,9B,Hindu,Enemies,Enemy3,2,18,F,54,NA,4,6,6,7,6,6,4,3,5,5,3,8,NA,2,1,2,2,1,2,1,2,4,1,5,5,1,1,4,4,4,1,1,1,NA,1,1,2,5,3,M,Muslim,1,3,3,3,1,3,4,1,1,1,1,4,4,4,1,2,1,3,2,5,1,5,3,4,4,4,1,0,0,B9,0.394193193,-1.086206166,-0.239484483,0.44008433233231753,0.7208167549080569,6,4,-0.132628239,2.5,1
2503,B0954,9,B,9B,Hindu,Enemies,Enemy4,2,22,F,54,NA,4,6,6,7,6,6,4,3,5,5,3,8,NA,2,1,2,2,1,2,1,2,4,1,5,5,1,1,4,4,4,1,1,1,NA,1,1,2,5,3,M,Muslim,5,5,5,5,1,1,3,5,2,3,3,7,7,7,5,2,1,3,1,5,1,5,4,7,7,2,7,0,0,B9,0.394193193,-1.086206166,-0.239484483,0.44008433233231753,0.7208167549080569,6,4,-0.132628239,2.5,1
2504,B0954,9,B,9B,Hindu,Enemies,Enemy5,2,25,F,54,NA,4,6,6,7,6,6,4,3,5,5,3,8,NA,2,1,2,2,1,2,1,2,4,1,5,5,1,1,4,4,4,1,1,1,NA,1,1,2,5,3,M,Hindu,1,1,1,1,1,1,3,1,5,1,1,4,7,5,2,1,1,3,1,1,1,5,3,7,2,7,1,0,1,B9,0.394193193,-1.086206166,-0.239484483,0.44008433233231753,0.7208167549080569,6,4,-0.132628239,2.5,1
2505,B0954,9,B,9B,Hindu,Enemies,Enemy6,2,27,F,54,NA,4,6,6,7,6,6,4,3,5,5,3,8,NA,2,1,2,2,1,2,1,2,4,1,5,5,1,1,4,4,4,1,1,1,NA,1,1,2,5,3,M,Muslim,1,2,2,5,1,5,3,1,1,1,2,4,2,2,1,1,1,5,1,1,1,5,2,7,5,5,7,0,0,B9,0.394193193,-1.086206166,-0.239484483,0.44008433233231753,0.7208167549080569,6,4,-0.132628239,2.5,1
2506,B0954,9,B,9B,Hindu,Enemies,Enemy7,2,40,F,54,NA,4,6,6,7,6,6,4,3,5,5,3,8,NA,2,1,2,2,1,2,1,2,4,1,5,5,1,1,4,4,4,1,1,1,NA,1,1,2,5,3,M,other,1,1,1,1,1,1,3,1,1,3,NA,4,4,4,3,5,5,2,1,3,4,2,1,NA,1,NA,7,0,0,B9,0.394193193,-1.086206166,-0.239484483,0.44008433233231753,0.7208167549080569,6,4,-0.132628239,2.5,1
2507,B0955,9,B,9B,Muslim,Enemies,Enemy1,2,49,F,55,6,5,5,6,5,7,7,6,7,6,7,4,7,Sunni,2,1,1,2,1,1,2,2,4,1,1,2,2,1,3,4,4,2,1,1,1,2,1,1,3,4,F,Hindu,1,1,1,1,1,1,4,1,1,2,1,4,4,4,1,1,1,1,1,1,1,5,3,6,6,7,6,1,0,B9,0.394193193,-1.086206166,-0.239484483,0.44008433233231753,0.7208167549080569,5,5,-1.009717175,2.5,2
2508,B0956,9,B,9B,Hindu,Enemies,Enemy1,2,3,F,56,4,7,7,4,7,4,7,7,5,6,5,5,8,NA,2,1,1,2,2,1,1,1,4,1,5,4,1,3,4,4,1,1,1,1,4,1,3,1,1,1,M,Hindu,2,1,2,3,1,1,4,2,2,3,2,5,7,4,1,1,1,3,1,1,1,5,3,7,7,7,6,0,1,B9,0.394193193,-1.086206166,-0.239484483,0.44008433233231753,0.7208167549080569,7,7,-1.009717175,2.5,3
2509,B0956,9,B,9B,Hindu,Enemies,Enemy2,2,22,F,56,4,7,7,4,7,4,7,7,5,6,5,5,8,NA,2,1,1,2,2,1,1,1,4,1,5,4,1,3,4,4,1,1,1,1,4,1,3,1,1,1,M,Muslim,5,5,5,5,1,1,3,5,2,3,3,7,7,7,5,2,1,3,1,5,1,5,4,7,7,2,7,0,0,B9,0.394193193,-1.086206166,-0.239484483,0.44008433233231753,0.7208167549080569,7,7,-1.009717175,2.5,3
2510,B0956,9,B,9B,Hindu,Enemies,Enemy3,2,27,F,56,4,7,7,4,7,4,7,7,5,6,5,5,8,NA,2,1,1,2,2,1,1,1,4,1,5,4,1,3,4,4,1,1,1,1,4,1,3,1,1,1,M,Muslim,1,2,2,5,1,5,3,1,1,1,2,4,2,2,1,1,1,5,1,1,1,5,2,7,5,5,7,0,0,B9,0.394193193,-1.086206166,-0.239484483,0.44008433233231753,0.7208167549080569,7,7,-1.009717175,2.5,3
2511,B0956,9,B,9B,Hindu,Enemies,Enemy4,2,46,F,56,4,7,7,4,7,4,7,7,5,6,5,5,8,NA,2,1,1,2,2,1,1,1,4,1,5,4,1,3,4,4,1,1,1,1,4,1,3,1,1,1,F,Muslim,1,1,2,3,1,1,4,1,1,2,3,2,3,3,3,1,2,2,1,2,3,5,3,2,6,3,6,1,0,B9,0.394193193,-1.086206166,-0.239484483,0.44008433233231753,0.7208167549080569,7,7,-1.009717175,2.5,3
2512,B0956,9,B,9B,Hindu,Enemies,Enemy5,2,47,F,56,4,7,7,4,7,4,7,7,5,6,5,5,8,NA,2,1,1,2,2,1,1,1,4,1,5,4,1,3,4,4,1,1,1,1,4,1,3,1,1,1,F,Muslim,1,1,1,2,1,2,4,1,1,1,2,4,3,3,3,1,1,1,1,1,1,5,3,1,6,4,7,1,0,B9,0.394193193,-1.086206166,-0.239484483,0.44008433233231753,0.7208167549080569,7,7,-1.009717175,2.5,3
2513,B0956,9,B,9B,Hindu,Enemies,Enemy6,2,51,F,56,4,7,7,4,7,4,7,7,5,6,5,5,8,NA,2,1,1,2,2,1,1,1,4,1,5,4,1,3,4,4,1,1,1,1,4,1,3,1,1,1,F,Muslim,1,1,2,1,1,1,3,1,2,2,2,4,4,4,1,1,1,1,1,1,1,5,2,5,7,6,6,1,0,B9,0.394193193,-1.086206166,-0.239484483,0.44008433233231753,0.7208167549080569,7,7,-1.009717175,2.5,3
2514,B0956,9,B,9B,Hindu,Enemies,Enemy7,2,66,F,56,4,7,7,4,7,4,7,7,5,6,5,5,8,NA,2,1,1,2,2,1,1,1,4,1,5,4,1,3,4,4,1,1,1,1,4,1,3,1,1,1,F,Hindu,2,2,2,2,2,1,3,2,4,2,2,4,4,4,1,1,1,2,1,2,2,5,3,6,7,6,6,1,1,B9,0.394193193,-1.086206166,-0.239484483,0.44008433233231753,0.7208167549080569,7,7,-1.009717175,2.5,3
2515,B0958,9,B,9B,Hindu,Enemies,Enemy1,2,13,F,58,4,6,7,5,7,6,6,6,6,6,5,5,7,HINDU-GUJARATI,2,4,2,3,1,3,2,1,4,5,5,5,1,4,7,4,4,1,1,1,2,1,1,1,5,2,M,Muslim,1,1,1,1,1,2,3,1,1,2,1,4,4,4,1,1,1,3,1,1,1,3,2,7,6,5,7,0,0,B9,0.394193193,-1.086206166,-0.239484483,0.44008433233231753,0.7208167549080569,7,6,-0.571172707,2.5,1
2516,B0958,9,B,9B,Hindu,Enemies,Enemy2,2,14,F,58,4,6,7,5,7,6,6,6,6,6,5,5,7,HINDU-GUJARATI,2,4,2,3,1,3,2,1,4,5,5,5,1,4,7,4,4,1,1,1,2,1,1,1,5,2,M,Muslim,1,1,2,NA,1,3,4,1,1,1,1,4,2,4,1,3,1,3,1,2,1,5,1,6,6,NA,7,0,0,B9,0.394193193,-1.086206166,-0.239484483,0.44008433233231753,0.7208167549080569,7,6,-0.571172707,2.5,1
2517,B0958,9,B,9B,Hindu,Enemies,Enemy3,2,18,F,58,4,6,7,5,7,6,6,6,6,6,5,5,7,HINDU-GUJARATI,2,4,2,3,1,3,2,1,4,5,5,5,1,4,7,4,4,1,1,1,2,1,1,1,5,2,M,Muslim,1,3,3,3,1,3,4,1,1,1,1,4,4,4,1,2,1,3,2,5,1,5,3,4,4,4,1,0,0,B9,0.394193193,-1.086206166,-0.239484483,0.44008433233231753,0.7208167549080569,7,6,-0.571172707,2.5,1
2518,B0958,9,B,9B,Hindu,Enemies,Enemy4,2,34,F,58,4,6,7,5,7,6,6,6,6,6,5,5,7,HINDU-GUJARATI,2,4,2,3,1,3,2,1,4,5,5,5,1,4,7,4,4,1,1,1,2,1,1,1,5,2,M,Muslim,1,1,2,3,1,2,3,1,1,2,2,4,4,4,4,1,1,3,1,2,2,5,4,4,4,4,5,0,0,B9,0.394193193,-1.086206166,-0.239484483,0.44008433233231753,0.7208167549080569,7,6,-0.571172707,2.5,1
2519,B0958,9,B,9B,Hindu,Enemies,Enemy5,2,40,F,58,4,6,7,5,7,6,6,6,6,6,5,5,7,HINDU-GUJARATI,2,4,2,3,1,3,2,1,4,5,5,5,1,4,7,4,4,1,1,1,2,1,1,1,5,2,M,other,1,1,1,1,1,1,3,1,1,3,NA,4,4,4,3,5,5,2,1,3,4,2,1,NA,1,NA,7,0,0,B9,0.394193193,-1.086206166,-0.239484483,0.44008433233231753,0.7208167549080569,7,6,-0.571172707,2.5,1
2520,B0958,9,B,9B,Hindu,Enemies,Enemy6,2,65,F,58,4,6,7,5,7,6,6,6,6,6,5,5,7,HINDU-GUJARATI,2,4,2,3,1,3,2,1,4,5,5,5,1,4,7,4,4,1,1,1,2,1,1,1,5,2,F,Muslim,1,1,2,1,1,2,3,1,1,2,1,4,4,4,1,1,1,3,1,1,1,3,2,6,6,5,7,1,0,B9,0.394193193,-1.086206166,-0.239484483,0.44008433233231753,0.7208167549080569,7,6,-0.571172707,2.5,1
2521,B0958,9,B,9B,Hindu,Enemies,Enemy7,2,68,F,58,4,6,7,5,7,6,6,6,6,6,5,5,7,HINDU-GUJARATI,2,4,2,3,1,3,2,1,4,5,5,5,1,4,7,4,4,1,1,1,2,1,1,1,5,2,F,Muslim,1,1,1,1,2,1,4,1,1,5,1,5,4,6,1,1,1,3,2,2,1,4,2,6,7,6,7,1,0,B9,0.394193193,-1.086206166,-0.239484483,0.44008433233231753,0.7208167549080569,7,6,-0.571172707,2.5,1
2522,B0959,9,B,9B,Muslim,Enemies,Enemy1,2,16,F,59,6,4,6,6,6,7,6,6,6,6,6,6,8,NA,2,1,1,1,1,1,1,4,1,1,1,1,2,1,4,3,3,1,1,1,2,1,2,1,3,2,M,Hindu,2,2,2,1,1,1,4,1,2,1,1,4,4,4,1,1,1,2,1,1,1,5,4,6,6,7,4,0,0,B9,0.394193193,-1.086206166,-0.239484483,0.44008433233231753,0.7208167549080569,6,4,-0.132628239,2.5,1
2523,B0959,9,B,9B,Muslim,Enemies,Enemy2,2,52,F,59,6,4,6,6,6,7,6,6,6,6,6,6,8,NA,2,1,1,1,1,1,1,4,1,1,1,1,2,1,4,3,3,1,1,1,2,1,2,1,3,2,F,Muslim,1,1,2,1,1,2,3,1,1,2,2,4,4,4,1,1,1,2,1,1,1,4,2,6,6,6,7,1,1,B9,0.394193193,-1.086206166,-0.239484483,0.44008433233231753,0.7208167549080569,6,4,-0.132628239,2.5,1
2524,B0959,9,B,9B,Muslim,Enemies,Enemy3,2,60,F,59,6,4,6,6,6,7,6,6,6,6,6,6,8,NA,2,1,1,1,1,1,1,4,1,1,1,1,2,1,4,3,3,1,1,1,2,1,2,1,3,2,F,Muslim,1,1,1,1,1,1,4,2,2,5,1,4,4,5,1,1,1,1,1,1,1,5,3,6,6,6,7,1,1,B9,0.394193193,-1.086206166,-0.239484483,0.44008433233231753,0.7208167549080569,6,4,-0.132628239,2.5,1
2525,B0959,9,B,9B,Muslim,Enemies,Enemy4,2,61,F,59,6,4,6,6,6,7,6,6,6,6,6,6,8,NA,2,1,1,1,1,1,1,4,1,1,1,1,2,1,4,3,3,1,1,1,2,1,2,1,3,2,F,Hindu,2,2,2,1,2,1,3,1,2,2,2,4,4,4,1,1,1,3,1,1,1,5,5,5,7,6,6,1,0,B9,0.394193193,-1.086206166,-0.239484483,0.44008433233231753,0.7208167549080569,6,4,-0.132628239,2.5,1
2526,B0959,9,B,9B,Muslim,Enemies,Enemy5,2,62,F,59,6,4,6,6,6,7,6,6,6,6,6,6,8,NA,2,1,1,1,1,1,1,4,1,1,1,1,2,1,4,3,3,1,1,1,2,1,2,1,3,2,F,Hindu,1,1,1,1,1,1,3,2,5,3,1,4,5,4,1,1,1,1,1,1,1,5,3,6,6,7,6,1,0,B9,0.394193193,-1.086206166,-0.239484483,0.44008433233231753,0.7208167549080569,6,4,-0.132628239,2.5,1
2527,B0961,9,B,9B,Hindu,Enemies,Enemy1,2,3,F,61,6,5,7,6,6,6,6,6,6,6,5,6,8,NA,2,2,2,2,1,2,1,1,3,1,2,2,1,2,4,4,4,1,1,1,3,1,1,1,5,5,M,Hindu,2,1,2,3,1,1,4,2,2,3,2,5,7,4,1,1,1,3,1,1,1,5,3,7,7,7,6,0,1,B9,0.394193193,-1.086206166,-0.239484483,0.44008433233231753,0.7208167549080569,7,5,-0.132628239,2.5,0
2528,B0961,9,B,9B,Hindu,Enemies,Enemy2,2,21,F,61,6,5,7,6,6,6,6,6,6,6,5,6,8,NA,2,2,2,2,1,2,1,1,3,1,2,2,1,2,4,4,4,1,1,1,3,1,1,1,5,5,M,Hindu,3,1,2,1,1,1,4,1,5,3,2,4,6,5,1,1,1,3,1,1,1,5,2,7,7,7,6,0,1,B9,0.394193193,-1.086206166,-0.239484483,0.44008433233231753,0.7208167549080569,7,5,-0.132628239,2.5,0
2529,B0961,9,B,9B,Hindu,Enemies,Enemy3,2,49,F,61,6,5,7,6,6,6,6,6,6,6,5,6,8,NA,2,2,2,2,1,2,1,1,3,1,2,2,1,2,4,4,4,1,1,1,3,1,1,1,5,5,F,Hindu,1,1,1,1,1,1,4,1,1,2,1,4,4,4,1,1,1,1,1,1,1,5,3,6,6,7,6,1,1,B9,0.394193193,-1.086206166,-0.239484483,0.44008433233231753,0.7208167549080569,7,5,-0.132628239,2.5,0
2530,B0961,9,B,9B,Hindu,Enemies,Enemy4,2,66,F,61,6,5,7,6,6,6,6,6,6,6,5,6,8,NA,2,2,2,2,1,2,1,1,3,1,2,2,1,2,4,4,4,1,1,1,3,1,1,1,5,5,F,Hindu,2,2,2,2,2,1,3,2,4,2,2,4,4,4,1,1,1,2,1,2,2,5,3,6,7,6,6,1,1,B9,0.394193193,-1.086206166,-0.239484483,0.44008433233231753,0.7208167549080569,7,5,-0.132628239,2.5,0
2531,B0963,9,B,9B,Muslim,Enemies,Enemy1,2,61,F,63,6,4,6,6,5,6,7,7,6,6,7,5,7,ISLAM,2,1,1,1,2,1,1,1,1,1,1,1,2,1,4,3,3,1,1,1,2,1,2,1,3,2,F,Hindu,2,2,2,1,2,1,3,1,2,2,2,4,4,4,1,1,1,3,1,1,1,5,5,5,7,6,6,1,0,B9,0.394193193,-1.086206166,-0.239484483,0.44008433233231753,0.7208167549080569,6,4,-0.132628239,2.5,1
2532,B0964,9,B,9B,Muslim,Enemies,Enemy1,2,55,F,64,6,7,7,5,4,7,7,6,6,3,4,4,7,ALAVI VOHRA,2,1,1,1,1,1,1,1,2,1,1,1,2,1,4,4,4,1,1,1,1,1,1,1,4,3,F,Muslim,1,1,2,1,1,2,4,1,1,2,1,3,4,4,2,1,1,1,2,1,1,3,4,5,5,5,7,1,1,B9,0.394193193,-1.086206166,-0.239484483,0.44008433233231753,0.7208167549080569,7,7,-1.009717175,2.5,3
2533,B0964,9,B,9B,Muslim,Enemies,Enemy2,2,61,F,64,6,7,7,5,4,7,7,6,6,3,4,4,7,ALAVI VOHRA,2,1,1,1,1,1,1,1,2,1,1,1,2,1,4,4,4,1,1,1,1,1,1,1,4,3,F,Hindu,2,2,2,1,2,1,3,1,2,2,2,4,4,4,1,1,1,3,1,1,1,5,5,5,7,6,6,1,0,B9,0.394193193,-1.086206166,-0.239484483,0.44008433233231753,0.7208167549080569,7,7,-1.009717175,2.5,3
2534,B0964,9,B,9B,Muslim,Enemies,Enemy3,2,65,F,64,6,7,7,5,4,7,7,6,6,3,4,4,7,ALAVI VOHRA,2,1,1,1,1,1,1,1,2,1,1,1,2,1,4,4,4,1,1,1,1,1,1,1,4,3,F,Muslim,1,1,2,1,1,2,3,1,1,2,1,4,4,4,1,1,1,3,1,1,1,3,2,6,6,5,7,1,1,B9,0.394193193,-1.086206166,-0.239484483,0.44008433233231753,0.7208167549080569,7,7,-1.009717175,2.5,3
2535,B0964,9,B,9B,Muslim,Enemies,Enemy4,2,67,F,64,6,7,7,5,4,7,7,6,6,3,4,4,7,ALAVI VOHRA,2,1,1,1,1,1,1,1,2,1,1,1,2,1,4,4,4,1,1,1,1,1,1,1,4,3,F,Muslim,1,1,2,1,1,1,3,1,1,2,1,4,4,4,1,1,1,3,1,1,1,3,2,6,6,NA,NA,1,1,B9,0.394193193,-1.086206166,-0.239484483,0.44008433233231753,0.7208167549080569,7,7,-1.009717175,2.5,3
2536,B0965,9,B,9B,Muslim,Enemies,Enemy1,2,35,F,65,7,6,6,6,5,7,7,7,7,7,7,6,7,MUSLIM SAIYED,2,1,1,2,1,1,2,2,3,1,1,2,2,1,4,4,4,1,1,1,3,1,1,1,3,2,M,Muslim,1,1,1,1,1,1,3,1,1,1,1,4,4,5,1,1,1,1,1,1,1,1,1,6,6,6,7,0,1,B9,0.394193193,-1.086206166,-0.239484483,0.44008433233231753,0.7208167549080569,6,6,-1.009717175,2.5,2
2537,B0965,9,B,9B,Muslim,Enemies,Enemy2,2,61,F,65,7,6,6,6,5,7,7,7,7,7,7,6,7,MUSLIM SAIYED,2,1,1,2,1,1,2,2,3,1,1,2,2,1,4,4,4,1,1,1,3,1,1,1,3,2,F,Hindu,2,2,2,1,2,1,3,1,2,2,2,4,4,4,1,1,1,3,1,1,1,5,5,5,7,6,6,1,0,B9,0.394193193,-1.086206166,-0.239484483,0.44008433233231753,0.7208167549080569,6,6,-1.009717175,2.5,2
2538,B0965,9,B,9B,Muslim,Enemies,Enemy3,2,62,F,65,7,6,6,6,5,7,7,7,7,7,7,6,7,MUSLIM SAIYED,2,1,1,2,1,1,2,2,3,1,1,2,2,1,4,4,4,1,1,1,3,1,1,1,3,2,F,Hindu,1,1,1,1,1,1,3,2,5,3,1,4,5,4,1,1,1,1,1,1,1,5,3,6,6,7,6,1,0,B9,0.394193193,-1.086206166,-0.239484483,0.44008433233231753,0.7208167549080569,6,6,-1.009717175,2.5,2
2539,B0966,9,B,9B,Hindu,Enemies,Enemy1,2,1,F,66,6,6,7,6,6,6,6,6,6,6,6,6,8,NA,2,2,2,2,2,2,1,1,3,2,4,2,1,2,4,4,4,1,1,1,2,1,2,2,5,3,M,Hindu,2,1,3,1,1,2,1,2,5,2,2,5,4,4,1,1,1,2,1,1,2,2,2,7,6,7,3,0,1,B9,0.394193193,-1.086206166,-0.239484483,0.44008433233231753,0.7208167549080569,7,6,-0.571172707,2.5,0
2540,B0966,9,B,9B,Hindu,Enemies,Enemy2,2,61,F,66,6,6,7,6,6,6,6,6,6,6,6,6,8,NA,2,2,2,2,2,2,1,1,3,2,4,2,1,2,4,4,4,1,1,1,2,1,2,2,5,3,F,Hindu,2,2,2,1,2,1,3,1,2,2,2,4,4,4,1,1,1,3,1,1,1,5,5,5,7,6,6,1,1,B9,0.394193193,-1.086206166,-0.239484483,0.44008433233231753,0.7208167549080569,7,6,-0.571172707,2.5,0
2541,B0967,9,B,9B,Muslim,Enemies,Enemy1,2,4,F,67,3,6,6,6,NA,NA,7,7,NA,7,7,NA,7,SUNNU MUSLIM,2,1,1,2,1,1,1,2,3,1,1,2,2,1,4,4,4,1,1,1,3,1,1,1,3,2,M,Hindu,1,1,1,1,2,1,4,2,5,4,2,4,4,4,2,1,1,1,3,1,1,1,1,7,5,7,6,0,0,B9,0.394193193,-1.086206166,-0.239484483,0.44008433233231753,0.7208167549080569,6,6,-1.009717175,2.5,NA
2542,B0967,9,B,9B,Muslim,Enemies,Enemy2,2,8,F,67,3,6,6,6,NA,NA,7,7,NA,7,7,NA,7,SUNNU MUSLIM,2,1,1,2,1,1,1,2,3,1,1,2,2,1,4,4,4,1,1,1,3,1,1,1,3,2,M,Hindu,3,2,2,4,3,2,4,1,4,1,2,4,4,4,1,1,1,1,1,4,1,5,4,6,6,6,6,0,0,B9,0.394193193,-1.086206166,-0.239484483,0.44008433233231753,0.7208167549080569,6,6,-1.009717175,2.5,NA
2543,B0967,9,B,9B,Muslim,Enemies,Enemy3,2,27,F,67,3,6,6,6,NA,NA,7,7,NA,7,7,NA,7,SUNNU MUSLIM,2,1,1,2,1,1,1,2,3,1,1,2,2,1,4,4,4,1,1,1,3,1,1,1,3,2,M,Muslim,1,2,2,5,1,5,3,1,1,1,2,4,2,2,1,1,1,5,1,1,1,5,2,7,5,5,7,0,1,B9,0.394193193,-1.086206166,-0.239484483,0.44008433233231753,0.7208167549080569,6,6,-1.009717175,2.5,NA
2544,B0967,9,B,9B,Muslim,Enemies,Enemy4,2,35,F,67,3,6,6,6,NA,NA,7,7,NA,7,7,NA,7,SUNNU MUSLIM,2,1,1,2,1,1,1,2,3,1,1,2,2,1,4,4,4,1,1,1,3,1,1,1,3,2,M,Muslim,1,1,1,1,1,1,3,1,1,1,1,4,4,5,1,1,1,1,1,1,1,1,1,6,6,6,7,0,1,B9,0.394193193,-1.086206166,-0.239484483,0.44008433233231753,0.7208167549080569,6,6,-1.009717175,2.5,NA
2545,B0967,9,B,9B,Muslim,Enemies,Enemy5,2,40,F,67,3,6,6,6,NA,NA,7,7,NA,7,7,NA,7,SUNNU MUSLIM,2,1,1,2,1,1,1,2,3,1,1,2,2,1,4,4,4,1,1,1,3,1,1,1,3,2,M,other,1,1,1,1,1,1,3,1,1,3,NA,4,4,4,3,5,5,2,1,3,4,2,1,NA,1,NA,7,0,0,B9,0.394193193,-1.086206166,-0.239484483,0.44008433233231753,0.7208167549080569,6,6,-1.009717175,2.5,NA
2546,B0967,9,B,9B,Muslim,Enemies,Enemy6,2,61,F,67,3,6,6,6,NA,NA,7,7,NA,7,7,NA,7,SUNNU MUSLIM,2,1,1,2,1,1,1,2,3,1,1,2,2,1,4,4,4,1,1,1,3,1,1,1,3,2,F,Hindu,2,2,2,1,2,1,3,1,2,2,2,4,4,4,1,1,1,3,1,1,1,5,5,5,7,6,6,1,0,B9,0.394193193,-1.086206166,-0.239484483,0.44008433233231753,0.7208167549080569,6,6,-1.009717175,2.5,NA
2547,B0967,9,B,9B,Muslim,Enemies,Enemy7,2,62,F,67,3,6,6,6,NA,NA,7,7,NA,7,7,NA,7,SUNNU MUSLIM,2,1,1,2,1,1,1,2,3,1,1,2,2,1,4,4,4,1,1,1,3,1,1,1,3,2,F,Hindu,1,1,1,1,1,1,3,2,5,3,1,4,5,4,1,1,1,1,1,1,1,5,3,6,6,7,6,1,0,B9,0.394193193,-1.086206166,-0.239484483,0.44008433233231753,0.7208167549080569,6,6,-1.009717175,2.5,NA
2548,B0968,9,B,9B,Muslim,Enemies,Enemy1,2,19,F,68,2,6,7,6,6,7,6,6,6,6,6,5,7,SUNNI,2,1,1,1,1,2,1,2,4,1,1,5,2,1,5,4,6,1,1,1,3,2,2,1,4,2,M,Muslim,NA,3,4,3,2,2,2,1,1,3,2,4,2,4,1,3,5,3,1,1,3,4,5,3,3,6,6,0,1,B9,0.394193193,-1.086206166,-0.239484483,0.44008433233231753,0.7208167549080569,7,6,-0.571172707,2.5,1
2549,B0968,9,B,9B,Muslim,Enemies,Enemy2,2,22,F,68,2,6,7,6,6,7,6,6,6,6,6,5,7,SUNNI,2,1,1,1,1,2,1,2,4,1,1,5,2,1,5,4,6,1,1,1,3,2,2,1,4,2,M,Muslim,5,5,5,5,1,1,3,5,2,3,3,7,7,7,5,2,1,3,1,5,1,5,4,7,7,2,7,0,1,B9,0.394193193,-1.086206166,-0.239484483,0.44008433233231753,0.7208167549080569,7,6,-0.571172707,2.5,1
2550,B0968,9,B,9B,Muslim,Enemies,Enemy3,2,27,F,68,2,6,7,6,6,7,6,6,6,6,6,5,7,SUNNI,2,1,1,1,1,2,1,2,4,1,1,5,2,1,5,4,6,1,1,1,3,2,2,1,4,2,M,Muslim,1,2,2,5,1,5,3,1,1,1,2,4,2,2,1,1,1,5,1,1,1,5,2,7,5,5,7,0,1,B9,0.394193193,-1.086206166,-0.239484483,0.44008433233231753,0.7208167549080569,7,6,-0.571172707,2.5,1
2551,B0968,9,B,9B,Muslim,Enemies,Enemy4,2,38,F,68,2,6,7,6,6,7,6,6,6,6,6,5,7,SUNNI,2,1,1,1,1,2,1,2,4,1,1,5,2,1,5,4,6,1,1,1,3,2,2,1,4,2,M,Hindu,1,1,1,1,1,1,2,1,2,2,2,4,4,4,1,1,1,3,1,1,1,5,2,7,7,7,5,0,0,B9,0.394193193,-1.086206166,-0.239484483,0.44008433233231753,0.7208167549080569,7,6,-0.571172707,2.5,1
2552,B0968,9,B,9B,Muslim,Enemies,Enemy5,2,39,F,68,2,6,7,6,6,7,6,6,6,6,6,5,7,SUNNI,2,1,1,1,1,2,1,2,4,1,1,5,2,1,5,4,6,1,1,1,3,2,2,1,4,2,M,Hindu,NA,NA,NA,NA,NA,NA,NA,1,NA,2,2,4,5,4,1,1,1,2,1,1,1,2,2,NA,NA,NA,NA,0,0,B9,0.394193193,-1.086206166,-0.239484483,0.44008433233231753,0.7208167549080569,7,6,-0.571172707,2.5,1
2553,B0968,9,B,9B,Muslim,Enemies,Enemy6,2,64,F,68,2,6,7,6,6,7,6,6,6,6,6,5,7,SUNNI,2,1,1,1,1,2,1,2,4,1,1,5,2,1,5,4,6,1,1,1,3,2,2,1,4,2,F,Muslim,1,1,1,1,1,1,2,1,1,1,1,4,4,4,1,1,1,1,1,1,1,4,3,7,7,4,7,1,1,B9,0.394193193,-1.086206166,-0.239484483,0.44008433233231753,0.7208167549080569,7,6,-0.571172707,2.5,1
2554,B0968,9,B,9B,Muslim,Enemies,Enemy7,2,66,F,68,2,6,7,6,6,7,6,6,6,6,6,5,7,SUNNI,2,1,1,1,1,2,1,2,4,1,1,5,2,1,5,4,6,1,1,1,3,2,2,1,4,2,F,Hindu,2,2,2,2,2,1,3,2,4,2,2,4,4,4,1,1,1,2,1,2,2,5,3,6,7,6,6,1,0,B9,0.394193193,-1.086206166,-0.239484483,0.44008433233231753,0.7208167549080569,7,6,-0.571172707,2.5,1
2555,C0901,9,C,9C,Muslim,Enemies,Enemy1,2,2,M,1,5,7,7,7,5,7,7,6,6,7,7,6,NA,VOHRA,1,1,1,2,1,1,1,1,4,1,1,1,2,1,4,5,4,1,1,1,1,1,1,1,5,2,M,Hindu,2,1,3,3,2,1,3,1,3,2,2,4,5,5,1,1,1,1,1,1,1,4,4,6,6,6,6,1,0,C9,1.1765690089152572,0.090184641,-0.590728391,0.20394151986131737,-0.111324711,7,7,-1.009717175,2.5,2
2556,C0901,9,C,9C,Muslim,Enemies,Enemy2,2,3,M,1,5,7,7,7,5,7,7,6,6,7,7,6,NA,VOHRA,1,1,1,2,1,1,1,1,4,1,1,1,2,1,4,5,4,1,1,1,1,1,1,1,5,2,M,Muslim,1,1,2,1,2,1,3,1,1,1,1,4,4,7,1,1,1,2,1,4,1,3,2,7,4,6,7,1,1,C9,1.1765690089152572,0.090184641,-0.590728391,0.20394151986131737,-0.111324711,7,7,-1.009717175,2.5,2
2557,C0901,9,C,9C,Muslim,Enemies,Enemy3,2,7,M,1,5,7,7,7,5,7,7,6,6,7,7,6,NA,VOHRA,1,1,1,2,1,1,1,1,4,1,1,1,2,1,4,5,4,1,1,1,1,1,1,1,5,2,M,other,1,1,1,1,1,1,4,1,1,1,4,4,4,4,1,1,1,1,1,1,1,1,5,7,7,7,7,1,0,C9,1.1765690089152572,0.090184641,-0.590728391,0.20394151986131737,-0.111324711,7,7,-1.009717175,2.5,2
2558,C0901,9,C,9C,Muslim,Enemies,Enemy4,2,11,M,1,5,7,7,7,5,7,7,6,6,7,7,6,NA,VOHRA,1,1,1,2,1,1,1,1,4,1,1,1,2,1,4,5,4,1,1,1,1,1,1,1,5,2,M,Muslim,1,1,2,1,1,1,3,1,1,2,1,6,6,5,2,1,3,3,1,5,1,3,3,6,6,6,7,1,1,C9,1.1765690089152572,0.090184641,-0.590728391,0.20394151986131737,-0.111324711,7,7,-1.009717175,2.5,2
2559,C0901,9,C,9C,Muslim,Enemies,Enemy5,2,16,M,1,5,7,7,7,5,7,7,6,6,7,7,6,NA,VOHRA,1,1,1,2,1,1,1,1,4,1,1,1,2,1,4,5,4,1,1,1,1,1,1,1,5,2,M,Muslim,1,NA,1,1,1,2,1,1,1,1,1,4,4,4,1,1,1,1,1,5,1,3,4,NA,1,5,7,1,1,C9,1.1765690089152572,0.090184641,-0.590728391,0.20394151986131737,-0.111324711,7,7,-1.009717175,2.5,2
2560,C0901,9,C,9C,Muslim,Enemies,Enemy6,2,33,M,1,5,7,7,7,5,7,7,6,6,7,7,6,NA,VOHRA,1,1,1,2,1,1,1,1,4,1,1,1,2,1,4,5,4,1,1,1,1,1,1,1,5,2,M,Hindu,3,1,2,1,4,2,1,2,5,2,2,6,7,7,1,1,1,2,1,2,1,1,2,7,7,7,7,1,0,C9,1.1765690089152572,0.090184641,-0.590728391,0.20394151986131737,-0.111324711,7,7,-1.009717175,2.5,2
2561,C0901,9,C,9C,Muslim,Enemies,Enemy7,2,44,M,1,5,7,7,7,5,7,7,6,6,7,7,6,NA,VOHRA,1,1,1,2,1,1,1,1,4,1,1,1,2,1,4,5,4,1,1,1,1,1,1,1,5,2,M,Hindu,1,1,3,1,2,1,4,1,1,1,1,4,4,4,1,1,1,1,1,3,1,5,2,7,6,7,5,1,0,C9,1.1765690089152572,0.090184641,-0.590728391,0.20394151986131737,-0.111324711,7,7,-1.009717175,2.5,2
2562,C0903,9,C,9C,Muslim,Enemies,Enemy1,2,11,M,3,6,7,4,7,6,7,7,6,7,7,6,5,8,NA,1,1,1,2,1,2,1,NA,3,1,1,1,2,1,4,4,7,1,1,1,2,1,4,1,3,2,M,Muslim,1,1,2,1,1,1,3,1,1,2,1,6,6,5,2,1,3,3,1,5,1,3,3,6,6,6,7,1,1,C9,1.1765690089152572,0.090184641,-0.590728391,0.20394151986131737,-0.111324711,7,4,0.30591622948642044,2.5,1
2563,C0903,9,C,9C,Muslim,Enemies,Enemy2,2,23,M,3,6,7,4,7,6,7,7,6,7,7,6,5,8,NA,1,1,1,2,1,2,1,NA,3,1,1,1,2,1,4,4,7,1,1,1,2,1,4,1,3,2,M,Hindu,1,1,1,1,1,1,3,1,4,2,2,4,4,4,1,1,1,5,1,5,1,5,5,7,7,7,7,1,0,C9,1.1765690089152572,0.090184641,-0.590728391,0.20394151986131737,-0.111324711,7,4,0.30591622948642044,2.5,1
2564,C0903,9,C,9C,Muslim,Enemies,Enemy3,2,51,M,3,6,7,4,7,6,7,7,6,7,7,6,5,8,NA,1,1,1,2,1,2,1,NA,3,1,1,1,2,1,4,4,7,1,1,1,2,1,4,1,3,2,F,Muslim,1,1,2,1,1,1,1,1,1,2,1,4,4,4,1,1,1,1,1,5,1,1,5,4,7,7,7,0,1,C9,1.1765690089152572,0.090184641,-0.590728391,0.20394151986131737,-0.111324711,7,4,0.30591622948642044,2.5,1
2565,C0905,9,C,9C,Hindu,Enemies,Enemy1,2,7,M,5,5,7,5,NA,7,5,5,3,NA,7,7,7,8,HINDU,1,2,3,1,3,1,1,4,4,1,1,2,1,1,4,4,2,4,1,1,1,1,1,1,2,2,M,other,1,1,1,1,1,1,4,1,1,1,4,4,4,4,1,1,1,1,1,1,1,1,5,7,7,7,7,1,0,C9,1.1765690089152572,0.090184641,-0.590728391,0.20394151986131737,-0.111324711,7,5,-0.132628239,2.5,2
2566,C0905,9,C,9C,Hindu,Enemies,Enemy2,2,8,M,5,5,7,5,NA,7,5,5,3,NA,7,7,7,8,HINDU,1,2,3,1,3,1,1,4,4,1,1,2,1,1,4,4,2,4,1,1,1,1,1,1,2,2,M,Hindu,2,1,1,1,2,1,3,1,5,2,1,4,5,3,1,1,1,2,3,2,1,4,5,6,6,6,6,1,1,C9,1.1765690089152572,0.090184641,-0.590728391,0.20394151986131737,-0.111324711,7,5,-0.132628239,2.5,2
2567,C0905,9,C,9C,Hindu,Enemies,Enemy3,2,35,M,5,5,7,5,NA,7,5,5,3,NA,7,7,7,8,HINDU,1,2,3,1,3,1,1,4,4,1,1,2,1,1,4,4,2,4,1,1,1,1,1,1,2,2,M,Muslim,1,1,2,2,1,2,4,1,1,2,1,6,5,6,1,1,1,1,1,1,2,5,3,7,7,5,7,1,0,C9,1.1765690089152572,0.090184641,-0.590728391,0.20394151986131737,-0.111324711,7,5,-0.132628239,2.5,2
2568,C0905,9,C,9C,Hindu,Enemies,Enemy4,2,39,M,5,5,7,5,NA,7,5,5,3,NA,7,7,7,8,HINDU,1,2,3,1,3,1,1,4,4,1,1,2,1,1,4,4,2,4,1,1,1,1,1,1,2,2,M,Muslim,1,2,3,1,3,1,4,1,1,2,3,4,7,6,3,1,1,1,3,1,1,3,5,7,2,2,7,1,0,C9,1.1765690089152572,0.090184641,-0.590728391,0.20394151986131737,-0.111324711,7,5,-0.132628239,2.5,2
2569,C0906,9,C,9C,Hindu,Enemies,Enemy1,2,4,M,6,6,4,4,6,7,6,6,6,4,6,6,5,1,NA,1,2,1,2,1,2,1,2,3,1,2,2,1,1,4,3,3,1,1,1,2,1,NA,1,5,NA,M,Hindu,1,1,2,2,1,1,4,1,5,3,2,3,2,2,1,1,2,1,1,1,1,5,4,7,7,7,4,1,1,C9,1.1765690089152572,0.090184641,-0.590728391,0.20394151986131737,-0.111324711,4,4,-1.009717175,2.5,1
2570,C0906,9,C,9C,Hindu,Enemies,Enemy2,2,7,M,6,6,4,4,6,7,6,6,6,4,6,6,5,1,NA,1,2,1,2,1,2,1,2,3,1,2,2,1,1,4,3,3,1,1,1,2,1,NA,1,5,NA,M,other,1,1,1,1,1,1,4,1,1,1,4,4,4,4,1,1,1,1,1,1,1,1,5,7,7,7,7,1,0,C9,1.1765690089152572,0.090184641,-0.590728391,0.20394151986131737,-0.111324711,4,4,-1.009717175,2.5,1
2571,C0906,9,C,9C,Hindu,Enemies,Enemy3,2,11,M,6,6,4,4,6,7,6,6,6,4,6,6,5,1,NA,1,2,1,2,1,2,1,2,3,1,2,2,1,1,4,3,3,1,1,1,2,1,NA,1,5,NA,M,Muslim,1,1,2,1,1,1,3,1,1,2,1,6,6,5,2,1,3,3,1,5,1,3,3,6,6,6,7,1,0,C9,1.1765690089152572,0.090184641,-0.590728391,0.20394151986131737,-0.111324711,4,4,-1.009717175,2.5,1
2572,C0906,9,C,9C,Hindu,Enemies,Enemy4,2,23,M,6,6,4,4,6,7,6,6,6,4,6,6,5,1,NA,1,2,1,2,1,2,1,2,3,1,2,2,1,1,4,3,3,1,1,1,2,1,NA,1,5,NA,M,Hindu,1,1,1,1,1,1,3,1,4,2,2,4,4,4,1,1,1,5,1,5,1,5,5,7,7,7,7,1,1,C9,1.1765690089152572,0.090184641,-0.590728391,0.20394151986131737,-0.111324711,4,4,-1.009717175,2.5,1
2573,C0906,9,C,9C,Hindu,Enemies,Enemy5,2,32,M,6,6,4,4,6,7,6,6,6,4,6,6,5,1,NA,1,2,1,2,1,2,1,2,3,1,2,2,1,1,4,3,3,1,1,1,2,1,NA,1,5,NA,M,Muslim,1,3,3,1,1,2,1,2,1,2,1,4,4,7,1,1,1,2,1,3,1,4,1,NA,5,4,7,1,0,C9,1.1765690089152572,0.090184641,-0.590728391,0.20394151986131737,-0.111324711,4,4,-1.009717175,2.5,1
2574,C0906,9,C,9C,Hindu,Enemies,Enemy6,2,42,M,6,6,4,4,6,7,6,6,6,4,6,6,5,1,NA,1,2,1,2,1,2,1,2,3,1,2,2,1,1,4,3,3,1,1,1,2,1,NA,1,5,NA,M,Hindu,3,2,2,1,5,1,4,3,5,4,4,4,3,3,2,1,1,2,1,3,3,4,3,6,4,4,4,1,1,C9,1.1765690089152572,0.090184641,-0.590728391,0.20394151986131737,-0.111324711,4,4,-1.009717175,2.5,1
2575,C0906,9,C,9C,Hindu,Enemies,Enemy7,2,62,M,6,6,4,4,6,7,6,6,6,4,6,6,5,1,NA,1,2,1,2,1,2,1,2,3,1,2,2,1,1,4,3,3,1,1,1,2,1,NA,1,5,NA,F,Muslim,1,1,2,1,2,1,3,1,1,5,1,6,NA,7,1,1,1,2,1,3,2,4,3,6,7,6,7,0,0,C9,1.1765690089152572,0.090184641,-0.590728391,0.20394151986131737,-0.111324711,4,4,-1.009717175,2.5,1
2576,C0907,9,C,9C,other,Enemies,Enemy1,2,31,M,7,7,7,7,6,7,7,7,7,6,6,7,7,NA,SIKH,2,1,1,1,1,1,1,NA,4,1,1,1,NA,4,4,4,4,1,1,1,1,1,1,1,1,5,M,Muslim,1,1,1,2,1,1,3,1,1,3,1,4,4,7,1,1,1,3,1,5,3,3,3,6,6,6,7,1,0,C9,1.1765690089152572,0.090184641,-0.590728391,0.20394151986131737,-0.111324711,7,7,-1.009717175,2.5,0
2577,C0907,9,C,9C,other,Enemies,Enemy2,2,46,M,7,7,7,7,6,7,7,7,7,6,6,7,7,NA,SIKH,2,1,1,1,1,1,1,NA,4,1,1,1,NA,4,4,4,4,1,1,1,1,1,1,1,1,5,F,Muslim,2,2,2,1,1,1,3,1,1,2,1,4,4,4,3,1,1,2,2,2,1,3,2,5,7,6,7,0,0,C9,1.1765690089152572,0.090184641,-0.590728391,0.20394151986131737,-0.111324711,7,7,-1.009717175,2.5,0
2578,C0907,9,C,9C,other,Enemies,Enemy3,2,47,M,7,7,7,7,6,7,7,7,7,6,6,7,7,NA,SIKH,2,1,1,1,1,1,1,NA,4,1,1,1,NA,4,4,4,4,1,1,1,1,1,1,1,1,5,F,Muslim,1,1,1,1,1,1,1,1,1,2,1,6,5,5,1,1,1,1,1,2,2,5,3,6,7,7,7,0,0,C9,1.1765690089152572,0.090184641,-0.590728391,0.20394151986131737,-0.111324711,7,7,-1.009717175,2.5,0
2579,C0907,9,C,9C,other,Enemies,Enemy4,2,53,M,7,7,7,7,6,7,7,7,7,6,6,7,7,NA,SIKH,2,1,1,1,1,1,1,NA,4,1,1,1,NA,4,4,4,4,1,1,1,1,1,1,1,1,5,F,Muslim,1,2,2,1,1,1,4,1,1,1,1,4,3,4,1,1,2,2,1,3,3,2,2,6,7,5,7,0,0,C9,1.1765690089152572,0.090184641,-0.590728391,0.20394151986131737,-0.111324711,7,7,-1.009717175,2.5,0
2580,C0907,9,C,9C,other,Enemies,Enemy5,2,60,M,7,7,7,7,6,7,7,7,7,6,6,7,7,NA,SIKH,2,1,1,1,1,1,1,NA,4,1,1,1,NA,4,4,4,4,1,1,1,1,1,1,1,1,5,F,NA,NA,NA,NA,NA,NA,NA,NA,NA,NA,NA,NA,NA,NA,NA,NA,NA,NA,NA,NA,NA,NA,NA,NA,NA,NA,NA,NA,0,NA,C9,1.1765690089152572,0.090184641,-0.590728391,0.20394151986131737,-0.111324711,7,7,-1.009717175,2.5,0
2581,C0907,9,C,9C,other,Enemies,Enemy6,2,62,M,7,7,7,7,6,7,7,7,7,6,6,7,7,NA,SIKH,2,1,1,1,1,1,1,NA,4,1,1,1,NA,4,4,4,4,1,1,1,1,1,1,1,1,5,F,Muslim,1,1,2,1,2,1,3,1,1,5,1,6,NA,7,1,1,1,2,1,3,2,4,3,6,7,6,7,0,0,C9,1.1765690089152572,0.090184641,-0.590728391,0.20394151986131737,-0.111324711,7,7,-1.009717175,2.5,0
2582,C0907,9,C,9C,other,Enemies,Enemy7,2,65,M,7,7,7,7,6,7,7,7,7,6,6,7,7,NA,SIKH,2,1,1,1,1,1,1,NA,4,1,1,1,NA,4,4,4,4,1,1,1,1,1,1,1,1,5,F,Muslim,1,1,1,1,1,1,4,1,1,2,1,4,4,4,1,1,1,1,1,2,1,4,3,7,7,7,7,0,0,C9,1.1765690089152572,0.090184641,-0.590728391,0.20394151986131737,-0.111324711,7,7,-1.009717175,2.5,0
2583,C0908,9,C,9C,Hindu,Enemies,Enemy1,2,1,M,8,4,6,6,4,6,6,4,7,4,4,4,4,8,NA,1,2,1,1,1,2,1,2,3,1,5,2,1,1,4,5,3,1,1,1,2,3,2,1,4,5,M,Muslim,1,1,2,1,1,1,4,1,1,1,1,4,5,4,1,1,1,1,1,1,1,5,2,7,7,5,7,1,0,C9,1.1765690089152572,0.090184641,-0.590728391,0.20394151986131737,-0.111324711,6,6,-1.009717175,2.5,0
2584,C0908,9,C,9C,Hindu,Enemies,Enemy2,2,11,M,8,4,6,6,4,6,6,4,7,4,4,4,4,8,NA,1,2,1,1,1,2,1,2,3,1,5,2,1,1,4,5,3,1,1,1,2,3,2,1,4,5,M,Muslim,1,1,2,1,1,1,3,1,1,2,1,6,6,5,2,1,3,3,1,5,1,3,3,6,6,6,7,1,0,C9,1.1765690089152572,0.090184641,-0.590728391,0.20394151986131737,-0.111324711,6,6,-1.009717175,2.5,0
2585,C0908,9,C,9C,Hindu,Enemies,Enemy3,2,13,M,8,4,6,6,4,6,6,4,7,4,4,4,4,8,NA,1,2,1,1,1,2,1,2,3,1,5,2,1,1,4,5,3,1,1,1,2,3,2,1,4,5,M,Muslim,1,1,2,3,1,2,4,1,1,2,1,4,2,7,1,1,1,2,1,1,1,5,2,7,6,5,6,1,0,C9,1.1765690089152572,0.090184641,-0.590728391,0.20394151986131737,-0.111324711,6,6,-1.009717175,2.5,0
2586,C0908,9,C,9C,Hindu,Enemies,Enemy4,2,15,M,8,4,6,6,4,6,6,4,7,4,4,4,4,8,NA,1,2,1,1,1,2,1,2,3,1,5,2,1,1,4,5,3,1,1,1,2,3,2,1,4,5,M,Hindu,1,1,1,1,1,1,3,3,4,3,2,4,4,4,1,1,1,1,1,1,1,5,2,6,6,6,6,1,1,C9,1.1765690089152572,0.090184641,-0.590728391,0.20394151986131737,-0.111324711,6,6,-1.009717175,2.5,0
2587,C0908,9,C,9C,Hindu,Enemies,Enemy5,2,22,M,8,4,6,6,4,6,6,4,7,4,4,4,4,8,NA,1,2,1,1,1,2,1,2,3,1,5,2,1,1,4,5,3,1,1,1,2,3,2,1,4,5,M,Hindu,4,2,3,1,2,1,2,1,4,3,2,4,3,3,1,1,1,1,1,2,1,5,3,6,4,6,5,1,1,C9,1.1765690089152572,0.090184641,-0.590728391,0.20394151986131737,-0.111324711,6,6,-1.009717175,2.5,0
2588,C0908,9,C,9C,Hindu,Enemies,Enemy6,2,24,M,8,4,6,6,4,6,6,4,7,4,4,4,4,8,NA,1,2,1,1,1,2,1,2,3,1,5,2,1,1,4,5,3,1,1,1,2,3,2,1,4,5,M,Muslim,2,1,2,1,1,1,1,1,2,1,2,3,2,2,1,1,1,1,1,1,1,5,2,6,7,6,7,1,0,C9,1.1765690089152572,0.090184641,-0.590728391,0.20394151986131737,-0.111324711,6,6,-1.009717175,2.5,0
2589,C0908,9,C,9C,Hindu,Enemies,Enemy7,2,31,M,8,4,6,6,4,6,6,4,7,4,4,4,4,8,NA,1,2,1,1,1,2,1,2,3,1,5,2,1,1,4,5,3,1,1,1,2,3,2,1,4,5,M,Muslim,1,1,1,2,1,1,3,1,1,3,1,4,4,7,1,1,1,3,1,5,3,3,3,6,6,6,7,1,0,C9,1.1765690089152572,0.090184641,-0.590728391,0.20394151986131737,-0.111324711,6,6,-1.009717175,2.5,0
2590,C0908,9,C,9C,Hindu,Enemies,Enemy8,2,34,M,8,4,6,6,4,6,6,4,7,4,4,4,4,8,NA,1,2,1,1,1,2,1,2,3,1,5,2,1,1,4,5,3,1,1,1,2,3,2,1,4,5,M,Muslim,1,1,4,1,1,1,4,2,5,3,1,4,4,4,3,1,1,1,1,1,1,3,4,4,4,4,4,1,0,C9,1.1765690089152572,0.090184641,-0.590728391,0.20394151986131737,-0.111324711,6,6,-1.009717175,2.5,0
2591,C0910,9,C,9C,Hindu,Enemies,Enemy1,2,3,M,10,4,7,7,2,7,4,7,3,6,6,6,4,8,NA,1,2,1,1,2,3,2,1,3,1,5,2,1,2,4,3,3,1,2,1,2,1,4,2,3,1,M,Muslim,1,1,2,1,2,1,3,1,1,1,1,4,4,7,1,1,1,2,1,4,1,3,2,7,4,6,7,1,0,C9,1.1765690089152572,0.090184641,-0.590728391,0.20394151986131737,-0.111324711,7,7,-1.009717175,2.5,3
2592,C0910,9,C,9C,Hindu,Enemies,Enemy2,2,11,M,10,4,7,7,2,7,4,7,3,6,6,6,4,8,NA,1,2,1,1,2,3,2,1,3,1,5,2,1,2,4,3,3,1,2,1,2,1,4,2,3,1,M,Muslim,1,1,2,1,1,1,3,1,1,2,1,6,6,5,2,1,3,3,1,5,1,3,3,6,6,6,7,1,0,C9,1.1765690089152572,0.090184641,-0.590728391,0.20394151986131737,-0.111324711,7,7,-1.009717175,2.5,3
2593,C0910,9,C,9C,Hindu,Enemies,Enemy3,2,18,M,10,4,7,7,2,7,4,7,3,6,6,6,4,8,NA,1,2,1,1,2,3,2,1,3,1,5,2,1,2,4,3,3,1,2,1,2,1,4,2,3,1,M,Muslim,1,1,1,1,1,1,4,1,1,1,1,4,2,5,1,1,2,1,1,1,1,5,3,7,7,6,7,1,0,C9,1.1765690089152572,0.090184641,-0.590728391,0.20394151986131737,-0.111324711,7,7,-1.009717175,2.5,3
2594,C0910,9,C,9C,Hindu,Enemies,Enemy4,2,27,M,10,4,7,7,2,7,4,7,3,6,6,6,4,8,NA,1,2,1,1,2,3,2,1,3,1,5,2,1,2,4,3,3,1,2,1,2,1,4,2,3,1,M,NA,NA,NA,NA,NA,NA,NA,NA,NA,NA,NA,NA,NA,NA,NA,NA,NA,NA,NA,NA,NA,NA,NA,NA,NA,NA,NA,NA,1,NA,C9,1.1765690089152572,0.090184641,-0.590728391,0.20394151986131737,-0.111324711,7,7,-1.009717175,2.5,3
2595,C0910,9,C,9C,Hindu,Enemies,Enemy5,2,31,M,10,4,7,7,2,7,4,7,3,6,6,6,4,8,NA,1,2,1,1,2,3,2,1,3,1,5,2,1,2,4,3,3,1,2,1,2,1,4,2,3,1,M,Muslim,1,1,1,2,1,1,3,1,1,3,1,4,4,7,1,1,1,3,1,5,3,3,3,6,6,6,7,1,0,C9,1.1765690089152572,0.090184641,-0.590728391,0.20394151986131737,-0.111324711,7,7,-1.009717175,2.5,3
2596,C0910,9,C,9C,Hindu,Enemies,Enemy6,2,39,M,10,4,7,7,2,7,4,7,3,6,6,6,4,8,NA,1,2,1,1,2,3,2,1,3,1,5,2,1,2,4,3,3,1,2,1,2,1,4,2,3,1,M,Muslim,1,2,3,1,3,1,4,1,1,2,3,4,7,6,3,1,1,1,3,1,1,3,5,7,2,2,7,1,0,C9,1.1765690089152572,0.090184641,-0.590728391,0.20394151986131737,-0.111324711,7,7,-1.009717175,2.5,3
2597,C0910,9,C,9C,Hindu,Enemies,Enemy7,2,41,M,10,4,7,7,2,7,4,7,3,6,6,6,4,8,NA,1,2,1,1,2,3,2,1,3,1,5,2,1,2,4,3,3,1,2,1,2,1,4,2,3,1,M,Hindu,2,1,2,1,2,1,3,1,5,2,2,4,4,3,1,2,1,1,1,1,1,5,3,7,7,7,6,1,1,C9,1.1765690089152572,0.090184641,-0.590728391,0.20394151986131737,-0.111324711,7,7,-1.009717175,2.5,3
2598,C0911,9,C,9C,Muslim,Enemies,Enemy1,2,7,M,11,6,6,6,6,6,7,6,6,6,6,7,6,8,NA,1,1,1,2,1,1,1,2,3,1,1,2,2,1,6,6,5,2,1,3,3,1,5,1,3,3,M,other,1,1,1,1,1,1,4,1,1,1,4,4,4,4,1,1,1,1,1,1,1,1,5,7,7,7,7,1,0,C9,1.1765690089152572,0.090184641,-0.590728391,0.20394151986131737,-0.111324711,6,6,-1.009717175,2.5,1
2599,C0911,9,C,9C,Muslim,Enemies,Enemy2,2,22,M,11,6,6,6,6,6,7,6,6,6,6,7,6,8,NA,1,1,1,2,1,1,1,2,3,1,1,2,2,1,6,6,5,2,1,3,3,1,5,1,3,3,M,Hindu,4,2,3,1,2,1,2,1,4,3,2,4,3,3,1,1,1,1,1,2,1,5,3,6,4,6,5,1,0,C9,1.1765690089152572,0.090184641,-0.590728391,0.20394151986131737,-0.111324711,6,6,-1.009717175,2.5,1
2600,C0911,9,C,9C,Muslim,Enemies,Enemy3,2,31,M,11,6,6,6,6,6,7,6,6,6,6,7,6,8,NA,1,1,1,2,1,1,1,2,3,1,1,2,2,1,6,6,5,2,1,3,3,1,5,1,3,3,M,Muslim,1,1,1,2,1,1,3,1,1,3,1,4,4,7,1,1,1,3,1,5,3,3,3,6,6,6,7,1,1,C9,1.1765690089152572,0.090184641,-0.590728391,0.20394151986131737,-0.111324711,6,6,-1.009717175,2.5,1
2601,C0913,9,C,9C,Muslim,Enemies,Enemy1,2,5,M,13,5,7,6,5,5,6,6,7,6,6,6,6,NA,TAI(MUSLIM),1,1,1,2,3,1,2,2,4,1,1,2,2,1,4,2,7,1,1,1,2,1,1,1,5,2,M,Hindu,2,3,1,3,1,1,4,1,1,2,1,4,4,2,4,1,1,1,1,1,1,2,2,7,5,7,5,1,0,C9,1.1765690089152572,0.090184641,-0.590728391,0.20394151986131737,-0.111324711,7,6,-0.571172707,2.5,1
2602,C0913,9,C,9C,Muslim,Enemies,Enemy2,2,15,M,13,5,7,6,5,5,6,6,7,6,6,6,6,NA,TAI(MUSLIM),1,1,1,2,3,1,2,2,4,1,1,2,2,1,4,2,7,1,1,1,2,1,1,1,5,2,M,Hindu,1,1,1,1,1,1,3,3,4,3,2,4,4,4,1,1,1,1,1,1,1,5,2,6,6,6,6,1,0,C9,1.1765690089152572,0.090184641,-0.590728391,0.20394151986131737,-0.111324711,7,6,-0.571172707,2.5,1
2603,C0913,9,C,9C,Muslim,Enemies,Enemy3,2,33,M,13,5,7,6,5,5,6,6,7,6,6,6,6,NA,TAI(MUSLIM),1,1,1,2,3,1,2,2,4,1,1,2,2,1,4,2,7,1,1,1,2,1,1,1,5,2,M,Hindu,3,1,2,1,4,2,1,2,5,2,2,6,7,7,1,1,1,2,1,2,1,1,2,7,7,7,7,1,0,C9,1.1765690089152572,0.090184641,-0.590728391,0.20394151986131737,-0.111324711,7,6,-0.571172707,2.5,1
2604,C0913,9,C,9C,Muslim,Enemies,Enemy4,2,39,M,13,5,7,6,5,5,6,6,7,6,6,6,6,NA,TAI(MUSLIM),1,1,1,2,3,1,2,2,4,1,1,2,2,1,4,2,7,1,1,1,2,1,1,1,5,2,M,Muslim,1,2,3,1,3,1,4,1,1,2,3,4,7,6,3,1,1,1,3,1,1,3,5,7,2,2,7,1,1,C9,1.1765690089152572,0.090184641,-0.590728391,0.20394151986131737,-0.111324711,7,6,-0.571172707,2.5,1
2605,C0913,9,C,9C,Muslim,Enemies,Enemy5,2,42,M,13,5,7,6,5,5,6,6,7,6,6,6,6,NA,TAI(MUSLIM),1,1,1,2,3,1,2,2,4,1,1,2,2,1,4,2,7,1,1,1,2,1,1,1,5,2,M,Hindu,3,2,2,1,5,1,4,3,5,4,4,4,3,3,2,1,1,2,1,3,3,4,3,6,4,4,4,1,0,C9,1.1765690089152572,0.090184641,-0.590728391,0.20394151986131737,-0.111324711,7,6,-0.571172707,2.5,1
2606,C0915,9,C,9C,Hindu,Enemies,Enemy1,2,18,M,15,6,6,6,5,6,6,4,5,4,6,6,5,8,NA,1,1,1,1,1,1,1,1,3,3,4,3,1,2,4,4,4,1,1,1,1,1,1,1,5,2,M,Muslim,1,1,1,1,1,1,4,1,1,1,1,4,2,5,1,1,2,1,1,1,1,5,3,7,7,6,7,1,0,C9,1.1765690089152572,0.090184641,-0.590728391,0.20394151986131737,-0.111324711,6,6,-1.009717175,2.5,0
2607,C0915,9,C,9C,Hindu,Enemies,Enemy2,2,49,M,15,6,6,6,5,6,6,4,5,4,6,6,5,8,NA,1,1,1,1,1,1,1,1,3,3,4,3,1,2,4,4,4,1,1,1,1,1,1,1,5,2,F,Hindu,2,2,2,1,2,1,4,2,5,2,1,NA,5,5,1,1,1,1,1,1,1,3,2,4,4,7,7,0,1,C9,1.1765690089152572,0.090184641,-0.590728391,0.20394151986131737,-0.111324711,6,6,-1.009717175,2.5,0
2608,C0916,9,C,9C,Muslim,Enemies,Enemy1,2,18,M,16,3,NA,1,4,5,7,4,4,4,4,7,1,8,NA,2,1,NA,1,1,1,2,2,1,1,1,1,2,1,4,4,4,1,1,1,1,1,5,1,3,4,M,Muslim,1,1,1,1,1,1,4,1,1,1,1,4,2,5,1,1,2,1,1,1,1,5,3,7,7,6,7,1,1,C9,1.1765690089152572,0.090184641,-0.590728391,0.20394151986131737,-0.111324711,NA,1,NA,2.5,2
2609,C0916,9,C,9C,Muslim,Enemies,Enemy2,2,33,M,16,3,NA,1,4,5,7,4,4,4,4,7,1,8,NA,2,1,NA,1,1,1,2,2,1,1,1,1,2,1,4,4,4,1,1,1,1,1,5,1,3,4,M,Hindu,3,1,2,1,4,2,1,2,5,2,2,6,7,7,1,1,1,2,1,2,1,1,2,7,7,7,7,1,0,C9,1.1765690089152572,0.090184641,-0.590728391,0.20394151986131737,-0.111324711,NA,1,NA,2.5,2
2610,C0916,9,C,9C,Muslim,Enemies,Enemy3,2,37,M,16,3,NA,1,4,5,7,4,4,4,4,7,1,8,NA,2,1,NA,1,1,1,2,2,1,1,1,1,2,1,4,4,4,1,1,1,1,1,5,1,3,4,M,Hindu,1,1,1,2,1,1,4,3,5,3,3,4,3,3,2,1,1,1,1,1,1,5,3,6,6,6,6,1,0,C9,1.1765690089152572,0.090184641,-0.590728391,0.20394151986131737,-0.111324711,NA,1,NA,2.5,2
2611,C0916,9,C,9C,Muslim,Enemies,Enemy4,2,38,M,16,3,NA,1,4,5,7,4,4,4,4,7,1,8,NA,2,1,NA,1,1,1,2,2,1,1,1,1,2,1,4,4,4,1,1,1,1,1,5,1,3,4,M,Hindu,2,1,3,1,1,2,3,1,3,2,2,4,2,2,1,1,3,3,2,2,1,5,1,6,5,7,6,1,0,C9,1.1765690089152572,0.090184641,-0.590728391,0.20394151986131737,-0.111324711,NA,1,NA,2.5,2
2612,C0916,9,C,9C,Muslim,Enemies,Enemy5,2,50,M,16,3,NA,1,4,5,7,4,4,4,4,7,1,8,NA,2,1,NA,1,1,1,2,2,1,1,1,1,2,1,4,4,4,1,1,1,1,1,5,1,3,4,F,Hindu,1,1,1,1,1,1,4,1,1,1,1,4,4,4,1,1,1,1,1,2,1,5,2,7,7,7,7,0,0,C9,1.1765690089152572,0.090184641,-0.590728391,0.20394151986131737,-0.111324711,NA,1,NA,2.5,2
2613,C0916,9,C,9C,Muslim,Enemies,Enemy6,2,53,M,16,3,NA,1,4,5,7,4,4,4,4,7,1,8,NA,2,1,NA,1,1,1,2,2,1,1,1,1,2,1,4,4,4,1,1,1,1,1,5,1,3,4,F,Muslim,1,2,2,1,1,1,4,1,1,1,1,4,3,4,1,1,2,2,1,3,3,2,2,6,7,5,7,0,1,C9,1.1765690089152572,0.090184641,-0.590728391,0.20394151986131737,-0.111324711,NA,1,NA,2.5,2
2614,C0916,9,C,9C,Muslim,Enemies,Enemy7,2,57,M,16,3,NA,1,4,5,7,4,4,4,4,7,1,8,NA,2,1,NA,1,1,1,2,2,1,1,1,1,2,1,4,4,4,1,1,1,1,1,5,1,3,4,F,Hindu,1,1,2,1,1,1,3,2,2,3,1,4,4,4,1,2,2,2,1,1,1,1,2,6,7,7,6,0,0,C9,1.1765690089152572,0.090184641,-0.590728391,0.20394151986131737,-0.111324711,NA,1,NA,2.5,2
2615,C0916,9,C,9C,Muslim,Enemies,Enemy8,2,59,M,16,3,NA,1,4,5,7,4,4,4,4,7,1,8,NA,2,1,NA,1,1,1,2,2,1,1,1,1,2,1,4,4,4,1,1,1,1,1,5,1,3,4,F,NA,NA,NA,NA,NA,NA,NA,NA,NA,NA,NA,NA,NA,NA,NA,NA,NA,NA,NA,NA,NA,NA,NA,NA,NA,NA,NA,NA,0,NA,C9,1.1765690089152572,0.090184641,-0.590728391,0.20394151986131737,-0.111324711,NA,1,NA,2.5,2
2616,C0916,9,C,9C,Muslim,Enemies,Enemy9,2,66,M,16,3,NA,1,4,5,7,4,4,4,4,7,1,8,NA,2,1,NA,1,1,1,2,2,1,1,1,1,2,1,4,4,4,1,1,1,1,1,5,1,3,4,F,NA,NA,NA,NA,NA,NA,NA,NA,NA,NA,NA,NA,NA,NA,NA,NA,NA,NA,NA,NA,NA,NA,NA,NA,NA,NA,NA,NA,0,NA,C9,1.1765690089152572,0.090184641,-0.590728391,0.20394151986131737,-0.111324711,NA,1,NA,2.5,2
2617,C0917,9,C,9C,Hindu,Enemies,Enemy1,2,5,M,17,5,7,7,7,7,5,7,6,6,7,4,4,8,NA,1,1,1,2,1,1,1,2,4,1,3,2,1,2,4,3,3,1,1,1,1,1,2,2,2,2,M,Hindu,2,3,1,3,1,1,4,1,1,2,1,4,4,2,4,1,1,1,1,1,1,2,2,7,5,7,5,1,1,C9,1.1765690089152572,0.090184641,-0.590728391,0.20394151986131737,-0.111324711,7,7,-1.009717175,2.5,2
2618,C0917,9,C,9C,Hindu,Enemies,Enemy2,2,11,M,17,5,7,7,7,7,5,7,6,6,7,4,4,8,NA,1,1,1,2,1,1,1,2,4,1,3,2,1,2,4,3,3,1,1,1,1,1,2,2,2,2,M,Muslim,1,1,2,1,1,1,3,1,1,2,1,6,6,5,2,1,3,3,1,5,1,3,3,6,6,6,7,1,0,C9,1.1765690089152572,0.090184641,-0.590728391,0.20394151986131737,-0.111324711,7,7,-1.009717175,2.5,2
2619,C0917,9,C,9C,Hindu,Enemies,Enemy3,2,23,M,17,5,7,7,7,7,5,7,6,6,7,4,4,8,NA,1,1,1,2,1,1,1,2,4,1,3,2,1,2,4,3,3,1,1,1,1,1,2,2,2,2,M,Hindu,1,1,1,1,1,1,3,1,4,2,2,4,4,4,1,1,1,5,1,5,1,5,5,7,7,7,7,1,1,C9,1.1765690089152572,0.090184641,-0.590728391,0.20394151986131737,-0.111324711,7,7,-1.009717175,2.5,2
2620,C0917,9,C,9C,Hindu,Enemies,Enemy4,2,31,M,17,5,7,7,7,7,5,7,6,6,7,4,4,8,NA,1,1,1,2,1,1,1,2,4,1,3,2,1,2,4,3,3,1,1,1,1,1,2,2,2,2,M,Muslim,1,1,1,2,1,1,3,1,1,3,1,4,4,7,1,1,1,3,1,5,3,3,3,6,6,6,7,1,0,C9,1.1765690089152572,0.090184641,-0.590728391,0.20394151986131737,-0.111324711,7,7,-1.009717175,2.5,2
2621,C0917,9,C,9C,Hindu,Enemies,Enemy5,2,34,M,17,5,7,7,7,7,5,7,6,6,7,4,4,8,NA,1,1,1,2,1,1,1,2,4,1,3,2,1,2,4,3,3,1,1,1,1,1,2,2,2,2,M,Muslim,1,1,4,1,1,1,4,2,5,3,1,4,4,4,3,1,1,1,1,1,1,3,4,4,4,4,4,1,0,C9,1.1765690089152572,0.090184641,-0.590728391,0.20394151986131737,-0.111324711,7,7,-1.009717175,2.5,2
2622,C0917,9,C,9C,Hindu,Enemies,Enemy6,2,37,M,17,5,7,7,7,7,5,7,6,6,7,4,4,8,NA,1,1,1,2,1,1,1,2,4,1,3,2,1,2,4,3,3,1,1,1,1,1,2,2,2,2,M,Hindu,1,1,1,2,1,1,4,3,5,3,3,4,3,3,2,1,1,1,1,1,1,5,3,6,6,6,6,1,1,C9,1.1765690089152572,0.090184641,-0.590728391,0.20394151986131737,-0.111324711,7,7,-1.009717175,2.5,2
2623,C0917,9,C,9C,Hindu,Enemies,Enemy7,2,42,M,17,5,7,7,7,7,5,7,6,6,7,4,4,8,NA,1,1,1,2,1,1,1,2,4,1,3,2,1,2,4,3,3,1,1,1,1,1,2,2,2,2,M,Hindu,3,2,2,1,5,1,4,3,5,4,4,4,3,3,2,1,1,2,1,3,3,4,3,6,4,4,4,1,1,C9,1.1765690089152572,0.090184641,-0.590728391,0.20394151986131737,-0.111324711,7,7,-1.009717175,2.5,2
2624,C0918,9,C,9C,Muslim,Enemies,Enemy1,2,5,M,18,6,7,7,1,6,7,7,5,6,5,7,5,8,MUSLIMS,1,1,1,1,1,1,1,NA,4,1,1,1,2,1,4,2,5,1,1,2,1,1,1,1,5,3,M,Hindu,2,3,1,3,1,1,4,1,1,2,1,4,4,2,4,1,1,1,1,1,1,2,2,7,5,7,5,1,0,C9,1.1765690089152572,0.090184641,-0.590728391,0.20394151986131737,-0.111324711,7,7,-1.009717175,2.5,1
2625,C0918,9,C,9C,Muslim,Enemies,Enemy2,2,6,M,18,6,7,7,1,6,7,7,5,6,5,7,5,8,MUSLIMS,1,1,1,1,1,1,1,NA,4,1,1,1,2,1,4,2,5,1,1,2,1,1,1,1,5,3,M,Hindu,2,1,2,1,2,1,3,1,2,2,1,4,3,3,1,1,1,2,1,NA,1,5,NA,4,4,7,6,1,0,C9,1.1765690089152572,0.090184641,-0.590728391,0.20394151986131737,-0.111324711,7,7,-1.009717175,2.5,1
2626,C0918,9,C,9C,Muslim,Enemies,Enemy3,2,27,M,18,6,7,7,1,6,7,7,5,6,5,7,5,8,MUSLIMS,1,1,1,1,1,1,1,NA,4,1,1,1,2,1,4,2,5,1,1,2,1,1,1,1,5,3,M,NA,NA,NA,NA,NA,NA,NA,NA,NA,NA,NA,NA,NA,NA,NA,NA,NA,NA,NA,NA,NA,NA,NA,NA,NA,NA,NA,NA,1,NA,C9,1.1765690089152572,0.090184641,-0.590728391,0.20394151986131737,-0.111324711,7,7,-1.009717175,2.5,1
2627,C0918,9,C,9C,Muslim,Enemies,Enemy4,2,42,M,18,6,7,7,1,6,7,7,5,6,5,7,5,8,MUSLIMS,1,1,1,1,1,1,1,NA,4,1,1,1,2,1,4,2,5,1,1,2,1,1,1,1,5,3,M,Hindu,3,2,2,1,5,1,4,3,5,4,4,4,3,3,2,1,1,2,1,3,3,4,3,6,4,4,4,1,0,C9,1.1765690089152572,0.090184641,-0.590728391,0.20394151986131737,-0.111324711,7,7,-1.009717175,2.5,1
2628,C0918,9,C,9C,Muslim,Enemies,Enemy5,2,55,M,18,6,7,7,1,6,7,7,5,6,5,7,5,8,MUSLIMS,1,1,1,1,1,1,1,NA,4,1,1,1,2,1,4,2,5,1,1,2,1,1,1,1,5,3,F,NA,NA,NA,NA,NA,NA,NA,NA,NA,NA,NA,NA,NA,NA,NA,NA,NA,NA,NA,NA,NA,NA,NA,NA,NA,NA,NA,NA,0,NA,C9,1.1765690089152572,0.090184641,-0.590728391,0.20394151986131737,-0.111324711,7,7,-1.009717175,2.5,1
2629,C0918,9,C,9C,Muslim,Enemies,Enemy6,2,58,M,18,6,7,7,1,6,7,7,5,6,5,7,5,8,MUSLIMS,1,1,1,1,1,1,1,NA,4,1,1,1,2,1,4,2,5,1,1,2,1,1,1,1,5,3,F,Hindu,2,1,2,1,2,1,4,1,3,2,2,4,3,3,1,1,3,2,1,3,1,3,3,3,6,7,4,0,0,C9,1.1765690089152572,0.090184641,-0.590728391,0.20394151986131737,-0.111324711,7,7,-1.009717175,2.5,1
2630,C0918,9,C,9C,Muslim,Enemies,Enemy7,2,60,M,18,6,7,7,1,6,7,7,5,6,5,7,5,8,MUSLIMS,1,1,1,1,1,1,1,NA,4,1,1,1,2,1,4,2,5,1,1,2,1,1,1,1,5,3,F,NA,NA,NA,NA,NA,NA,NA,NA,NA,NA,NA,NA,NA,NA,NA,NA,NA,NA,NA,NA,NA,NA,NA,NA,NA,NA,NA,NA,0,NA,C9,1.1765690089152572,0.090184641,-0.590728391,0.20394151986131737,-0.111324711,7,7,-1.009717175,2.5,1
2631,C0920,9,C,9C,Hindu,Enemies,Enemy1,2,5,M,20,4,4,5,4,6,6,5,5,6,5,4,4,8,NA,1,3,4,2,3,3,3,1,3,2,5,3,1,2,4,4,4,1,1,1,2,2,3,1,2,2,M,Hindu,2,3,1,3,1,1,4,1,1,2,1,4,4,2,4,1,1,1,1,1,1,2,2,7,5,7,5,1,1,C9,1.1765690089152572,0.090184641,-0.590728391,0.20394151986131737,-0.111324711,4,5,-1.448261643,2.5,0
2632,C0920,9,C,9C,Hindu,Enemies,Enemy2,2,12,M,20,4,4,5,4,6,6,5,5,6,5,4,4,8,NA,1,3,4,2,3,3,3,1,3,2,5,3,1,2,4,4,4,1,1,1,2,2,3,1,2,2,M,NA,NA,NA,NA,NA,NA,NA,NA,NA,NA,NA,NA,NA,NA,NA,NA,NA,NA,NA,NA,NA,NA,NA,NA,NA,NA,NA,NA,1,NA,C9,1.1765690089152572,0.090184641,-0.590728391,0.20394151986131737,-0.111324711,4,5,-1.448261643,2.5,0
2633,C0920,9,C,9C,Hindu,Enemies,Enemy3,2,17,M,20,4,4,5,4,6,6,5,5,6,5,4,4,8,NA,1,3,4,2,3,3,3,1,3,2,5,3,1,2,4,4,4,1,1,1,2,2,3,1,2,2,M,Hindu,1,1,2,1,1,1,4,1,3,2,2,4,3,3,1,1,1,1,1,2,2,2,2,7,7,7,5,1,1,C9,1.1765690089152572,0.090184641,-0.590728391,0.20394151986131737,-0.111324711,4,5,-1.448261643,2.5,0
2634,C0920,9,C,9C,Hindu,Enemies,Enemy4,2,28,M,20,4,4,5,4,6,6,5,5,6,5,4,4,8,NA,1,3,4,2,3,3,3,1,3,2,5,3,1,2,4,4,4,1,1,1,2,2,3,1,2,2,M,Hindu,3,2,1,4,3,1,1,5,5,3,2,4,2,2,2,1,1,3,1,1,1,5,3,7,4,7,7,1,1,C9,1.1765690089152572,0.090184641,-0.590728391,0.20394151986131737,-0.111324711,4,5,-1.448261643,2.5,0
2635,C0920,9,C,9C,Hindu,Enemies,Enemy5,2,31,M,20,4,4,5,4,6,6,5,5,6,5,4,4,8,NA,1,3,4,2,3,3,3,1,3,2,5,3,1,2,4,4,4,1,1,1,2,2,3,1,2,2,M,Muslim,1,1,1,2,1,1,3,1,1,3,1,4,4,7,1,1,1,3,1,5,3,3,3,6,6,6,7,1,0,C9,1.1765690089152572,0.090184641,-0.590728391,0.20394151986131737,-0.111324711,4,5,-1.448261643,2.5,0
2636,C0920,9,C,9C,Hindu,Enemies,Enemy6,2,36,M,20,4,4,5,4,6,6,5,5,6,5,4,4,8,NA,1,3,4,2,3,3,3,1,3,2,5,3,1,2,4,4,4,1,1,1,2,2,3,1,2,2,M,Muslim,2,1,2,3,1,1,2,1,1,1,1,4,3,3,2,1,2,1,1,1,1,2,2,7,3,5,7,1,0,C9,1.1765690089152572,0.090184641,-0.590728391,0.20394151986131737,-0.111324711,4,5,-1.448261643,2.5,0
2637,C0920,9,C,9C,Hindu,Enemies,Enemy7,2,38,M,20,4,4,5,4,6,6,5,5,6,5,4,4,8,NA,1,3,4,2,3,3,3,1,3,2,5,3,1,2,4,4,4,1,1,1,2,2,3,1,2,2,M,Hindu,2,1,3,1,1,2,3,1,3,2,2,4,2,2,1,1,3,3,2,2,1,5,1,6,5,7,6,1,1,C9,1.1765690089152572,0.090184641,-0.590728391,0.20394151986131737,-0.111324711,4,5,-1.448261643,2.5,0
2638,C0921,9,C,9C,Hindu,Enemies,Enemy1,2,46,M,21,2,7,7,3,7,6,7,7,6,7,7,3,2,NA,1,1,1,1,1,1,1,NA,4,1,5,3,1,1,4,4,4,1,1,1,1,1,1,1,5,3,F,Muslim,2,2,2,1,1,1,3,1,1,2,1,4,4,4,3,1,1,2,2,2,1,3,2,5,7,6,7,0,0,C9,1.1765690089152572,0.090184641,-0.590728391,0.20394151986131737,-0.111324711,7,7,-1.009717175,2.5,1
2639,C0921,9,C,9C,Hindu,Enemies,Enemy2,2,51,M,21,2,7,7,3,7,6,7,7,6,7,7,3,2,NA,1,1,1,1,1,1,1,NA,4,1,5,3,1,1,4,4,4,1,1,1,1,1,1,1,5,3,F,Muslim,1,1,2,1,1,1,1,1,1,2,1,4,4,4,1,1,1,1,1,5,1,1,5,4,7,7,7,0,0,C9,1.1765690089152572,0.090184641,-0.590728391,0.20394151986131737,-0.111324711,7,7,-1.009717175,2.5,1
2640,C0921,9,C,9C,Hindu,Enemies,Enemy3,2,55,M,21,2,7,7,3,7,6,7,7,6,7,7,3,2,NA,1,1,1,1,1,1,1,NA,4,1,5,3,1,1,4,4,4,1,1,1,1,1,1,1,5,3,F,NA,NA,NA,NA,NA,NA,NA,NA,NA,NA,NA,NA,NA,NA,NA,NA,NA,NA,NA,NA,NA,NA,NA,NA,NA,NA,NA,NA,0,NA,C9,1.1765690089152572,0.090184641,-0.590728391,0.20394151986131737,-0.111324711,7,7,-1.009717175,2.5,1
2641,C0921,9,C,9C,Hindu,Enemies,Enemy4,2,59,M,21,2,7,7,3,7,6,7,7,6,7,7,3,2,NA,1,1,1,1,1,1,1,NA,4,1,5,3,1,1,4,4,4,1,1,1,1,1,1,1,5,3,F,NA,NA,NA,NA,NA,NA,NA,NA,NA,NA,NA,NA,NA,NA,NA,NA,NA,NA,NA,NA,NA,NA,NA,NA,NA,NA,NA,NA,0,NA,C9,1.1765690089152572,0.090184641,-0.590728391,0.20394151986131737,-0.111324711,7,7,-1.009717175,2.5,1
2642,C0921,9,C,9C,Hindu,Enemies,Enemy5,2,61,M,21,2,7,7,3,7,6,7,7,6,7,7,3,2,NA,1,1,1,1,1,1,1,NA,4,1,5,3,1,1,4,4,4,1,1,1,1,1,1,1,5,3,F,Muslim,1,1,2,2,1,1,4,1,1,2,1,4,4,1,1,1,1,3,3,2,1,2,4,6,6,6,7,0,0,C9,1.1765690089152572,0.090184641,-0.590728391,0.20394151986131737,-0.111324711,7,7,-1.009717175,2.5,1
2643,C0921,9,C,9C,Hindu,Enemies,Enemy6,2,62,M,21,2,7,7,3,7,6,7,7,6,7,7,3,2,NA,1,1,1,1,1,1,1,NA,4,1,5,3,1,1,4,4,4,1,1,1,1,1,1,1,5,3,F,Muslim,1,1,2,1,2,1,3,1,1,5,1,6,NA,7,1,1,1,2,1,3,2,4,3,6,7,6,7,0,0,C9,1.1765690089152572,0.090184641,-0.590728391,0.20394151986131737,-0.111324711,7,7,-1.009717175,2.5,1
2644,C0921,9,C,9C,Hindu,Enemies,Enemy7,2,64,M,21,2,7,7,3,7,6,7,7,6,7,7,3,2,NA,1,1,1,1,1,1,1,NA,4,1,5,3,1,1,4,4,4,1,1,1,1,1,1,1,5,3,F,Muslim,1,1,1,1,1,1,1,1,1,5,1,4,4,4,1,1,1,1,1,5,1,5,5,6,7,6,7,0,0,C9,1.1765690089152572,0.090184641,-0.590728391,0.20394151986131737,-0.111324711,7,7,-1.009717175,2.5,1
2645,C0924,9,C,9C,Muslim,Enemies,Enemy1,2,10,M,24,4,6,7,7,6,7,7,6,7,6,4,4,7,Vohra Patel,1,2,1,2,1,1,1,1,1,1,2,1,2,2,3,2,2,1,1,1,1,1,1,1,5,2,M,Hindu,2,1,1,2,3,2,3,1,5,2,2,4,3,3,1,2,1,2,1,4,2,3,1,7,7,7,4,1,0,C9,1.1765690089152572,0.090184641,-0.590728391,0.20394151986131737,-0.111324711,6,7,-1.448261643,2.5,1
2646,C0925,9,C,9C,Hindu,Enemies,Enemy1,2,3,M,25,5,7,7,6,7,4,7,7,6,5,7,6,8,NA,1,5,2,3,1,4,1,3,3,1,4,2,1,3,4,3,5,2,1,1,1,1,1,1,3,2,M,Muslim,1,1,2,1,2,1,3,1,1,1,1,4,4,7,1,1,1,2,1,4,1,3,2,7,4,6,7,1,0,C9,1.1765690089152572,0.090184641,-0.590728391,0.20394151986131737,-0.111324711,7,7,-1.009717175,2.5,3
2647,C0925,9,C,9C,Hindu,Enemies,Enemy2,2,6,M,25,5,7,7,6,7,4,7,7,6,5,7,6,8,NA,1,5,2,3,1,4,1,3,3,1,4,2,1,3,4,3,5,2,1,1,1,1,1,1,3,2,M,Hindu,2,1,2,1,2,1,3,1,2,2,1,4,3,3,1,1,1,2,1,NA,1,5,NA,4,4,7,6,1,1,C9,1.1765690089152572,0.090184641,-0.590728391,0.20394151986131737,-0.111324711,7,7,-1.009717175,2.5,3
2648,C0925,9,C,9C,Hindu,Enemies,Enemy3,2,21,M,25,5,7,7,6,7,4,7,7,6,5,7,6,8,NA,1,5,2,3,1,4,1,3,3,1,4,2,1,3,4,3,5,2,1,1,1,1,1,1,3,2,M,Hindu,1,1,1,1,1,1,4,1,5,3,1,4,4,4,1,1,1,1,1,1,1,5,3,7,7,7,6,1,1,C9,1.1765690089152572,0.090184641,-0.590728391,0.20394151986131737,-0.111324711,7,7,-1.009717175,2.5,3
2649,C0925,9,C,9C,Hindu,Enemies,Enemy4,2,49,M,25,5,7,7,6,7,4,7,7,6,5,7,6,8,NA,1,5,2,3,1,4,1,3,3,1,4,2,1,3,4,3,5,2,1,1,1,1,1,1,3,2,F,Hindu,2,2,2,1,2,1,4,2,5,2,1,NA,5,5,1,1,1,1,1,1,1,3,2,4,4,7,7,0,1,C9,1.1765690089152572,0.090184641,-0.590728391,0.20394151986131737,-0.111324711,7,7,-1.009717175,2.5,3
2650,C0925,9,C,9C,Hindu,Enemies,Enemy5,2,53,M,25,5,7,7,6,7,4,7,7,6,5,7,6,8,NA,1,5,2,3,1,4,1,3,3,1,4,2,1,3,4,3,5,2,1,1,1,1,1,1,3,2,F,Muslim,1,2,2,1,1,1,4,1,1,1,1,4,3,4,1,1,2,2,1,3,3,2,2,6,7,5,7,0,0,C9,1.1765690089152572,0.090184641,-0.590728391,0.20394151986131737,-0.111324711,7,7,-1.009717175,2.5,3
2651,C0925,9,C,9C,Hindu,Enemies,Enemy6,2,57,M,25,5,7,7,6,7,4,7,7,6,5,7,6,8,NA,1,5,2,3,1,4,1,3,3,1,4,2,1,3,4,3,5,2,1,1,1,1,1,1,3,2,F,Hindu,1,1,2,1,1,1,3,2,2,3,1,4,4,4,1,2,2,2,1,1,1,1,2,6,7,7,6,0,1,C9,1.1765690089152572,0.090184641,-0.590728391,0.20394151986131737,-0.111324711,7,7,-1.009717175,2.5,3
2652,C0925,9,C,9C,Hindu,Enemies,Enemy7,2,65,M,25,5,7,7,6,7,4,7,7,6,5,7,6,8,NA,1,5,2,3,1,4,1,3,3,1,4,2,1,3,4,3,5,2,1,1,1,1,1,1,3,2,F,Muslim,1,1,1,1,1,1,4,1,1,2,1,4,4,4,1,1,1,1,1,2,1,4,3,7,7,7,7,0,0,C9,1.1765690089152572,0.090184641,-0.590728391,0.20394151986131737,-0.111324711,7,7,-1.009717175,2.5,3
2653,C0928,9,C,9C,Hindu,Enemies,Enemy1,2,11,M,28,4,7,4,7,7,7,6,6,6,6,5,4,8,NA,2,3,2,1,4,3,1,2,1,5,5,3,1,2,4,2,2,2,1,1,3,1,1,1,5,3,M,Muslim,1,1,2,1,1,1,3,1,1,2,1,6,6,5,2,1,3,3,1,5,1,3,3,6,6,6,7,1,0,C9,1.1765690089152572,0.090184641,-0.590728391,0.20394151986131737,-0.111324711,7,4,0.30591622948642044,2.5,0
2654,C0928,9,C,9C,Hindu,Enemies,Enemy2,2,31,M,28,4,7,4,7,7,7,6,6,6,6,5,4,8,NA,2,3,2,1,4,3,1,2,1,5,5,3,1,2,4,2,2,2,1,1,3,1,1,1,5,3,M,Muslim,1,1,1,2,1,1,3,1,1,3,1,4,4,7,1,1,1,3,1,5,3,3,3,6,6,6,7,1,0,C9,1.1765690089152572,0.090184641,-0.590728391,0.20394151986131737,-0.111324711,7,4,0.30591622948642044,2.5,0
2655,C0930,9,C,9C,Hindu,Enemies,Enemy1,2,3,M,30,3,7,5,6,7,5,5,5,5,5,6,2,2,GUJARATI,1,3,1,1,2,2,1,2,3,1,4,1,1,2,4,5,7,1,1,1,2,1,1,1,1,2,M,Muslim,1,1,2,1,2,1,3,1,1,1,1,4,4,7,1,1,1,2,1,4,1,3,2,7,4,6,7,1,0,C9,1.1765690089152572,0.090184641,-0.590728391,0.20394151986131737,-0.111324711,7,5,-0.132628239,2.5,2
2656,C0930,9,C,9C,Hindu,Enemies,Enemy2,2,12,M,30,3,7,5,6,7,5,5,5,5,5,6,2,2,GUJARATI,1,3,1,1,2,2,1,2,3,1,4,1,1,2,4,5,7,1,1,1,2,1,1,1,1,2,M,NA,NA,NA,NA,NA,NA,NA,NA,NA,NA,NA,NA,NA,NA,NA,NA,NA,NA,NA,NA,NA,NA,NA,NA,NA,NA,NA,NA,1,NA,C9,1.1765690089152572,0.090184641,-0.590728391,0.20394151986131737,-0.111324711,7,5,-0.132628239,2.5,2
2657,C0930,9,C,9C,Hindu,Enemies,Enemy3,2,23,M,30,3,7,5,6,7,5,5,5,5,5,6,2,2,GUJARATI,1,3,1,1,2,2,1,2,3,1,4,1,1,2,4,5,7,1,1,1,2,1,1,1,1,2,M,Hindu,1,1,1,1,1,1,3,1,4,2,2,4,4,4,1,1,1,5,1,5,1,5,5,7,7,7,7,1,1,C9,1.1765690089152572,0.090184641,-0.590728391,0.20394151986131737,-0.111324711,7,5,-0.132628239,2.5,2
2658,C0930,9,C,9C,Hindu,Enemies,Enemy4,2,27,M,30,3,7,5,6,7,5,5,5,5,5,6,2,2,GUJARATI,1,3,1,1,2,2,1,2,3,1,4,1,1,2,4,5,7,1,1,1,2,1,1,1,1,2,M,NA,NA,NA,NA,NA,NA,NA,NA,NA,NA,NA,NA,NA,NA,NA,NA,NA,NA,NA,NA,NA,NA,NA,NA,NA,NA,NA,NA,1,NA,C9,1.1765690089152572,0.090184641,-0.590728391,0.20394151986131737,-0.111324711,7,5,-0.132628239,2.5,2
2659,C0930,9,C,9C,Hindu,Enemies,Enemy5,2,31,M,30,3,7,5,6,7,5,5,5,5,5,6,2,2,GUJARATI,1,3,1,1,2,2,1,2,3,1,4,1,1,2,4,5,7,1,1,1,2,1,1,1,1,2,M,Muslim,1,1,1,2,1,1,3,1,1,3,1,4,4,7,1,1,1,3,1,5,3,3,3,6,6,6,7,1,0,C9,1.1765690089152572,0.090184641,-0.590728391,0.20394151986131737,-0.111324711,7,5,-0.132628239,2.5,2
2660,C0930,9,C,9C,Hindu,Enemies,Enemy6,2,39,M,30,3,7,5,6,7,5,5,5,5,5,6,2,2,GUJARATI,1,3,1,1,2,2,1,2,3,1,4,1,1,2,4,5,7,1,1,1,2,1,1,1,1,2,M,Muslim,1,2,3,1,3,1,4,1,1,2,3,4,7,6,3,1,1,1,3,1,1,3,5,7,2,2,7,1,0,C9,1.1765690089152572,0.090184641,-0.590728391,0.20394151986131737,-0.111324711,7,5,-0.132628239,2.5,2
2661,C0933,9,C,9C,Hindu,Enemies,Enemy1,2,7,M,33,4,7,7,6,7,7,6,6,6,6,6,6,6,MARWADI,1,3,1,2,1,4,2,NA,1,2,5,2,1,2,6,7,7,1,1,1,2,1,2,1,1,2,M,other,1,1,1,1,1,1,4,1,1,1,4,4,4,4,1,1,1,1,1,1,1,1,5,7,7,7,7,1,0,C9,1.1765690089152572,0.090184641,-0.590728391,0.20394151986131737,-0.111324711,7,7,-1.009717175,2.5,0
2662,C0933,9,C,9C,Hindu,Enemies,Enemy2,2,13,M,33,4,7,7,6,7,7,6,6,6,6,6,6,6,MARWADI,1,3,1,2,1,4,2,NA,1,2,5,2,1,2,6,7,7,1,1,1,2,1,2,1,1,2,M,Muslim,1,1,2,3,1,2,4,1,1,2,1,4,2,7,1,1,1,2,1,1,1,5,2,7,6,5,6,1,0,C9,1.1765690089152572,0.090184641,-0.590728391,0.20394151986131737,-0.111324711,7,7,-1.009717175,2.5,0
2663,C0933,9,C,9C,Hindu,Enemies,Enemy3,2,32,M,33,4,7,7,6,7,7,6,6,6,6,6,6,6,MARWADI,1,3,1,2,1,4,2,NA,1,2,5,2,1,2,6,7,7,1,1,1,2,1,2,1,1,2,M,Muslim,1,3,3,1,1,2,1,2,1,2,1,4,4,7,1,1,1,2,1,3,1,4,1,NA,5,4,7,1,0,C9,1.1765690089152572,0.090184641,-0.590728391,0.20394151986131737,-0.111324711,7,7,-1.009717175,2.5,0
2664,C0933,9,C,9C,Hindu,Enemies,Enemy4,2,34,M,33,4,7,7,6,7,7,6,6,6,6,6,6,6,MARWADI,1,3,1,2,1,4,2,NA,1,2,5,2,1,2,6,7,7,1,1,1,2,1,2,1,1,2,M,Muslim,1,1,4,1,1,1,4,2,5,3,1,4,4,4,3,1,1,1,1,1,1,3,4,4,4,4,4,1,0,C9,1.1765690089152572,0.090184641,-0.590728391,0.20394151986131737,-0.111324711,7,7,-1.009717175,2.5,0
2665,C0933,9,C,9C,Hindu,Enemies,Enemy5,2,60,M,33,4,7,7,6,7,7,6,6,6,6,6,6,6,MARWADI,1,3,1,2,1,4,2,NA,1,2,5,2,1,2,6,7,7,1,1,1,2,1,2,1,1,2,F,NA,NA,NA,NA,NA,NA,NA,NA,NA,NA,NA,NA,NA,NA,NA,NA,NA,NA,NA,NA,NA,NA,NA,NA,NA,NA,NA,NA,0,NA,C9,1.1765690089152572,0.090184641,-0.590728391,0.20394151986131737,-0.111324711,7,7,-1.009717175,2.5,0
2666,C0933,9,C,9C,Hindu,Enemies,Enemy6,2,64,M,33,4,7,7,6,7,7,6,6,6,6,6,6,6,MARWADI,1,3,1,2,1,4,2,NA,1,2,5,2,1,2,6,7,7,1,1,1,2,1,2,1,1,2,F,Muslim,1,1,1,1,1,1,1,1,1,5,1,4,4,4,1,1,1,1,1,5,1,5,5,6,7,6,7,0,0,C9,1.1765690089152572,0.090184641,-0.590728391,0.20394151986131737,-0.111324711,7,7,-1.009717175,2.5,0
2667,C0935,9,C,9C,Muslim,Enemies,Enemy1,2,3,M,35,5,7,7,5,5,7,7,7,6,7,5,5,8,NA,1,1,1,2,2,1,2,2,4,1,1,2,2,1,6,5,6,1,1,1,1,1,1,2,5,3,M,Muslim,1,1,2,1,2,1,3,1,1,1,1,4,4,7,1,1,1,2,1,4,1,3,2,7,4,6,7,1,1,C9,1.1765690089152572,0.090184641,-0.590728391,0.20394151986131737,-0.111324711,7,7,-1.009717175,2.5,2
2668,C0935,9,C,9C,Muslim,Enemies,Enemy2,2,7,M,35,5,7,7,5,5,7,7,7,6,7,5,5,8,NA,1,1,1,2,2,1,2,2,4,1,1,2,2,1,6,5,6,1,1,1,1,1,1,2,5,3,M,other,1,1,1,1,1,1,4,1,1,1,4,4,4,4,1,1,1,1,1,1,1,1,5,7,7,7,7,1,0,C9,1.1765690089152572,0.090184641,-0.590728391,0.20394151986131737,-0.111324711,7,7,-1.009717175,2.5,2
2669,C0935,9,C,9C,Muslim,Enemies,Enemy3,2,24,M,35,5,7,7,5,5,7,7,7,6,7,5,5,8,NA,1,1,1,2,2,1,2,2,4,1,1,2,2,1,6,5,6,1,1,1,1,1,1,2,5,3,M,Muslim,2,1,2,1,1,1,1,1,2,1,2,3,2,2,1,1,1,1,1,1,1,5,2,6,7,6,7,1,1,C9,1.1765690089152572,0.090184641,-0.590728391,0.20394151986131737,-0.111324711,7,7,-1.009717175,2.5,2
2670,C0935,9,C,9C,Muslim,Enemies,Enemy4,2,39,M,35,5,7,7,5,5,7,7,7,6,7,5,5,8,NA,1,1,1,2,2,1,2,2,4,1,1,2,2,1,6,5,6,1,1,1,1,1,1,2,5,3,M,Muslim,1,2,3,1,3,1,4,1,1,2,3,4,7,6,3,1,1,1,3,1,1,3,5,7,2,2,7,1,1,C9,1.1765690089152572,0.090184641,-0.590728391,0.20394151986131737,-0.111324711,7,7,-1.009717175,2.5,2
2671,C0938,9,C,9C,Hindu,Enemies,Enemy1,2,11,M,38,4,6,5,7,7,6,6,6,5,5,5,6,8,NA,1,2,1,3,1,1,2,4,3,1,3,2,1,2,4,2,2,1,1,3,3,2,2,1,5,1,M,Muslim,1,1,2,1,1,1,3,1,1,2,1,6,6,5,2,1,3,3,1,5,1,3,3,6,6,6,7,1,0,C9,1.1765690089152572,0.090184641,-0.590728391,0.20394151986131737,-0.111324711,6,5,-0.571172707,2.5,1
2672,C0938,9,C,9C,Hindu,Enemies,Enemy2,2,18,M,38,4,6,5,7,7,6,6,6,5,5,5,6,8,NA,1,2,1,3,1,1,2,4,3,1,3,2,1,2,4,2,2,1,1,3,3,2,2,1,5,1,M,Muslim,1,1,1,1,1,1,4,1,1,1,1,4,2,5,1,1,2,1,1,1,1,5,3,7,7,6,7,1,0,C9,1.1765690089152572,0.090184641,-0.590728391,0.20394151986131737,-0.111324711,6,5,-0.571172707,2.5,1
2673,C0938,9,C,9C,Hindu,Enemies,Enemy3,2,21,M,38,4,6,5,7,7,6,6,6,5,5,5,6,8,NA,1,2,1,3,1,1,2,4,3,1,3,2,1,2,4,2,2,1,1,3,3,2,2,1,5,1,M,Hindu,1,1,1,1,1,1,4,1,5,3,1,4,4,4,1,1,1,1,1,1,1,5,3,7,7,7,6,1,1,C9,1.1765690089152572,0.090184641,-0.590728391,0.20394151986131737,-0.111324711,6,5,-0.571172707,2.5,1
2674,C0938,9,C,9C,Hindu,Enemies,Enemy4,2,31,M,38,4,6,5,7,7,6,6,6,5,5,5,6,8,NA,1,2,1,3,1,1,2,4,3,1,3,2,1,2,4,2,2,1,1,3,3,2,2,1,5,1,M,Muslim,1,1,1,2,1,1,3,1,1,3,1,4,4,7,1,1,1,3,1,5,3,3,3,6,6,6,7,1,0,C9,1.1765690089152572,0.090184641,-0.590728391,0.20394151986131737,-0.111324711,6,5,-0.571172707,2.5,1
2675,C0938,9,C,9C,Hindu,Enemies,Enemy5,2,32,M,38,4,6,5,7,7,6,6,6,5,5,5,6,8,NA,1,2,1,3,1,1,2,4,3,1,3,2,1,2,4,2,2,1,1,3,3,2,2,1,5,1,M,Muslim,1,3,3,1,1,2,1,2,1,2,1,4,4,7,1,1,1,2,1,3,1,4,1,NA,5,4,7,1,0,C9,1.1765690089152572,0.090184641,-0.590728391,0.20394151986131737,-0.111324711,6,5,-0.571172707,2.5,1
2676,C0938,9,C,9C,Hindu,Enemies,Enemy6,2,39,M,38,4,6,5,7,7,6,6,6,5,5,5,6,8,NA,1,2,1,3,1,1,2,4,3,1,3,2,1,2,4,2,2,1,1,3,3,2,2,1,5,1,M,Muslim,1,2,3,1,3,1,4,1,1,2,3,4,7,6,3,1,1,1,3,1,1,3,5,7,2,2,7,1,0,C9,1.1765690089152572,0.090184641,-0.590728391,0.20394151986131737,-0.111324711,6,5,-0.571172707,2.5,1
2677,C0938,9,C,9C,Hindu,Enemies,Enemy7,2,44,M,38,4,6,5,7,7,6,6,6,5,5,5,6,8,NA,1,2,1,3,1,1,2,4,3,1,3,2,1,2,4,2,2,1,1,3,3,2,2,1,5,1,M,Hindu,1,1,3,1,2,1,4,1,1,1,1,4,4,4,1,1,1,1,1,3,1,5,2,7,6,7,5,1,1,C9,1.1765690089152572,0.090184641,-0.590728391,0.20394151986131737,-0.111324711,6,5,-0.571172707,2.5,1
2678,C0940,9,C,9C,Muslim,Enemies,Enemy1,2,23,M,40,5,4,3,5,6,6,6,6,6,6,5,4,8,NA,1,3,2,3,4,2,1,2,3,1,1,1,2,2,4,2,2,2,1,1,3,1,2,2,2,1,M,Hindu,1,1,1,1,1,1,3,1,4,2,2,4,4,4,1,1,1,5,1,5,1,5,5,7,7,7,7,1,0,C9,1.1765690089152572,0.090184641,-0.590728391,0.20394151986131737,-0.111324711,4,3,-0.571172707,2.5,0
2679,C0940,9,C,9C,Muslim,Enemies,Enemy2,2,25,M,40,5,4,3,5,6,6,6,6,6,6,5,4,8,NA,1,3,2,3,4,2,1,2,3,1,1,1,2,2,4,2,2,2,1,1,3,1,2,2,2,1,M,Hindu,5,2,3,1,4,1,3,1,4,2,3,4,3,5,2,1,1,1,1,1,1,3,2,7,7,7,4,1,0,C9,1.1765690089152572,0.090184641,-0.590728391,0.20394151986131737,-0.111324711,4,3,-0.571172707,2.5,0
2680,C0940,9,C,9C,Muslim,Enemies,Enemy3,2,30,M,40,5,4,3,5,6,6,6,6,6,6,5,4,8,NA,1,3,2,3,4,2,1,2,3,1,1,1,2,2,4,2,2,2,1,1,3,1,2,2,2,1,M,Hindu,3,1,1,2,2,1,3,1,4,1,2,4,5,7,1,1,1,2,1,1,1,1,2,7,5,7,5,1,0,C9,1.1765690089152572,0.090184641,-0.590728391,0.20394151986131737,-0.111324711,4,3,-0.571172707,2.5,0
2681,C0941,9,C,9C,Hindu,Enemies,Enemy1,2,1,M,41,3,7,7,1,7,6,7,5,5,5,3,5,8,NA,1,2,1,2,1,2,1,2,3,1,5,2,1,2,4,4,3,1,2,1,1,1,1,1,5,3,M,Muslim,1,1,2,1,1,1,4,1,1,1,1,4,5,4,1,1,1,1,1,1,1,5,2,7,7,5,7,1,0,C9,1.1765690089152572,0.090184641,-0.590728391,0.20394151986131737,-0.111324711,7,7,-1.009717175,2.5,1
2682,C0941,9,C,9C,Hindu,Enemies,Enemy2,2,5,M,41,3,7,7,1,7,6,7,5,5,5,3,5,8,NA,1,2,1,2,1,2,1,2,3,1,5,2,1,2,4,4,3,1,2,1,1,1,1,1,5,3,M,Hindu,2,3,1,3,1,1,4,1,1,2,1,4,4,2,4,1,1,1,1,1,1,2,2,7,5,7,5,1,1,C9,1.1765690089152572,0.090184641,-0.590728391,0.20394151986131737,-0.111324711,7,7,-1.009717175,2.5,1
2683,C0941,9,C,9C,Hindu,Enemies,Enemy3,2,6,M,41,3,7,7,1,7,6,7,5,5,5,3,5,8,NA,1,2,1,2,1,2,1,2,3,1,5,2,1,2,4,4,3,1,2,1,1,1,1,1,5,3,M,Hindu,2,1,2,1,2,1,3,1,2,2,1,4,3,3,1,1,1,2,1,NA,1,5,NA,4,4,7,6,1,1,C9,1.1765690089152572,0.090184641,-0.590728391,0.20394151986131737,-0.111324711,7,7,-1.009717175,2.5,1
2684,C0941,9,C,9C,Hindu,Enemies,Enemy4,2,8,M,41,3,7,7,1,7,6,7,5,5,5,3,5,8,NA,1,2,1,2,1,2,1,2,3,1,5,2,1,2,4,4,3,1,2,1,1,1,1,1,5,3,M,Hindu,2,1,1,1,2,1,3,1,5,2,1,4,5,3,1,1,1,2,3,2,1,4,5,6,6,6,6,1,1,C9,1.1765690089152572,0.090184641,-0.590728391,0.20394151986131737,-0.111324711,7,7,-1.009717175,2.5,1
2685,C0941,9,C,9C,Hindu,Enemies,Enemy5,2,13,M,41,3,7,7,1,7,6,7,5,5,5,3,5,8,NA,1,2,1,2,1,2,1,2,3,1,5,2,1,2,4,4,3,1,2,1,1,1,1,1,5,3,M,Muslim,1,1,2,3,1,2,4,1,1,2,1,4,2,7,1,1,1,2,1,1,1,5,2,7,6,5,6,1,0,C9,1.1765690089152572,0.090184641,-0.590728391,0.20394151986131737,-0.111324711,7,7,-1.009717175,2.5,1
2686,C0941,9,C,9C,Hindu,Enemies,Enemy6,2,31,M,41,3,7,7,1,7,6,7,5,5,5,3,5,8,NA,1,2,1,2,1,2,1,2,3,1,5,2,1,2,4,4,3,1,2,1,1,1,1,1,5,3,M,Muslim,1,1,1,2,1,1,3,1,1,3,1,4,4,7,1,1,1,3,1,5,3,3,3,6,6,6,7,1,0,C9,1.1765690089152572,0.090184641,-0.590728391,0.20394151986131737,-0.111324711,7,7,-1.009717175,2.5,1
2687,C0941,9,C,9C,Hindu,Enemies,Enemy7,2,35,M,41,3,7,7,1,7,6,7,5,5,5,3,5,8,NA,1,2,1,2,1,2,1,2,3,1,5,2,1,2,4,4,3,1,2,1,1,1,1,1,5,3,M,Muslim,1,1,2,2,1,2,4,1,1,2,1,6,5,6,1,1,1,1,1,1,2,5,3,7,7,5,7,1,0,C9,1.1765690089152572,0.090184641,-0.590728391,0.20394151986131737,-0.111324711,7,7,-1.009717175,2.5,1
2688,C0941,9,C,9C,Hindu,Enemies,Enemy8,2,39,M,41,3,7,7,1,7,6,7,5,5,5,3,5,8,NA,1,2,1,2,1,2,1,2,3,1,5,2,1,2,4,4,3,1,2,1,1,1,1,1,5,3,M,Muslim,1,2,3,1,3,1,4,1,1,2,3,4,7,6,3,1,1,1,3,1,1,3,5,7,2,2,7,1,0,C9,1.1765690089152572,0.090184641,-0.590728391,0.20394151986131737,-0.111324711,7,7,-1.009717175,2.5,1
2689,C0942,9,C,9C,Hindu,Enemies,Enemy1,2,7,M,42,3,6,4,7,4,4,4,5,4,6,6,3,8,NA,1,3,2,2,1,5,1,1,4,3,5,4,1,4,4,3,3,2,1,1,2,1,3,3,4,3,M,other,1,1,1,1,1,1,4,1,1,1,4,4,4,4,1,1,1,1,1,1,1,1,5,7,7,7,7,1,0,C9,1.1765690089152572,0.090184641,-0.590728391,0.20394151986131737,-0.111324711,6,4,-0.132628239,2.5,0
2690,C0942,9,C,9C,Hindu,Enemies,Enemy2,2,11,M,42,3,6,4,7,4,4,4,5,4,6,6,3,8,NA,1,3,2,2,1,5,1,1,4,3,5,4,1,4,4,3,3,2,1,1,2,1,3,3,4,3,M,Muslim,1,1,2,1,1,1,3,1,1,2,1,6,6,5,2,1,3,3,1,5,1,3,3,6,6,6,7,1,0,C9,1.1765690089152572,0.090184641,-0.590728391,0.20394151986131737,-0.111324711,6,4,-0.132628239,2.5,0
2691,C0942,9,C,9C,Hindu,Enemies,Enemy3,2,23,M,42,3,6,4,7,4,4,4,5,4,6,6,3,8,NA,1,3,2,2,1,5,1,1,4,3,5,4,1,4,4,3,3,2,1,1,2,1,3,3,4,3,M,Hindu,1,1,1,1,1,1,3,1,4,2,2,4,4,4,1,1,1,5,1,5,1,5,5,7,7,7,7,1,1,C9,1.1765690089152572,0.090184641,-0.590728391,0.20394151986131737,-0.111324711,6,4,-0.132628239,2.5,0
2692,C0942,9,C,9C,Hindu,Enemies,Enemy4,2,31,M,42,3,6,4,7,4,4,4,5,4,6,6,3,8,NA,1,3,2,2,1,5,1,1,4,3,5,4,1,4,4,3,3,2,1,1,2,1,3,3,4,3,M,Muslim,1,1,1,2,1,1,3,1,1,3,1,4,4,7,1,1,1,3,1,5,3,3,3,6,6,6,7,1,0,C9,1.1765690089152572,0.090184641,-0.590728391,0.20394151986131737,-0.111324711,6,4,-0.132628239,2.5,0
2693,C0942,9,C,9C,Hindu,Enemies,Enemy5,2,39,M,42,3,6,4,7,4,4,4,5,4,6,6,3,8,NA,1,3,2,2,1,5,1,1,4,3,5,4,1,4,4,3,3,2,1,1,2,1,3,3,4,3,M,Muslim,1,2,3,1,3,1,4,1,1,2,3,4,7,6,3,1,1,1,3,1,1,3,5,7,2,2,7,1,0,C9,1.1765690089152572,0.090184641,-0.590728391,0.20394151986131737,-0.111324711,6,4,-0.132628239,2.5,0
2694,C0945,9,C,9C,Hindu,Enemies,Enemy1,2,46,M,45,4,7,4,7,7,6,7,6,5,6,4,4,2,NA,1,1,1,2,1,1,1,1,3,1,1,1,1,1,4,4,4,1,1,1,1,1,1,1,3,2,F,Muslim,2,2,2,1,1,1,3,1,1,2,1,4,4,4,3,1,1,2,2,2,1,3,2,5,7,6,7,0,0,C9,1.1765690089152572,0.090184641,-0.590728391,0.20394151986131737,-0.111324711,7,4,0.30591622948642044,2.5,1
2695,C0945,9,C,9C,Hindu,Enemies,Enemy2,2,49,M,45,4,7,4,7,7,6,7,6,5,6,4,4,2,NA,1,1,1,2,1,1,1,1,3,1,1,1,1,1,4,4,4,1,1,1,1,1,1,1,3,2,F,Hindu,2,2,2,1,2,1,4,2,5,2,1,NA,5,5,1,1,1,1,1,1,1,3,2,4,4,7,7,0,1,C9,1.1765690089152572,0.090184641,-0.590728391,0.20394151986131737,-0.111324711,7,4,0.30591622948642044,2.5,1
2696,C0945,9,C,9C,Hindu,Enemies,Enemy3,2,52,M,45,4,7,4,7,7,6,7,6,5,6,4,4,2,NA,1,1,1,2,1,1,1,1,3,1,1,1,1,1,4,4,4,1,1,1,1,1,1,1,3,2,F,Hindu,1,3,2,1,2,1,3,1,3,2,1,4,4,4,1,1,1,2,2,2,1,2,2,6,7,7,5,0,1,C9,1.1765690089152572,0.090184641,-0.590728391,0.20394151986131737,-0.111324711,7,4,0.30591622948642044,2.5,1
2697,C0945,9,C,9C,Hindu,Enemies,Enemy4,2,59,M,45,4,7,4,7,7,6,7,6,5,6,4,4,2,NA,1,1,1,2,1,1,1,1,3,1,1,1,1,1,4,4,4,1,1,1,1,1,1,1,3,2,F,NA,NA,NA,NA,NA,NA,NA,NA,NA,NA,NA,NA,NA,NA,NA,NA,NA,NA,NA,NA,NA,NA,NA,NA,NA,NA,NA,NA,0,NA,C9,1.1765690089152572,0.090184641,-0.590728391,0.20394151986131737,-0.111324711,7,4,0.30591622948642044,2.5,1
2698,C0946,9,C,9C,Muslim,Enemies,Enemy1,2,25,F,46,5,5,7,3,6,7,6,7,6,6,6,3,NA,MUSLIM,2,2,2,2,1,1,1,1,3,1,1,2,2,1,4,4,4,3,1,1,2,2,2,1,3,2,M,Hindu,5,2,3,1,4,1,3,1,4,2,3,4,3,5,2,1,1,1,1,1,1,3,2,7,7,7,4,0,0,C9,1.1765690089152572,0.090184641,-0.590728391,0.20394151986131737,-0.111324711,7,5,-0.132628239,2.5,1
2699,C0946,9,C,9C,Muslim,Enemies,Enemy2,2,30,F,46,5,5,7,3,6,7,6,7,6,6,6,3,NA,MUSLIM,2,2,2,2,1,1,1,1,3,1,1,2,2,1,4,4,4,3,1,1,2,2,2,1,3,2,M,Hindu,3,1,1,2,2,1,3,1,4,1,2,4,5,7,1,1,1,2,1,1,1,1,2,7,5,7,5,0,0,C9,1.1765690089152572,0.090184641,-0.590728391,0.20394151986131737,-0.111324711,7,5,-0.132628239,2.5,1
2700,C0946,9,C,9C,Muslim,Enemies,Enemy3,2,49,F,46,5,5,7,3,6,7,6,7,6,6,6,3,NA,MUSLIM,2,2,2,2,1,1,1,1,3,1,1,2,2,1,4,4,4,3,1,1,2,2,2,1,3,2,F,Hindu,2,2,2,1,2,1,4,2,5,2,1,NA,5,5,1,1,1,1,1,1,1,3,2,4,4,7,7,1,0,C9,1.1765690089152572,0.090184641,-0.590728391,0.20394151986131737,-0.111324711,7,5,-0.132628239,2.5,1
2701,C0946,9,C,9C,Muslim,Enemies,Enemy4,2,51,F,46,5,5,7,3,6,7,6,7,6,6,6,3,NA,MUSLIM,2,2,2,2,1,1,1,1,3,1,1,2,2,1,4,4,4,3,1,1,2,2,2,1,3,2,F,Muslim,1,1,2,1,1,1,1,1,1,2,1,4,4,4,1,1,1,1,1,5,1,1,5,4,7,7,7,1,1,C9,1.1765690089152572,0.090184641,-0.590728391,0.20394151986131737,-0.111324711,7,5,-0.132628239,2.5,1
2702,C0946,9,C,9C,Muslim,Enemies,Enemy5,2,54,F,46,5,5,7,3,6,7,6,7,6,6,6,3,NA,MUSLIM,2,2,2,2,1,1,1,1,3,1,1,2,2,1,4,4,4,3,1,1,2,2,2,1,3,2,F,Hindu,1,1,1,1,1,1,4,1,5,3,1,4,3,3,1,1,1,1,1,1,1,3,3,6,7,7,6,1,0,C9,1.1765690089152572,0.090184641,-0.590728391,0.20394151986131737,-0.111324711,7,5,-0.132628239,2.5,1
2703,C0946,9,C,9C,Muslim,Enemies,Enemy6,2,62,F,46,5,5,7,3,6,7,6,7,6,6,6,3,NA,MUSLIM,2,2,2,2,1,1,1,1,3,1,1,2,2,1,4,4,4,3,1,1,2,2,2,1,3,2,F,Muslim,1,1,2,1,2,1,3,1,1,5,1,6,NA,7,1,1,1,2,1,3,2,4,3,6,7,6,7,1,1,C9,1.1765690089152572,0.090184641,-0.590728391,0.20394151986131737,-0.111324711,7,5,-0.132628239,2.5,1
2704,C0946,9,C,9C,Muslim,Enemies,Enemy7,2,64,F,46,5,5,7,3,6,7,6,7,6,6,6,3,NA,MUSLIM,2,2,2,2,1,1,1,1,3,1,1,2,2,1,4,4,4,3,1,1,2,2,2,1,3,2,F,Muslim,1,1,1,1,1,1,1,1,1,5,1,4,4,4,1,1,1,1,1,5,1,5,5,6,7,6,7,1,1,C9,1.1765690089152572,0.090184641,-0.590728391,0.20394151986131737,-0.111324711,7,5,-0.132628239,2.5,1
2705,C0948,9,C,9C,Hindu,Enemies,Enemy1,2,8,F,48,6,5,6,7,7,5,6,6,6,5,5,1,8,NA,2,2,2,3,1,2,1,1,4,2,4,3,1,3,4,4,3,1,1,1,3,2,4,3,1,1,M,Hindu,2,1,1,1,2,1,3,1,5,2,1,4,5,3,1,1,1,2,3,2,1,4,5,6,6,6,6,0,1,C9,1.1765690089152572,0.090184641,-0.590728391,0.20394151986131737,-0.111324711,6,5,-0.571172707,2.5,2
2706,C0948,9,C,9C,Hindu,Enemies,Enemy2,2,21,F,48,6,5,6,7,7,5,6,6,6,5,5,1,8,NA,2,2,2,3,1,2,1,1,4,2,4,3,1,3,4,4,3,1,1,1,3,2,4,3,1,1,M,Hindu,1,1,1,1,1,1,4,1,5,3,1,4,4,4,1,1,1,1,1,1,1,5,3,7,7,7,6,0,1,C9,1.1765690089152572,0.090184641,-0.590728391,0.20394151986131737,-0.111324711,6,5,-0.571172707,2.5,2
2707,C0948,9,C,9C,Hindu,Enemies,Enemy3,2,42,F,48,6,5,6,7,7,5,6,6,6,5,5,1,8,NA,2,2,2,3,1,2,1,1,4,2,4,3,1,3,4,4,3,1,1,1,3,2,4,3,1,1,M,Hindu,3,2,2,1,5,1,4,3,5,4,4,4,3,3,2,1,1,2,1,3,3,4,3,6,4,4,4,0,1,C9,1.1765690089152572,0.090184641,-0.590728391,0.20394151986131737,-0.111324711,6,5,-0.571172707,2.5,2
2708,C0952,9,C,9C,Hindu,Enemies,Enemy1,2,11,F,52,3,6,7,3,7,5,7,6,5,5,6,4,7,NA,2,1,3,2,1,2,1,1,3,1,3,2,1,1,4,4,4,1,1,1,2,2,2,1,2,2,M,Muslim,1,1,2,1,1,1,3,1,1,2,1,6,6,5,2,1,3,3,1,5,1,3,3,6,6,6,7,0,0,C9,1.1765690089152572,0.090184641,-0.590728391,0.20394151986131737,-0.111324711,7,6,-0.571172707,2.5,2
2709,C0952,9,C,9C,Hindu,Enemies,Enemy2,2,31,F,52,3,6,7,3,7,5,7,6,5,5,6,4,7,NA,2,1,3,2,1,2,1,1,3,1,3,2,1,1,4,4,4,1,1,1,2,2,2,1,2,2,M,Muslim,1,1,1,2,1,1,3,1,1,3,1,4,4,7,1,1,1,3,1,5,3,3,3,6,6,6,7,0,0,C9,1.1765690089152572,0.090184641,-0.590728391,0.20394151986131737,-0.111324711,7,6,-0.571172707,2.5,2
2710,C0952,9,C,9C,Hindu,Enemies,Enemy3,2,51,F,52,3,6,7,3,7,5,7,6,5,5,6,4,7,NA,2,1,3,2,1,2,1,1,3,1,3,2,1,1,4,4,4,1,1,1,2,2,2,1,2,2,F,Muslim,1,1,2,1,1,1,1,1,1,2,1,4,4,4,1,1,1,1,1,5,1,1,5,4,7,7,7,1,0,C9,1.1765690089152572,0.090184641,-0.590728391,0.20394151986131737,-0.111324711,7,6,-0.571172707,2.5,2
2711,C0952,9,C,9C,Hindu,Enemies,Enemy4,2,62,F,52,3,6,7,3,7,5,7,6,5,5,6,4,7,NA,2,1,3,2,1,2,1,1,3,1,3,2,1,1,4,4,4,1,1,1,2,2,2,1,2,2,F,Muslim,1,1,2,1,2,1,3,1,1,5,1,6,NA,7,1,1,1,2,1,3,2,4,3,6,7,6,7,1,0,C9,1.1765690089152572,0.090184641,-0.590728391,0.20394151986131737,-0.111324711,7,6,-0.571172707,2.5,2
2712,C0952,9,C,9C,Hindu,Enemies,Enemy5,2,63,F,52,3,6,7,3,7,5,7,6,5,5,6,4,7,NA,2,1,3,2,1,2,1,1,3,1,3,2,1,1,4,4,4,1,1,1,2,2,2,1,2,2,F,Muslim,2,1,3,1,1,1,4,1,1,5,1,4,1,2,2,1,3,3,1,3,3,4,2,2,7,4,7,1,0,C9,1.1765690089152572,0.090184641,-0.590728391,0.20394151986131737,-0.111324711,7,6,-0.571172707,2.5,2
2713,C0952,9,C,9C,Hindu,Enemies,Enemy6,2,64,F,52,3,6,7,3,7,5,7,6,5,5,6,4,7,NA,2,1,3,2,1,2,1,1,3,1,3,2,1,1,4,4,4,1,1,1,2,2,2,1,2,2,F,Muslim,1,1,1,1,1,1,1,1,1,5,1,4,4,4,1,1,1,1,1,5,1,5,5,6,7,6,7,1,0,C9,1.1765690089152572,0.090184641,-0.590728391,0.20394151986131737,-0.111324711,7,6,-0.571172707,2.5,2
2714,C0953,9,C,9C,Muslim,Enemies,Enemy1,2,5,F,53,2,6,7,6,5,7,6,7,6,5,6,5,8,NA,2,1,2,2,1,1,1,1,4,1,1,1,2,1,4,3,4,1,1,2,2,1,3,3,2,2,M,Hindu,2,3,1,3,1,1,4,1,1,2,1,4,4,2,4,1,1,1,1,1,1,2,2,7,5,7,5,0,0,C9,1.1765690089152572,0.090184641,-0.590728391,0.20394151986131737,-0.111324711,7,6,-0.571172707,2.5,2
2715,C0953,9,C,9C,Muslim,Enemies,Enemy2,2,11,F,53,2,6,7,6,5,7,6,7,6,5,6,5,8,NA,2,1,2,2,1,1,1,1,4,1,1,1,2,1,4,3,4,1,1,2,2,1,3,3,2,2,M,Muslim,1,1,2,1,1,1,3,1,1,2,1,6,6,5,2,1,3,3,1,5,1,3,3,6,6,6,7,0,1,C9,1.1765690089152572,0.090184641,-0.590728391,0.20394151986131737,-0.111324711,7,6,-0.571172707,2.5,2
2716,C0953,9,C,9C,Muslim,Enemies,Enemy3,2,13,F,53,2,6,7,6,5,7,6,7,6,5,6,5,8,NA,2,1,2,2,1,1,1,1,4,1,1,1,2,1,4,3,4,1,1,2,2,1,3,3,2,2,M,Muslim,1,1,2,3,1,2,4,1,1,2,1,4,2,7,1,1,1,2,1,1,1,5,2,7,6,5,6,0,1,C9,1.1765690089152572,0.090184641,-0.590728391,0.20394151986131737,-0.111324711,7,6,-0.571172707,2.5,2
2717,C0956,9,C,9C,Hindu,Enemies,Enemy1,2,42,F,56,1,5,6,3,7,5,7,6,5,6,2,4,8,NA,2,1,1,1,1,1,1,1,4,1,5,2,1,2,4,4,4,1,1,1,1,1,2,1,3,3,M,Hindu,3,2,2,1,5,1,4,3,5,4,4,4,3,3,2,1,1,2,1,3,3,4,3,6,4,4,4,0,1,C9,1.1765690089152572,0.090184641,-0.590728391,0.20394151986131737,-0.111324711,6,5,-0.571172707,2.5,2
2718,C0961,9,C,9C,Muslim,Enemies,Enemy1,2,13,F,61,5,6,6,5,6,7,6,5,6,4,4,3,8,NA,2,1,1,2,2,1,1,2,4,1,1,2,2,1,4,4,1,1,1,1,3,3,2,1,2,4,M,Muslim,1,1,2,3,1,2,4,1,1,2,1,4,2,7,1,1,1,2,1,1,1,5,2,7,6,5,6,0,1,C9,1.1765690089152572,0.090184641,-0.590728391,0.20394151986131737,-0.111324711,6,6,-1.009717175,2.5,1
2719,C0961,9,C,9C,Muslim,Enemies,Enemy2,2,27,F,61,5,6,6,5,6,7,6,5,6,4,4,3,8,NA,2,1,1,2,2,1,1,2,4,1,1,2,2,1,4,4,1,1,1,1,3,3,2,1,2,4,M,NA,NA,NA,NA,NA,NA,NA,NA,NA,NA,NA,NA,NA,NA,NA,NA,NA,NA,NA,NA,NA,NA,NA,NA,NA,NA,NA,NA,0,NA,C9,1.1765690089152572,0.090184641,-0.590728391,0.20394151986131737,-0.111324711,6,6,-1.009717175,2.5,1
2720,C0961,9,C,9C,Muslim,Enemies,Enemy3,2,34,F,61,5,6,6,5,6,7,6,5,6,4,4,3,8,NA,2,1,1,2,2,1,1,2,4,1,1,2,2,1,4,4,1,1,1,1,3,3,2,1,2,4,M,Muslim,1,1,4,1,1,1,4,2,5,3,1,4,4,4,3,1,1,1,1,1,1,3,4,4,4,4,4,0,1,C9,1.1765690089152572,0.090184641,-0.590728391,0.20394151986131737,-0.111324711,6,6,-1.009717175,2.5,1
2721,C0961,9,C,9C,Muslim,Enemies,Enemy4,2,40,F,61,5,6,6,5,6,7,6,5,6,4,4,3,8,NA,2,1,1,2,2,1,1,2,4,1,1,2,2,1,4,4,1,1,1,1,3,3,2,1,2,4,M,Muslim,3,2,3,4,2,1,3,1,1,1,2,4,2,2,2,1,1,3,1,2,2,2,1,4,3,6,6,0,1,C9,1.1765690089152572,0.090184641,-0.590728391,0.20394151986131737,-0.111324711,6,6,-1.009717175,2.5,1
2722,C0961,9,C,9C,Muslim,Enemies,Enemy5,2,51,F,61,5,6,6,5,6,7,6,5,6,4,4,3,8,NA,2,1,1,2,2,1,1,2,4,1,1,2,2,1,4,4,1,1,1,1,3,3,2,1,2,4,F,Muslim,1,1,2,1,1,1,1,1,1,2,1,4,4,4,1,1,1,1,1,5,1,1,5,4,7,7,7,1,1,C9,1.1765690089152572,0.090184641,-0.590728391,0.20394151986131737,-0.111324711,6,6,-1.009717175,2.5,1
2723,C0963,9,C,9C,Muslim,Enemies,Enemy1,2,54,F,63,4,2,7,3,4,7,6,4,3,3,4,5,8,NA,2,2,1,3,1,1,1,2,4,1,1,5,2,1,4,1,2,2,1,3,3,1,3,3,4,2,F,Hindu,1,1,1,1,1,1,4,1,5,3,1,4,3,3,1,1,1,1,1,1,1,3,3,6,7,7,6,1,0,C9,1.1765690089152572,0.090184641,-0.590728391,0.20394151986131737,-0.111324711,7,2,1.183005165925335,2.5,3
2724,C0967,9,C,9C,Muslim,Enemies,Enemy1,2,27,F,67,6,6,6,4,6,6,6,4,6,6,6,4,8,NA,2,1,1,1,2,1,1,NA,4,1,1,1,2,1,6,6,6,3,1,1,1,1,1,1,5,3,M,NA,NA,NA,NA,NA,NA,NA,NA,NA,NA,NA,NA,NA,NA,NA,NA,NA,NA,NA,NA,NA,NA,NA,NA,NA,NA,NA,NA,0,NA,C9,1.1765690089152572,0.090184641,-0.590728391,0.20394151986131737,-0.111324711,6,6,-1.009717175,2.5,0
2725,C0967,9,C,9C,Muslim,Enemies,Enemy2,2,51,F,67,6,6,6,4,6,6,6,4,6,6,6,4,8,NA,2,1,1,1,2,1,1,NA,4,1,1,1,2,1,6,6,6,3,1,1,1,1,1,1,5,3,F,Muslim,1,1,2,1,1,1,1,1,1,2,1,4,4,4,1,1,1,1,1,5,1,1,5,4,7,7,7,1,1,C9,1.1765690089152572,0.090184641,-0.590728391,0.20394151986131737,-0.111324711,6,6,-1.009717175,2.5,0
2726,A1001,10,A,10A,Hindu,Enemies,Enemy1,2,2,M,1,4,4,4,4,4,4,4,7,4,4,4,4,NA,BRAHMIN - IYENGAR,1,5,4,1,1,5,1,4,1,1,1,1,1,1,7,7,7,5,1,1,5,1,5,5,1,1,M,Hindu,1,2,2,1,3,2,3,1,4,2,2,4,3,3,2,1,1,2,1,2,1,5,2,4,6,7,6,1,1,A10,-2.867542604,-2.508409979,-0.45563458,-1.921343792,-0.413921607,4,4,-1.009717175,3.5,0
2727,A1001,10,A,10A,Hindu,Enemies,Enemy2,2,4,M,1,4,4,4,4,4,4,4,7,4,4,4,4,NA,BRAHMIN - IYENGAR,1,5,4,1,1,5,1,4,1,1,1,1,1,1,7,7,7,5,1,1,5,1,5,5,1,1,M,Muslim,1,1,2,1,1,1,3,1,1,2,2,3,2,2,1,1,1,1,1,1,1,5,3,7,5,6,6,1,0,A10,-2.867542604,-2.508409979,-0.45563458,-1.921343792,-0.413921607,4,4,-1.009717175,3.5,0
2728,A1001,10,A,10A,Hindu,Enemies,Enemy3,2,6,M,1,4,4,4,4,4,4,4,7,4,4,4,4,NA,BRAHMIN - IYENGAR,1,5,4,1,1,5,1,4,1,1,1,1,1,1,7,7,7,5,1,1,5,1,5,5,1,1,M,Muslim,2,1,2,2,1,2,3,2,2,2,2,4,4,4,3,1,1,1,1,1,1,4,2,7,6,6,7,1,0,A10,-2.867542604,-2.508409979,-0.45563458,-1.921343792,-0.413921607,4,4,-1.009717175,3.5,0
2729,A1001,10,A,10A,Hindu,Enemies,Enemy4,2,8,M,1,4,4,4,4,4,4,4,7,4,4,4,4,NA,BRAHMIN - IYENGAR,1,5,4,1,1,5,1,4,1,1,1,1,1,1,7,7,7,5,1,1,5,1,5,5,1,1,M,Hindu,2,1,2,1,1,1,1,2,4,2,2,4,5,5,1,1,1,2,1,1,1,5,2,6,5,7,6,1,1,A10,-2.867542604,-2.508409979,-0.45563458,-1.921343792,-0.413921607,4,4,-1.009717175,3.5,0
2730,A1001,10,A,10A,Hindu,Enemies,Enemy5,2,10,M,1,4,4,4,4,4,4,4,7,4,4,4,4,NA,BRAHMIN - IYENGAR,1,5,4,1,1,5,1,4,1,1,1,1,1,1,7,7,7,5,1,1,5,1,5,5,1,1,M,Muslim,1,1,2,2,1,1,3,1,2,2,2,3,2,2,1,1,3,1,1,1,1,5,2,6,6,7,6,1,0,A10,-2.867542604,-2.508409979,-0.45563458,-1.921343792,-0.413921607,4,4,-1.009717175,3.5,0
2731,A1001,10,A,10A,Hindu,Enemies,Enemy6,2,20,M,1,4,4,4,4,4,4,4,7,4,4,4,4,NA,BRAHMIN - IYENGAR,1,5,4,1,1,5,1,4,1,1,1,1,1,1,7,7,7,5,1,1,5,1,5,5,1,1,M,Hindu,3,2,3,1,3,2,3,2,4,2,2,4,3,3,1,1,1,2,1,1,1,5,4,4,4,4,4,1,1,A10,-2.867542604,-2.508409979,-0.45563458,-1.921343792,-0.413921607,4,4,-1.009717175,3.5,0
2732,A1001,10,A,10A,Hindu,Enemies,Enemy7,2,33,M,1,4,4,4,4,4,4,4,7,4,4,4,4,NA,BRAHMIN - IYENGAR,1,5,4,1,1,5,1,4,1,1,1,1,1,1,7,7,7,5,1,1,5,1,5,5,1,1,F,Muslim,1,1,1,2,1,1,1,1,1,1,2,4,4,4,1,1,1,1,1,3,2,4,5,6,7,7,7,0,0,A10,-2.867542604,-2.508409979,-0.45563458,-1.921343792,-0.413921607,4,4,-1.009717175,3.5,0
2733,A1011,10,A,10A,Hindu,Enemies,Enemy1,2,6,M,11,6,6,6,6,6,6,5,5,5,4,4,5,8,NA,1,3,1,3,3,1,2,1,3,1,3,1,1,2,3,4,4,1,1,1,2,1,2,1,4,3,M,Muslim,2,1,2,2,1,2,3,2,2,2,2,4,4,4,3,1,1,1,1,1,1,4,2,7,6,6,7,1,0,A10,-2.867542604,-2.508409979,-0.45563458,-1.921343792,-0.413921607,6,6,-1.009717175,3.5,0
2734,A1016,10,A,10A,Muslim,Enemies,Enemy1,2,2,M,16,3,4,4,4,5,6,4,6,4,5,4,3,7,ALAVI VOHRA,1,1,1,3,2,1,2,1,4,1,2,3,2,2,5,3,3,4,1,2,3,3,1,2,3,2,M,Hindu,1,2,2,1,3,2,3,1,4,2,2,4,3,3,2,1,1,2,1,2,1,5,2,4,6,7,6,1,0,A10,-2.867542604,-2.508409979,-0.45563458,-1.921343792,-0.413921607,4,4,-1.009717175,3.5,1
2735,A1016,10,A,10A,Muslim,Enemies,Enemy2,2,23,M,16,3,4,4,4,5,6,4,6,4,5,4,3,7,ALAVI VOHRA,1,1,1,3,2,1,2,1,4,1,2,3,2,2,5,3,3,4,1,2,3,3,1,2,3,2,F,Muslim,1,2,1,1,1,1,4,1,1,3,1,4,4,4,1,1,1,1,1,1,1,3,3,4,7,4,7,0,1,A10,-2.867542604,-2.508409979,-0.45563458,-1.921343792,-0.413921607,4,4,-1.009717175,3.5,1
2736,A1016,10,A,10A,Muslim,Enemies,Enemy3,2,30,M,16,3,4,4,4,5,6,4,6,4,5,4,3,7,ALAVI VOHRA,1,1,1,3,2,1,2,1,4,1,2,3,2,2,5,3,3,4,1,2,3,3,1,2,3,2,F,NA,NA,NA,NA,NA,NA,NA,NA,NA,NA,NA,NA,NA,NA,NA,NA,NA,NA,NA,NA,NA,NA,NA,NA,NA,NA,NA,NA,0,NA,A10,-2.867542604,-2.508409979,-0.45563458,-1.921343792,-0.413921607,4,4,-1.009717175,3.5,1
2737,A1016,10,A,10A,Muslim,Enemies,Enemy4,2,45,M,16,3,4,4,4,5,6,4,6,4,5,4,3,7,ALAVI VOHRA,1,1,1,3,2,1,2,1,4,1,2,3,2,2,5,3,3,4,1,2,3,3,1,2,3,2,F,Muslim,1,1,1,1,1,2,3,1,2,3,2,4,3,3,1,1,1,2,1,1,2,5,3,6,7,6,6,0,1,A10,-2.867542604,-2.508409979,-0.45563458,-1.921343792,-0.413921607,4,4,-1.009717175,3.5,1
2738,A1020,10,A,10A,Hindu,Enemies,Enemy1,2,2,M,20,4,4,4,4,4,4,4,4,4,4,4,4,7,VAISHNAV,1,3,2,3,1,3,2,1,3,2,4,2,1,2,4,3,3,1,1,1,2,1,1,1,5,4,M,Hindu,1,2,2,1,3,2,3,1,4,2,2,4,3,3,2,1,1,2,1,2,1,5,2,4,6,7,6,1,1,A10,-2.867542604,-2.508409979,-0.45563458,-1.921343792,-0.413921607,4,4,-1.009717175,3.5,0
2739,A1020,10,A,10A,Hindu,Enemies,Enemy2,2,6,M,20,4,4,4,4,4,4,4,4,4,4,4,4,7,VAISHNAV,1,3,2,3,1,3,2,1,3,2,4,2,1,2,4,3,3,1,1,1,2,1,1,1,5,4,M,Muslim,2,1,2,2,1,2,3,2,2,2,2,4,4,4,3,1,1,1,1,1,1,4,2,7,6,6,7,1,0,A10,-2.867542604,-2.508409979,-0.45563458,-1.921343792,-0.413921607,4,4,-1.009717175,3.5,0
2740,A1020,10,A,10A,Hindu,Enemies,Enemy3,2,16,M,20,4,4,4,4,4,4,4,4,4,4,4,4,7,VAISHNAV,1,3,2,3,1,3,2,1,3,2,4,2,1,2,4,3,3,1,1,1,2,1,1,1,5,4,M,Muslim,1,1,3,2,1,2,4,1,2,3,2,5,3,3,4,1,2,3,3,1,2,3,2,4,4,5,6,1,0,A10,-2.867542604,-2.508409979,-0.45563458,-1.921343792,-0.413921607,4,4,-1.009717175,3.5,0
2741,A1021,10,A,10A,Muslim,Enemies,Enemy1,2,29,M,21,4,6,6,6,4,7,7,6,4,6,4,5,7,ALAVI VOHRA,1,2,1,2,1,2,1,1,3,2,3,2,2,2,4,4,4,2,1,1,1,1,1,3,2,2,F,Muslim,1,2,3,1,2,1,4,1,1,3,2,4,4,4,1,1,2,1,1,1,1,5,3,6,6,5,7,0,1,A10,-2.867542604,-2.508409979,-0.45563458,-1.921343792,-0.413921607,6,6,-1.009717175,3.5,3
2742,A1022,10,A,10A,Hindu,Enemies,Enemy1,2,17,F,22,6,6,7,7,6,6,6,7,6,6,5,7,7,RAJASTHANI,2,5,2,3,1,4,1,2,3,1,2,2,1,2,7,3,2,1,1,1,1,1,1,1,5,3,M,Hindu,3,1,2,1,2,1,1,2,4,2,2,3,4,4,1,1,1,1,1,1,1,5,4,7,7,7,6,0,1,A10,-2.867542604,-2.508409979,-0.45563458,-1.921343792,-0.413921607,7,6,-0.571172707,3.5,0
2743,A1022,10,A,10A,Hindu,Enemies,Enemy2,2,20,F,22,6,6,7,7,6,6,6,7,6,6,5,7,7,RAJASTHANI,2,5,2,3,1,4,1,2,3,1,2,2,1,2,7,3,2,1,1,1,1,1,1,1,5,3,M,Hindu,3,2,3,1,3,2,3,2,4,2,2,4,3,3,1,1,1,2,1,1,1,5,4,4,4,4,4,0,1,A10,-2.867542604,-2.508409979,-0.45563458,-1.921343792,-0.413921607,7,6,-0.571172707,3.5,0
2744,A1022,10,A,10A,Hindu,Enemies,Enemy3,2,31,F,22,6,6,7,7,6,6,6,7,6,6,5,7,7,RAJASTHANI,2,5,2,3,1,4,1,2,3,1,2,2,1,2,7,3,2,1,1,1,1,1,1,1,5,3,F,Muslim,2,2,4,1,1,2,4,1,1,5,2,5,4,4,1,1,1,1,1,2,1,5,3,6,7,6,6,1,0,A10,-2.867542604,-2.508409979,-0.45563458,-1.921343792,-0.413921607,7,6,-0.571172707,3.5,0
2745,A1022,10,A,10A,Hindu,Enemies,Enemy4,2,50,F,22,6,6,7,7,6,6,6,7,6,6,5,7,7,RAJASTHANI,2,5,2,3,1,4,1,2,3,1,2,2,1,2,7,3,2,1,1,1,1,1,1,1,5,3,F,Hindu,1,2,1,1,1,1,3,1,1,1,1,6,4,4,5,1,1,2,4,2,2,1,1,1,6,7,4,1,1,A10,-2.867542604,-2.508409979,-0.45563458,-1.921343792,-0.413921607,7,6,-0.571172707,3.5,0
2746,A1022,10,A,10A,Hindu,Enemies,Enemy5,2,52,F,22,6,6,7,7,6,6,6,7,6,6,5,7,7,RAJASTHANI,2,5,2,3,1,4,1,2,3,1,2,2,1,2,7,3,2,1,1,1,1,1,1,1,5,3,F,NA,NA,NA,NA,NA,NA,NA,NA,NA,NA,NA,NA,NA,NA,NA,NA,NA,NA,NA,NA,NA,NA,NA,NA,NA,NA,NA,NA,1,NA,A10,-2.867542604,-2.508409979,-0.45563458,-1.921343792,-0.413921607,7,6,-0.571172707,3.5,0
2747,A1022,10,A,10A,Hindu,Enemies,Enemy6,2,54,F,22,6,6,7,7,6,6,6,7,6,6,5,7,7,RAJASTHANI,2,5,2,3,1,4,1,2,3,1,2,2,1,2,7,3,2,1,1,1,1,1,1,1,5,3,F,Muslim,1,1,2,1,1,2,3,1,2,5,2,4,3,3,2,1,1,3,1,2,1,5,1,4,5,4,6,1,0,A10,-2.867542604,-2.508409979,-0.45563458,-1.921343792,-0.413921607,7,6,-0.571172707,3.5,0
2748,A1022,10,A,10A,Hindu,Enemies,Enemy7,2,57,F,22,6,6,7,7,6,6,6,7,6,6,5,7,7,RAJASTHANI,2,5,2,3,1,4,1,2,3,1,2,2,1,2,7,3,2,1,1,1,1,1,1,1,5,3,F,Hindu,1,1,1,1,1,2,4,1,5,3,3,4,3,3,2,2,1,1,2,1,2,5,3,6,7,7,7,1,1,A10,-2.867542604,-2.508409979,-0.45563458,-1.921343792,-0.413921607,7,6,-0.571172707,3.5,0
2749,A1026,10,A,10A,Muslim,Enemies,Enemy1,2,11,F,26,3,3,6,5,5,7,6,6,5,6,4,4,8,ALVI VOHRA,2,2,1,2,2,1,2,1,3,1,1,2,2,1,4,3,3,2,1,1,2,1,1,2,3,2,M,Hindu,3,1,3,3,1,2,3,1,3,1,2,3,4,4,1,1,1,2,1,2,1,4,3,6,6,6,6,0,0,A10,-2.867542604,-2.508409979,-0.45563458,-1.921343792,-0.413921607,6,3,0.30591622948642044,3.5,2
2750,A1026,10,A,10A,Muslim,Enemies,Enemy2,2,20,F,26,3,3,6,5,5,7,6,6,5,6,4,4,8,ALVI VOHRA,2,2,1,2,2,1,2,1,3,1,1,2,2,1,4,3,3,2,1,1,2,1,1,2,3,2,M,Hindu,3,2,3,1,3,2,3,2,4,2,2,4,3,3,1,1,1,2,1,1,1,5,4,4,4,4,4,0,0,A10,-2.867542604,-2.508409979,-0.45563458,-1.921343792,-0.413921607,6,3,0.30591622948642044,3.5,2
2751,A1032,10,A,10A,Hindu,Enemies,Enemy1,2,31,F,32,5,5,6,5,6,6,6,7,6,6,6,5,1,NA,2,5,3,2,1,2,1,1,3,2,5,3,1,3,4,3,3,2,1,1,1,1,2,1,2,2,F,Muslim,2,2,4,1,1,2,4,1,1,5,2,5,4,4,1,1,1,1,1,2,1,5,3,6,7,6,6,1,0,A10,-2.867542604,-2.508409979,-0.45563458,-1.921343792,-0.413921607,6,5,-0.571172707,3.5,0
2752,A1034,10,A,10A,Muslim,Enemies,Enemy1,2,1,F,34,7,5,6,7,4,7,7,6,6,6,5,3,7,MUSLIM/SULAIMANI,2,1,1,1,2,1,3,NA,3,1,3,2,2,2,2,2,3,3,1,1,2,1,2,1,4,3,M,Hindu,5,4,1,1,5,1,1,1,1,1,1,7,7,7,5,1,1,5,1,5,5,1,1,4,4,4,4,0,0,A10,-2.867542604,-2.508409979,-0.45563458,-1.921343792,-0.413921607,6,5,-0.571172707,3.5,3
2753,A1034,10,A,10A,Muslim,Enemies,Enemy2,2,11,F,34,7,5,6,7,4,7,7,6,6,6,5,3,7,MUSLIM/SULAIMANI,2,1,1,1,2,1,3,NA,3,1,3,2,2,2,2,2,3,3,1,1,2,1,2,1,4,3,M,Hindu,3,1,3,3,1,2,3,1,3,1,2,3,4,4,1,1,1,2,1,2,1,4,3,6,6,6,6,0,0,A10,-2.867542604,-2.508409979,-0.45563458,-1.921343792,-0.413921607,6,5,-0.571172707,3.5,3
2754,A1034,10,A,10A,Muslim,Enemies,Enemy3,2,22,F,34,7,5,6,7,4,7,7,6,6,6,5,3,7,MUSLIM/SULAIMANI,2,1,1,1,2,1,3,NA,3,1,3,2,2,2,2,2,3,3,1,1,2,1,2,1,4,3,F,Hindu,5,2,3,1,4,1,3,1,2,2,2,7,3,2,1,1,1,1,1,1,1,5,3,6,7,6,6,1,0,A10,-2.867542604,-2.508409979,-0.45563458,-1.921343792,-0.413921607,6,5,-0.571172707,3.5,3
2755,A1034,10,A,10A,Muslim,Enemies,Enemy4,2,31,F,34,7,5,6,7,4,7,7,6,6,6,5,3,7,MUSLIM/SULAIMANI,2,1,1,1,2,1,3,NA,3,1,3,2,2,2,2,2,3,3,1,1,2,1,2,1,4,3,F,Muslim,2,2,4,1,1,2,4,1,1,5,2,5,4,4,1,1,1,1,1,2,1,5,3,6,7,6,6,1,1,A10,-2.867542604,-2.508409979,-0.45563458,-1.921343792,-0.413921607,6,5,-0.571172707,3.5,3
2756,A1034,10,A,10A,Muslim,Enemies,Enemy5,2,44,F,34,7,5,6,7,4,7,7,6,6,6,5,3,7,MUSLIM/SULAIMANI,2,1,1,1,2,1,3,NA,3,1,3,2,2,2,2,2,3,3,1,1,2,1,2,1,4,3,F,Hindu,1,1,1,2,1,2,3,1,4,2,2,7,4,2,1,1,1,2,1,1,1,5,3,5,7,6,5,1,0,A10,-2.867542604,-2.508409979,-0.45563458,-1.921343792,-0.413921607,6,5,-0.571172707,3.5,3
2757,A1042,10,A,10A,Hindu,Enemies,Enemy1,2,11,F,42,4,4,6,7,7,6,6,6,5,5,4,5,2,NA,2,3,2,3,1,2,1,1,2,1,4,3,1,2,4,3,2,2,1,2,2,2,1,1,4,1,M,Hindu,3,1,3,3,1,2,3,1,3,1,2,3,4,4,1,1,1,2,1,2,1,4,3,6,6,6,6,0,1,A10,-2.867542604,-2.508409979,-0.45563458,-1.921343792,-0.413921607,6,4,-0.132628239,3.5,1
2758,A1042,10,A,10A,Hindu,Enemies,Enemy2,2,17,F,42,4,4,6,7,7,6,6,6,5,5,4,5,2,NA,2,3,2,3,1,2,1,1,2,1,4,3,1,2,4,3,2,2,1,2,2,2,1,1,4,1,M,Hindu,3,1,2,1,2,1,1,2,4,2,2,3,4,4,1,1,1,1,1,1,1,5,4,7,7,7,6,0,1,A10,-2.867542604,-2.508409979,-0.45563458,-1.921343792,-0.413921607,6,4,-0.132628239,3.5,1
2759,A1042,10,A,10A,Hindu,Enemies,Enemy3,2,20,F,42,4,4,6,7,7,6,6,6,5,5,4,5,2,NA,2,3,2,3,1,2,1,1,2,1,4,3,1,2,4,3,2,2,1,2,2,2,1,1,4,1,M,Hindu,3,2,3,1,3,2,3,2,4,2,2,4,3,3,1,1,1,2,1,1,1,5,4,4,4,4,4,0,1,A10,-2.867542604,-2.508409979,-0.45563458,-1.921343792,-0.413921607,6,4,-0.132628239,3.5,1
2760,A1042,10,A,10A,Hindu,Enemies,Enemy4,2,31,F,42,4,4,6,7,7,6,6,6,5,5,4,5,2,NA,2,3,2,3,1,2,1,1,2,1,4,3,1,2,4,3,2,2,1,2,2,2,1,1,4,1,F,Muslim,2,2,4,1,1,2,4,1,1,5,2,5,4,4,1,1,1,1,1,2,1,5,3,6,7,6,6,1,0,A10,-2.867542604,-2.508409979,-0.45563458,-1.921343792,-0.413921607,6,4,-0.132628239,3.5,1
2761,A1042,10,A,10A,Hindu,Enemies,Enemy5,2,35,F,42,4,4,6,7,7,6,6,6,5,5,4,5,2,NA,2,3,2,3,1,2,1,1,2,1,4,3,1,2,4,3,2,2,1,2,2,2,1,1,4,1,F,NA,NA,NA,NA,NA,NA,NA,NA,NA,NA,NA,NA,NA,NA,NA,NA,NA,NA,NA,NA,NA,NA,NA,NA,NA,NA,NA,NA,1,NA,A10,-2.867542604,-2.508409979,-0.45563458,-1.921343792,-0.413921607,6,4,-0.132628239,3.5,1
2762,A1042,10,A,10A,Hindu,Enemies,Enemy6,2,40,F,42,4,4,6,7,7,6,6,6,5,5,4,5,2,NA,2,3,2,3,1,2,1,1,2,1,4,3,1,2,4,3,2,2,1,2,2,2,1,1,4,1,F,NA,NA,NA,NA,NA,NA,NA,NA,NA,NA,NA,NA,NA,NA,NA,NA,NA,NA,NA,NA,NA,NA,NA,NA,NA,NA,NA,NA,1,NA,A10,-2.867542604,-2.508409979,-0.45563458,-1.921343792,-0.413921607,6,4,-0.132628239,3.5,1
2763,A1042,10,A,10A,Hindu,Enemies,Enemy7,2,57,F,42,4,4,6,7,7,6,6,6,5,5,4,5,2,NA,2,3,2,3,1,2,1,1,2,1,4,3,1,2,4,3,2,2,1,2,2,2,1,1,4,1,F,Hindu,1,1,1,1,1,2,4,1,5,3,3,4,3,3,2,2,1,1,2,1,2,5,3,6,7,7,7,1,1,A10,-2.867542604,-2.508409979,-0.45563458,-1.921343792,-0.413921607,6,4,-0.132628239,3.5,1
2764,A1044,10,A,10A,Hindu,Enemies,Enemy1,2,7,F,44,1,5,7,6,6,5,6,7,5,5,5,3,7,MAHARASHTRIAN,2,1,1,1,2,1,2,1,3,1,4,2,1,2,7,4,2,1,1,1,2,1,1,1,5,3,M,NA,NA,NA,NA,NA,NA,NA,NA,NA,NA,NA,NA,NA,NA,NA,NA,NA,NA,NA,NA,NA,NA,NA,NA,NA,NA,NA,NA,0,NA,A10,-2.867542604,-2.508409979,-0.45563458,-1.921343792,-0.413921607,7,5,-0.132628239,3.5,1
2765,A1044,10,A,10A,Hindu,Enemies,Enemy2,2,17,F,44,1,5,7,6,6,5,6,7,5,5,5,3,7,MAHARASHTRIAN,2,1,1,1,2,1,2,1,3,1,4,2,1,2,7,4,2,1,1,1,2,1,1,1,5,3,M,Hindu,3,1,2,1,2,1,1,2,4,2,2,3,4,4,1,1,1,1,1,1,1,5,4,7,7,7,6,0,1,A10,-2.867542604,-2.508409979,-0.45563458,-1.921343792,-0.413921607,7,5,-0.132628239,3.5,1
2766,A1044,10,A,10A,Hindu,Enemies,Enemy3,2,31,F,44,1,5,7,6,6,5,6,7,5,5,5,3,7,MAHARASHTRIAN,2,1,1,1,2,1,2,1,3,1,4,2,1,2,7,4,2,1,1,1,2,1,1,1,5,3,F,Muslim,2,2,4,1,1,2,4,1,1,5,2,5,4,4,1,1,1,1,1,2,1,5,3,6,7,6,6,1,0,A10,-2.867542604,-2.508409979,-0.45563458,-1.921343792,-0.413921607,7,5,-0.132628239,3.5,1
2767,A1044,10,A,10A,Hindu,Enemies,Enemy4,2,40,F,44,1,5,7,6,6,5,6,7,5,5,5,3,7,MAHARASHTRIAN,2,1,1,1,2,1,2,1,3,1,4,2,1,2,7,4,2,1,1,1,2,1,1,1,5,3,F,NA,NA,NA,NA,NA,NA,NA,NA,NA,NA,NA,NA,NA,NA,NA,NA,NA,NA,NA,NA,NA,NA,NA,NA,NA,NA,NA,NA,1,NA,A10,-2.867542604,-2.508409979,-0.45563458,-1.921343792,-0.413921607,7,5,-0.132628239,3.5,1
2768,A1044,10,A,10A,Hindu,Enemies,Enemy5,2,48,F,44,1,5,7,6,6,5,6,7,5,5,5,3,7,MAHARASHTRIAN,2,1,1,1,2,1,2,1,3,1,4,2,1,2,7,4,2,1,1,1,2,1,1,1,5,3,F,Hindu,1,2,2,1,1,2,3,1,5,2,2,4,2,2,2,1,1,1,2,1,2,5,2,5,6,6,5,1,1,A10,-2.867542604,-2.508409979,-0.45563458,-1.921343792,-0.413921607,7,5,-0.132628239,3.5,1
2769,A1044,10,A,10A,Hindu,Enemies,Enemy6,2,50,F,44,1,5,7,6,6,5,6,7,5,5,5,3,7,MAHARASHTRIAN,2,1,1,1,2,1,2,1,3,1,4,2,1,2,7,4,2,1,1,1,2,1,1,1,5,3,F,Hindu,1,2,1,1,1,1,3,1,1,1,1,6,4,4,5,1,1,2,4,2,2,1,1,1,6,7,4,1,1,A10,-2.867542604,-2.508409979,-0.45563458,-1.921343792,-0.413921607,7,5,-0.132628239,3.5,1
2770,A1044,10,A,10A,Hindu,Enemies,Enemy7,2,52,F,44,1,5,7,6,6,5,6,7,5,5,5,3,7,MAHARASHTRIAN,2,1,1,1,2,1,2,1,3,1,4,2,1,2,7,4,2,1,1,1,2,1,1,1,5,3,F,NA,NA,NA,NA,NA,NA,NA,NA,NA,NA,NA,NA,NA,NA,NA,NA,NA,NA,NA,NA,NA,NA,NA,NA,NA,NA,NA,NA,1,NA,A10,-2.867542604,-2.508409979,-0.45563458,-1.921343792,-0.413921607,7,5,-0.132628239,3.5,1
2771,A1045,10,A,10A,Muslim,Enemies,Enemy1,2,11,F,45,5,6,7,6,6,6,6,7,6,6,5,5,7,ALAVI VOHRA,2,1,1,1,1,1,2,1,3,1,2,3,2,2,4,3,3,1,1,1,2,1,1,2,5,3,M,Hindu,3,1,3,3,1,2,3,1,3,1,2,3,4,4,1,1,1,2,1,2,1,4,3,6,6,6,6,0,0,A10,-2.867542604,-2.508409979,-0.45563458,-1.921343792,-0.413921607,7,6,-0.571172707,3.5,0
2772,A1045,10,A,10A,Muslim,Enemies,Enemy2,2,20,F,45,5,6,7,6,6,6,6,7,6,6,5,5,7,ALAVI VOHRA,2,1,1,1,1,1,2,1,3,1,2,3,2,2,4,3,3,1,1,1,2,1,1,2,5,3,M,Hindu,3,2,3,1,3,2,3,2,4,2,2,4,3,3,1,1,1,2,1,1,1,5,4,4,4,4,4,0,0,A10,-2.867542604,-2.508409979,-0.45563458,-1.921343792,-0.413921607,7,6,-0.571172707,3.5,0
2773,A1045,10,A,10A,Muslim,Enemies,Enemy3,2,50,F,45,5,6,7,6,6,6,6,7,6,6,5,5,7,ALAVI VOHRA,2,1,1,1,1,1,2,1,3,1,2,3,2,2,4,3,3,1,1,1,2,1,1,2,5,3,F,Hindu,1,2,1,1,1,1,3,1,1,1,1,6,4,4,5,1,1,2,4,2,2,1,1,1,6,7,4,1,0,A10,-2.867542604,-2.508409979,-0.45563458,-1.921343792,-0.413921607,7,6,-0.571172707,3.5,0
2774,A1046,10,A,10A,Hindu,Enemies,Enemy1,2,23,F,46,6,6,7,6,7,6,7,6,6,6,7,6,NA,SINDHI,2,2,1,2,1,2,1,4,2,1,4,2,1,1,4,3,2,1,1,1,1,1,1,1,5,3,F,Muslim,1,2,1,1,1,1,4,1,1,3,1,4,4,4,1,1,1,1,1,1,1,3,3,4,7,4,7,1,0,A10,-2.867542604,-2.508409979,-0.45563458,-1.921343792,-0.413921607,7,6,-0.571172707,3.5,1
2775,A1046,10,A,10A,Hindu,Enemies,Enemy2,2,29,F,46,6,6,7,6,7,6,7,6,6,6,7,6,NA,SINDHI,2,2,1,2,1,2,1,4,2,1,4,2,1,1,4,3,2,1,1,1,1,1,1,1,5,3,F,Muslim,1,2,3,1,2,1,4,1,1,3,2,4,4,4,1,1,2,1,1,1,1,5,3,6,6,5,7,1,0,A10,-2.867542604,-2.508409979,-0.45563458,-1.921343792,-0.413921607,7,6,-0.571172707,3.5,1
2776,A1046,10,A,10A,Hindu,Enemies,Enemy3,2,32,F,46,6,6,7,6,7,6,7,6,6,6,7,6,NA,SINDHI,2,2,1,2,1,2,1,4,2,1,4,2,1,1,4,3,2,1,1,1,1,1,1,1,5,3,F,Hindu,5,3,2,1,2,1,3,2,5,3,3,4,3,3,2,1,1,1,1,2,1,2,2,5,6,6,6,1,1,A10,-2.867542604,-2.508409979,-0.45563458,-1.921343792,-0.413921607,7,6,-0.571172707,3.5,1
2777,A1046,10,A,10A,Hindu,Enemies,Enemy4,2,35,F,46,6,6,7,6,7,6,7,6,6,6,7,6,NA,SINDHI,2,2,1,2,1,2,1,4,2,1,4,2,1,1,4,3,2,1,1,1,1,1,1,1,5,3,F,NA,NA,NA,NA,NA,NA,NA,NA,NA,NA,NA,NA,NA,NA,NA,NA,NA,NA,NA,NA,NA,NA,NA,NA,NA,NA,NA,NA,1,NA,A10,-2.867542604,-2.508409979,-0.45563458,-1.921343792,-0.413921607,7,6,-0.571172707,3.5,1
2778,A1046,10,A,10A,Hindu,Enemies,Enemy5,2,39,F,46,6,6,7,6,7,6,7,6,6,6,7,6,NA,SINDHI,2,2,1,2,1,2,1,4,2,1,4,2,1,1,4,3,2,1,1,1,1,1,1,1,5,3,F,Muslim,3,1,2,2,1,1,4,1,3,5,2,4,4,4,1,1,1,2,1,1,1,5,3,4,4,4,6,1,0,A10,-2.867542604,-2.508409979,-0.45563458,-1.921343792,-0.413921607,7,6,-0.571172707,3.5,1
2779,A1046,10,A,10A,Hindu,Enemies,Enemy6,2,52,F,46,6,6,7,6,7,6,7,6,6,6,7,6,NA,SINDHI,2,2,1,2,1,2,1,4,2,1,4,2,1,1,4,3,2,1,1,1,1,1,1,1,5,3,F,NA,NA,NA,NA,NA,NA,NA,NA,NA,NA,NA,NA,NA,NA,NA,NA,NA,NA,NA,NA,NA,NA,NA,NA,NA,NA,NA,NA,1,NA,A10,-2.867542604,-2.508409979,-0.45563458,-1.921343792,-0.413921607,7,6,-0.571172707,3.5,1
2780,A1046,10,A,10A,Hindu,Enemies,Enemy7,2,54,F,46,6,6,7,6,7,6,7,6,6,6,7,6,NA,SINDHI,2,2,1,2,1,2,1,4,2,1,4,2,1,1,4,3,2,1,1,1,1,1,1,1,5,3,F,Muslim,1,1,2,1,1,2,3,1,2,5,2,4,3,3,2,1,1,3,1,2,1,5,1,4,5,4,6,1,0,A10,-2.867542604,-2.508409979,-0.45563458,-1.921343792,-0.413921607,7,6,-0.571172707,3.5,1
2781,A1049,10,A,10A,Muslim,Enemies,Enemy1,2,11,F,49,4,4,3,4,4,6,6,6,5,NA,4,4,NA,SUNNI MUSHIM,2,1,1,2,2,1,2,2,3,1,2,5,2,2,4,3,3,2,1,1,3,1,5,3,1,2,M,Hindu,3,1,3,3,1,2,3,1,3,1,2,3,4,4,1,1,1,2,1,2,1,4,3,6,6,6,6,0,0,A10,-2.867542604,-2.508409979,-0.45563458,-1.921343792,-0.413921607,3,4,-1.448261643,3.5,2
2782,A1049,10,A,10A,Muslim,Enemies,Enemy2,2,31,F,49,4,4,3,4,4,6,6,6,5,NA,4,4,NA,SUNNI MUSHIM,2,1,1,2,2,1,2,2,3,1,2,5,2,2,4,3,3,2,1,1,3,1,5,3,1,2,F,Muslim,2,2,4,1,1,2,4,1,1,5,2,5,4,4,1,1,1,1,1,2,1,5,3,6,7,6,6,1,1,A10,-2.867542604,-2.508409979,-0.45563458,-1.921343792,-0.413921607,3,4,-1.448261643,3.5,2
2783,A1049,10,A,10A,Muslim,Enemies,Enemy3,2,37,F,49,4,4,3,4,4,6,6,6,5,NA,4,4,NA,SUNNI MUSHIM,2,1,1,2,2,1,2,2,3,1,2,5,2,2,4,3,3,2,1,1,3,1,5,3,1,2,F,Hindu,2,1,2,1,2,1,3,1,2,3,2,4,5,5,1,1,1,2,1,1,2,3,2,6,6,6,6,1,0,A10,-2.867542604,-2.508409979,-0.45563458,-1.921343792,-0.413921607,3,4,-1.448261643,3.5,2
2784,A1049,10,A,10A,Muslim,Enemies,Enemy4,2,43,F,49,4,4,3,4,4,6,6,6,5,NA,4,4,NA,SUNNI MUSHIM,2,1,1,2,2,1,2,2,3,1,2,5,2,2,4,3,3,2,1,1,3,1,5,3,1,2,F,Hindu,2,1,2,1,1,1,3,1,2,3,2,4,4,4,2,1,1,2,1,1,2,3,2,5,7,6,6,1,0,A10,-2.867542604,-2.508409979,-0.45563458,-1.921343792,-0.413921607,3,4,-1.448261643,3.5,2
2785,A1049,10,A,10A,Muslim,Enemies,Enemy5,2,48,F,49,4,4,3,4,4,6,6,6,5,NA,4,4,NA,SUNNI MUSHIM,2,1,1,2,2,1,2,2,3,1,2,5,2,2,4,3,3,2,1,1,3,1,5,3,1,2,F,Hindu,1,2,2,1,1,2,3,1,5,2,2,4,2,2,2,1,1,1,2,1,2,5,2,5,6,6,5,1,0,A10,-2.867542604,-2.508409979,-0.45563458,-1.921343792,-0.413921607,3,4,-1.448261643,3.5,2
2786,A1050,10,A,10A,Hindu,Enemies,Enemy1,2,35,F,50,4,1,6,6,7,4,7,7,4,6,3,5,7,BHUMIHAR (BETWEEN BRAHMINS & KSHATRIYAS),2,1,2,1,1,1,1,4,3,1,1,1,1,1,6,4,4,5,1,1,2,4,2,2,1,1,F,NA,NA,NA,NA,NA,NA,NA,NA,NA,NA,NA,NA,NA,NA,NA,NA,NA,NA,NA,NA,NA,NA,NA,NA,NA,NA,NA,NA,1,NA,A10,-2.867542604,-2.508409979,-0.45563458,-1.921343792,-0.413921607,6,1,1.183005165925335,3.5,3
2787,A1050,10,A,10A,Hindu,Enemies,Enemy2,2,36,F,50,4,1,6,6,7,4,7,7,4,6,3,5,7,BHUMIHAR (BETWEEN BRAHMINS & KSHATRIYAS),2,1,2,1,1,1,1,4,3,1,1,1,1,1,6,4,4,5,1,1,2,4,2,2,1,1,F,NA,NA,NA,NA,NA,NA,NA,NA,NA,NA,NA,NA,NA,NA,NA,NA,NA,NA,NA,NA,NA,NA,NA,NA,NA,NA,NA,NA,1,NA,A10,-2.867542604,-2.508409979,-0.45563458,-1.921343792,-0.413921607,6,1,1.183005165925335,3.5,3
2788,A1050,10,A,10A,Hindu,Enemies,Enemy3,2,37,F,50,4,1,6,6,7,4,7,7,4,6,3,5,7,BHUMIHAR (BETWEEN BRAHMINS & KSHATRIYAS),2,1,2,1,1,1,1,4,3,1,1,1,1,1,6,4,4,5,1,1,2,4,2,2,1,1,F,Hindu,2,1,2,1,2,1,3,1,2,3,2,4,5,5,1,1,1,2,1,1,2,3,2,6,6,6,6,1,1,A10,-2.867542604,-2.508409979,-0.45563458,-1.921343792,-0.413921607,6,1,1.183005165925335,3.5,3
2789,A1050,10,A,10A,Hindu,Enemies,Enemy4,2,41,F,50,4,1,6,6,7,4,7,7,4,6,3,5,7,BHUMIHAR (BETWEEN BRAHMINS & KSHATRIYAS),2,1,2,1,1,1,1,4,3,1,1,1,1,1,6,4,4,5,1,1,2,4,2,2,1,1,F,NA,NA,NA,NA,NA,NA,NA,NA,NA,NA,NA,NA,NA,NA,NA,NA,NA,NA,NA,NA,NA,NA,NA,NA,NA,NA,NA,NA,1,NA,A10,-2.867542604,-2.508409979,-0.45563458,-1.921343792,-0.413921607,6,1,1.183005165925335,3.5,3
2790,A1050,10,A,10A,Hindu,Enemies,Enemy5,2,55,F,50,4,1,6,6,7,4,7,7,4,6,3,5,7,BHUMIHAR (BETWEEN BRAHMINS & KSHATRIYAS),2,1,2,1,1,1,1,4,3,1,1,1,1,1,6,4,4,5,1,1,2,4,2,2,1,1,F,Muslim,2,1,2,1,2,2,2,1,2,2,2,4,4,4,2,1,1,2,2,1,2,5,2,6,7,6,7,1,0,A10,-2.867542604,-2.508409979,-0.45563458,-1.921343792,-0.413921607,6,1,1.183005165925335,3.5,3
2791,A1054,10,A,10A,Muslim,Enemies,Enemy1,2,11,F,54,4,4,5,3,4,6,5,4,5,4,4,3,NA,MEHDAYI MUSLIM,2,1,1,2,1,1,2,2,3,1,2,5,2,2,4,3,3,2,1,1,3,1,2,1,5,1,M,Hindu,3,1,3,3,1,2,3,1,3,1,2,3,4,4,1,1,1,2,1,2,1,4,3,6,6,6,6,0,0,A10,-2.867542604,-2.508409979,-0.45563458,-1.921343792,-0.413921607,5,4,-0.571172707,3.5,2
2792,A1054,10,A,10A,Muslim,Enemies,Enemy2,2,22,F,54,4,4,5,3,4,6,5,4,5,4,4,3,NA,MEHDAYI MUSLIM,2,1,1,2,1,1,2,2,3,1,2,5,2,2,4,3,3,2,1,1,3,1,2,1,5,1,F,Hindu,5,2,3,1,4,1,3,1,2,2,2,7,3,2,1,1,1,1,1,1,1,5,3,6,7,6,6,1,0,A10,-2.867542604,-2.508409979,-0.45563458,-1.921343792,-0.413921607,5,4,-0.571172707,3.5,2
2793,A1054,10,A,10A,Muslim,Enemies,Enemy3,2,31,F,54,4,4,5,3,4,6,5,4,5,4,4,3,NA,MEHDAYI MUSLIM,2,1,1,2,1,1,2,2,3,1,2,5,2,2,4,3,3,2,1,1,3,1,2,1,5,1,F,Muslim,2,2,4,1,1,2,4,1,1,5,2,5,4,4,1,1,1,1,1,2,1,5,3,6,7,6,6,1,1,A10,-2.867542604,-2.508409979,-0.45563458,-1.921343792,-0.413921607,5,4,-0.571172707,3.5,2
2794,A1054,10,A,10A,Muslim,Enemies,Enemy4,2,43,F,54,4,4,5,3,4,6,5,4,5,4,4,3,NA,MEHDAYI MUSLIM,2,1,1,2,1,1,2,2,3,1,2,5,2,2,4,3,3,2,1,1,3,1,2,1,5,1,F,Hindu,2,1,2,1,1,1,3,1,2,3,2,4,4,4,2,1,1,2,1,1,2,3,2,5,7,6,6,1,0,A10,-2.867542604,-2.508409979,-0.45563458,-1.921343792,-0.413921607,5,4,-0.571172707,3.5,2
2795,A1054,10,A,10A,Muslim,Enemies,Enemy5,2,44,F,54,4,4,5,3,4,6,5,4,5,4,4,3,NA,MEHDAYI MUSLIM,2,1,1,2,1,1,2,2,3,1,2,5,2,2,4,3,3,2,1,1,3,1,2,1,5,1,F,Hindu,1,1,1,2,1,2,3,1,4,2,2,7,4,2,1,1,1,2,1,1,1,5,3,5,7,6,5,1,0,A10,-2.867542604,-2.508409979,-0.45563458,-1.921343792,-0.413921607,5,4,-0.571172707,3.5,2
2796,A1054,10,A,10A,Muslim,Enemies,Enemy6,2,57,F,54,4,4,5,3,4,6,5,4,5,4,4,3,NA,MEHDAYI MUSLIM,2,1,1,2,1,1,2,2,3,1,2,5,2,2,4,3,3,2,1,1,3,1,2,1,5,1,F,Hindu,1,1,1,1,1,2,4,1,5,3,3,4,3,3,2,2,1,1,2,1,2,5,3,6,7,7,7,1,0,A10,-2.867542604,-2.508409979,-0.45563458,-1.921343792,-0.413921607,5,4,-0.571172707,3.5,2
2797,A1055,10,A,10A,Muslim,Enemies,Enemy1,2,11,F,55,6,6,7,6,6,7,7,7,7,6,6,5,7,MEMON,2,2,1,2,1,2,2,4,2,1,2,2,2,2,4,4,4,2,1,1,2,2,1,2,5,2,M,Hindu,3,1,3,3,1,2,3,1,3,1,2,3,4,4,1,1,1,2,1,2,1,4,3,6,6,6,6,0,0,A10,-2.867542604,-2.508409979,-0.45563458,-1.921343792,-0.413921607,7,6,-0.571172707,3.5,1
2798,A1055,10,A,10A,Muslim,Enemies,Enemy2,2,17,F,55,6,6,7,6,6,7,7,7,7,6,6,5,7,MEMON,2,2,1,2,1,2,2,4,2,1,2,2,2,2,4,4,4,2,1,1,2,2,1,2,5,2,M,Hindu,3,1,2,1,2,1,1,2,4,2,2,3,4,4,1,1,1,1,1,1,1,5,4,7,7,7,6,0,0,A10,-2.867542604,-2.508409979,-0.45563458,-1.921343792,-0.413921607,7,6,-0.571172707,3.5,1
2799,A1055,10,A,10A,Muslim,Enemies,Enemy3,2,20,F,55,6,6,7,6,6,7,7,7,7,6,6,5,7,MEMON,2,2,1,2,1,2,2,4,2,1,2,2,2,2,4,4,4,2,1,1,2,2,1,2,5,2,M,Hindu,3,2,3,1,3,2,3,2,4,2,2,4,3,3,1,1,1,2,1,1,1,5,4,4,4,4,4,0,0,A10,-2.867542604,-2.508409979,-0.45563458,-1.921343792,-0.413921607,7,6,-0.571172707,3.5,1
2800,A1055,10,A,10A,Muslim,Enemies,Enemy4,2,31,F,55,6,6,7,6,6,7,7,7,7,6,6,5,7,MEMON,2,2,1,2,1,2,2,4,2,1,2,2,2,2,4,4,4,2,1,1,2,2,1,2,5,2,F,Muslim,2,2,4,1,1,2,4,1,1,5,2,5,4,4,1,1,1,1,1,2,1,5,3,6,7,6,6,1,1,A10,-2.867542604,-2.508409979,-0.45563458,-1.921343792,-0.413921607,7,6,-0.571172707,3.5,1
2801,A1055,10,A,10A,Muslim,Enemies,Enemy5,2,40,F,55,6,6,7,6,6,7,7,7,7,6,6,5,7,MEMON,2,2,1,2,1,2,2,4,2,1,2,2,2,2,4,4,4,2,1,1,2,2,1,2,5,2,F,NA,NA,NA,NA,NA,NA,NA,NA,NA,NA,NA,NA,NA,NA,NA,NA,NA,NA,NA,NA,NA,NA,NA,NA,NA,NA,NA,NA,1,NA,A10,-2.867542604,-2.508409979,-0.45563458,-1.921343792,-0.413921607,7,6,-0.571172707,3.5,1
2802,A1055,10,A,10A,Muslim,Enemies,Enemy6,2,50,F,55,6,6,7,6,6,7,7,7,7,6,6,5,7,MEMON,2,2,1,2,1,2,2,4,2,1,2,2,2,2,4,4,4,2,1,1,2,2,1,2,5,2,F,Hindu,1,2,1,1,1,1,3,1,1,1,1,6,4,4,5,1,1,2,4,2,2,1,1,1,6,7,4,1,0,A10,-2.867542604,-2.508409979,-0.45563458,-1.921343792,-0.413921607,7,6,-0.571172707,3.5,1
2803,A1055,10,A,10A,Muslim,Enemies,Enemy7,2,57,F,55,6,6,7,6,6,7,7,7,7,6,6,5,7,MEMON,2,2,1,2,1,2,2,4,2,1,2,2,2,2,4,4,4,2,1,1,2,2,1,2,5,2,F,Hindu,1,1,1,1,1,2,4,1,5,3,3,4,3,3,2,2,1,1,2,1,2,5,3,6,7,7,7,1,0,A10,-2.867542604,-2.508409979,-0.45563458,-1.921343792,-0.413921607,7,6,-0.571172707,3.5,1
