...1,Subject.ID,grade,classroom,class,relig,Question,Category,Sequence,Response,Gender,egoID,Attitudes_BadMarks,Attitudes_Boys,Attitudes_Girls,Attitudes_GoodMarks,Attitudes_Hindus,Attitudes_Muslims,Attitudes_MyCaste,Attitudes_MyLang,Attitudes_OtherCaste,Attitudes_OtherLang,Attitudes_Poor,Attitudes_Rich,CasteForced_CasteForced,CasteOpen_CasteOpen,Gender_Gender,Identification_Caste,Identification_Gender,Identification_Language,Identification_Marks,Identification_Religion,Identification_School,Language_Language,ReligFreq_Celebrate,ReligFreq_Pray,ReligFreq_Read,ReligFreq_ReligiousPlace,Religion_Religion,Religiosity_Religiosity,ResourceAlloc_Friend,ResourceAlloc_Krishna,ResourceAlloc_Mohammed,SchoolHarmony_BoyGirl,SchoolHarmony_HinduMuslim,SchoolHarmony_InterCaste,SchoolHarmony_People,SchoolHarmony_RichPoor,Wellbeing_EnoughFriends,Wellbeing_Happy,Wellbeing_Lonely,Wellbeing_OthersMean,altGender,altRelig,altIDcaste,altIDgend,altIDlang,altIDmarks,altIDrelig,altIDschool,altReligCelebrate,altReligPray,altReligRead,altReligPlace,altReligiosity,altResourceFriend,altResourceHindu,altResourceMuslim,altHarmGender,altHarmRelig,altHarmCaste,altHarmPeople,altHarmSES,allWellFriends,altWellHappy,altWellLonely,altWellOthersMean,altAttBoys,altAttGirls,altAttHindu,altAttMuslim,ownGender,ownRelig,classID
1,A0501,5,A,5A,Muslim,Enemies,Enemy1,2,5,M,1,2,7,2,5,5,7,7,3,5,7,1,2,6,NA,1,1,1,2,1,2,1,3,3,1,2,2,2,1,4,1,4,1,1,2,2,1,2,2,1,1,M,Hindu,1,2,2,2,1,1,4,1,4,1,1,4,4,4,2,1,1,1,1,1,1,2,2,7,6,7,6,1,0,A5
2,A0501,5,A,5A,Muslim,Enemies,Enemy2,2,7,M,1,2,7,2,5,5,7,7,3,5,7,1,2,6,NA,1,1,1,2,1,2,1,3,3,1,2,2,2,1,4,1,4,1,1,2,2,1,2,2,1,1,M,Hindu,3,3,1,2,2,1,1,3,2,1,2,4,2,1,3,1,2,2,2,1,1,2,2,7,1,NA,2,1,0,A5
3,A0501,5,A,5A,Muslim,Enemies,Enemy3,2,8,M,1,2,7,2,5,5,7,7,3,5,7,1,2,6,NA,1,1,1,2,1,2,1,3,3,1,2,2,2,1,4,1,4,1,1,2,2,1,2,2,1,1,M,Hindu,1,1,1,1,1,2,1,3,4,3,2,4,1,1,3,3,3,3,2,1,2,3,2,7,4,7,4,1,0,A5
4,A0501,5,A,5A,Muslim,Enemies,Enemy4,2,12,M,1,2,7,2,5,5,7,7,3,5,7,1,2,6,NA,1,1,1,2,1,2,1,3,3,1,2,2,2,1,4,1,4,1,1,2,2,1,2,2,1,1,M,Hindu,2,3,4,1,2,1,5,5,1,4,1,4,1,5,3,4,1,1,3,2,5,1,3,7,4,3,4,1,0,A5
5,A0501,5,A,5A,Muslim,Enemies,Enemy5,2,16,M,1,2,7,2,5,5,7,7,3,5,7,1,2,6,NA,1,1,1,2,1,2,1,3,3,1,2,2,2,1,4,1,4,1,1,2,2,1,2,2,1,1,M,Muslim,1,1,1,1,1,1,1,1,1,1,1,1,7,1,1,5,4,2,3,1,2,2,1,7,2,2,7,1,1,A5
6,A0501,5,A,5A,Muslim,Enemies,Enemy6,2,18,M,1,2,7,2,5,5,7,7,3,5,7,1,2,6,NA,1,1,1,2,1,2,1,3,3,1,2,2,2,1,4,1,4,1,1,2,2,1,2,2,1,1,M,Hindu,1,1,2,1,1,1,3,1,2,1,1,4,4,2,1,2,1,1,1,1,1,5,3,7,4,7,3,1,0,A5
7,A0501,5,A,5A,Muslim,Enemies,Enemy7,2,21,M,1,2,7,2,5,5,7,7,3,5,7,1,2,6,NA,1,1,1,2,1,2,1,3,3,1,2,2,2,1,4,1,4,1,1,2,2,1,2,2,1,1,M,Muslim,2,1,1,1,3,1,4,2,1,1,1,4,1,4,2,3,2,5,1,1,1,3,2,7,6,1,7,1,1,A5
8,A0503,5,A,5A,Muslim,Enemies,Enemy1,2,17,M,3,1,7,6,7,2,7,6,6,4,6,5,5,8,NA,1,1,1,1,1,2,1,2,4,1,1,1,2,3,4,4,4,3,1,1,1,1,1,3,3,1,M,Muslim,1,2,1,1,1,1,4,4,1,1,1,5,1,5,1,NA,1,1,2,1,1,1,5,6,6,6,7,1,1,A5
9,A0504,5,A,5A,Hindu,Enemies,Enemy1,2,1,M,4,2,7,7,6,7,5,5,7,5,2,6,2,8,NA,1,3,2,3,1,1,1,1,2,1,1,5,1,1,4,5,7,1,1,2,1,1,1,5,1,3,M,Muslim,1,1,2,1,2,1,3,1,2,2,1,4,1,4,1,1,2,2,1,2,2,1,1,7,2,5,7,1,0,A5
10,A0504,5,A,5A,Hindu,Enemies,Enemy2,2,22,M,4,2,7,7,6,7,5,5,7,5,2,6,2,8,NA,1,3,2,3,1,1,1,1,2,1,1,5,1,1,4,5,7,1,1,2,1,1,1,5,1,3,M,Hindu,2,3,1,1,2,1,3,1,1,5,1,4,7,7,2,2,2,2,1,2,2,1,3,7,6,7,6,1,1,A5
11,A0504,5,A,5A,Hindu,Enemies,Enemy3,2,29,M,4,2,7,7,6,7,5,5,7,5,2,6,2,8,NA,1,3,2,3,1,1,1,1,2,1,1,5,1,1,4,5,7,1,1,2,1,1,1,5,1,3,M,Muslim,NA,3,NA,2,3,1,4,1,1,5,1,7,7,7,1,1,3,1,1,1,5,1,3,7,7,NA,7,1,0,A5
12,A0504,5,A,5A,Hindu,Enemies,Enemy4,2,33,M,4,2,7,7,6,7,5,5,7,5,2,6,2,8,NA,1,3,2,3,1,1,1,1,2,1,1,5,1,1,4,5,7,1,1,2,1,1,1,5,1,3,M,Hindu,1,1,1,1,1,1,3,1,1,2,1,4,6,7,1,1,1,1,1,1,5,5,1,7,1,7,5,1,1,A5
13,A0505,5,A,5A,Hindu,Enemies,Enemy1,2,6,M,5,5,7,6,6,7,6,7,7,6,7,7,6,3,NA,1,1,2,2,2,1,1,2,4,1,4,1,1,1,4,4,4,2,1,1,1,1,1,1,2,2,M,Hindu,1,1,1,1,1,1,4,1,3,1,1,7,7,7,3,1,1,1,1,1,1,5,3,7,7,6,6,1,1,A5
14,A0505,5,A,5A,Hindu,Enemies,Enemy2,2,11,M,5,5,7,6,6,7,6,7,7,6,7,7,6,3,NA,1,1,2,2,2,1,1,2,4,1,4,1,1,1,4,4,4,2,1,1,1,1,1,1,2,2,M,Muslim,1,1,1,1,1,1,4,1,1,1,1,4,1,1,1,2,1,1,1,1,1,1,5,7,1,2,7,1,0,A5
15,A0505,5,A,5A,Hindu,Enemies,Enemy3,2,17,M,5,5,7,6,6,7,6,7,7,6,7,7,6,3,NA,1,1,2,2,2,1,1,2,4,1,4,1,1,1,4,4,4,2,1,1,1,1,1,1,2,2,M,Muslim,1,2,1,1,1,1,4,4,1,1,1,5,1,5,1,NA,1,1,2,1,1,1,5,6,6,6,7,1,0,A5
16,A0505,5,A,5A,Hindu,Enemies,Enemy4,2,32,M,5,5,7,6,6,7,6,7,7,6,7,7,6,3,NA,1,1,2,2,2,1,1,2,4,1,4,1,1,1,4,4,4,2,1,1,1,1,1,1,2,2,M,Muslim,1,1,1,1,1,1,2,1,1,1,1,4,1,7,5,1,1,1,1,1,3,3,5,7,1,5,7,1,0,A5
17,A0506,5,A,5A,Hindu,Enemies,Enemy1,2,5,M,6,6,7,7,6,6,6,7,6,7,6,5,5,8,NA,1,1,1,1,1,1,1,4,4,1,3,1,1,1,7,7,7,3,1,1,1,1,1,1,5,3,M,Hindu,1,2,2,2,1,1,4,1,4,1,1,4,4,4,2,1,1,1,1,1,1,2,2,7,6,7,6,1,1,A5
18,A0507,5,A,5A,Hindu,Enemies,Enemy1,2,1,M,7,5,7,1,6,NA,2,7,7,5,3,6,5,8,NA,1,3,3,1,2,2,1,2,1,3,2,1,1,2,4,2,1,3,1,2,2,2,1,1,2,2,M,Muslim,1,1,2,1,2,1,3,1,2,2,1,4,1,4,1,1,2,2,1,2,2,1,1,7,2,5,7,1,0,A5
19,A0507,5,A,5A,Hindu,Enemies,Enemy2,2,2,M,7,5,7,1,6,NA,2,7,7,5,3,6,5,8,NA,1,3,3,1,2,2,1,2,1,3,2,1,1,2,4,2,1,3,1,2,2,2,1,1,2,2,M,Muslim,1,2,1,1,1,1,1,1,1,5,1,4,4,4,2,2,1,1,1,1,1,1,2,7,5,6,7,1,0,A5
20,A0507,5,A,5A,Hindu,Enemies,Enemy3,2,3,M,7,5,7,1,6,NA,2,7,7,5,3,6,5,8,NA,1,3,3,1,2,2,1,2,1,3,2,1,1,2,4,2,1,3,1,2,2,2,1,1,2,2,M,Muslim,1,1,1,1,2,1,4,1,1,1,3,4,4,4,3,1,1,1,1,1,3,3,1,7,6,2,7,1,0,A5
21,A0507,5,A,5A,Hindu,Enemies,Enemy4,2,10,M,7,5,7,1,6,NA,2,7,7,5,3,6,5,8,NA,1,3,3,1,2,2,1,2,1,3,2,1,1,2,4,2,1,3,1,2,2,2,1,1,2,2,M,Muslim,1,1,2,1,1,1,4,1,5,2,1,4,1,4,2,3,3,1,4,1,1,5,3,1,1,1,7,1,0,A5
22,A0507,5,A,5A,Hindu,Enemies,Enemy5,2,11,M,7,5,7,1,6,NA,2,7,7,5,3,6,5,8,NA,1,3,3,1,2,2,1,2,1,3,2,1,1,2,4,2,1,3,1,2,2,2,1,1,2,2,M,Muslim,1,1,1,1,1,1,4,1,1,1,1,4,1,1,1,2,1,1,1,1,1,1,5,7,1,2,7,1,0,A5
23,A0507,5,A,5A,Hindu,Enemies,Enemy6,2,25,M,7,5,7,1,6,NA,2,7,7,5,3,6,5,8,NA,1,3,3,1,2,2,1,2,1,3,2,1,1,2,4,2,1,3,1,2,2,2,1,1,2,2,M,Hindu,1,2,1,1,1,1,3,1,2,2,1,2,2,1,1,1,1,1,2,1,1,2,5,6,1,6,1,1,1,A5
24,A0507,5,A,5A,Hindu,Enemies,Enemy7,2,38,M,7,5,7,1,6,NA,2,7,7,5,3,6,5,8,NA,1,3,3,1,2,2,1,2,1,3,2,1,1,2,4,2,1,3,1,2,2,2,1,1,2,2,M,Muslim,1,1,1,1,1,1,3,1,1,1,1,1,1,7,1,1,1,5,1,5,3,1,1,7,1,2,7,1,0,A5
25,A0508,5,A,5A,Hindu,Enemies,Enemy1,2,11,M,8,4,7,4,7,7,4,7,7,4,5,4,4,8,NA,1,1,1,1,1,1,2,1,1,3,4,3,1,2,4,1,1,3,3,3,3,2,1,2,3,2,M,Muslim,1,1,1,1,1,1,4,1,1,1,1,4,1,1,1,2,1,1,1,1,1,1,5,7,1,2,7,1,0,A5
26,A0508,5,A,5A,Hindu,Enemies,Enemy2,2,35,M,8,4,7,4,7,7,4,7,7,4,5,4,4,8,NA,1,1,1,1,1,1,2,1,1,3,4,3,1,2,4,1,1,3,3,3,3,2,1,2,3,2,M,NA,NA,NA,NA,NA,NA,NA,NA,NA,NA,NA,NA,NA,NA,NA,NA,NA,NA,NA,NA,NA,NA,NA,NA,NA,NA,NA,NA,1,NA,A5
27,A0509,5,A,5A,Hindu,Enemies,Enemy1,2,1,M,9,2,6,2,3,7,1,6,6,5,3,3,3,8,NA,1,1,1,1,1,1,1,1,3,1,5,2,1,3,4,2,3,1,1,1,1,2,1,5,5,2,M,Muslim,1,1,2,1,2,1,3,1,2,2,1,4,1,4,1,1,2,2,1,2,2,1,1,7,2,5,7,1,0,A5
28,A0509,5,A,5A,Hindu,Enemies,Enemy2,2,6,M,9,2,6,2,3,7,1,6,6,5,3,3,3,8,NA,1,1,1,1,1,1,1,1,3,1,5,2,1,3,4,2,3,1,1,1,1,2,1,5,5,2,M,Hindu,1,1,1,1,1,1,4,1,3,1,1,7,7,7,3,1,1,1,1,1,1,5,3,7,7,6,6,1,1,A5
29,A0509,5,A,5A,Hindu,Enemies,Enemy3,2,8,M,9,2,6,2,3,7,1,6,6,5,3,3,3,8,NA,1,1,1,1,1,1,1,1,3,1,5,2,1,3,4,2,3,1,1,1,1,2,1,5,5,2,M,Hindu,1,1,1,1,1,2,1,3,4,3,2,4,1,1,3,3,3,3,2,1,2,3,2,7,4,7,4,1,1,A5
30,A0509,5,A,5A,Hindu,Enemies,Enemy4,2,10,M,9,2,6,2,3,7,1,6,6,5,3,3,3,8,NA,1,1,1,1,1,1,1,1,3,1,5,2,1,3,4,2,3,1,1,1,1,2,1,5,5,2,M,Muslim,1,1,2,1,1,1,4,1,5,2,1,4,1,4,2,3,3,1,4,1,1,5,3,1,1,1,7,1,0,A5
31,A0509,5,A,5A,Hindu,Enemies,Enemy5,2,14,M,9,2,6,2,3,7,1,6,6,5,3,3,3,8,NA,1,1,1,1,1,1,1,1,3,1,5,2,1,3,4,2,3,1,1,1,1,2,1,5,5,2,M,Muslim,1,1,1,1,1,1,4,1,1,2,1,4,1,7,2,1,1,1,4,1,1,5,3,7,7,7,7,1,0,A5
32,A0509,5,A,5A,Hindu,Enemies,Enemy6,2,24,M,9,2,6,2,3,7,1,6,6,5,3,3,3,8,NA,1,1,1,1,1,1,1,1,3,1,5,2,1,3,4,2,3,1,1,1,1,2,1,5,5,2,M,Hindu,1,1,1,2,1,1,2,1,1,1,1,4,4,4,5,1,1,1,1,1,1,3,3,7,1,7,1,1,1,A5
33,A0509,5,A,5A,Hindu,Enemies,Enemy7,2,32,M,9,2,6,2,3,7,1,6,6,5,3,3,3,8,NA,1,1,1,1,1,1,1,1,3,1,5,2,1,3,4,2,3,1,1,1,1,2,1,5,5,2,M,Muslim,1,1,1,1,1,1,2,1,1,1,1,4,1,7,5,1,1,1,1,1,3,3,5,7,1,5,7,1,0,A5
34,A0509,5,A,5A,Hindu,Enemies,Enemy8,2,33,M,9,2,6,2,3,7,1,6,6,5,3,3,3,8,NA,1,1,1,1,1,1,1,1,3,1,5,2,1,3,4,2,3,1,1,1,1,2,1,5,5,2,M,Hindu,1,1,1,1,1,1,3,1,1,2,1,4,6,7,1,1,1,1,1,1,5,5,1,7,1,7,5,1,1,A5
35,A0510,5,A,5A,Muslim,Enemies,Enemy1,2,24,M,10,1,1,1,7,1,7,7,3,7,4,1,6,8,NA,1,1,1,2,1,1,1,1,4,1,5,2,2,1,4,1,4,2,3,3,1,4,1,1,5,3,M,Hindu,1,1,1,2,1,1,2,1,1,1,1,4,4,4,5,1,1,1,1,1,1,3,3,7,1,7,1,1,0,A5
36,A0510,5,A,5A,Muslim,Enemies,Enemy2,2,47,M,10,1,1,1,7,1,7,7,3,7,4,1,6,8,NA,1,1,1,2,1,1,1,1,4,1,5,2,2,1,4,1,4,2,3,3,1,4,1,1,5,3,F,Hindu,1,1,2,1,1,1,3,3,4,2,3,4,4,4,1,1,1,1,1,1,1,5,3,4,7,6,6,0,0,A5
37,A0511,5,A,5A,Muslim,Enemies,Enemy1,2,5,M,11,7,7,1,7,2,7,7,NA,2,2,2,7,6,NA,1,1,1,1,1,1,1,2,4,1,1,1,2,1,4,1,1,1,2,1,1,1,1,1,1,5,M,Hindu,1,2,2,2,1,1,4,1,4,1,1,4,4,4,2,1,1,1,1,1,1,2,2,7,6,7,6,1,0,A5
38,A0511,5,A,5A,Muslim,Enemies,Enemy2,2,12,M,11,7,7,1,7,2,7,7,NA,2,2,2,7,6,NA,1,1,1,1,1,1,1,2,4,1,1,1,2,1,4,1,1,1,2,1,1,1,1,1,1,5,M,Hindu,2,3,4,1,2,1,5,5,1,4,1,4,1,5,3,4,1,1,3,2,5,1,3,7,4,3,4,1,0,A5
39,A0511,5,A,5A,Muslim,Enemies,Enemy3,2,41,M,11,7,7,1,7,2,7,7,NA,2,2,2,7,6,NA,1,1,1,1,1,1,1,2,4,1,1,1,2,1,4,1,1,1,2,1,1,1,1,1,1,5,F,Hindu,2,1,1,1,1,1,3,1,3,3,1,4,4,4,2,1,1,1,1,2,1,5,3,6,7,7,1,0,0,A5
40,A0512,5,A,5A,Hindu,Enemies,Enemy1,2,3,M,12,6,7,4,6,3,4,4,2,5,3,1,2,4,NA,1,2,3,4,1,2,1,2,5,5,1,4,1,1,4,1,5,3,4,1,1,3,2,5,1,3,M,Muslim,1,1,1,1,2,1,4,1,1,1,3,4,4,4,3,1,1,1,1,1,3,3,1,7,6,2,7,1,0,A5
41,A0512,5,A,5A,Hindu,Enemies,Enemy2,2,6,M,12,6,7,4,6,3,4,4,2,5,3,1,2,4,NA,1,2,3,4,1,2,1,2,5,5,1,4,1,1,4,1,5,3,4,1,1,3,2,5,1,3,M,Hindu,1,1,1,1,1,1,4,1,3,1,1,7,7,7,3,1,1,1,1,1,1,5,3,7,7,6,6,1,1,A5
42,A0512,5,A,5A,Hindu,Enemies,Enemy3,2,14,M,12,6,7,4,6,3,4,4,2,5,3,1,2,4,NA,1,2,3,4,1,2,1,2,5,5,1,4,1,1,4,1,5,3,4,1,1,3,2,5,1,3,M,Muslim,1,1,1,1,1,1,4,1,1,2,1,4,1,7,2,1,1,1,4,1,1,5,3,7,7,7,7,1,0,A5
43,A0512,5,A,5A,Hindu,Enemies,Enemy4,2,17,M,12,6,7,4,6,3,4,4,2,5,3,1,2,4,NA,1,2,3,4,1,2,1,2,5,5,1,4,1,1,4,1,5,3,4,1,1,3,2,5,1,3,M,Muslim,1,2,1,1,1,1,4,4,1,1,1,5,1,5,1,NA,1,1,2,1,1,1,5,6,6,6,7,1,0,A5
44,A0512,5,A,5A,Hindu,Enemies,Enemy5,2,26,M,12,6,7,4,6,3,4,4,2,5,3,1,2,4,NA,1,2,3,4,1,2,1,2,5,5,1,4,1,1,4,1,5,3,4,1,1,3,2,5,1,3,M,Muslim,1,2,1,1,1,1,4,1,1,5,1,4,4,4,2,1,1,1,2,1,1,1,2,7,5,6,7,1,0,A5
45,A0512,5,A,5A,Hindu,Enemies,Enemy6,2,33,M,12,6,7,4,6,3,4,4,2,5,3,1,2,4,NA,1,2,3,4,1,2,1,2,5,5,1,4,1,1,4,1,5,3,4,1,1,3,2,5,1,3,M,Hindu,1,1,1,1,1,1,3,1,1,2,1,4,6,7,1,1,1,1,1,1,5,5,1,7,1,7,5,1,1,A5
46,A0512,5,A,5A,Hindu,Enemies,Enemy7,2,34,M,12,6,7,4,6,3,4,4,2,5,3,1,2,4,NA,1,2,3,4,1,2,1,2,5,5,1,4,1,1,4,1,5,3,4,1,1,3,2,5,1,3,M,Muslim,1,1,1,1,1,1,3,1,1,1,1,4,3,4,4,3,4,3,1,3,1,4,4,6,4,4,7,1,0,A5
47,A0513,5,A,5A,Hindu,Enemies,Enemy1,2,11,M,13,6,7,6,7,7,7,7,7,7,7,5,7,7,LEVA PATEL,1,1,1,1,1,1,1,4,3,1,4,3,1,1,3,4,3,2,1,1,1,1,1,1,2,2,M,Muslim,1,1,1,1,1,1,4,1,1,1,1,4,1,1,1,2,1,1,1,1,1,1,5,7,1,2,7,1,0,A5
48,A0513,5,A,5A,Hindu,Enemies,Enemy2,2,17,M,13,6,7,6,7,7,7,7,7,7,7,5,7,7,LEVA PATEL,1,1,1,1,1,1,1,4,3,1,4,3,1,1,3,4,3,2,1,1,1,1,1,1,2,2,M,Muslim,1,2,1,1,1,1,4,4,1,1,1,5,1,5,1,NA,1,1,2,1,1,1,5,6,6,6,7,1,0,A5
49,A0513,5,A,5A,Hindu,Enemies,Enemy3,2,21,M,13,6,7,6,7,7,7,7,7,7,7,5,7,7,LEVA PATEL,1,1,1,1,1,1,1,4,3,1,4,3,1,1,3,4,3,2,1,1,1,1,1,1,2,2,M,Muslim,2,1,1,1,3,1,4,2,1,1,1,4,1,4,2,3,2,5,1,1,1,3,2,7,6,1,7,1,0,A5
50,A0513,5,A,5A,Hindu,Enemies,Enemy4,2,24,M,13,6,7,6,7,7,7,7,7,7,7,5,7,7,LEVA PATEL,1,1,1,1,1,1,1,4,3,1,4,3,1,1,3,4,3,2,1,1,1,1,1,1,2,2,M,Hindu,1,1,1,2,1,1,2,1,1,1,1,4,4,4,5,1,1,1,1,1,1,3,3,7,1,7,1,1,1,A5
51,A0513,5,A,5A,Hindu,Enemies,Enemy5,2,29,M,13,6,7,6,7,7,7,7,7,7,7,5,7,7,LEVA PATEL,1,1,1,1,1,1,1,4,3,1,4,3,1,1,3,4,3,2,1,1,1,1,1,1,2,2,M,Muslim,NA,3,NA,2,3,1,4,1,1,5,1,7,7,7,1,1,3,1,1,1,5,1,3,7,7,NA,7,1,0,A5
52,A0513,5,A,5A,Hindu,Enemies,Enemy6,2,33,M,13,6,7,6,7,7,7,7,7,7,7,5,7,7,LEVA PATEL,1,1,1,1,1,1,1,4,3,1,4,3,1,1,3,4,3,2,1,1,1,1,1,1,2,2,M,Hindu,1,1,1,1,1,1,3,1,1,2,1,4,6,7,1,1,1,1,1,1,5,5,1,7,1,7,5,1,1,A5
53,A0513,5,A,5A,Hindu,Enemies,Enemy7,2,35,M,13,6,7,6,7,7,7,7,7,7,7,5,7,7,LEVA PATEL,1,1,1,1,1,1,1,4,3,1,4,3,1,1,3,4,3,2,1,1,1,1,1,1,2,2,M,NA,NA,NA,NA,NA,NA,NA,NA,NA,NA,NA,NA,NA,NA,NA,NA,NA,NA,NA,NA,NA,NA,NA,NA,NA,NA,NA,NA,1,NA,A5
54,A0514,5,A,5A,Muslim,Enemies,Enemy1,2,3,M,14,7,7,7,7,7,7,7,7,7,6,7,3,7,NA,1,1,1,1,1,1,1,1,4,1,1,2,2,1,4,1,7,2,1,1,1,4,1,1,5,3,M,Muslim,1,1,1,1,2,1,4,1,1,1,3,4,4,4,3,1,1,1,1,1,3,3,1,7,6,2,7,1,1,A5
55,A0514,5,A,5A,Muslim,Enemies,Enemy2,2,10,M,14,7,7,7,7,7,7,7,7,7,6,7,3,7,NA,1,1,1,1,1,1,1,1,4,1,1,2,2,1,4,1,7,2,1,1,1,4,1,1,5,3,M,Muslim,1,1,2,1,1,1,4,1,5,2,1,4,1,4,2,3,3,1,4,1,1,5,3,1,1,1,7,1,1,A5
56,A0514,5,A,5A,Muslim,Enemies,Enemy3,2,13,M,14,7,7,7,7,7,7,7,7,7,6,7,3,7,NA,1,1,1,1,1,1,1,1,4,1,1,2,2,1,4,1,7,2,1,1,1,4,1,1,5,3,M,Hindu,1,1,1,1,1,1,3,1,4,3,1,3,4,3,2,1,1,1,1,1,1,2,2,7,6,7,7,1,0,A5
57,A0514,5,A,5A,Muslim,Enemies,Enemy4,2,17,M,14,7,7,7,7,7,7,7,7,7,6,7,3,7,NA,1,1,1,1,1,1,1,1,4,1,1,2,2,1,4,1,7,2,1,1,1,4,1,1,5,3,M,Muslim,1,2,1,1,1,1,4,4,1,1,1,5,1,5,1,NA,1,1,2,1,1,1,5,6,6,6,7,1,1,A5
58,A0514,5,A,5A,Muslim,Enemies,Enemy5,2,23,M,14,7,7,7,7,7,7,7,7,7,6,7,3,7,NA,1,1,1,1,1,1,1,1,4,1,1,2,2,1,4,1,7,2,1,1,1,4,1,1,5,3,M,Hindu,4,1,2,1,1,1,5,4,2,5,1,4,4,4,4,1,3,1,1,1,1,NA,NA,6,NA,5,3,1,0,A5
59,A0514,5,A,5A,Muslim,Enemies,Enemy6,2,24,M,14,7,7,7,7,7,7,7,7,7,6,7,3,7,NA,1,1,1,1,1,1,1,1,4,1,1,2,2,1,4,1,7,2,1,1,1,4,1,1,5,3,M,Hindu,1,1,1,2,1,1,2,1,1,1,1,4,4,4,5,1,1,1,1,1,1,3,3,7,1,7,1,1,0,A5
60,A0515,5,A,5A,Hindu,Enemies,Enemy1,2,1,M,15,5,6,6,6,7,7,6,7,4,5,6,5,7,KAYASTHA,1,2,4,3,1,2,1,1,1,1,3,2,1,1,5,4,4,1,1,1,1,1,1,1,5,3,M,Muslim,1,1,2,1,2,1,3,1,2,2,1,4,1,4,1,1,2,2,1,2,2,1,1,7,2,5,7,1,0,A5
61,A0515,5,A,5A,Hindu,Enemies,Enemy2,2,5,M,15,5,6,6,6,7,7,6,7,4,5,6,5,7,KAYASTHA,1,2,4,3,1,2,1,1,1,1,3,2,1,1,5,4,4,1,1,1,1,1,1,1,5,3,M,Hindu,1,2,2,2,1,1,4,1,4,1,1,4,4,4,2,1,1,1,1,1,1,2,2,7,6,7,6,1,1,A5
62,A0515,5,A,5A,Hindu,Enemies,Enemy3,2,6,M,15,5,6,6,6,7,7,6,7,4,5,6,5,7,KAYASTHA,1,2,4,3,1,2,1,1,1,1,3,2,1,1,5,4,4,1,1,1,1,1,1,1,5,3,M,Hindu,1,1,1,1,1,1,4,1,3,1,1,7,7,7,3,1,1,1,1,1,1,5,3,7,7,6,6,1,1,A5
63,A0515,5,A,5A,Hindu,Enemies,Enemy4,2,17,M,15,5,6,6,6,7,7,6,7,4,5,6,5,7,KAYASTHA,1,2,4,3,1,2,1,1,1,1,3,2,1,1,5,4,4,1,1,1,1,1,1,1,5,3,M,Muslim,1,2,1,1,1,1,4,4,1,1,1,5,1,5,1,NA,1,1,2,1,1,1,5,6,6,6,7,1,0,A5
64,A0515,5,A,5A,Hindu,Enemies,Enemy5,2,21,M,15,5,6,6,6,7,7,6,7,4,5,6,5,7,KAYASTHA,1,2,4,3,1,2,1,1,1,1,3,2,1,1,5,4,4,1,1,1,1,1,1,1,5,3,M,Muslim,2,1,1,1,3,1,4,2,1,1,1,4,1,4,2,3,2,5,1,1,1,3,2,7,6,1,7,1,0,A5
65,A0515,5,A,5A,Hindu,Enemies,Enemy6,2,33,M,15,5,6,6,6,7,7,6,7,4,5,6,5,7,KAYASTHA,1,2,4,3,1,2,1,1,1,1,3,2,1,1,5,4,4,1,1,1,1,1,1,1,5,3,M,Hindu,1,1,1,1,1,1,3,1,1,2,1,4,6,7,1,1,1,1,1,1,5,5,1,7,1,7,5,1,1,A5
66,A0515,5,A,5A,Hindu,Enemies,Enemy7,2,38,M,15,5,6,6,6,7,7,6,7,4,5,6,5,7,KAYASTHA,1,2,4,3,1,2,1,1,1,1,3,2,1,1,5,4,4,1,1,1,1,1,1,1,5,3,M,Muslim,1,1,1,1,1,1,3,1,1,1,1,1,1,7,1,1,1,5,1,5,3,1,1,7,1,2,7,1,0,A5
67,A0517,5,A,5A,Muslim,Enemies,Enemy1,2,22,M,17,2,6,6,1,6,7,1,NA,2,2,2,7,8,GARUSIYA,1,1,2,1,1,1,1,1,4,4,1,1,2,1,5,1,5,1,NA,1,1,2,1,1,1,5,M,Hindu,2,3,1,1,2,1,3,1,1,5,1,4,7,7,2,2,2,2,1,2,2,1,3,7,6,7,6,1,0,A5
68,A0518,5,A,5A,Hindu,Enemies,Enemy1,2,11,M,18,4,7,4,4,7,3,6,4,4,4,6,4,8,NA,1,1,1,2,1,1,1,1,3,1,2,1,1,1,4,4,2,1,2,1,1,1,1,1,5,3,M,Muslim,1,1,1,1,1,1,4,1,1,1,1,4,1,1,1,2,1,1,1,1,1,1,5,7,1,2,7,1,0,A5
69,A0518,5,A,5A,Hindu,Enemies,Enemy2,2,17,M,18,4,7,4,4,7,3,6,4,4,4,6,4,8,NA,1,1,1,2,1,1,1,1,3,1,2,1,1,1,4,4,2,1,2,1,1,1,1,1,5,3,M,Muslim,1,2,1,1,1,1,4,4,1,1,1,5,1,5,1,NA,1,1,2,1,1,1,5,6,6,6,7,1,0,A5
70,A0518,5,A,5A,Hindu,Enemies,Enemy3,2,19,M,18,4,7,4,4,7,3,6,4,4,4,6,4,8,NA,1,1,1,2,1,1,1,1,3,1,2,1,1,1,4,4,2,1,2,1,1,1,1,1,5,3,M,Muslim,1,1,1,1,1,1,1,1,1,1,1,1,1,7,5,1,1,2,1,1,1,5,1,7,1,1,7,1,0,A5
71,A0518,5,A,5A,Hindu,Enemies,Enemy4,2,20,M,18,4,7,4,4,7,3,6,4,4,4,6,4,8,NA,1,1,1,2,1,1,1,1,3,1,2,1,1,1,4,4,2,1,2,1,1,1,1,1,5,3,M,Muslim,3,1,1,1,3,2,4,2,1,2,1,4,1,5,3,1,2,2,3,2,3,4,3,6,4,1,7,1,0,A5
72,A0518,5,A,5A,Hindu,Enemies,Enemy5,2,21,M,18,4,7,4,4,7,3,6,4,4,4,6,4,8,NA,1,1,1,2,1,1,1,1,3,1,2,1,1,1,4,4,2,1,2,1,1,1,1,1,5,3,M,Muslim,2,1,1,1,3,1,4,2,1,1,1,4,1,4,2,3,2,5,1,1,1,3,2,7,6,1,7,1,0,A5
73,A0518,5,A,5A,Hindu,Enemies,Enemy6,2,33,M,18,4,7,4,4,7,3,6,4,4,4,6,4,8,NA,1,1,1,2,1,1,1,1,3,1,2,1,1,1,4,4,2,1,2,1,1,1,1,1,5,3,M,Hindu,1,1,1,1,1,1,3,1,1,2,1,4,6,7,1,1,1,1,1,1,5,5,1,7,1,7,5,1,1,A5
74,A0518,5,A,5A,Hindu,Enemies,Enemy7,2,35,M,18,4,7,4,4,7,3,6,4,4,4,6,4,8,NA,1,1,1,2,1,1,1,1,3,1,2,1,1,1,4,4,2,1,2,1,1,1,1,1,5,3,M,NA,NA,NA,NA,NA,NA,NA,NA,NA,NA,NA,NA,NA,NA,NA,NA,NA,NA,NA,NA,NA,NA,NA,NA,NA,NA,NA,NA,1,NA,A5
75,A0519,5,A,5A,Muslim,Enemies,Enemy1,2,6,M,19,2,7,1,7,1,7,7,7,1,7,2,6,NA,MEMON,1,1,1,1,1,1,1,4,1,1,1,1,2,1,1,1,7,5,1,1,2,1,1,1,5,1,M,Hindu,1,1,1,1,1,1,4,1,3,1,1,7,7,7,3,1,1,1,1,1,1,5,3,7,7,6,6,1,0,A5
76,A0520,5,A,5A,Muslim,Enemies,Enemy1,2,2,M,20,4,6,4,6,1,7,4,NA,6,6,6,5,7,SHUNI,1,3,1,1,1,3,2,2,4,2,1,2,2,1,4,1,5,3,1,2,2,3,2,3,4,3,M,Muslim,1,2,1,1,1,1,1,1,1,5,1,4,4,4,2,2,1,1,1,1,1,1,2,7,5,6,7,1,1,A5
77,A0520,5,A,5A,Muslim,Enemies,Enemy2,2,6,M,20,4,6,4,6,1,7,4,NA,6,6,6,5,7,SHUNI,1,3,1,1,1,3,2,2,4,2,1,2,2,1,4,1,5,3,1,2,2,3,2,3,4,3,M,Hindu,1,1,1,1,1,1,4,1,3,1,1,7,7,7,3,1,1,1,1,1,1,5,3,7,7,6,6,1,0,A5
78,A0520,5,A,5A,Muslim,Enemies,Enemy3,2,17,M,20,4,6,4,6,1,7,4,NA,6,6,6,5,7,SHUNI,1,3,1,1,1,3,2,2,4,2,1,2,2,1,4,1,5,3,1,2,2,3,2,3,4,3,M,Muslim,1,2,1,1,1,1,4,4,1,1,1,5,1,5,1,NA,1,1,2,1,1,1,5,6,6,6,7,1,1,A5
79,A0520,5,A,5A,Muslim,Enemies,Enemy4,2,23,M,20,4,6,4,6,1,7,4,NA,6,6,6,5,7,SHUNI,1,3,1,1,1,3,2,2,4,2,1,2,2,1,4,1,5,3,1,2,2,3,2,3,4,3,M,Hindu,4,1,2,1,1,1,5,4,2,5,1,4,4,4,4,1,3,1,1,1,1,NA,NA,6,NA,5,3,1,0,A5
80,A0520,5,A,5A,Muslim,Enemies,Enemy5,2,26,M,20,4,6,4,6,1,7,4,NA,6,6,6,5,7,SHUNI,1,3,1,1,1,3,2,2,4,2,1,2,2,1,4,1,5,3,1,2,2,3,2,3,4,3,M,Muslim,1,2,1,1,1,1,4,1,1,5,1,4,4,4,2,1,1,1,2,1,1,1,2,7,5,6,7,1,1,A5
81,A0520,5,A,5A,Muslim,Enemies,Enemy6,2,29,M,20,4,6,4,6,1,7,4,NA,6,6,6,5,7,SHUNI,1,3,1,1,1,3,2,2,4,2,1,2,2,1,4,1,5,3,1,2,2,3,2,3,4,3,M,Muslim,NA,3,NA,2,3,1,4,1,1,5,1,7,7,7,1,1,3,1,1,1,5,1,3,7,7,NA,7,1,1,A5
82,A0520,5,A,5A,Muslim,Enemies,Enemy7,2,31,M,20,4,6,4,6,1,7,4,NA,6,6,6,5,7,SHUNI,1,3,1,1,1,3,2,2,4,2,1,2,2,1,4,1,5,3,1,2,2,3,2,3,4,3,M,Jain,2,2,1,1,3,1,4,2,5,1,2,4,4,4,1,3,3,2,1,1,1,2,3,7,6,7,4,1,0,A5
83,A0524,5,A,5A,Hindu,Enemies,Enemy1,2,30,M,24,1,7,1,7,7,1,7,6,2,2,7,7,NA,PATEL,1,1,1,1,2,1,1,1,2,1,1,1,1,1,4,4,4,5,1,1,1,1,1,1,3,3,M,Muslim,1,1,1,2,1,2,1,1,1,1,1,4,2,4,3,1,1,3,3,1,1,2,3,7,4,5,7,1,0,A5
84,A0525,5,A,5A,Hindu,Enemies,Enemy1,2,1,M,25,1,6,1,7,6,1,3,7,7,3,1,6,8,NA,1,1,2,1,1,1,1,1,3,1,2,2,1,1,2,2,1,1,1,1,1,2,1,1,2,5,M,Muslim,1,1,2,1,2,1,3,1,2,2,1,4,1,4,1,1,2,2,1,2,2,1,1,7,2,5,7,1,0,A5
85,A0525,5,A,5A,Hindu,Enemies,Enemy2,2,33,M,25,1,6,1,7,6,1,3,7,7,3,1,6,8,NA,1,1,2,1,1,1,1,1,3,1,2,2,1,1,2,2,1,1,1,1,1,2,1,1,2,5,M,Hindu,1,1,1,1,1,1,3,1,1,2,1,4,6,7,1,1,1,1,1,1,5,5,1,7,1,7,5,1,1,A5
86,A0527,5,A,5A,Muslim,Enemies,Enemy1,2,1,M,27,1,7,1,6,1,7,5,6,4,6,NA,2,NA,PATHAN,1,2,1,1,1,1,1,2,3,1,1,1,2,1,4,3,3,2,1,2,1,1,1,1,5,5,M,Muslim,1,1,2,1,2,1,3,1,2,2,1,4,1,4,1,1,2,2,1,2,2,1,1,7,2,5,7,1,1,A5
87,A0527,5,A,5A,Muslim,Enemies,Enemy2,2,17,M,27,1,7,1,6,1,7,5,6,4,6,NA,2,NA,PATHAN,1,2,1,1,1,1,1,2,3,1,1,1,2,1,4,3,3,2,1,2,1,1,1,1,5,5,M,Muslim,1,2,1,1,1,1,4,4,1,1,1,5,1,5,1,NA,1,1,2,1,1,1,5,6,6,6,7,1,1,A5
88,A0527,5,A,5A,Muslim,Enemies,Enemy3,2,21,M,27,1,7,1,6,1,7,5,6,4,6,NA,2,NA,PATHAN,1,2,1,1,1,1,1,2,3,1,1,1,2,1,4,3,3,2,1,2,1,1,1,1,5,5,M,Muslim,2,1,1,1,3,1,4,2,1,1,1,4,1,4,2,3,2,5,1,1,1,3,2,7,6,1,7,1,1,A5
89,A0527,5,A,5A,Muslim,Enemies,Enemy4,2,24,M,27,1,7,1,6,1,7,5,6,4,6,NA,2,NA,PATHAN,1,2,1,1,1,1,1,2,3,1,1,1,2,1,4,3,3,2,1,2,1,1,1,1,5,5,M,Hindu,1,1,1,2,1,1,2,1,1,1,1,4,4,4,5,1,1,1,1,1,1,3,3,7,1,7,1,1,0,A5
90,A0527,5,A,5A,Muslim,Enemies,Enemy5,2,25,M,27,1,7,1,6,1,7,5,6,4,6,NA,2,NA,PATHAN,1,2,1,1,1,1,1,2,3,1,1,1,2,1,4,3,3,2,1,2,1,1,1,1,5,5,M,Hindu,1,2,1,1,1,1,3,1,2,2,1,2,2,1,1,1,1,1,2,1,1,2,5,6,1,6,1,1,0,A5
91,A0527,5,A,5A,Muslim,Enemies,Enemy6,2,26,M,27,1,7,1,6,1,7,5,6,4,6,NA,2,NA,PATHAN,1,2,1,1,1,1,1,2,3,1,1,1,2,1,4,3,3,2,1,2,1,1,1,1,5,5,M,Muslim,1,2,1,1,1,1,4,1,1,5,1,4,4,4,2,1,1,1,2,1,1,1,2,7,5,6,7,1,1,A5
92,A0529,5,A,5A,Muslim,Enemies,Enemy1,2,9,M,29,6,7,7,7,NA,7,7,6,1,5,6,1,8,NA,1,NA,3,NA,2,3,1,3,4,1,1,5,2,1,7,7,7,1,1,3,1,1,1,5,1,3,M,Hindu,1,1,1,1,1,1,3,1,5,2,3,4,2,3,1,1,1,1,2,1,5,5,2,6,2,7,1,1,0,A5
93,A0529,5,A,5A,Muslim,Enemies,Enemy2,2,33,M,29,6,7,7,7,NA,7,7,6,1,5,6,1,8,NA,1,NA,3,NA,2,3,1,3,4,1,1,5,2,1,7,7,7,1,1,3,1,1,1,5,1,3,M,Hindu,1,1,1,1,1,1,3,1,1,2,1,4,6,7,1,1,1,1,1,1,5,5,1,7,1,7,5,1,0,A5
94,A0529,5,A,5A,Muslim,Enemies,Enemy3,2,38,M,29,6,7,7,7,NA,7,7,6,1,5,6,1,8,NA,1,NA,3,NA,2,3,1,3,4,1,1,5,2,1,7,7,7,1,1,3,1,1,1,5,1,3,M,Muslim,1,1,1,1,1,1,3,1,1,1,1,1,1,7,1,1,1,5,1,5,3,1,1,7,1,2,7,1,1,A5
95,A0530,5,A,5A,Muslim,Enemies,Enemy1,2,1,M,30,4,7,4,4,5,7,7,7,4,5,3,1,7,JAMATI,1,1,1,1,2,1,2,2,1,1,1,1,2,1,4,2,4,3,1,1,3,3,1,1,2,3,M,Muslim,1,1,2,1,2,1,3,1,2,2,1,4,1,4,1,1,2,2,1,2,2,1,1,7,2,5,7,1,1,A5
96,A0530,5,A,5A,Muslim,Enemies,Enemy2,2,2,M,30,4,7,4,4,5,7,7,7,4,5,3,1,7,JAMATI,1,1,1,1,2,1,2,2,1,1,1,1,2,1,4,2,4,3,1,1,3,3,1,1,2,3,M,Muslim,1,2,1,1,1,1,1,1,1,5,1,4,4,4,2,2,1,1,1,1,1,1,2,7,5,6,7,1,1,A5
97,A0530,5,A,5A,Muslim,Enemies,Enemy3,2,11,M,30,4,7,4,4,5,7,7,7,4,5,3,1,7,JAMATI,1,1,1,1,2,1,2,2,1,1,1,1,2,1,4,2,4,3,1,1,3,3,1,1,2,3,M,Muslim,1,1,1,1,1,1,4,1,1,1,1,4,1,1,1,2,1,1,1,1,1,1,5,7,1,2,7,1,1,A5
98,A0530,5,A,5A,Muslim,Enemies,Enemy4,2,17,M,30,4,7,4,4,5,7,7,7,4,5,3,1,7,JAMATI,1,1,1,1,2,1,2,2,1,1,1,1,2,1,4,2,4,3,1,1,3,3,1,1,2,3,M,Muslim,1,2,1,1,1,1,4,4,1,1,1,5,1,5,1,NA,1,1,2,1,1,1,5,6,6,6,7,1,1,A5
99,A0530,5,A,5A,Muslim,Enemies,Enemy5,2,21,M,30,4,7,4,4,5,7,7,7,4,5,3,1,7,JAMATI,1,1,1,1,2,1,2,2,1,1,1,1,2,1,4,2,4,3,1,1,3,3,1,1,2,3,M,Muslim,2,1,1,1,3,1,4,2,1,1,1,4,1,4,2,3,2,5,1,1,1,3,2,7,6,1,7,1,1,A5
100,A0530,5,A,5A,Muslim,Enemies,Enemy6,2,25,M,30,4,7,4,4,5,7,7,7,4,5,3,1,7,JAMATI,1,1,1,1,2,1,2,2,1,1,1,1,2,1,4,2,4,3,1,1,3,3,1,1,2,3,M,Hindu,1,2,1,1,1,1,3,1,2,2,1,2,2,1,1,1,1,1,2,1,1,2,5,6,1,6,1,1,0,A5
101,A0530,5,A,5A,Muslim,Enemies,Enemy7,2,33,M,30,4,7,4,4,5,7,7,7,4,5,3,1,7,JAMATI,1,1,1,1,2,1,2,2,1,1,1,1,2,1,4,2,4,3,1,1,3,3,1,1,2,3,M,Hindu,1,1,1,1,1,1,3,1,1,2,1,4,6,7,1,1,1,1,1,1,5,5,1,7,1,7,5,1,0,A5
102,A0531,5,A,5A,Jain,Enemies,Enemy1,2,11,M,31,2,7,6,7,7,4,4,6,3,7,7,6,NA,JAIN,1,2,2,1,1,3,1,1,4,2,5,1,3,2,4,4,4,1,3,3,2,1,1,1,2,3,M,Muslim,1,1,1,1,1,1,4,1,1,1,1,4,1,1,1,2,1,1,1,1,1,1,5,7,1,2,7,1,0,A5
103,A0531,5,A,5A,Jain,Enemies,Enemy2,2,17,M,31,2,7,6,7,7,4,4,6,3,7,7,6,NA,JAIN,1,2,2,1,1,3,1,1,4,2,5,1,3,2,4,4,4,1,3,3,2,1,1,1,2,3,M,Muslim,1,2,1,1,1,1,4,4,1,1,1,5,1,5,1,NA,1,1,2,1,1,1,5,6,6,6,7,1,0,A5
104,A0531,5,A,5A,Jain,Enemies,Enemy3,2,21,M,31,2,7,6,7,7,4,4,6,3,7,7,6,NA,JAIN,1,2,2,1,1,3,1,1,4,2,5,1,3,2,4,4,4,1,3,3,2,1,1,1,2,3,M,Muslim,2,1,1,1,3,1,4,2,1,1,1,4,1,4,2,3,2,5,1,1,1,3,2,7,6,1,7,1,0,A5
105,A0531,5,A,5A,Jain,Enemies,Enemy4,2,35,M,31,2,7,6,7,7,4,4,6,3,7,7,6,NA,JAIN,1,2,2,1,1,3,1,1,4,2,5,1,3,2,4,4,4,1,3,3,2,1,1,1,2,3,M,NA,NA,NA,NA,NA,NA,NA,NA,NA,NA,NA,NA,NA,NA,NA,NA,NA,NA,NA,NA,NA,NA,NA,NA,NA,NA,NA,NA,1,NA,A5
106,A0531,5,A,5A,Jain,Enemies,Enemy5,2,48,M,31,2,7,6,7,7,4,4,6,3,7,7,6,NA,JAIN,1,2,2,1,1,3,1,1,4,2,5,1,3,2,4,4,4,1,3,3,2,1,1,1,2,3,F,Hindu,3,5,1,1,4,2,NA,1,2,NA,2,4,7,4,3,3,4,1,1,1,1,4,4,1,7,6,2,0,0,A5
107,A0532,5,A,5A,Muslim,Enemies,Enemy1,2,5,M,32,6,7,1,6,5,7,7,7,6,4,6,2,8,NA,1,1,1,1,1,1,1,2,2,1,1,1,2,1,4,1,7,5,1,1,1,1,1,3,3,5,M,Hindu,1,2,2,2,1,1,4,1,4,1,1,4,4,4,2,1,1,1,1,1,1,2,2,7,6,7,6,1,0,A5
108,A0533,5,A,5A,Hindu,Enemies,Enemy1,2,6,M,33,1,7,1,7,7,5,2,7,1,1,7,1,1,NA,1,1,1,1,1,1,1,1,3,1,1,2,1,1,4,6,7,1,1,1,1,1,1,5,5,1,M,Hindu,1,1,1,1,1,1,4,1,3,1,1,7,7,7,3,1,1,1,1,1,1,5,3,7,7,6,6,1,1,A5
109,A0533,5,A,5A,Hindu,Enemies,Enemy2,2,17,M,33,1,7,1,7,7,5,2,7,1,1,7,1,1,NA,1,1,1,1,1,1,1,1,3,1,1,2,1,1,4,6,7,1,1,1,1,1,1,5,5,1,M,Muslim,1,2,1,1,1,1,4,4,1,1,1,5,1,5,1,NA,1,1,2,1,1,1,5,6,6,6,7,1,0,A5
110,A0533,5,A,5A,Hindu,Enemies,Enemy3,2,21,M,33,1,7,1,7,7,5,2,7,1,1,7,1,1,NA,1,1,1,1,1,1,1,1,3,1,1,2,1,1,4,6,7,1,1,1,1,1,1,5,5,1,M,Muslim,2,1,1,1,3,1,4,2,1,1,1,4,1,4,2,3,2,5,1,1,1,3,2,7,6,1,7,1,0,A5
111,A0534,5,A,5A,Muslim,Enemies,Enemy1,2,5,M,34,2,6,4,6,4,7,6,6,4,4,3,4,7,SUNNI,1,1,1,1,1,1,1,2,3,1,1,1,2,1,4,3,4,4,3,4,3,1,3,1,4,4,M,Hindu,1,2,2,2,1,1,4,1,4,1,1,4,4,4,2,1,1,1,1,1,1,2,2,7,6,7,6,1,0,A5
112,A0534,5,A,5A,Muslim,Enemies,Enemy2,2,17,M,34,2,6,4,6,4,7,6,6,4,4,3,4,7,SUNNI,1,1,1,1,1,1,1,2,3,1,1,1,2,1,4,3,4,4,3,4,3,1,3,1,4,4,M,Muslim,1,2,1,1,1,1,4,4,1,1,1,5,1,5,1,NA,1,1,2,1,1,1,5,6,6,6,7,1,1,A5
113,A0534,5,A,5A,Muslim,Enemies,Enemy3,2,21,M,34,2,6,4,6,4,7,6,6,4,4,3,4,7,SUNNI,1,1,1,1,1,1,1,2,3,1,1,1,2,1,4,3,4,4,3,4,3,1,3,1,4,4,M,Muslim,2,1,1,1,3,1,4,2,1,1,1,4,1,4,2,3,2,5,1,1,1,3,2,7,6,1,7,1,1,A5
114,A0536,5,A,5A,Hindu,Enemies,Enemy1,2,11,M,36,5,7,7,7,6,6,7,7,7,6,7,1,7,GUARAV SAMAJ,1,1,1,1,1,1,1,4,3,1,2,2,1,1,1,1,1,2,1,1,1,2,1,1,5,3,M,Muslim,1,1,1,1,1,1,4,1,1,1,1,4,1,1,1,2,1,1,1,1,1,1,5,7,1,2,7,1,0,A5
115,A0536,5,A,5A,Hindu,Enemies,Enemy2,2,16,M,36,5,7,7,7,6,6,7,7,7,6,7,1,7,GUARAV SAMAJ,1,1,1,1,1,1,1,4,3,1,2,2,1,1,1,1,1,2,1,1,1,2,1,1,5,3,M,Muslim,1,1,1,1,1,1,1,1,1,1,1,1,7,1,1,5,4,2,3,1,2,2,1,7,2,2,7,1,0,A5
116,A0536,5,A,5A,Hindu,Enemies,Enemy3,2,19,M,36,5,7,7,7,6,6,7,7,7,6,7,1,7,GUARAV SAMAJ,1,1,1,1,1,1,1,4,3,1,2,2,1,1,1,1,1,2,1,1,1,2,1,1,5,3,M,Muslim,1,1,1,1,1,1,1,1,1,1,1,1,1,7,5,1,1,2,1,1,1,5,1,7,1,1,7,1,0,A5
117,A0536,5,A,5A,Hindu,Enemies,Enemy4,2,20,M,36,5,7,7,7,6,6,7,7,7,6,7,1,7,GUARAV SAMAJ,1,1,1,1,1,1,1,4,3,1,2,2,1,1,1,1,1,2,1,1,1,2,1,1,5,3,M,Muslim,3,1,1,1,3,2,4,2,1,2,1,4,1,5,3,1,2,2,3,2,3,4,3,6,4,1,7,1,0,A5
118,A0536,5,A,5A,Hindu,Enemies,Enemy5,2,35,M,36,5,7,7,7,6,6,7,7,7,6,7,1,7,GUARAV SAMAJ,1,1,1,1,1,1,1,4,3,1,2,2,1,1,1,1,1,2,1,1,1,2,1,1,5,3,M,NA,NA,NA,NA,NA,NA,NA,NA,NA,NA,NA,NA,NA,NA,NA,NA,NA,NA,NA,NA,NA,NA,NA,NA,NA,NA,NA,NA,1,NA,A5
119,A0537,5,A,5A,Hindu,Enemies,Enemy1,2,5,M,37,1,7,1,7,7,7,7,6,7,6,7,7,7,NA,1,2,1,2,1,2,1,4,4,1,5,3,1,2,4,4,4,3,1,1,1,1,5,1,5,5,M,Hindu,1,2,2,2,1,1,4,1,4,1,1,4,4,4,2,1,1,1,1,1,1,2,2,7,6,7,6,1,1,A5
120,A0537,5,A,5A,Hindu,Enemies,Enemy2,2,6,M,37,1,7,1,7,7,7,7,6,7,6,7,7,7,NA,1,2,1,2,1,2,1,4,4,1,5,3,1,2,4,4,4,3,1,1,1,1,5,1,5,5,M,Hindu,1,1,1,1,1,1,4,1,3,1,1,7,7,7,3,1,1,1,1,1,1,5,3,7,7,6,6,1,1,A5
121,A0537,5,A,5A,Hindu,Enemies,Enemy3,2,11,M,37,1,7,1,7,7,7,7,6,7,6,7,7,7,NA,1,2,1,2,1,2,1,4,4,1,5,3,1,2,4,4,4,3,1,1,1,1,5,1,5,5,M,Muslim,1,1,1,1,1,1,4,1,1,1,1,4,1,1,1,2,1,1,1,1,1,1,5,7,1,2,7,1,0,A5
122,A0537,5,A,5A,Hindu,Enemies,Enemy4,2,17,M,37,1,7,1,7,7,7,7,6,7,6,7,7,7,NA,1,2,1,2,1,2,1,4,4,1,5,3,1,2,4,4,4,3,1,1,1,1,5,1,5,5,M,Muslim,1,2,1,1,1,1,4,4,1,1,1,5,1,5,1,NA,1,1,2,1,1,1,5,6,6,6,7,1,0,A5
123,A0537,5,A,5A,Hindu,Enemies,Enemy5,2,19,M,37,1,7,1,7,7,7,7,6,7,6,7,7,7,NA,1,2,1,2,1,2,1,4,4,1,5,3,1,2,4,4,4,3,1,1,1,1,5,1,5,5,M,Muslim,1,1,1,1,1,1,1,1,1,1,1,1,1,7,5,1,1,2,1,1,1,5,1,7,1,1,7,1,0,A5
124,A0537,5,A,5A,Hindu,Enemies,Enemy6,2,21,M,37,1,7,1,7,7,7,7,6,7,6,7,7,7,NA,1,2,1,2,1,2,1,4,4,1,5,3,1,2,4,4,4,3,1,1,1,1,5,1,5,5,M,Muslim,2,1,1,1,3,1,4,2,1,1,1,4,1,4,2,3,2,5,1,1,1,3,2,7,6,1,7,1,0,A5
125,A0537,5,A,5A,Hindu,Enemies,Enemy7,2,33,M,37,1,7,1,7,7,7,7,6,7,6,7,7,7,NA,1,2,1,2,1,2,1,4,4,1,5,3,1,2,4,4,4,3,1,1,1,1,5,1,5,5,M,Hindu,1,1,1,1,1,1,3,1,1,2,1,4,6,7,1,1,1,1,1,1,5,5,1,7,1,7,5,1,1,A5
126,A0537,5,A,5A,Hindu,Enemies,Enemy8,2,35,M,37,1,7,1,7,7,7,7,6,7,6,7,7,7,NA,1,2,1,2,1,2,1,4,4,1,5,3,1,2,4,4,4,3,1,1,1,1,5,1,5,5,M,NA,NA,NA,NA,NA,NA,NA,NA,NA,NA,NA,NA,NA,NA,NA,NA,NA,NA,NA,NA,NA,NA,NA,NA,NA,NA,NA,NA,1,NA,A5
127,A0537,5,A,5A,Hindu,Enemies,Enemy9,2,38,M,37,1,7,1,7,7,7,7,6,7,6,7,7,7,NA,1,2,1,2,1,2,1,4,4,1,5,3,1,2,4,4,4,3,1,1,1,1,5,1,5,5,M,Muslim,1,1,1,1,1,1,3,1,1,1,1,1,1,7,1,1,1,5,1,5,3,1,1,7,1,2,7,1,0,A5
128,A0538,5,A,5A,Muslim,Enemies,Enemy1,2,4,M,38,7,7,1,1,2,7,7,7,1,6,3,2,NA,MUSLIMS,1,1,1,1,1,1,1,1,3,1,1,1,2,1,1,1,7,1,1,1,5,1,5,3,1,1,M,Hindu,3,2,3,1,1,1,2,1,1,5,1,4,5,7,1,1,2,1,1,1,5,1,3,7,7,7,5,1,0,A5
129,A0538,5,A,5A,Muslim,Enemies,Enemy2,2,6,M,38,7,7,1,1,2,7,7,7,1,6,3,2,NA,MUSLIMS,1,1,1,1,1,1,1,1,3,1,1,1,2,1,1,1,7,1,1,1,5,1,5,3,1,1,M,Hindu,1,1,1,1,1,1,4,1,3,1,1,7,7,7,3,1,1,1,1,1,1,5,3,7,7,6,6,1,0,A5
130,A0538,5,A,5A,Muslim,Enemies,Enemy3,2,7,M,38,7,7,1,1,2,7,7,7,1,6,3,2,NA,MUSLIMS,1,1,1,1,1,1,1,1,3,1,1,1,2,1,1,1,7,1,1,1,5,1,5,3,1,1,M,Hindu,3,3,1,2,2,1,1,3,2,1,2,4,2,1,3,1,2,2,2,1,1,2,2,7,1,NA,2,1,0,A5
131,A0538,5,A,5A,Muslim,Enemies,Enemy4,2,12,M,38,7,7,1,1,2,7,7,7,1,6,3,2,NA,MUSLIMS,1,1,1,1,1,1,1,1,3,1,1,1,2,1,1,1,7,1,1,1,5,1,5,3,1,1,M,Hindu,2,3,4,1,2,1,5,5,1,4,1,4,1,5,3,4,1,1,3,2,5,1,3,7,4,3,4,1,0,A5
132,A0538,5,A,5A,Muslim,Enemies,Enemy5,2,15,M,38,7,7,1,1,2,7,7,7,1,6,3,2,NA,MUSLIMS,1,1,1,1,1,1,1,1,3,1,1,1,2,1,1,1,7,1,1,1,5,1,5,3,1,1,M,Hindu,2,4,3,1,2,1,1,1,3,2,1,5,4,4,1,1,1,1,1,1,1,5,3,6,6,7,7,1,0,A5
133,A0538,5,A,5A,Muslim,Enemies,Enemy6,2,17,M,38,7,7,1,1,2,7,7,7,1,6,3,2,NA,MUSLIMS,1,1,1,1,1,1,1,1,3,1,1,1,2,1,1,1,7,1,1,1,5,1,5,3,1,1,M,Muslim,1,2,1,1,1,1,4,4,1,1,1,5,1,5,1,NA,1,1,2,1,1,1,5,6,6,6,7,1,1,A5
134,A0538,5,A,5A,Muslim,Enemies,Enemy7,2,20,M,38,7,7,1,1,2,7,7,7,1,6,3,2,NA,MUSLIMS,1,1,1,1,1,1,1,1,3,1,1,1,2,1,1,1,7,1,1,1,5,1,5,3,1,1,M,Muslim,3,1,1,1,3,2,4,2,1,2,1,4,1,5,3,1,2,2,3,2,3,4,3,6,4,1,7,1,1,A5
135,A0538,5,A,5A,Muslim,Enemies,Enemy8,2,23,M,38,7,7,1,1,2,7,7,7,1,6,3,2,NA,MUSLIMS,1,1,1,1,1,1,1,1,3,1,1,1,2,1,1,1,7,1,1,1,5,1,5,3,1,1,M,Hindu,4,1,2,1,1,1,5,4,2,5,1,4,4,4,4,1,3,1,1,1,1,NA,NA,6,NA,5,3,1,0,A5
136,A0538,5,A,5A,Muslim,Enemies,Enemy9,2,25,M,38,7,7,1,1,2,7,7,7,1,6,3,2,NA,MUSLIMS,1,1,1,1,1,1,1,1,3,1,1,1,2,1,1,1,7,1,1,1,5,1,5,3,1,1,M,Hindu,1,2,1,1,1,1,3,1,2,2,1,2,2,1,1,1,1,1,2,1,1,2,5,6,1,6,1,1,0,A5
137,A0538,5,A,5A,Muslim,Enemies,Enemy10,2,29,M,38,7,7,1,1,2,7,7,7,1,6,3,2,NA,MUSLIMS,1,1,1,1,1,1,1,1,3,1,1,1,2,1,1,1,7,1,1,1,5,1,5,3,1,1,M,Muslim,NA,3,NA,2,3,1,4,1,1,5,1,7,7,7,1,1,3,1,1,1,5,1,3,7,7,NA,7,1,1,A5
138,A0538,5,A,5A,Muslim,Enemies,Enemy11,2,31,M,38,7,7,1,1,2,7,7,7,1,6,3,2,NA,MUSLIMS,1,1,1,1,1,1,1,1,3,1,1,1,2,1,1,1,7,1,1,1,5,1,5,3,1,1,M,Jain,2,2,1,1,3,1,4,2,5,1,2,4,4,4,1,3,3,2,1,1,1,2,3,7,6,7,4,1,0,A5
139,A0540,5,A,5A,Hindu,Enemies,Enemy1,2,1,F,40,4,2,6,6,1,2,5,7,2,7,5,5,8,NA,2,1,1,4,1,4,1,1,1,2,5,3,1,3,4,2,3,2,2,1,1,1,1,1,5,2,M,Muslim,1,1,2,1,2,1,3,1,2,2,1,4,1,4,1,1,2,2,1,2,2,1,1,7,2,5,7,0,0,A5
140,A0540,5,A,5A,Hindu,Enemies,Enemy2,2,2,F,40,4,2,6,6,1,2,5,7,2,7,5,5,8,NA,2,1,1,4,1,4,1,1,1,2,5,3,1,3,4,2,3,2,2,1,1,1,1,1,5,2,M,Muslim,1,2,1,1,1,1,1,1,1,5,1,4,4,4,2,2,1,1,1,1,1,1,2,7,5,6,7,0,0,A5
141,A0540,5,A,5A,Hindu,Enemies,Enemy3,2,3,F,40,4,2,6,6,1,2,5,7,2,7,5,5,8,NA,2,1,1,4,1,4,1,1,1,2,5,3,1,3,4,2,3,2,2,1,1,1,1,1,5,2,M,Muslim,1,1,1,1,2,1,4,1,1,1,3,4,4,4,3,1,1,1,1,1,3,3,1,7,6,2,7,0,0,A5
142,A0540,5,A,5A,Hindu,Enemies,Enemy4,2,4,F,40,4,2,6,6,1,2,5,7,2,7,5,5,8,NA,2,1,1,4,1,4,1,1,1,2,5,3,1,3,4,2,3,2,2,1,1,1,1,1,5,2,M,Hindu,3,2,3,1,1,1,2,1,1,5,1,4,5,7,1,1,2,1,1,1,5,1,3,7,7,7,5,0,1,A5
143,A0540,5,A,5A,Hindu,Enemies,Enemy5,2,5,F,40,4,2,6,6,1,2,5,7,2,7,5,5,8,NA,2,1,1,4,1,4,1,1,1,2,5,3,1,3,4,2,3,2,2,1,1,1,1,1,5,2,M,Hindu,1,2,2,2,1,1,4,1,4,1,1,4,4,4,2,1,1,1,1,1,1,2,2,7,6,7,6,0,1,A5
144,A0540,5,A,5A,Hindu,Enemies,Enemy6,2,6,F,40,4,2,6,6,1,2,5,7,2,7,5,5,8,NA,2,1,1,4,1,4,1,1,1,2,5,3,1,3,4,2,3,2,2,1,1,1,1,1,5,2,M,Hindu,1,1,1,1,1,1,4,1,3,1,1,7,7,7,3,1,1,1,1,1,1,5,3,7,7,6,6,0,1,A5
145,A0540,5,A,5A,Hindu,Enemies,Enemy7,2,8,F,40,4,2,6,6,1,2,5,7,2,7,5,5,8,NA,2,1,1,4,1,4,1,1,1,2,5,3,1,3,4,2,3,2,2,1,1,1,1,1,5,2,M,Hindu,1,1,1,1,1,2,1,3,4,3,2,4,1,1,3,3,3,3,2,1,2,3,2,7,4,7,4,0,1,A5
146,A0541,5,A,5A,Hindu,Enemies,Enemy1,2,1,F,41,NA,6,7,NA,7,1,7,6,1,6,7,6,1,NA,2,2,1,1,1,1,1,2,3,1,3,3,1,1,4,4,4,2,1,1,1,1,2,1,5,3,M,Muslim,1,1,2,1,2,1,3,1,2,2,1,4,1,4,1,1,2,2,1,2,2,1,1,7,2,5,7,0,0,A5
147,A0541,5,A,5A,Hindu,Enemies,Enemy2,2,17,F,41,NA,6,7,NA,7,1,7,6,1,6,7,6,1,NA,2,2,1,1,1,1,1,2,3,1,3,3,1,1,4,4,4,2,1,1,1,1,2,1,5,3,M,Muslim,1,2,1,1,1,1,4,4,1,1,1,5,1,5,1,NA,1,1,2,1,1,1,5,6,6,6,7,0,0,A5
148,A0541,5,A,5A,Hindu,Enemies,Enemy3,2,21,F,41,NA,6,7,NA,7,1,7,6,1,6,7,6,1,NA,2,2,1,1,1,1,1,2,3,1,3,3,1,1,4,4,4,2,1,1,1,1,2,1,5,3,M,Muslim,2,1,1,1,3,1,4,2,1,1,1,4,1,4,2,3,2,5,1,1,1,3,2,7,6,1,7,0,0,A5
149,A0541,5,A,5A,Hindu,Enemies,Enemy4,2,35,F,41,NA,6,7,NA,7,1,7,6,1,6,7,6,1,NA,2,2,1,1,1,1,1,2,3,1,3,3,1,1,4,4,4,2,1,1,1,1,2,1,5,3,M,NA,NA,NA,NA,NA,NA,NA,NA,NA,NA,NA,NA,NA,NA,NA,NA,NA,NA,NA,NA,NA,NA,NA,NA,NA,NA,NA,NA,0,NA,A5
150,A0541,5,A,5A,Hindu,Enemies,Enemy5,2,46,F,41,NA,6,7,NA,7,1,7,6,1,6,7,6,1,NA,2,2,1,1,1,1,1,2,3,1,3,3,1,1,4,4,4,2,1,1,1,1,2,1,5,3,F,Muslim,1,1,1,1,1,1,5,1,1,1,1,4,1,1,1,1,1,1,1,1,1,5,1,1,7,4,6,1,0,A5
151,A0542,5,A,5A,Hindu,Enemies,Enemy1,2,47,F,42,1,1,7,7,7,3,7,7,5,5,6,5,8,NA,2,1,3,1,1,2,1,4,4,1,1,4,1,1,4,5,5,2,1,4,2,1,2,2,4,4,F,Hindu,1,1,2,1,1,1,3,3,4,2,3,4,4,4,1,1,1,1,1,1,1,5,3,4,7,6,6,1,1,A5
152,A0542,5,A,5A,Hindu,Enemies,Enemy2,2,54,F,42,1,1,7,7,7,3,7,7,5,5,6,5,8,NA,2,1,3,1,1,2,1,4,4,1,1,4,1,1,4,5,5,2,1,4,2,1,2,2,4,4,F,Hindu,1,1,3,1,1,1,4,1,2,1,1,4,4,4,3,1,1,1,1,1,1,5,2,1,7,7,6,1,1,A5
153,A0542,5,A,5A,Hindu,Enemies,Enemy3,2,55,F,42,1,1,7,7,7,3,7,7,5,5,6,5,8,NA,2,1,3,1,1,2,1,4,4,1,1,4,1,1,4,5,5,2,1,4,2,1,2,2,4,4,F,Hindu,1,1,2,2,2,1,2,1,4,3,1,4,3,2,3,4,1,2,1,2,1,4,3,1,4,6,4,1,1,A5
154,A0542,5,A,5A,Hindu,Enemies,Enemy4,2,56,F,42,1,1,7,7,7,3,7,7,5,5,6,5,8,NA,2,1,3,1,1,2,1,4,4,1,1,4,1,1,4,5,5,2,1,4,2,1,2,2,4,4,F,Hindu,2,3,1,1,2,1,2,1,1,2,2,3,4,2,2,2,1,1,1,1,2,1,2,6,7,5,6,1,1,A5
155,A0543,5,A,5A,Muslim,Enemies,Enemy1,2,41,F,43,6,NA,7,6,2,7,1,6,6,7,NA,1,NA,SUNNI,2,1,1,1,1,1,1,2,3,4,1,1,2,1,4,7,5,1,1,1,1,1,1,1,5,5,F,Hindu,2,1,1,1,1,1,3,1,3,3,1,4,4,4,2,1,1,1,1,2,1,5,3,6,7,7,1,1,0,A5
156,A0544,5,A,5A,Muslim,Enemies,Enemy1,2,1,F,44,3,2,6,7,3,6,6,7,2,3,3,4,8,NA,2,1,3,1,1,1,1,2,5,1,3,5,2,1,4,3,3,3,1,1,1,1,1,1,3,5,M,Muslim,1,1,2,1,2,1,3,1,2,2,1,4,1,4,1,1,2,2,1,2,2,1,1,7,2,5,7,0,1,A5
157,A0544,5,A,5A,Muslim,Enemies,Enemy2,2,54,F,44,3,2,6,7,3,6,6,7,2,3,3,4,8,NA,2,1,3,1,1,1,1,2,5,1,3,5,2,1,4,3,3,3,1,1,1,1,1,1,3,5,F,Hindu,1,1,3,1,1,1,4,1,2,1,1,4,4,4,3,1,1,1,1,1,1,5,2,1,7,7,6,1,0,A5
158,A0544,5,A,5A,Muslim,Enemies,Enemy3,2,64,F,44,3,2,6,7,3,6,6,7,2,3,3,4,8,NA,2,1,3,1,1,1,1,2,5,1,3,5,2,1,4,3,3,3,1,1,1,1,1,1,3,5,F,Muslim,4,1,3,2,2,1,4,1,1,1,1,4,4,4,4,1,3,5,1,1,1,3,5,2,4,2,7,1,1,A5
159,A0545,5,A,5A,Hindu,Enemies,Enemy1,2,40,F,45,1,6,7,5,7,2,7,5,3,5,2,3,8,NA,2,3,2,2,1,1,1,2,3,1,5,4,1,1,4,4,6,2,3,4,1,2,2,2,4,1,F,Hindu,1,1,4,1,4,1,1,2,5,3,3,4,2,3,2,2,1,1,1,1,1,5,2,2,6,1,2,1,1,A5
160,A0545,5,A,5A,Hindu,Enemies,Enemy2,2,42,F,45,1,6,7,5,7,2,7,5,3,5,2,3,8,NA,2,3,2,2,1,1,1,2,3,1,5,4,1,1,4,4,6,2,3,4,1,2,2,2,4,1,F,Hindu,1,3,1,1,2,1,4,1,1,4,1,4,5,5,2,1,4,2,1,2,2,4,4,1,7,7,3,1,1,A5
161,A0545,5,A,5A,Hindu,Enemies,Enemy3,2,46,F,45,1,6,7,5,7,2,7,5,3,5,2,3,8,NA,2,3,2,2,1,1,1,2,3,1,5,4,1,1,4,4,6,2,3,4,1,2,2,2,4,1,F,Muslim,1,1,1,1,1,1,5,1,1,1,1,4,1,1,1,1,1,1,1,1,1,5,1,1,7,4,6,1,0,A5
162,A0545,5,A,5A,Hindu,Enemies,Enemy4,2,48,F,45,1,6,7,5,7,2,7,5,3,5,2,3,8,NA,2,3,2,2,1,1,1,2,3,1,5,4,1,1,4,4,6,2,3,4,1,2,2,2,4,1,F,Hindu,3,5,1,1,4,2,NA,1,2,NA,2,4,7,4,3,3,4,1,1,1,1,4,4,1,7,6,2,1,1,A5
163,A0545,5,A,5A,Hindu,Enemies,Enemy5,2,49,F,45,1,6,7,5,7,2,7,5,3,5,2,3,8,NA,2,3,2,2,1,1,1,2,3,1,5,4,1,1,4,4,6,2,3,4,1,2,2,2,4,1,F,Hindu,1,2,3,1,1,1,4,3,2,2,2,4,1,2,2,1,1,1,2,1,2,5,3,4,7,7,5,1,1,A5
164,A0545,5,A,5A,Hindu,Enemies,Enemy6,2,50,F,45,1,6,7,5,7,2,7,5,3,5,2,3,8,NA,2,3,2,2,1,1,1,2,3,1,5,4,1,1,4,4,6,2,3,4,1,2,2,2,4,1,F,Muslim,1,1,1,1,1,1,2,1,2,1,1,4,1,4,3,2,1,1,2,1,1,5,3,1,7,2,7,1,0,A5
165,A0545,5,A,5A,Hindu,Enemies,Enemy7,2,52,F,45,1,6,7,5,7,2,7,5,3,5,2,3,8,NA,2,3,2,2,1,1,1,2,3,1,5,4,1,1,4,4,6,2,3,4,1,2,2,2,4,1,F,Hindu,1,2,4,1,2,1,4,1,2,4,1,4,4,4,3,1,1,2,1,2,4,2,4,2,7,7,1,1,1,A5
166,A0546,5,A,5A,Muslim,Enemies,Enemy1,2,45,F,46,1,1,7,4,4,6,6,6,4,4,5,4,7,SUNI,2,1,1,1,1,1,1,2,5,1,1,1,2,1,4,1,1,1,1,1,1,1,1,1,5,1,F,Hindu,3,2,2,1,1,1,3,1,5,4,1,4,4,6,2,3,4,1,2,2,2,4,1,6,7,7,2,1,0,A5
167,A0547,5,A,5A,Hindu,Enemies,Enemy1,2,11,F,47,1,4,7,7,6,6,4,4,4,4,1,1,1,NA,2,1,1,2,1,1,1,4,3,3,4,2,1,3,4,4,4,1,1,1,1,1,1,1,5,3,M,Muslim,1,1,1,1,1,1,4,1,1,1,1,4,1,1,1,2,1,1,1,1,1,1,5,7,1,2,7,0,0,A5
168,A0547,5,A,5A,Hindu,Enemies,Enemy2,2,17,F,47,1,4,7,7,6,6,4,4,4,4,1,1,1,NA,2,1,1,2,1,1,1,4,3,3,4,2,1,3,4,4,4,1,1,1,1,1,1,1,5,3,M,Muslim,1,2,1,1,1,1,4,4,1,1,1,5,1,5,1,NA,1,1,2,1,1,1,5,6,6,6,7,0,0,A5
169,A0548,5,A,5A,Hindu,Enemies,Enemy1,2,8,F,48,3,1,7,6,6,2,6,6,2,2,4,6,7,NA,2,3,5,1,1,4,2,1,NA,1,2,NA,1,2,4,7,4,3,3,4,1,1,1,1,4,4,M,Hindu,1,1,1,1,1,2,1,3,4,3,2,4,1,1,3,3,3,3,2,1,2,3,2,7,4,7,4,0,1,A5
170,A0548,5,A,5A,Hindu,Enemies,Enemy2,2,41,F,48,3,1,7,6,6,2,6,6,2,2,4,6,7,NA,2,3,5,1,1,4,2,1,NA,1,2,NA,1,2,4,7,4,3,3,4,1,1,1,1,4,4,F,Hindu,2,1,1,1,1,1,3,1,3,3,1,4,4,4,2,1,1,1,1,2,1,5,3,6,7,7,1,1,1,A5
171,A0548,5,A,5A,Hindu,Enemies,Enemy3,2,49,F,48,3,1,7,6,6,2,6,6,2,2,4,6,7,NA,2,3,5,1,1,4,2,1,NA,1,2,NA,1,2,4,7,4,3,3,4,1,1,1,1,4,4,F,Hindu,1,2,3,1,1,1,4,3,2,2,2,4,1,2,2,1,1,1,2,1,2,5,3,4,7,7,5,1,1,A5
172,A0549,5,A,5A,Hindu,Enemies,Enemy1,2,48,F,49,2,4,7,6,7,5,6,5,5,5,4,4,1,NA,2,1,2,3,1,1,1,1,4,3,2,2,1,2,4,1,2,2,1,1,1,2,1,2,5,3,F,Hindu,3,5,1,1,4,2,NA,1,2,NA,2,4,7,4,3,3,4,1,1,1,1,4,4,1,7,6,2,1,1,A5
173,A0550,5,A,5A,Muslim,Enemies,Enemy1,2,43,F,50,1,1,7,7,2,7,7,7,6,5,3,6,8,NA,2,1,1,1,1,1,1,4,2,1,2,1,2,1,4,1,4,3,2,1,1,2,1,1,5,3,F,Muslim,1,1,1,1,1,1,3,4,1,1,1,4,7,5,1,1,1,1,1,1,1,5,5,NA,7,2,7,1,1,A5
174,A0551,5,A,5A,Hindu,Enemies,Enemy1,2,1,F,51,2,1,7,NA,7,4,7,6,NA,6,2,3,1,NA,2,2,4,3,1,3,1,1,3,1,4,1,1,1,4,4,4,2,1,1,1,2,1,1,5,2,M,Muslim,1,1,2,1,2,1,3,1,2,2,1,4,1,4,1,1,2,2,1,2,2,1,1,7,2,5,7,0,0,A5
175,A0551,5,A,5A,Hindu,Enemies,Enemy2,2,11,F,51,2,1,7,NA,7,4,7,6,NA,6,2,3,1,NA,2,2,4,3,1,3,1,1,3,1,4,1,1,1,4,4,4,2,1,1,1,2,1,1,5,2,M,Muslim,1,1,1,1,1,1,4,1,1,1,1,4,1,1,1,2,1,1,1,1,1,1,5,7,1,2,7,0,0,A5
176,A0551,5,A,5A,Hindu,Enemies,Enemy3,2,13,F,51,2,1,7,NA,7,4,7,6,NA,6,2,3,1,NA,2,2,4,3,1,3,1,1,3,1,4,1,1,1,4,4,4,2,1,1,1,2,1,1,5,2,M,Hindu,1,1,1,1,1,1,3,1,4,3,1,3,4,3,2,1,1,1,1,1,1,2,2,7,6,7,7,0,1,A5
177,A0551,5,A,5A,Hindu,Enemies,Enemy4,2,17,F,51,2,1,7,NA,7,4,7,6,NA,6,2,3,1,NA,2,2,4,3,1,3,1,1,3,1,4,1,1,1,4,4,4,2,1,1,1,2,1,1,5,2,M,Muslim,1,2,1,1,1,1,4,4,1,1,1,5,1,5,1,NA,1,1,2,1,1,1,5,6,6,6,7,0,0,A5
178,A0551,5,A,5A,Hindu,Enemies,Enemy5,2,21,F,51,2,1,7,NA,7,4,7,6,NA,6,2,3,1,NA,2,2,4,3,1,3,1,1,3,1,4,1,1,1,4,4,4,2,1,1,1,2,1,1,5,2,M,Muslim,2,1,1,1,3,1,4,2,1,1,1,4,1,4,2,3,2,5,1,1,1,3,2,7,6,1,7,0,0,A5
179,A0551,5,A,5A,Hindu,Enemies,Enemy6,2,24,F,51,2,1,7,NA,7,4,7,6,NA,6,2,3,1,NA,2,2,4,3,1,3,1,1,3,1,4,1,1,1,4,4,4,2,1,1,1,2,1,1,5,2,M,Hindu,1,1,1,2,1,1,2,1,1,1,1,4,4,4,5,1,1,1,1,1,1,3,3,7,1,7,1,0,1,A5
180,A0551,5,A,5A,Hindu,Enemies,Enemy7,2,28,F,51,2,1,7,NA,7,4,7,6,NA,6,2,3,1,NA,2,2,4,3,1,3,1,1,3,1,4,1,1,1,4,4,4,2,1,1,1,2,1,1,5,2,M,Muslim,3,2,5,1,3,1,4,1,5,1,2,4,1,4,3,1,1,1,1,5,1,5,5,7,1,5,6,0,0,A5
181,A0552,5,A,5A,Hindu,Enemies,Enemy1,2,1,F,52,2,2,7,7,7,1,6,5,4,7,7,3,8,NA,2,1,2,4,1,2,1,1,4,1,2,4,1,1,4,4,4,3,1,1,2,1,2,4,2,4,M,Muslim,1,1,2,1,2,1,3,1,2,2,1,4,1,4,1,1,2,2,1,2,2,1,1,7,2,5,7,0,0,A5
182,A0552,5,A,5A,Hindu,Enemies,Enemy2,2,2,F,52,2,2,7,7,7,1,6,5,4,7,7,3,8,NA,2,1,2,4,1,2,1,1,4,1,2,4,1,1,4,4,4,3,1,1,2,1,2,4,2,4,M,Muslim,1,2,1,1,1,1,1,1,1,5,1,4,4,4,2,2,1,1,1,1,1,1,2,7,5,6,7,0,0,A5
183,A0552,5,A,5A,Hindu,Enemies,Enemy3,2,3,F,52,2,2,7,7,7,1,6,5,4,7,7,3,8,NA,2,1,2,4,1,2,1,1,4,1,2,4,1,1,4,4,4,3,1,1,2,1,2,4,2,4,M,Muslim,1,1,1,1,2,1,4,1,1,1,3,4,4,4,3,1,1,1,1,1,3,3,1,7,6,2,7,0,0,A5
184,A0552,5,A,5A,Hindu,Enemies,Enemy4,2,45,F,52,2,2,7,7,7,1,6,5,4,7,7,3,8,NA,2,1,2,4,1,2,1,1,4,1,2,4,1,1,4,4,4,3,1,1,2,1,2,4,2,4,F,Hindu,3,2,2,1,1,1,3,1,5,4,1,4,4,6,2,3,4,1,2,2,2,4,1,6,7,7,2,1,1,A5
185,A0552,5,A,5A,Hindu,Enemies,Enemy5,2,50,F,52,2,2,7,7,7,1,6,5,4,7,7,3,8,NA,2,1,2,4,1,2,1,1,4,1,2,4,1,1,4,4,4,3,1,1,2,1,2,4,2,4,F,Muslim,1,1,1,1,1,1,2,1,2,1,1,4,1,4,3,2,1,1,2,1,1,5,3,1,7,2,7,1,0,A5
186,A0552,5,A,5A,Hindu,Enemies,Enemy6,2,55,F,52,2,2,7,7,7,1,6,5,4,7,7,3,8,NA,2,1,2,4,1,2,1,1,4,1,2,4,1,1,4,4,4,3,1,1,2,1,2,4,2,4,F,Hindu,1,1,2,2,2,1,2,1,4,3,1,4,3,2,3,4,1,2,1,2,1,4,3,1,4,6,4,1,1,A5
187,A0552,5,A,5A,Hindu,Enemies,Enemy7,2,56,F,52,2,2,7,7,7,1,6,5,4,7,7,3,8,NA,2,1,2,4,1,2,1,1,4,1,2,4,1,1,4,4,4,3,1,1,2,1,2,4,2,4,F,Hindu,2,3,1,1,2,1,2,1,1,2,2,3,4,2,2,2,1,1,1,1,2,1,2,6,7,5,6,1,1,A5
188,A0554,5,A,5A,Hindu,Enemies,Enemy1,2,41,F,54,1,1,7,6,7,6,7,7,4,7,6,5,8,NA,2,1,1,3,1,1,1,1,4,1,2,1,1,1,4,4,4,3,1,1,1,1,1,1,5,2,F,Hindu,2,1,1,1,1,1,3,1,3,3,1,4,4,4,2,1,1,1,1,2,1,5,3,6,7,7,1,1,1,A5
189,A0554,5,A,5A,Hindu,Enemies,Enemy2,2,64,F,54,1,1,7,6,7,6,7,7,4,7,6,5,8,NA,2,1,1,3,1,1,1,1,4,1,2,1,1,1,4,4,4,3,1,1,1,1,1,1,5,2,F,Muslim,4,1,3,2,2,1,4,1,1,1,1,4,4,4,4,1,3,5,1,1,1,3,5,2,4,2,7,1,0,A5
190,A0555,5,A,5A,Hindu,Enemies,Enemy1,2,42,F,55,2,1,4,6,6,4,7,7,5,3,6,2,8,NA,2,1,1,2,2,2,1,1,2,1,4,3,1,1,4,3,2,3,4,1,2,1,2,1,4,3,F,Hindu,1,3,1,1,2,1,4,1,1,4,1,4,5,5,2,1,4,2,1,2,2,4,4,1,7,7,3,1,1,A5
191,A0558,5,A,5A,Muslim,Enemies,Enemy1,2,11,F,58,2,1,7,7,5,7,6,7,5,2,5,6,7,SUNY/MUSLIM,2,1,1,2,1,1,2,2,4,1,1,4,2,1,7,1,7,5,2,5,3,3,1,1,3,4,M,Muslim,1,1,1,1,1,1,4,1,1,1,1,4,1,1,1,2,1,1,1,1,1,1,5,7,1,2,7,0,1,A5
192,A0558,5,A,5A,Muslim,Enemies,Enemy2,2,12,F,58,2,1,7,7,5,7,6,7,5,2,5,6,7,SUNY/MUSLIM,2,1,1,2,1,1,2,2,4,1,1,4,2,1,7,1,7,5,2,5,3,3,1,1,3,4,M,Hindu,2,3,4,1,2,1,5,5,1,4,1,4,1,5,3,4,1,1,3,2,5,1,3,7,4,3,4,0,0,A5
193,A0558,5,A,5A,Muslim,Enemies,Enemy3,2,17,F,58,2,1,7,7,5,7,6,7,5,2,5,6,7,SUNY/MUSLIM,2,1,1,2,1,1,2,2,4,1,1,4,2,1,7,1,7,5,2,5,3,3,1,1,3,4,M,Muslim,1,2,1,1,1,1,4,4,1,1,1,5,1,5,1,NA,1,1,2,1,1,1,5,6,6,6,7,0,1,A5
194,A0558,5,A,5A,Muslim,Enemies,Enemy4,2,20,F,58,2,1,7,7,5,7,6,7,5,2,5,6,7,SUNY/MUSLIM,2,1,1,2,1,1,2,2,4,1,1,4,2,1,7,1,7,5,2,5,3,3,1,1,3,4,M,Muslim,3,1,1,1,3,2,4,2,1,2,1,4,1,5,3,1,2,2,3,2,3,4,3,6,4,1,7,0,1,A5
195,A0558,5,A,5A,Muslim,Enemies,Enemy5,2,44,F,58,2,1,7,7,5,7,6,7,5,2,5,6,7,SUNY/MUSLIM,2,1,1,2,1,1,2,2,4,1,1,4,2,1,7,1,7,5,2,5,3,3,1,1,3,4,F,Muslim,1,3,1,1,1,1,5,1,3,5,1,4,3,3,3,1,1,1,1,1,1,3,5,2,6,3,6,1,1,A5
196,A0558,5,A,5A,Muslim,Enemies,Enemy6,2,52,F,58,2,1,7,7,5,7,6,7,5,2,5,6,7,SUNY/MUSLIM,2,1,1,2,1,1,2,2,4,1,1,4,2,1,7,1,7,5,2,5,3,3,1,1,3,4,F,Hindu,1,2,4,1,2,1,4,1,2,4,1,4,4,4,3,1,1,2,1,2,4,2,4,2,7,7,1,1,0,A5
197,A0558,5,A,5A,Muslim,Enemies,Enemy7,2,55,F,58,2,1,7,7,5,7,6,7,5,2,5,6,7,SUNY/MUSLIM,2,1,1,2,1,1,2,2,4,1,1,4,2,1,7,1,7,5,2,5,3,3,1,1,3,4,F,Hindu,1,1,2,2,2,1,2,1,4,3,1,4,3,2,3,4,1,2,1,2,1,4,3,1,4,6,4,1,0,A5
198,A0559,5,A,5A,Muslim,Enemies,Enemy1,2,1,F,59,2,4,6,6,2,6,6,6,5,5,2,3,7,SUNNI,2,1,2,2,3,1,1,2,4,4,1,2,2,1,4,4,4,1,1,1,4,1,1,1,2,1,M,Muslim,1,1,2,1,2,1,3,1,2,2,1,4,1,4,1,1,2,2,1,2,2,1,1,7,2,5,7,0,1,A5
199,A0559,5,A,5A,Muslim,Enemies,Enemy2,2,11,F,59,2,4,6,6,2,6,6,6,5,5,2,3,7,SUNNI,2,1,2,2,3,1,1,2,4,4,1,2,2,1,4,4,4,1,1,1,4,1,1,1,2,1,M,Muslim,1,1,1,1,1,1,4,1,1,1,1,4,1,1,1,2,1,1,1,1,1,1,5,7,1,2,7,0,1,A5
200,A0559,5,A,5A,Muslim,Enemies,Enemy3,2,19,F,59,2,4,6,6,2,6,6,6,5,5,2,3,7,SUNNI,2,1,2,2,3,1,1,2,4,4,1,2,2,1,4,4,4,1,1,1,4,1,1,1,2,1,M,Muslim,1,1,1,1,1,1,1,1,1,1,1,1,1,7,5,1,1,2,1,1,1,5,1,7,1,1,7,0,1,A5
201,A0559,5,A,5A,Muslim,Enemies,Enemy4,2,20,F,59,2,4,6,6,2,6,6,6,5,5,2,3,7,SUNNI,2,1,2,2,3,1,1,2,4,4,1,2,2,1,4,4,4,1,1,1,4,1,1,1,2,1,M,Muslim,3,1,1,1,3,2,4,2,1,2,1,4,1,5,3,1,2,2,3,2,3,4,3,6,4,1,7,0,1,A5
202,A0559,5,A,5A,Muslim,Enemies,Enemy5,2,27,F,59,2,4,6,6,2,6,6,6,5,5,2,3,7,SUNNI,2,1,2,2,3,1,1,2,4,4,1,2,2,1,4,4,4,1,1,1,4,1,1,1,2,1,M,Muslim,2,1,1,1,1,1,3,1,1,1,1,4,3,3,2,1,2,1,1,1,1,5,5,7,1,1,7,0,1,A5
203,A0559,5,A,5A,Muslim,Enemies,Enemy6,2,29,F,59,2,4,6,6,2,6,6,6,5,5,2,3,7,SUNNI,2,1,2,2,3,1,1,2,4,4,1,2,2,1,4,4,4,1,1,1,4,1,1,1,2,1,M,Muslim,NA,3,NA,2,3,1,4,1,1,5,1,7,7,7,1,1,3,1,1,1,5,1,3,7,7,NA,7,0,1,A5
204,A0559,5,A,5A,Muslim,Enemies,Enemy7,2,32,F,59,2,4,6,6,2,6,6,6,5,5,2,3,7,SUNNI,2,1,2,2,3,1,1,2,4,4,1,2,2,1,4,4,4,1,1,1,4,1,1,1,2,1,M,Muslim,1,1,1,1,1,1,2,1,1,1,1,4,1,7,5,1,1,1,1,1,3,3,5,7,1,5,7,0,1,A5
205,A0560,5,A,5A,Hindu,Enemies,Enemy1,2,12,F,60,1,1,7,5,7,7,5,6,6,1,7,1,1,NA,2,2,1,1,3,2,1,2,4,1,3,2,1,1,7,2,5,5,2,5,3,2,1,1,3,4,M,Hindu,2,3,4,1,2,1,5,5,1,4,1,4,1,5,3,4,1,1,3,2,5,1,3,7,4,3,4,0,1,A5
206,A0560,5,A,5A,Hindu,Enemies,Enemy2,2,17,F,60,1,1,7,5,7,7,5,6,6,1,7,1,1,NA,2,2,1,1,3,2,1,2,4,1,3,2,1,1,7,2,5,5,2,5,3,2,1,1,3,4,M,Muslim,1,2,1,1,1,1,4,4,1,1,1,5,1,5,1,NA,1,1,2,1,1,1,5,6,6,6,7,0,0,A5
207,A0560,5,A,5A,Hindu,Enemies,Enemy3,2,24,F,60,1,1,7,5,7,7,5,6,6,1,7,1,1,NA,2,2,1,1,3,2,1,2,4,1,3,2,1,1,7,2,5,5,2,5,3,2,1,1,3,4,M,Hindu,1,1,1,2,1,1,2,1,1,1,1,4,4,4,5,1,1,1,1,1,1,3,3,7,1,7,1,0,1,A5
208,A0560,5,A,5A,Hindu,Enemies,Enemy4,2,39,F,60,1,1,7,5,7,7,5,6,6,1,7,1,1,NA,2,2,1,1,3,2,1,2,4,1,3,2,1,1,7,2,5,5,2,5,3,2,1,1,3,4,F,Muslim,1,1,1,1,1,1,1,4,4,4,2,7,7,7,1,1,5,1,1,1,1,3,1,2,7,6,6,1,0,A5
209,A0560,5,A,5A,Hindu,Enemies,Enemy5,2,43,F,60,1,1,7,5,7,7,5,6,6,1,7,1,1,NA,2,2,1,1,3,2,1,2,4,1,3,2,1,1,7,2,5,5,2,5,3,2,1,1,3,4,F,Muslim,1,1,1,1,1,1,3,4,1,1,1,4,7,5,1,1,1,1,1,1,1,5,5,NA,7,2,7,1,0,A5
210,A0560,5,A,5A,Hindu,Enemies,Enemy6,2,45,F,60,1,1,7,5,7,7,5,6,6,1,7,1,1,NA,2,2,1,1,3,2,1,2,4,1,3,2,1,1,7,2,5,5,2,5,3,2,1,1,3,4,F,Hindu,3,2,2,1,1,1,3,1,5,4,1,4,4,6,2,3,4,1,2,2,2,4,1,6,7,7,2,1,1,A5
211,A0560,5,A,5A,Hindu,Enemies,Enemy7,2,47,F,60,1,1,7,5,7,7,5,6,6,1,7,1,1,NA,2,2,1,1,3,2,1,2,4,1,3,2,1,1,7,2,5,5,2,5,3,2,1,1,3,4,F,Hindu,1,1,2,1,1,1,3,3,4,2,3,4,4,4,1,1,1,1,1,1,1,5,3,4,7,6,6,1,1,A5
212,A0563,5,A,5A,Hindu,Enemies,Enemy1,2,45,F,63,5,2,6,6,7,1,6,7,5,6,5,3,1,NA,2,2,2,4,1,2,1,1,3,1,3,5,1,1,4,4,4,3,1,1,2,1,1,1,4,4,F,Hindu,3,2,2,1,1,1,3,1,5,4,1,4,4,6,2,3,4,1,2,2,2,4,1,6,7,7,2,1,1,A5
213,A0563,5,A,5A,Hindu,Enemies,Enemy2,2,48,F,63,5,2,6,6,7,1,6,7,5,6,5,3,1,NA,2,2,2,4,1,2,1,1,3,1,3,5,1,1,4,4,4,3,1,1,2,1,1,1,4,4,F,Hindu,3,5,1,1,4,2,NA,1,2,NA,2,4,7,4,3,3,4,1,1,1,1,4,4,1,7,6,2,1,1,A5
214,A0564,5,A,5A,Muslim,Enemies,Enemy1,2,9,F,64,2,2,4,7,2,7,6,4,5,5,3,1,7,SUNNE,2,4,1,3,2,2,1,1,4,1,1,1,2,1,4,4,4,4,1,3,5,1,1,1,3,5,M,Hindu,1,1,1,1,1,1,3,1,5,2,3,4,2,3,1,1,1,1,2,1,5,5,2,6,2,7,1,0,0,A5
215,A0564,5,A,5A,Muslim,Enemies,Enemy2,2,11,F,64,2,2,4,7,2,7,6,4,5,5,3,1,7,SUNNE,2,4,1,3,2,2,1,1,4,1,1,1,2,1,4,4,4,4,1,3,5,1,1,1,3,5,M,Muslim,1,1,1,1,1,1,4,1,1,1,1,4,1,1,1,2,1,1,1,1,1,1,5,7,1,2,7,0,1,A5
216,A0564,5,A,5A,Muslim,Enemies,Enemy3,2,13,F,64,2,2,4,7,2,7,6,4,5,5,3,1,7,SUNNE,2,4,1,3,2,2,1,1,4,1,1,1,2,1,4,4,4,4,1,3,5,1,1,1,3,5,M,Hindu,1,1,1,1,1,1,3,1,4,3,1,3,4,3,2,1,1,1,1,1,1,2,2,7,6,7,7,0,0,A5
217,A0564,5,A,5A,Muslim,Enemies,Enemy4,2,33,F,64,2,2,4,7,2,7,6,4,5,5,3,1,7,SUNNE,2,4,1,3,2,2,1,1,4,1,1,1,2,1,4,4,4,4,1,3,5,1,1,1,3,5,M,Hindu,1,1,1,1,1,1,3,1,1,2,1,4,6,7,1,1,1,1,1,1,5,5,1,7,1,7,5,0,0,A5
218,A0564,5,A,5A,Muslim,Enemies,Enemy5,2,35,F,64,2,2,4,7,2,7,6,4,5,5,3,1,7,SUNNE,2,4,1,3,2,2,1,1,4,1,1,1,2,1,4,4,4,4,1,3,5,1,1,1,3,5,M,NA,NA,NA,NA,NA,NA,NA,NA,NA,NA,NA,NA,NA,NA,NA,NA,NA,NA,NA,NA,NA,NA,NA,NA,NA,NA,NA,NA,0,NA,A5
219,A0564,5,A,5A,Muslim,Enemies,Enemy6,2,42,F,64,2,2,4,7,2,7,6,4,5,5,3,1,7,SUNNE,2,4,1,3,2,2,1,1,4,1,1,1,2,1,4,4,4,4,1,3,5,1,1,1,3,5,F,Hindu,1,3,1,1,2,1,4,1,1,4,1,4,5,5,2,1,4,2,1,2,2,4,4,1,7,7,3,1,0,A5
220,A0564,5,A,5A,Muslim,Enemies,Enemy7,2,49,F,64,2,2,4,7,2,7,6,4,5,5,3,1,7,SUNNE,2,4,1,3,2,2,1,1,4,1,1,1,2,1,4,4,4,4,1,3,5,1,1,1,3,5,F,Hindu,1,2,3,1,1,1,4,3,2,2,2,4,1,2,2,1,1,1,2,1,2,5,3,4,7,7,5,1,0,A5
221,B0501,5,B,5B,Hindu,Enemies,Enemy1,2,6,M,1,4,7,6,2,6,6,5,5,5,5,7,4,8,NA,1,5,5,4,3,5,2,4,4,5,5,4,1,4,6,4,4,1,1,1,2,1,1,1,5,3,M,NA,NA,NA,NA,NA,NA,NA,NA,NA,NA,NA,NA,NA,NA,NA,NA,NA,NA,NA,NA,NA,NA,NA,NA,NA,NA,NA,NA,1,NA,B5
222,B0501,5,B,5B,Hindu,Enemies,Enemy2,2,12,M,1,4,7,6,2,6,6,5,5,5,5,7,4,8,NA,1,5,5,4,3,5,2,4,4,5,5,4,1,4,6,4,4,1,1,1,2,1,1,1,5,3,M,Hindu,1,1,2,1,1,1,4,1,5,2,1,4,4,1,2,1,1,1,1,1,1,5,1,7,1,7,1,1,1,B5
223,B0501,5,B,5B,Hindu,Enemies,Enemy3,2,33,M,1,4,7,6,2,6,6,5,5,5,5,7,4,8,NA,1,5,5,4,3,5,2,4,4,5,5,4,1,4,6,4,4,1,1,1,2,1,1,1,5,3,M,Hindu,1,5,1,1,1,1,2,1,2,1,1,6,4,5,1,5,4,1,2,5,3,1,3,7,1,7,1,1,1,B5
224,B0501,5,B,5B,Hindu,Enemies,Enemy4,2,43,M,1,4,7,6,2,6,6,5,5,5,5,7,4,8,NA,1,5,5,4,3,5,2,4,4,5,5,4,1,4,6,4,4,1,1,1,2,1,1,1,5,3,F,Muslim,3,1,1,1,1,1,3,1,1,1,1,4,4,4,3,1,2,2,1,1,2,5,3,1,7,4,7,0,0,B5
225,B0501,5,B,5B,Hindu,Enemies,Enemy5,2,51,M,1,4,7,6,2,6,6,5,5,5,5,7,4,8,NA,1,5,5,4,3,5,2,4,4,5,5,4,1,4,6,4,4,1,1,1,2,1,1,1,5,3,F,Hindu,2,2,2,1,1,1,3,3,2,2,1,4,4,3,3,2,2,2,2,1,1,5,2,4,7,6,5,0,1,B5
226,B0501,5,B,5B,Hindu,Enemies,Enemy6,2,59,M,1,4,7,6,2,6,6,5,5,5,5,7,4,8,NA,1,5,5,4,3,5,2,4,4,5,5,4,1,4,6,4,4,1,1,1,2,1,1,1,5,3,F,Hindu,1,1,1,1,1,1,4,1,3,2,1,3,1,1,1,1,1,2,1,1,2,4,3,1,7,7,6,0,1,B5
227,B0501,5,B,5B,Hindu,Enemies,Enemy7,2,64,M,1,4,7,6,2,6,6,5,5,5,5,7,4,8,NA,1,5,5,4,3,5,2,4,4,5,5,4,1,4,6,4,4,1,1,1,2,1,1,1,5,3,F,other,1,1,4,2,1,1,4,2,1,1,1,4,4,4,4,1,1,1,1,1,NA,5,5,1,7,4,7,0,0,B5
228,B0504,5,B,5B,Muslim,Enemies,Enemy1,2,19,M,4,5,6,6,6,6,7,7,6,6,5,6,6,7,SUNNI,1,1,1,2,1,1,1,2,3,1,1,1,2,1,4,2,4,1,1,1,2,2,1,1,5,5,M,Hindu,1,4,2,1,2,1,4,1,5,2,1,4,4,2,3,2,1,2,3,1,2,5,3,4,4,7,3,1,0,B5
229,B0504,5,B,5B,Muslim,Enemies,Enemy2,2,30,M,4,5,6,6,6,6,7,7,6,6,5,6,6,7,SUNNI,1,1,1,2,1,1,1,2,3,1,1,1,2,1,4,2,4,1,1,1,2,2,1,1,5,5,M,Muslim,2,1,3,2,2,1,3,1,2,2,3,7,7,7,2,1,1,1,1,1,1,5,3,7,1,7,6,1,1,B5
230,B0504,5,B,5B,Muslim,Enemies,Enemy3,2,32,M,4,5,6,6,6,6,7,7,6,6,5,6,6,7,SUNNI,1,1,1,2,1,1,1,2,3,1,1,1,2,1,4,2,4,1,1,1,2,2,1,1,5,5,M,Hindu,1,1,1,1,1,1,4,1,5,3,1,4,4,4,1,1,1,1,3,1,1,5,1,7,1,7,5,1,0,B5
231,B0504,5,B,5B,Muslim,Enemies,Enemy4,2,42,M,4,5,6,6,6,6,7,7,6,6,5,6,6,7,SUNNI,1,1,1,2,1,1,1,2,3,1,1,1,2,1,4,2,4,1,1,1,2,2,1,1,5,5,F,Hindu,1,4,1,1,1,1,4,1,2,1,1,4,4,7,1,1,1,1,1,1,1,5,3,4,4,7,6,0,0,B5
232,B0504,5,B,5B,Muslim,Enemies,Enemy5,2,58,M,4,5,6,6,6,6,7,7,6,6,5,6,6,7,SUNNI,1,1,1,2,1,1,1,2,3,1,1,1,2,1,4,2,4,1,1,1,2,2,1,1,5,5,F,Hindu,1,1,1,1,1,1,4,1,3,3,1,4,4,4,1,1,1,2,1,1,1,5,5,1,7,7,5,0,0,B5
233,B0504,5,B,5B,Muslim,Enemies,Enemy6,2,59,M,4,5,6,6,6,6,7,7,6,6,5,6,6,7,SUNNI,1,1,1,2,1,1,1,2,3,1,1,1,2,1,4,2,4,1,1,1,2,2,1,1,5,5,F,Hindu,1,1,1,1,1,1,4,1,3,2,1,3,1,1,1,1,1,2,1,1,2,4,3,1,7,7,6,0,0,B5
234,B0505,5,B,5B,Muslim,Enemies,Enemy1,2,1,M,5,5,7,1,4,NA,2,6,4,5,6,3,5,8,NA,1,2,2,3,1,1,1,1,3,2,1,1,2,1,4,2,4,1,2,4,1,3,1,1,4,5,M,Hindu,5,5,4,3,5,2,4,5,5,4,4,6,4,4,1,1,1,2,1,1,1,5,3,7,6,6,6,1,0,B5
235,B0505,5,B,5B,Muslim,Enemies,Enemy2,2,15,M,5,5,7,1,4,NA,2,6,4,5,6,3,5,8,NA,1,2,2,3,1,1,1,1,3,2,1,1,2,1,4,2,4,1,2,4,1,3,1,1,4,5,M,Muslim,1,1,1,1,1,1,4,1,1,1,1,4,1,1,1,1,1,1,1,5,1,5,3,7,6,1,4,1,1,B5
236,B0505,5,B,5B,Muslim,Enemies,Enemy3,2,18,M,5,5,7,1,4,NA,2,6,4,5,6,3,5,8,NA,1,2,2,3,1,1,1,1,3,2,1,1,2,1,4,2,4,1,2,4,1,3,1,1,4,5,M,Muslim,1,1,2,1,1,1,4,1,1,1,1,4,3,4,1,1,1,2,1,1,2,4,3,6,4,6,6,1,1,B5
237,B0505,5,B,5B,Muslim,Enemies,Enemy4,2,19,M,5,5,7,1,4,NA,2,6,4,5,6,3,5,8,NA,1,2,2,3,1,1,1,1,3,2,1,1,2,1,4,2,4,1,2,4,1,3,1,1,4,5,M,Hindu,1,4,2,1,2,1,4,1,5,2,1,4,4,2,3,2,1,2,3,1,2,5,3,4,4,7,3,1,0,B5
238,B0505,5,B,5B,Muslim,Enemies,Enemy5,2,27,M,5,5,7,1,4,NA,2,6,4,5,6,3,5,8,NA,1,2,2,3,1,1,1,1,3,2,1,1,2,1,4,2,4,1,2,4,1,3,1,1,4,5,M,other,1,1,1,1,1,1,4,1,5,1,1,4,4,4,1,1,1,2,1,1,1,5,1,7,7,7,7,1,0,B5
239,B0505,5,B,5B,Muslim,Enemies,Enemy6,2,36,M,5,5,7,1,4,NA,2,6,4,5,6,3,5,8,NA,1,2,2,3,1,1,1,1,3,2,1,1,2,1,4,2,4,1,2,4,1,3,1,1,4,5,M,Muslim,1,1,1,1,1,1,1,1,1,1,1,4,3,4,1,3,1,1,1,2,1,4,2,7,1,4,4,1,1,B5
240,B0507,5,B,5B,Hindu,Enemies,Enemy1,2,6,M,7,1,6,5,6,7,6,7,5,6,7,5,5,8,NA,1,1,1,1,1,2,1,4,4,1,2,1,1,1,6,7,6,1,1,1,1,1,1,1,3,2,M,NA,NA,NA,NA,NA,NA,NA,NA,NA,NA,NA,NA,NA,NA,NA,NA,NA,NA,NA,NA,NA,NA,NA,NA,NA,NA,NA,NA,1,NA,B5
241,B0507,5,B,5B,Hindu,Enemies,Enemy2,2,33,M,7,1,6,5,6,7,6,7,5,6,7,5,5,8,NA,1,1,1,1,1,2,1,4,4,1,2,1,1,1,6,7,6,1,1,1,1,1,1,1,3,2,M,Hindu,1,5,1,1,1,1,2,1,2,1,1,6,4,5,1,5,4,1,2,5,3,1,3,7,1,7,1,1,1,B5
242,B0508,5,B,5B,Hindu,Enemies,Enemy1,2,2,M,8,2,7,3,3,6,3,4,7,1,3,6,2,8,NA,1,1,3,2,3,2,1,1,4,1,2,3,1,1,4,5,6,2,1,2,1,1,2,1,4,3,M,Muslim,1,1,1,1,1,1,1,2,1,2,1,5,4,4,1,1,1,1,1,1,1,1,5,7,4,5,7,1,0,B5
243,B0508,5,B,5B,Hindu,Enemies,Enemy2,2,12,M,8,2,7,3,3,6,3,4,7,1,3,6,2,8,NA,1,1,3,2,3,2,1,1,4,1,2,3,1,1,4,5,6,2,1,2,1,1,2,1,4,3,M,Hindu,1,1,2,1,1,1,4,1,5,2,1,4,4,1,2,1,1,1,1,1,1,5,1,7,1,7,1,1,1,B5
244,B0508,5,B,5B,Hindu,Enemies,Enemy3,2,20,M,8,2,7,3,3,6,3,4,7,1,3,6,2,8,NA,1,1,3,2,3,2,1,1,4,1,2,3,1,1,4,5,6,2,1,2,1,1,2,1,4,3,M,Hindu,2,1,2,1,1,1,3,2,5,2,1,4,2,2,2,1,1,1,1,1,1,5,3,7,6,7,6,1,1,B5
245,B0508,5,B,5B,Hindu,Enemies,Enemy4,2,25,M,8,2,7,3,3,6,3,4,7,1,3,6,2,8,NA,1,1,3,2,3,2,1,1,4,1,2,3,1,1,4,5,6,2,1,2,1,1,2,1,4,3,M,Hindu,2,1,1,1,3,1,4,1,5,2,1,1,1,2,1,1,1,2,1,1,2,5,4,7,4,7,4,1,1,B5
246,B0508,5,B,5B,Hindu,Enemies,Enemy5,2,35,M,8,2,7,3,3,6,3,4,7,1,3,6,2,8,NA,1,1,3,2,3,2,1,1,4,1,2,3,1,1,4,5,6,2,1,2,1,1,2,1,4,3,M,Hindu,1,1,1,1,1,1,4,1,4,4,1,4,4,4,1,1,1,1,1,1,1,5,3,7,7,7,5,1,1,B5
247,B0510,5,B,5B,Hindu,Enemies,Enemy1,2,5,M,10,3,6,5,5,7,3,7,6,6,6,6,1,7,MOCHI,1,1,2,2,2,1,1,1,4,1,1,2,1,1,4,4,4,3,2,1,1,1,1,2,5,3,M,Muslim,2,2,3,1,1,1,3,2,1,1,1,4,2,4,1,2,4,1,3,1,1,4,5,7,1,NA,2,1,0,B5
248,B0510,5,B,5B,Hindu,Enemies,Enemy2,2,12,M,10,3,6,5,5,7,3,7,6,6,6,6,1,7,MOCHI,1,1,2,2,2,1,1,1,4,1,1,2,1,1,4,4,4,3,2,1,1,1,1,2,5,3,M,Hindu,1,1,2,1,1,1,4,1,5,2,1,4,4,1,2,1,1,1,1,1,1,5,1,7,1,7,1,1,1,B5
249,B0510,5,B,5B,Hindu,Enemies,Enemy3,2,16,M,10,3,6,5,5,7,3,7,6,6,6,6,1,7,MOCHI,1,1,2,2,2,1,1,1,4,1,1,2,1,1,4,4,4,3,2,1,1,1,1,2,5,3,M,Hindu,1,3,2,1,1,1,1,1,2,2,1,4,7,2,1,1,1,1,1,1,1,5,3,7,6,7,4,1,1,B5
250,B0510,5,B,5B,Hindu,Enemies,Enemy4,2,20,M,10,3,6,5,5,7,3,7,6,6,6,6,1,7,MOCHI,1,1,2,2,2,1,1,1,4,1,1,2,1,1,4,4,4,3,2,1,1,1,1,2,5,3,M,Hindu,2,1,2,1,1,1,3,2,5,2,1,4,2,2,2,1,1,1,1,1,1,5,3,7,6,7,6,1,1,B5
251,B0510,5,B,5B,Hindu,Enemies,Enemy5,2,21,M,10,3,6,5,5,7,3,7,6,6,6,6,1,7,MOCHI,1,1,2,2,2,1,1,1,4,1,1,2,1,1,4,4,4,3,2,1,1,1,1,2,5,3,M,Hindu,4,3,5,1,4,1,4,1,2,2,3,5,3,4,1,1,1,1,1,1,1,5,4,6,6,6,6,1,1,B5
252,B0510,5,B,5B,Hindu,Enemies,Enemy6,2,24,M,10,3,6,5,5,7,3,7,6,6,6,6,1,7,MOCHI,1,1,2,2,2,1,1,1,4,1,1,2,1,1,4,4,4,3,2,1,1,1,1,2,5,3,M,Hindu,1,1,1,1,1,1,4,1,5,3,1,4,7,3,1,2,1,1,1,3,1,5,5,7,6,7,5,1,1,B5
253,B0512,5,B,5B,Hindu,Enemies,Enemy1,2,1,M,12,NA,7,1,7,7,1,7,7,5,6,3,6,8,NA,1,1,1,2,1,1,1,1,4,1,5,2,1,1,4,4,1,2,1,1,1,1,1,1,5,1,M,Hindu,5,5,4,3,5,2,4,5,5,4,4,6,4,4,1,1,1,2,1,1,1,5,3,7,6,6,6,1,1,B5
254,B0512,5,B,5B,Hindu,Enemies,Enemy2,2,2,M,12,NA,7,1,7,7,1,7,7,5,6,3,6,8,NA,1,1,1,2,1,1,1,1,4,1,5,2,1,1,4,4,1,2,1,1,1,1,1,1,5,1,M,Muslim,1,1,1,1,1,1,1,2,1,2,1,5,4,4,1,1,1,1,1,1,1,1,5,7,4,5,7,1,0,B5
255,B0512,5,B,5B,Hindu,Enemies,Enemy3,2,6,M,12,NA,7,1,7,7,1,7,7,5,6,3,6,8,NA,1,1,1,2,1,1,1,1,4,1,5,2,1,1,4,4,1,2,1,1,1,1,1,1,5,1,M,NA,NA,NA,NA,NA,NA,NA,NA,NA,NA,NA,NA,NA,NA,NA,NA,NA,NA,NA,NA,NA,NA,NA,NA,NA,NA,NA,NA,1,NA,B5
256,B0512,5,B,5B,Hindu,Enemies,Enemy4,2,13,M,12,NA,7,1,7,7,1,7,7,5,6,3,6,8,NA,1,1,1,2,1,1,1,1,4,1,5,2,1,1,4,4,1,2,1,1,1,1,1,1,5,1,M,Hindu,2,2,4,1,3,1,4,1,5,1,1,4,4,4,1,2,1,1,1,1,1,5,3,7,4,7,4,1,1,B5
257,B0512,5,B,5B,Hindu,Enemies,Enemy5,2,30,M,12,NA,7,1,7,7,1,7,7,5,6,3,6,8,NA,1,1,1,2,1,1,1,1,4,1,5,2,1,1,4,4,1,2,1,1,1,1,1,1,5,1,M,Muslim,2,1,3,2,2,1,3,1,2,2,3,7,7,7,2,1,1,1,1,1,1,5,3,7,1,7,6,1,0,B5
258,B0512,5,B,5B,Hindu,Enemies,Enemy6,2,32,M,12,NA,7,1,7,7,1,7,7,5,6,3,6,8,NA,1,1,1,2,1,1,1,1,4,1,5,2,1,1,4,4,1,2,1,1,1,1,1,1,5,1,M,Hindu,1,1,1,1,1,1,4,1,5,3,1,4,4,4,1,1,1,1,3,1,1,5,1,7,1,7,5,1,1,B5
259,B0512,5,B,5B,Hindu,Enemies,Enemy7,2,33,M,12,NA,7,1,7,7,1,7,7,5,6,3,6,8,NA,1,1,1,2,1,1,1,1,4,1,5,2,1,1,4,4,1,2,1,1,1,1,1,1,5,1,M,Hindu,1,5,1,1,1,1,2,1,2,1,1,6,4,5,1,5,4,1,2,5,3,1,3,7,1,7,1,1,1,B5
260,B0512,5,B,5B,Hindu,Enemies,Enemy8,2,57,M,12,NA,7,1,7,7,1,7,7,5,6,3,6,8,NA,1,1,1,2,1,1,1,1,4,1,5,2,1,1,4,4,1,2,1,1,1,1,1,1,5,1,F,Hindu,1,1,1,1,1,1,4,1,5,3,1,4,4,4,1,1,1,2,1,2,1,2,2,4,4,6,4,0,1,B5
261,B0512,5,B,5B,Hindu,Enemies,Enemy9,2,58,M,12,NA,7,1,7,7,1,7,7,5,6,3,6,8,NA,1,1,1,2,1,1,1,1,4,1,5,2,1,1,4,4,1,2,1,1,1,1,1,1,5,1,F,Hindu,1,1,1,1,1,1,4,1,3,3,1,4,4,4,1,1,1,2,1,1,1,5,5,1,7,7,5,0,1,B5
262,B0512,5,B,5B,Hindu,Enemies,Enemy10,2,59,M,12,NA,7,1,7,7,1,7,7,5,6,3,6,8,NA,1,1,1,2,1,1,1,1,4,1,5,2,1,1,4,4,1,2,1,1,1,1,1,1,5,1,F,Hindu,1,1,1,1,1,1,4,1,3,2,1,3,1,1,1,1,1,2,1,1,2,4,3,1,7,7,6,0,1,B5
263,B0512,5,B,5B,Hindu,Enemies,Enemy11,2,65,M,12,NA,7,1,7,7,1,7,7,5,6,3,6,8,NA,1,1,1,2,1,1,1,1,4,1,5,2,1,1,4,4,1,2,1,1,1,1,1,1,5,1,F,Hindu,1,1,1,1,1,1,4,1,1,3,1,4,1,3,5,3,2,2,1,1,2,5,5,1,7,7,6,0,1,B5
264,B0513,5,B,5B,Hindu,Enemies,Enemy1,2,23,M,13,4,7,4,6,7,4,7,6,5,6,6,4,8,NA,1,2,2,4,1,3,1,4,4,1,5,1,1,1,4,4,4,1,2,1,1,1,1,1,5,3,M,Muslim,1,2,3,1,1,1,4,1,1,1,1,4,4,4,3,1,1,2,1,4,2,5,2,5,5,5,7,1,0,B5
265,B0513,5,B,5B,Hindu,Enemies,Enemy2,2,54,M,13,4,7,4,6,7,4,7,6,5,6,6,4,8,NA,1,2,2,4,1,3,1,4,4,1,5,1,1,1,4,4,4,1,2,1,1,1,1,1,5,3,F,Hindu,2,2,2,1,1,1,2,1,3,1,2,4,4,4,4,4,1,1,1,2,1,5,2,4,7,7,2,0,1,B5
266,B0515,5,B,5B,Muslim,Enemies,Enemy1,2,4,M,15,1,7,6,7,1,4,7,6,5,5,7,4,7,MUSLIM [DAUDI BOHRA/VOHRA],1,1,1,1,1,1,1,1,4,1,1,1,2,1,4,1,1,1,1,1,1,1,5,1,5,3,M,Muslim,1,1,2,1,1,1,3,1,1,1,1,4,2,4,1,1,1,2,2,1,1,5,5,6,6,6,7,1,1,B5
267,B0515,5,B,5B,Muslim,Enemies,Enemy2,2,14,M,15,1,7,6,7,1,4,7,6,5,5,7,4,7,MUSLIM [DAUDI BOHRA/VOHRA],1,1,1,1,1,1,1,1,4,1,1,1,2,1,4,1,1,1,1,1,1,1,5,1,5,3,M,Hindu,2,1,3,2,1,1,4,2,5,3,2,4,3,2,2,1,1,2,1,1,1,5,4,6,3,7,3,1,0,B5
268,B0515,5,B,5B,Muslim,Enemies,Enemy3,2,16,M,15,1,7,6,7,1,4,7,6,5,5,7,4,7,MUSLIM [DAUDI BOHRA/VOHRA],1,1,1,1,1,1,1,1,4,1,1,1,2,1,4,1,1,1,1,1,1,1,5,1,5,3,M,Hindu,1,3,2,1,1,1,1,1,2,2,1,4,7,2,1,1,1,1,1,1,1,5,3,7,6,7,4,1,0,B5
269,B0515,5,B,5B,Muslim,Enemies,Enemy4,2,19,M,15,1,7,6,7,1,4,7,6,5,5,7,4,7,MUSLIM [DAUDI BOHRA/VOHRA],1,1,1,1,1,1,1,1,4,1,1,1,2,1,4,1,1,1,1,1,1,1,5,1,5,3,M,Hindu,1,4,2,1,2,1,4,1,5,2,1,4,4,2,3,2,1,2,3,1,2,5,3,4,4,7,3,1,0,B5
270,B0515,5,B,5B,Muslim,Enemies,Enemy5,2,32,M,15,1,7,6,7,1,4,7,6,5,5,7,4,7,MUSLIM [DAUDI BOHRA/VOHRA],1,1,1,1,1,1,1,1,4,1,1,1,2,1,4,1,1,1,1,1,1,1,5,1,5,3,M,Hindu,1,1,1,1,1,1,4,1,5,3,1,4,4,4,1,1,1,1,3,1,1,5,1,7,1,7,5,1,0,B5
271,B0515,5,B,5B,Muslim,Enemies,Enemy6,2,33,M,15,1,7,6,7,1,4,7,6,5,5,7,4,7,MUSLIM [DAUDI BOHRA/VOHRA],1,1,1,1,1,1,1,1,4,1,1,1,2,1,4,1,1,1,1,1,1,1,5,1,5,3,M,Hindu,1,5,1,1,1,1,2,1,2,1,1,6,4,5,1,5,4,1,2,5,3,1,3,7,1,7,1,1,0,B5
272,B0515,5,B,5B,Muslim,Enemies,Enemy7,2,39,M,15,1,7,6,7,1,4,7,6,5,5,7,4,7,MUSLIM [DAUDI BOHRA/VOHRA],1,1,1,1,1,1,1,1,4,1,1,1,2,1,4,1,1,1,1,1,1,1,5,1,5,3,F,Hindu,2,1,3,1,2,1,4,1,3,2,2,4,3,2,2,2,1,1,1,1,1,5,2,3,6,7,2,0,0,B5
273,B0517,5,B,5B,Hindu,Enemies,Enemy1,2,1,M,17,1,6,4,7,4,3,6,6,5,2,6,5,8,NA,1,3,2,2,1,1,1,1,4,1,2,2,1,1,3,4,2,1,1,3,2,4,2,1,5,3,M,Hindu,5,5,4,3,5,2,4,5,5,4,4,6,4,4,1,1,1,2,1,1,1,5,3,7,6,6,6,1,1,B5
274,B0517,5,B,5B,Hindu,Enemies,Enemy2,2,6,M,17,1,6,4,7,4,3,6,6,5,2,6,5,8,NA,1,3,2,2,1,1,1,1,4,1,2,2,1,1,3,4,2,1,1,3,2,4,2,1,5,3,M,NA,NA,NA,NA,NA,NA,NA,NA,NA,NA,NA,NA,NA,NA,NA,NA,NA,NA,NA,NA,NA,NA,NA,NA,NA,NA,NA,NA,1,NA,B5
275,B0517,5,B,5B,Hindu,Enemies,Enemy3,2,30,M,17,1,6,4,7,4,3,6,6,5,2,6,5,8,NA,1,3,2,2,1,1,1,1,4,1,2,2,1,1,3,4,2,1,1,3,2,4,2,1,5,3,M,Muslim,2,1,3,2,2,1,3,1,2,2,3,7,7,7,2,1,1,1,1,1,1,5,3,7,1,7,6,1,0,B5
276,B0517,5,B,5B,Hindu,Enemies,Enemy4,2,33,M,17,1,6,4,7,4,3,6,6,5,2,6,5,8,NA,1,3,2,2,1,1,1,1,4,1,2,2,1,1,3,4,2,1,1,3,2,4,2,1,5,3,M,Hindu,1,5,1,1,1,1,2,1,2,1,1,6,4,5,1,5,4,1,2,5,3,1,3,7,1,7,1,1,1,B5
277,B0517,5,B,5B,Hindu,Enemies,Enemy5,2,51,M,17,1,6,4,7,4,3,6,6,5,2,6,5,8,NA,1,3,2,2,1,1,1,1,4,1,2,2,1,1,3,4,2,1,1,3,2,4,2,1,5,3,F,Hindu,2,2,2,1,1,1,3,3,2,2,1,4,4,3,3,2,2,2,2,1,1,5,2,4,7,6,5,0,1,B5
278,B0517,5,B,5B,Hindu,Enemies,Enemy6,2,61,M,17,1,6,4,7,4,3,6,6,5,2,6,5,8,NA,1,3,2,2,1,1,1,1,4,1,2,2,1,1,3,4,2,1,1,3,2,4,2,1,5,3,F,NA,NA,NA,NA,NA,NA,NA,NA,NA,NA,NA,NA,NA,NA,NA,NA,NA,NA,NA,NA,NA,NA,NA,NA,NA,NA,NA,NA,0,NA,B5
279,B0519,5,B,5B,Hindu,Enemies,Enemy1,2,4,M,19,6,4,4,6,7,3,5,5,4,4,6,1,8,NA,1,1,4,2,1,2,1,1,4,1,5,2,1,1,4,4,2,3,2,1,2,3,1,2,5,3,M,Muslim,1,1,2,1,1,1,3,1,1,1,1,4,2,4,1,1,1,2,2,1,1,5,5,6,6,6,7,1,0,B5
280,B0519,5,B,5B,Hindu,Enemies,Enemy2,2,6,M,19,6,4,4,6,7,3,5,5,4,4,6,1,8,NA,1,1,4,2,1,2,1,1,4,1,5,2,1,1,4,4,2,3,2,1,2,3,1,2,5,3,M,NA,NA,NA,NA,NA,NA,NA,NA,NA,NA,NA,NA,NA,NA,NA,NA,NA,NA,NA,NA,NA,NA,NA,NA,NA,NA,NA,NA,1,NA,B5
281,B0519,5,B,5B,Hindu,Enemies,Enemy3,2,10,M,19,6,4,4,6,7,3,5,5,4,4,6,1,8,NA,1,1,4,2,1,2,1,1,4,1,5,2,1,1,4,4,2,3,2,1,2,3,1,2,5,3,M,Hindu,1,2,2,2,1,1,4,1,1,2,1,4,4,4,3,2,1,1,1,1,2,5,3,6,5,7,3,1,1,B5
282,B0519,5,B,5B,Hindu,Enemies,Enemy4,2,11,M,19,6,4,4,6,7,3,5,5,4,4,6,1,8,NA,1,1,4,2,1,2,1,1,4,1,5,2,1,1,4,4,2,3,2,1,2,3,1,2,5,3,M,Hindu,1,2,1,1,2,2,4,5,2,2,1,4,4,4,2,2,3,1,3,1,2,5,3,7,5,5,6,1,1,B5
283,B0519,5,B,5B,Hindu,Enemies,Enemy5,2,15,M,19,6,4,4,6,7,3,5,5,4,4,6,1,8,NA,1,1,4,2,1,2,1,1,4,1,5,2,1,1,4,4,2,3,2,1,2,3,1,2,5,3,M,Muslim,1,1,1,1,1,1,4,1,1,1,1,4,1,1,1,1,1,1,1,5,1,5,3,7,6,1,4,1,0,B5
284,B0519,5,B,5B,Hindu,Enemies,Enemy6,2,23,M,19,6,4,4,6,7,3,5,5,4,4,6,1,8,NA,1,1,4,2,1,2,1,1,4,1,5,2,1,1,4,4,2,3,2,1,2,3,1,2,5,3,M,Muslim,1,2,3,1,1,1,4,1,1,1,1,4,4,4,3,1,1,2,1,4,2,5,2,5,5,5,7,1,0,B5
285,B0519,5,B,5B,Hindu,Enemies,Enemy7,2,30,M,19,6,4,4,6,7,3,5,5,4,4,6,1,8,NA,1,1,4,2,1,2,1,1,4,1,5,2,1,1,4,4,2,3,2,1,2,3,1,2,5,3,M,Muslim,2,1,3,2,2,1,3,1,2,2,3,7,7,7,2,1,1,1,1,1,1,5,3,7,1,7,6,1,0,B5
286,B0520,5,B,5B,Hindu,Enemies,Enemy1,2,6,M,20,6,7,6,7,7,6,6,7,6,6,6,6,8,NA,1,2,1,2,1,1,1,1,3,2,5,2,1,1,4,2,2,2,1,1,1,1,1,1,5,3,M,NA,NA,NA,NA,NA,NA,NA,NA,NA,NA,NA,NA,NA,NA,NA,NA,NA,NA,NA,NA,NA,NA,NA,NA,NA,NA,NA,NA,1,NA,B5
287,B0520,5,B,5B,Hindu,Enemies,Enemy2,2,33,M,20,6,7,6,7,7,6,6,7,6,6,6,6,8,NA,1,2,1,2,1,1,1,1,3,2,5,2,1,1,4,2,2,2,1,1,1,1,1,1,5,3,M,Hindu,1,5,1,1,1,1,2,1,2,1,1,6,4,5,1,5,4,1,2,5,3,1,3,7,1,7,1,1,1,B5
288,B0521,5,B,5B,Hindu,Enemies,Enemy1,2,13,M,21,5,6,6,6,6,6,5,6,5,6,6,1,8,NA,1,4,3,5,1,4,1,1,4,1,2,2,1,3,5,3,4,1,1,1,1,1,1,1,5,4,M,Hindu,2,2,4,1,3,1,4,1,5,1,1,4,4,4,1,2,1,1,1,1,1,5,3,7,4,7,4,1,1,B5
289,B0521,5,B,5B,Hindu,Enemies,Enemy2,2,14,M,21,5,6,6,6,6,6,5,6,5,6,6,1,8,NA,1,4,3,5,1,4,1,1,4,1,2,2,1,3,5,3,4,1,1,1,1,1,1,1,5,4,M,Hindu,2,1,3,2,1,1,4,2,5,3,2,4,3,2,2,1,1,2,1,1,1,5,4,6,3,7,3,1,1,B5
290,B0522,5,B,5B,Hindu,Enemies,Enemy1,2,6,M,22,4,7,7,7,7,4,7,7,7,4,7,4,2,NA,1,1,1,3,1,1,1,2,4,1,1,1,1,1,4,1,1,1,1,1,1,1,1,1,5,1,M,NA,NA,NA,NA,NA,NA,NA,NA,NA,NA,NA,NA,NA,NA,NA,NA,NA,NA,NA,NA,NA,NA,NA,NA,NA,NA,NA,NA,1,NA,B5
291,B0522,5,B,5B,Hindu,Enemies,Enemy2,2,10,M,22,4,7,7,7,7,4,7,7,7,4,7,4,2,NA,1,1,1,3,1,1,1,2,4,1,1,1,1,1,4,1,1,1,1,1,1,1,1,1,5,1,M,Hindu,1,2,2,2,1,1,4,1,1,2,1,4,4,4,3,2,1,1,1,1,2,5,3,6,5,7,3,1,1,B5
292,B0522,5,B,5B,Hindu,Enemies,Enemy3,2,23,M,22,4,7,7,7,7,4,7,7,7,4,7,4,2,NA,1,1,1,3,1,1,1,2,4,1,1,1,1,1,4,1,1,1,1,1,1,1,1,1,5,1,M,Muslim,1,2,3,1,1,1,4,1,1,1,1,4,4,4,3,1,1,2,1,4,2,5,2,5,5,5,7,1,0,B5
293,B0522,5,B,5B,Hindu,Enemies,Enemy4,2,31,M,22,4,7,7,7,7,4,7,7,7,4,7,4,2,NA,1,1,1,3,1,1,1,2,4,1,1,1,1,1,4,1,1,1,1,1,1,1,1,1,5,1,M,Muslim,1,2,2,1,1,1,3,1,1,1,1,4,3,4,2,2,1,1,1,1,2,4,3,7,2,4,7,1,0,B5
294,B0522,5,B,5B,Hindu,Enemies,Enemy5,2,32,M,22,4,7,7,7,7,4,7,7,7,4,7,4,2,NA,1,1,1,3,1,1,1,2,4,1,1,1,1,1,4,1,1,1,1,1,1,1,1,1,5,1,M,Hindu,1,1,1,1,1,1,4,1,5,3,1,4,4,4,1,1,1,1,3,1,1,5,1,7,1,7,5,1,1,B5
295,B0522,5,B,5B,Hindu,Enemies,Enemy6,2,33,M,22,4,7,7,7,7,4,7,7,7,4,7,4,2,NA,1,1,1,3,1,1,1,2,4,1,1,1,1,1,4,1,1,1,1,1,1,1,1,1,5,1,M,Hindu,1,5,1,1,1,1,2,1,2,1,1,6,4,5,1,5,4,1,2,5,3,1,3,7,1,7,1,1,1,B5
296,B0522,5,B,5B,Hindu,Enemies,Enemy7,2,41,M,22,4,7,7,7,7,4,7,7,7,4,7,4,2,NA,1,1,1,3,1,1,1,2,4,1,1,1,1,1,4,1,1,1,1,1,1,1,1,1,5,1,F,Muslim,1,1,2,2,1,2,4,1,1,5,1,4,2,7,3,2,3,3,2,3,1,3,2,1,7,2,7,0,0,B5
297,B0523,5,B,5B,Muslim,Enemies,Enemy1,2,15,M,23,5,5,5,7,5,7,5,7,4,5,7,2,7,SUNNI,1,1,2,3,1,1,1,1,4,1,1,1,2,1,4,4,4,3,1,1,2,1,4,2,5,2,M,Muslim,1,1,1,1,1,1,4,1,1,1,1,4,1,1,1,1,1,1,1,5,1,5,3,7,6,1,4,1,1,B5
298,B0523,5,B,5B,Muslim,Enemies,Enemy2,2,59,M,23,5,5,5,7,5,7,5,7,4,5,7,2,7,SUNNI,1,1,2,3,1,1,1,1,4,1,1,1,2,1,4,4,4,3,1,1,2,1,4,2,5,2,F,Hindu,1,1,1,1,1,1,4,1,3,2,1,3,1,1,1,1,1,2,1,1,2,4,3,1,7,7,6,0,0,B5
299,B0524,5,B,5B,Hindu,Enemies,Enemy1,2,6,M,24,5,7,6,5,7,5,7,6,5,5,4,5,1,NA,1,1,1,1,1,1,1,2,4,1,5,3,1,1,4,7,3,1,2,1,1,1,3,1,5,5,M,NA,NA,NA,NA,NA,NA,NA,NA,NA,NA,NA,NA,NA,NA,NA,NA,NA,NA,NA,NA,NA,NA,NA,NA,NA,NA,NA,NA,1,NA,B5
300,B0524,5,B,5B,Hindu,Enemies,Enemy2,2,33,M,24,5,7,6,5,7,5,7,6,5,5,4,5,1,NA,1,1,1,1,1,1,1,2,4,1,5,3,1,1,4,7,3,1,2,1,1,1,3,1,5,5,M,Hindu,1,5,1,1,1,1,2,1,2,1,1,6,4,5,1,5,4,1,2,5,3,1,3,7,1,7,1,1,1,B5
301,B0524,5,B,5B,Hindu,Enemies,Enemy3,2,59,M,24,5,7,6,5,7,5,7,6,5,5,4,5,1,NA,1,1,1,1,1,1,1,2,4,1,5,3,1,1,4,7,3,1,2,1,1,1,3,1,5,5,F,Hindu,1,1,1,1,1,1,4,1,3,2,1,3,1,1,1,1,1,2,1,1,2,4,3,1,7,7,6,0,1,B5
302,B0525,5,B,5B,Hindu,Enemies,Enemy1,2,1,M,25,2,7,4,7,7,4,7,6,4,6,4,2,8,NA,1,2,1,1,1,3,1,4,4,1,5,2,1,1,1,1,2,1,1,1,2,1,1,2,5,4,M,Hindu,5,5,4,3,5,2,4,5,5,4,4,6,4,4,1,1,1,2,1,1,1,5,3,7,6,6,6,1,1,B5
303,B0525,5,B,5B,Hindu,Enemies,Enemy2,2,2,M,25,2,7,4,7,7,4,7,6,4,6,4,2,8,NA,1,2,1,1,1,3,1,4,4,1,5,2,1,1,1,1,2,1,1,1,2,1,1,2,5,4,M,Muslim,1,1,1,1,1,1,1,2,1,2,1,5,4,4,1,1,1,1,1,1,1,1,5,7,4,5,7,1,0,B5
304,B0525,5,B,5B,Hindu,Enemies,Enemy3,2,3,M,25,2,7,4,7,7,4,7,6,4,6,4,2,8,NA,1,2,1,1,1,3,1,4,4,1,5,2,1,1,1,1,2,1,1,1,2,1,1,2,5,4,M,NA,NA,NA,NA,NA,NA,NA,NA,NA,NA,NA,NA,NA,NA,NA,NA,NA,NA,NA,NA,NA,NA,NA,NA,NA,NA,NA,NA,1,NA,B5
305,B0525,5,B,5B,Hindu,Enemies,Enemy4,2,5,M,25,2,7,4,7,7,4,7,6,4,6,4,2,8,NA,1,2,1,1,1,3,1,4,4,1,5,2,1,1,1,1,2,1,1,1,2,1,1,2,5,4,M,Muslim,2,2,3,1,1,1,3,2,1,1,1,4,2,4,1,2,4,1,3,1,1,4,5,7,1,NA,2,1,0,B5
306,B0525,5,B,5B,Hindu,Enemies,Enemy5,2,6,M,25,2,7,4,7,7,4,7,6,4,6,4,2,8,NA,1,2,1,1,1,3,1,4,4,1,5,2,1,1,1,1,2,1,1,1,2,1,1,2,5,4,M,NA,NA,NA,NA,NA,NA,NA,NA,NA,NA,NA,NA,NA,NA,NA,NA,NA,NA,NA,NA,NA,NA,NA,NA,NA,NA,NA,NA,1,NA,B5
307,B0525,5,B,5B,Hindu,Enemies,Enemy6,2,15,M,25,2,7,4,7,7,4,7,6,4,6,4,2,8,NA,1,2,1,1,1,3,1,4,4,1,5,2,1,1,1,1,2,1,1,1,2,1,1,2,5,4,M,Muslim,1,1,1,1,1,1,4,1,1,1,1,4,1,1,1,1,1,1,1,5,1,5,3,7,6,1,4,1,0,B5
308,B0525,5,B,5B,Hindu,Enemies,Enemy7,2,19,M,25,2,7,4,7,7,4,7,6,4,6,4,2,8,NA,1,2,1,1,1,3,1,4,4,1,5,2,1,1,1,1,2,1,1,1,2,1,1,2,5,4,M,Hindu,1,4,2,1,2,1,4,1,5,2,1,4,4,2,3,2,1,2,3,1,2,5,3,4,4,7,3,1,1,B5
309,B0527,5,B,5B,other,Enemies,Enemy1,2,6,M,27,1,7,7,7,7,7,7,7,6,7,6,4,8,NA,1,1,1,1,1,1,1,4,4,1,5,1,NA,1,4,4,4,1,1,1,2,1,1,1,5,1,M,NA,NA,NA,NA,NA,NA,NA,NA,NA,NA,NA,NA,NA,NA,NA,NA,NA,NA,NA,NA,NA,NA,NA,NA,NA,NA,NA,NA,1,NA,B5
310,B0527,5,B,5B,other,Enemies,Enemy2,2,33,M,27,1,7,7,7,7,7,7,7,6,7,6,4,8,NA,1,1,1,1,1,1,1,4,4,1,5,1,NA,1,4,4,4,1,1,1,2,1,1,1,5,1,M,Hindu,1,5,1,1,1,1,2,1,2,1,1,6,4,5,1,5,4,1,2,5,3,1,3,7,1,7,1,1,0,B5
311,B0527,5,B,5B,other,Enemies,Enemy3,2,59,M,27,1,7,7,7,7,7,7,7,6,7,6,4,8,NA,1,1,1,1,1,1,1,4,4,1,5,1,NA,1,4,4,4,1,1,1,2,1,1,1,5,1,F,Hindu,1,1,1,1,1,1,4,1,3,2,1,3,1,1,1,1,1,2,1,1,2,4,3,1,7,7,6,0,0,B5
312,B0529,5,B,5B,other,Enemies,Enemy1,2,26,M,29,7,7,1,7,4,7,7,7,7,7,4,4,7,SUNNI,1,1,1,1,1,1,1,2,1,1,1,1,NA,2,4,4,4,1,1,1,1,1,1,1,5,5,M,other,1,1,2,1,1,1,4,1,5,3,1,4,2,4,1,5,3,1,1,1,3,1,3,7,1,1,7,1,1,B5
313,B0531,5,B,5B,Muslim,Enemies,Enemy1,2,32,M,31,4,7,2,6,4,7,7,6,5,4,6,2,7,SUNNI,1,1,2,2,1,1,1,2,3,1,1,1,2,1,4,3,4,2,2,1,1,1,1,2,4,3,M,Hindu,1,1,1,1,1,1,4,1,5,3,1,4,4,4,1,1,1,1,3,1,1,5,1,7,1,7,5,1,0,B5
314,B0531,5,B,5B,Muslim,Enemies,Enemy2,2,59,M,31,4,7,2,6,4,7,7,6,5,4,6,2,7,SUNNI,1,1,2,2,1,1,1,2,3,1,1,1,2,1,4,3,4,2,2,1,1,1,1,2,4,3,F,Hindu,1,1,1,1,1,1,4,1,3,2,1,3,1,1,1,1,1,2,1,1,2,4,3,1,7,7,6,0,0,B5
315,B0532,5,B,5B,Hindu,Enemies,Enemy1,2,2,M,32,1,7,1,7,7,5,7,1,7,1,7,1,8,NA,1,1,1,1,1,1,1,1,4,1,5,3,1,1,4,4,4,1,1,1,1,3,1,1,5,1,M,Muslim,1,1,1,1,1,1,1,2,1,2,1,5,4,4,1,1,1,1,1,1,1,1,5,7,4,5,7,1,0,B5
316,B0532,5,B,5B,Hindu,Enemies,Enemy2,2,6,M,32,1,7,1,7,7,5,7,1,7,1,7,1,8,NA,1,1,1,1,1,1,1,1,4,1,5,3,1,1,4,4,4,1,1,1,1,3,1,1,5,1,M,NA,NA,NA,NA,NA,NA,NA,NA,NA,NA,NA,NA,NA,NA,NA,NA,NA,NA,NA,NA,NA,NA,NA,NA,NA,NA,NA,NA,1,NA,B5
317,B0532,5,B,5B,Hindu,Enemies,Enemy3,2,12,M,32,1,7,1,7,7,5,7,1,7,1,7,1,8,NA,1,1,1,1,1,1,1,1,4,1,5,3,1,1,4,4,4,1,1,1,1,3,1,1,5,1,M,Hindu,1,1,2,1,1,1,4,1,5,2,1,4,4,1,2,1,1,1,1,1,1,5,1,7,1,7,1,1,1,B5
318,B0532,5,B,5B,Hindu,Enemies,Enemy4,2,37,M,32,1,7,1,7,7,5,7,1,7,1,7,1,8,NA,1,1,1,1,1,1,1,1,4,1,5,3,1,1,4,4,4,1,1,1,1,3,1,1,5,1,M,Muslim,1,2,1,2,1,2,4,1,1,1,1,4,3,4,1,1,1,1,1,1,1,3,1,7,6,3,7,1,0,B5
319,B0532,5,B,5B,Hindu,Enemies,Enemy5,2,44,M,32,1,7,1,7,7,5,7,1,7,1,7,1,8,NA,1,1,1,1,1,1,1,1,4,1,5,3,1,1,4,4,4,1,1,1,1,3,1,1,5,1,F,other,1,1,1,1,2,1,4,1,4,3,2,4,4,3,3,3,2,2,2,2,3,3,1,1,7,7,1,0,0,B5
320,B0532,5,B,5B,Hindu,Enemies,Enemy6,2,50,M,32,1,7,1,7,7,5,7,1,7,1,7,1,8,NA,1,1,1,1,1,1,1,1,4,1,5,3,1,1,4,4,4,1,1,1,1,3,1,1,5,1,F,Muslim,1,1,1,1,1,1,1,1,2,4,1,4,4,4,1,1,1,1,1,1,1,5,5,4,7,1,7,0,0,B5
321,B0532,5,B,5B,Hindu,Enemies,Enemy7,2,51,M,32,1,7,1,7,7,5,7,1,7,1,7,1,8,NA,1,1,1,1,1,1,1,1,4,1,5,3,1,1,4,4,4,1,1,1,1,3,1,1,5,1,F,Hindu,2,2,2,1,1,1,3,3,2,2,1,4,4,3,3,2,2,2,2,1,1,5,2,4,7,6,5,0,1,B5
322,B0532,5,B,5B,Hindu,Enemies,Enemy8,2,57,M,32,1,7,1,7,7,5,7,1,7,1,7,1,8,NA,1,1,1,1,1,1,1,1,4,1,5,3,1,1,4,4,4,1,1,1,1,3,1,1,5,1,F,Hindu,1,1,1,1,1,1,4,1,5,3,1,4,4,4,1,1,1,2,1,2,1,2,2,4,4,6,4,0,1,B5
323,B0532,5,B,5B,Hindu,Enemies,Enemy9,2,59,M,32,1,7,1,7,7,5,7,1,7,1,7,1,8,NA,1,1,1,1,1,1,1,1,4,1,5,3,1,1,4,4,4,1,1,1,1,3,1,1,5,1,F,Hindu,1,1,1,1,1,1,4,1,3,2,1,3,1,1,1,1,1,2,1,1,2,4,3,1,7,7,6,0,1,B5
324,B0532,5,B,5B,Hindu,Enemies,Enemy10,2,62,M,32,1,7,1,7,7,5,7,1,7,1,7,1,8,NA,1,1,1,1,1,1,1,1,4,1,5,3,1,1,4,4,4,1,1,1,1,3,1,1,5,1,F,Muslim,1,1,3,1,1,1,4,1,1,4,1,4,3,4,2,2,2,1,1,1,1,5,1,4,3,3,7,0,0,B5
325,B0532,5,B,5B,Hindu,Enemies,Enemy11,2,64,M,32,1,7,1,7,7,5,7,1,7,1,7,1,8,NA,1,1,1,1,1,1,1,1,4,1,5,3,1,1,4,4,4,1,1,1,1,3,1,1,5,1,F,other,1,1,4,2,1,1,4,2,1,1,1,4,4,4,4,1,1,1,1,1,NA,5,5,1,7,4,7,0,0,B5
326,B0532,5,B,5B,Hindu,Enemies,Enemy12,2,65,M,32,1,7,1,7,7,5,7,1,7,1,7,1,8,NA,1,1,1,1,1,1,1,1,4,1,5,3,1,1,4,4,4,1,1,1,1,3,1,1,5,1,F,Hindu,1,1,1,1,1,1,4,1,1,3,1,4,1,3,5,3,2,2,1,1,2,5,5,1,7,7,6,0,1,B5
327,B0535,5,B,5B,Hindu,Enemies,Enemy1,2,3,M,35,6,7,7,6,7,5,7,7,6,6,7,1,1,NA,1,1,1,1,1,1,1,1,4,1,4,4,1,1,4,4,4,1,1,1,1,1,1,1,5,3,M,NA,NA,NA,NA,NA,NA,NA,NA,NA,NA,NA,NA,NA,NA,NA,NA,NA,NA,NA,NA,NA,NA,NA,NA,NA,NA,NA,NA,1,NA,B5
328,B0535,5,B,5B,Hindu,Enemies,Enemy2,2,16,M,35,6,7,7,6,7,5,7,7,6,6,7,1,1,NA,1,1,1,1,1,1,1,1,4,1,4,4,1,1,4,4,4,1,1,1,1,1,1,1,5,3,M,Hindu,1,3,2,1,1,1,1,1,2,2,1,4,7,2,1,1,1,1,1,1,1,5,3,7,6,7,4,1,1,B5
329,B0535,5,B,5B,Hindu,Enemies,Enemy3,2,23,M,35,6,7,7,6,7,5,7,7,6,6,7,1,1,NA,1,1,1,1,1,1,1,1,4,1,4,4,1,1,4,4,4,1,1,1,1,1,1,1,5,3,M,Muslim,1,2,3,1,1,1,4,1,1,1,1,4,4,4,3,1,1,2,1,4,2,5,2,5,5,5,7,1,0,B5
330,B0535,5,B,5B,Hindu,Enemies,Enemy4,2,30,M,35,6,7,7,6,7,5,7,7,6,6,7,1,1,NA,1,1,1,1,1,1,1,1,4,1,4,4,1,1,4,4,4,1,1,1,1,1,1,1,5,3,M,Muslim,2,1,3,2,2,1,3,1,2,2,3,7,7,7,2,1,1,1,1,1,1,5,3,7,1,7,6,1,0,B5
331,B0535,5,B,5B,Hindu,Enemies,Enemy5,2,31,M,35,6,7,7,6,7,5,7,7,6,6,7,1,1,NA,1,1,1,1,1,1,1,1,4,1,4,4,1,1,4,4,4,1,1,1,1,1,1,1,5,3,M,Muslim,1,2,2,1,1,1,3,1,1,1,1,4,3,4,2,2,1,1,1,1,2,4,3,7,2,4,7,1,0,B5
332,B0535,5,B,5B,Hindu,Enemies,Enemy6,2,49,M,35,6,7,7,6,7,5,7,7,6,6,7,1,1,NA,1,1,1,1,1,1,1,1,4,1,4,4,1,1,4,4,4,1,1,1,1,1,1,1,5,3,F,other,1,2,2,2,2,1,4,1,5,2,1,4,5,3,2,1,2,1,1,1,2,5,2,2,7,6,5,0,0,B5
333,B0535,5,B,5B,Hindu,Enemies,Enemy7,2,51,M,35,6,7,7,6,7,5,7,7,6,6,7,1,1,NA,1,1,1,1,1,1,1,1,4,1,4,4,1,1,4,4,4,1,1,1,1,1,1,1,5,3,F,Hindu,2,2,2,1,1,1,3,3,2,2,1,4,4,3,3,2,2,2,2,1,1,5,2,4,7,6,5,0,1,B5
334,B0536,5,B,5B,Muslim,Enemies,Enemy1,2,33,M,36,2,7,1,7,4,4,7,7,2,2,5,6,7,ALVI VOHRA,1,1,1,1,1,1,1,1,1,1,1,1,2,1,4,3,4,1,3,1,1,1,2,1,4,2,M,Hindu,1,5,1,1,1,1,2,1,2,1,1,6,4,5,1,5,4,1,2,5,3,1,3,7,1,7,1,1,0,B5
335,B0537,5,B,5B,Muslim,Enemies,Enemy1,2,4,M,37,2,7,6,3,3,7,7,4,3,2,6,4,7,ALVI VOHRA,1,1,2,1,2,1,2,1,4,1,1,1,2,1,4,3,4,1,1,1,1,1,1,1,3,1,M,Muslim,1,1,2,1,1,1,3,1,1,1,1,4,2,4,1,1,1,2,2,1,1,5,5,6,6,6,7,1,1,B5
336,B0537,5,B,5B,Muslim,Enemies,Enemy2,2,19,M,37,2,7,6,3,3,7,7,4,3,2,6,4,7,ALVI VOHRA,1,1,2,1,2,1,2,1,4,1,1,1,2,1,4,3,4,1,1,1,1,1,1,1,3,1,M,Hindu,1,4,2,1,2,1,4,1,5,2,1,4,4,2,3,2,1,2,3,1,2,5,3,4,4,7,3,1,0,B5
337,B0537,5,B,5B,Muslim,Enemies,Enemy3,2,32,M,37,2,7,6,3,3,7,7,4,3,2,6,4,7,ALVI VOHRA,1,1,2,1,2,1,2,1,4,1,1,1,2,1,4,3,4,1,1,1,1,1,1,1,3,1,M,Hindu,1,1,1,1,1,1,4,1,5,3,1,4,4,4,1,1,1,1,3,1,1,5,1,7,1,7,5,1,0,B5
338,B0538,5,B,5B,other,Enemies,Enemy1,2,40,F,38,1,5,7,7,1,7,7,6,3,6,4,3,7,DOVADI VOHRA,2,1,3,1,2,3,1,1,3,1,1,2,NA,1,3,2,2,4,1,1,2,2,1,1,5,3,F,Muslim,1,1,1,1,1,1,1,1,1,1,1,4,4,3,1,1,1,1,1,1,1,5,5,1,7,1,7,1,0,B5
339,B0538,5,B,5B,other,Enemies,Enemy2,2,48,F,38,1,5,7,7,1,7,7,6,3,6,4,3,7,DOVADI VOHRA,2,1,3,1,2,3,1,1,3,1,1,2,NA,1,3,2,2,4,1,1,2,2,1,1,5,3,F,Muslim,1,1,2,1,1,1,1,1,1,1,1,4,2,2,2,1,1,2,2,1,1,1,3,4,4,5,7,1,0,B5
340,B0538,5,B,5B,other,Enemies,Enemy3,2,58,F,38,1,5,7,7,1,7,7,6,3,6,4,3,7,DOVADI VOHRA,2,1,3,1,2,3,1,1,3,1,1,2,NA,1,3,2,2,4,1,1,2,2,1,1,5,3,F,Hindu,1,1,1,1,1,1,4,1,3,3,1,4,4,4,1,1,1,2,1,1,1,5,5,1,7,7,5,1,0,B5
341,B0539,5,B,5B,Hindu,Enemies,Enemy1,2,15,F,39,1,3,6,7,7,2,6,5,5,3,4,4,2,NA,2,2,1,3,1,2,1,4,4,1,3,2,1,2,4,3,2,2,2,1,1,1,1,1,5,2,M,Muslim,1,1,1,1,1,1,4,1,1,1,1,4,1,1,1,1,1,1,1,5,1,5,3,7,6,1,4,0,0,B5
342,B0539,5,B,5B,Hindu,Enemies,Enemy2,2,37,F,39,1,3,6,7,7,2,6,5,5,3,4,4,2,NA,2,2,1,3,1,2,1,4,4,1,3,2,1,2,4,3,2,2,2,1,1,1,1,1,5,2,M,Muslim,1,2,1,2,1,2,4,1,1,1,1,4,3,4,1,1,1,1,1,1,1,3,1,7,6,3,7,0,0,B5
343,B0539,5,B,5B,Hindu,Enemies,Enemy3,2,41,F,39,1,3,6,7,7,2,6,5,5,3,4,4,2,NA,2,2,1,3,1,2,1,4,4,1,3,2,1,2,4,3,2,2,2,1,1,1,1,1,5,2,F,Muslim,1,1,2,2,1,2,4,1,1,5,1,4,2,7,3,2,3,3,2,3,1,3,2,1,7,2,7,1,0,B5
344,B0539,5,B,5B,Hindu,Enemies,Enemy4,2,49,F,39,1,3,6,7,7,2,6,5,5,3,4,4,2,NA,2,2,1,3,1,2,1,4,4,1,3,2,1,2,4,3,2,2,2,1,1,1,1,1,5,2,F,other,1,2,2,2,2,1,4,1,5,2,1,4,5,3,2,1,2,1,1,1,2,5,2,2,7,6,5,1,0,B5
345,B0539,5,B,5B,Hindu,Enemies,Enemy5,2,58,F,39,1,3,6,7,7,2,6,5,5,3,4,4,2,NA,2,2,1,3,1,2,1,4,4,1,3,2,1,2,4,3,2,2,2,1,1,1,1,1,5,2,F,Hindu,1,1,1,1,1,1,4,1,3,3,1,4,4,4,1,1,1,2,1,1,1,5,5,1,7,7,5,1,1,B5
346,B0539,5,B,5B,Hindu,Enemies,Enemy6,2,61,F,39,1,3,6,7,7,2,6,5,5,3,4,4,2,NA,2,2,1,3,1,2,1,4,4,1,3,2,1,2,4,3,2,2,2,1,1,1,1,1,5,2,F,NA,NA,NA,NA,NA,NA,NA,NA,NA,NA,NA,NA,NA,NA,NA,NA,NA,NA,NA,NA,NA,NA,NA,NA,NA,NA,NA,NA,1,NA,B5
347,B0539,5,B,5B,Hindu,Enemies,Enemy7,2,62,F,39,1,3,6,7,7,2,6,5,5,3,4,4,2,NA,2,2,1,3,1,2,1,4,4,1,3,2,1,2,4,3,2,2,2,1,1,1,1,1,5,2,F,Muslim,1,1,3,1,1,1,4,1,1,4,1,4,3,4,2,2,2,1,1,1,1,5,1,4,3,3,7,1,0,B5
348,B0540,5,B,5B,Muslim,Enemies,Enemy1,2,45,F,40,1,1,7,7,1,7,7,6,4,5,7,1,7,ALVI VOHRA,2,1,1,1,1,1,1,1,1,1,1,1,2,1,4,4,3,1,1,1,1,1,1,1,5,5,F,other,1,1,1,1,1,1,4,1,1,1,1,3,2,2,2,2,1,3,1,1,1,3,4,5,7,4,6,1,0,B5
349,B0540,5,B,5B,Muslim,Enemies,Enemy2,2,47,F,40,1,1,7,7,1,7,7,6,4,5,7,1,7,ALVI VOHRA,2,1,1,1,1,1,1,1,1,1,1,1,2,1,4,4,3,1,1,1,1,1,1,1,5,5,F,Muslim,1,1,1,1,1,1,3,1,1,5,1,4,3,2,2,1,1,1,1,1,1,2,1,5,7,5,7,1,1,B5
350,B0541,5,B,5B,Muslim,Enemies,Enemy1,2,38,F,41,6,1,7,7,2,7,7,5,6,5,6,6,7,SHAIKH,2,1,1,2,2,1,2,2,4,1,1,5,2,1,4,2,7,3,2,3,3,2,3,1,3,2,F,other,1,3,1,2,3,1,3,1,1,2,1,3,2,2,4,1,1,2,2,1,1,5,3,5,7,1,7,1,0,B5
351,B0541,5,B,5B,Muslim,Enemies,Enemy2,2,44,F,41,6,1,7,7,2,7,7,5,6,5,6,6,7,SHAIKH,2,1,1,2,2,1,2,2,4,1,1,5,2,1,4,2,7,3,2,3,3,2,3,1,3,2,F,other,1,1,1,1,2,1,4,1,4,3,2,4,4,3,3,3,2,2,2,2,3,3,1,1,7,7,1,1,0,B5
352,B0541,5,B,5B,Muslim,Enemies,Enemy3,2,47,F,41,6,1,7,7,2,7,7,5,6,5,6,6,7,SHAIKH,2,1,1,2,2,1,2,2,4,1,1,5,2,1,4,2,7,3,2,3,3,2,3,1,3,2,F,Muslim,1,1,1,1,1,1,3,1,1,5,1,4,3,2,2,1,1,1,1,1,1,2,1,5,7,5,7,1,1,B5
353,B0541,5,B,5B,Muslim,Enemies,Enemy4,2,51,F,41,6,1,7,7,2,7,7,5,6,5,6,6,7,SHAIKH,2,1,1,2,2,1,2,2,4,1,1,5,2,1,4,2,7,3,2,3,3,2,3,1,3,2,F,Hindu,2,2,2,1,1,1,3,3,2,2,1,4,4,3,3,2,2,2,2,1,1,5,2,4,7,6,5,1,0,B5
354,B0541,5,B,5B,Muslim,Enemies,Enemy5,2,58,F,41,6,1,7,7,2,7,7,5,6,5,6,6,7,SHAIKH,2,1,1,2,2,1,2,2,4,1,1,5,2,1,4,2,7,3,2,3,3,2,3,1,3,2,F,Hindu,1,1,1,1,1,1,4,1,3,3,1,4,4,4,1,1,1,2,1,1,1,5,5,1,7,7,5,1,0,B5
355,B0541,5,B,5B,Muslim,Enemies,Enemy6,2,61,F,41,6,1,7,7,2,7,7,5,6,5,6,6,7,SHAIKH,2,1,1,2,2,1,2,2,4,1,1,5,2,1,4,2,7,3,2,3,3,2,3,1,3,2,F,NA,NA,NA,NA,NA,NA,NA,NA,NA,NA,NA,NA,NA,NA,NA,NA,NA,NA,NA,NA,NA,NA,NA,NA,NA,NA,NA,NA,1,NA,B5
356,B0541,5,B,5B,Muslim,Enemies,Enemy7,2,63,F,41,6,1,7,7,2,7,7,5,6,5,6,6,7,SHAIKH,2,1,1,2,2,1,2,2,4,1,1,5,2,1,4,2,7,3,2,3,3,2,3,1,3,2,F,NA,NA,NA,NA,NA,NA,NA,NA,NA,NA,NA,NA,NA,NA,NA,NA,NA,NA,NA,NA,NA,NA,NA,NA,NA,NA,NA,NA,1,NA,B5
357,B0542,5,B,5B,Hindu,Enemies,Enemy1,2,1,F,42,4,4,4,NA,7,6,4,5,4,4,4,4,8,DON'T KNOW,2,1,4,1,1,1,1,1,4,1,2,1,1,1,4,4,7,1,1,1,1,1,1,1,5,3,M,Hindu,5,5,4,3,5,2,4,5,5,4,4,6,4,4,1,1,1,2,1,1,1,5,3,7,6,6,6,0,1,B5
358,B0542,5,B,5B,Hindu,Enemies,Enemy2,2,2,F,42,4,4,4,NA,7,6,4,5,4,4,4,4,8,DON'T KNOW,2,1,4,1,1,1,1,1,4,1,2,1,1,1,4,4,7,1,1,1,1,1,1,1,5,3,M,Muslim,1,1,1,1,1,1,1,2,1,2,1,5,4,4,1,1,1,1,1,1,1,1,5,7,4,5,7,0,0,B5
359,B0542,5,B,5B,Hindu,Enemies,Enemy3,2,3,F,42,4,4,4,NA,7,6,4,5,4,4,4,4,8,DON'T KNOW,2,1,4,1,1,1,1,1,4,1,2,1,1,1,4,4,7,1,1,1,1,1,1,1,5,3,M,NA,NA,NA,NA,NA,NA,NA,NA,NA,NA,NA,NA,NA,NA,NA,NA,NA,NA,NA,NA,NA,NA,NA,NA,NA,NA,NA,NA,0,NA,B5
360,B0542,5,B,5B,Hindu,Enemies,Enemy4,2,4,F,42,4,4,4,NA,7,6,4,5,4,4,4,4,8,DON'T KNOW,2,1,4,1,1,1,1,1,4,1,2,1,1,1,4,4,7,1,1,1,1,1,1,1,5,3,M,Muslim,1,1,2,1,1,1,3,1,1,1,1,4,2,4,1,1,1,2,2,1,1,5,5,6,6,6,7,0,0,B5
361,B0542,5,B,5B,Hindu,Enemies,Enemy5,2,5,F,42,4,4,4,NA,7,6,4,5,4,4,4,4,8,DON'T KNOW,2,1,4,1,1,1,1,1,4,1,2,1,1,1,4,4,7,1,1,1,1,1,1,1,5,3,M,Muslim,2,2,3,1,1,1,3,2,1,1,1,4,2,4,1,2,4,1,3,1,1,4,5,7,1,NA,2,0,0,B5
362,B0542,5,B,5B,Hindu,Enemies,Enemy6,2,6,F,42,4,4,4,NA,7,6,4,5,4,4,4,4,8,DON'T KNOW,2,1,4,1,1,1,1,1,4,1,2,1,1,1,4,4,7,1,1,1,1,1,1,1,5,3,M,NA,NA,NA,NA,NA,NA,NA,NA,NA,NA,NA,NA,NA,NA,NA,NA,NA,NA,NA,NA,NA,NA,NA,NA,NA,NA,NA,NA,0,NA,B5
363,B0542,5,B,5B,Hindu,Enemies,Enemy7,2,7,F,42,4,4,4,NA,7,6,4,5,4,4,4,4,8,DON'T KNOW,2,1,4,1,1,1,1,1,4,1,2,1,1,1,4,4,7,1,1,1,1,1,1,1,5,3,M,Hindu,1,1,1,1,2,1,4,1,2,1,1,6,7,6,1,1,1,1,1,1,1,3,2,6,5,7,6,0,1,B5
364,B0542,5,B,5B,Hindu,Enemies,Enemy8,2,21,F,42,4,4,4,NA,7,6,4,5,4,4,4,4,8,DON'T KNOW,2,1,4,1,1,1,1,1,4,1,2,1,1,1,4,4,7,1,1,1,1,1,1,1,5,3,M,Hindu,4,3,5,1,4,1,4,1,2,2,3,5,3,4,1,1,1,1,1,1,1,5,4,6,6,6,6,0,1,B5
365,B0542,5,B,5B,Hindu,Enemies,Enemy9,2,34,F,42,4,4,4,NA,7,6,4,5,4,4,4,4,8,DON'T KNOW,2,1,4,1,1,1,1,1,4,1,2,1,1,1,4,4,7,1,1,1,1,1,1,1,5,3,M,other,1,1,2,2,1,1,4,2,4,2,1,4,3,5,2,1,1,1,1,1,1,5,3,7,5,6,4,0,0,B5
366,B0542,5,B,5B,Hindu,Enemies,Enemy10,2,51,F,42,4,4,4,NA,7,6,4,5,4,4,4,4,8,DON'T KNOW,2,1,4,1,1,1,1,1,4,1,2,1,1,1,4,4,7,1,1,1,1,1,1,1,5,3,F,Hindu,2,2,2,1,1,1,3,3,2,2,1,4,4,3,3,2,2,2,2,1,1,5,2,4,7,6,5,1,1,B5
367,B0542,5,B,5B,Hindu,Enemies,Enemy11,2,55,F,42,4,4,4,NA,7,6,4,5,4,4,4,4,8,DON'T KNOW,2,1,4,1,1,1,1,1,4,1,2,1,1,1,4,4,7,1,1,1,1,1,1,1,5,3,F,Hindu,1,1,1,1,1,1,4,1,2,2,1,4,1,1,3,2,1,1,1,1,1,5,4,5,7,7,5,1,1,B5
368,B0542,5,B,5B,Hindu,Enemies,Enemy12,2,58,F,42,4,4,4,NA,7,6,4,5,4,4,4,4,8,DON'T KNOW,2,1,4,1,1,1,1,1,4,1,2,1,1,1,4,4,7,1,1,1,1,1,1,1,5,3,F,Hindu,1,1,1,1,1,1,4,1,3,3,1,4,4,4,1,1,1,2,1,1,1,5,5,1,7,7,5,1,1,B5
369,B0542,5,B,5B,Hindu,Enemies,Enemy13,2,59,F,42,4,4,4,NA,7,6,4,5,4,4,4,4,8,DON'T KNOW,2,1,4,1,1,1,1,1,4,1,2,1,1,1,4,4,7,1,1,1,1,1,1,1,5,3,F,Hindu,1,1,1,1,1,1,4,1,3,2,1,3,1,1,1,1,1,2,1,1,2,4,3,1,7,7,6,1,1,B5
370,B0542,5,B,5B,Hindu,Enemies,Enemy14,2,63,F,42,4,4,4,NA,7,6,4,5,4,4,4,4,8,DON'T KNOW,2,1,4,1,1,1,1,1,4,1,2,1,1,1,4,4,7,1,1,1,1,1,1,1,5,3,F,NA,NA,NA,NA,NA,NA,NA,NA,NA,NA,NA,NA,NA,NA,NA,NA,NA,NA,NA,NA,NA,NA,NA,NA,NA,NA,NA,NA,1,NA,B5
371,B0546,5,B,5B,Hindu,Enemies,Enemy1,2,54,F,46,1,4,7,7,7,2,7,7,5,6,4,6,1,NA,2,1,1,1,1,1,1,2,5,1,5,5,1,1,4,4,5,2,1,1,1,3,1,1,3,2,F,Hindu,2,2,2,1,1,1,2,1,3,1,2,4,4,4,4,4,1,1,1,2,1,5,2,4,7,7,2,1,1,B5
372,B0546,5,B,5B,Hindu,Enemies,Enemy2,2,59,F,46,1,4,7,7,7,2,7,7,5,6,4,6,1,NA,2,1,1,1,1,1,1,2,5,1,5,5,1,1,4,4,5,2,1,1,1,3,1,1,3,2,F,Hindu,1,1,1,1,1,1,4,1,3,2,1,3,1,1,1,1,1,2,1,1,2,4,3,1,7,7,6,1,1,B5
373,B0547,5,B,5B,Muslim,Enemies,Enemy1,2,6,F,47,5,5,7,7,5,7,6,7,5,6,6,3,7,NA,2,1,1,1,1,1,1,1,3,1,1,5,2,1,4,3,2,2,1,1,1,1,1,1,2,1,M,NA,NA,NA,NA,NA,NA,NA,NA,NA,NA,NA,NA,NA,NA,NA,NA,NA,NA,NA,NA,NA,NA,NA,NA,NA,NA,NA,NA,0,NA,B5
374,B0547,5,B,5B,Muslim,Enemies,Enemy2,2,33,F,47,5,5,7,7,5,7,6,7,5,6,6,3,7,NA,2,1,1,1,1,1,1,1,3,1,1,5,2,1,4,3,2,2,1,1,1,1,1,1,2,1,M,Hindu,1,5,1,1,1,1,2,1,2,1,1,6,4,5,1,5,4,1,2,5,3,1,3,7,1,7,1,0,0,B5
375,B0549,5,B,5B,other,Enemies,Enemy1,2,7,F,49,5,2,7,7,6,5,6,6,5,6,5,4,8,NA,2,1,2,2,2,2,1,4,4,1,5,2,NA,1,4,5,3,2,1,2,1,1,1,2,5,2,M,Hindu,1,1,1,1,2,1,4,1,2,1,1,6,7,6,1,1,1,1,1,1,1,3,2,6,5,7,6,0,0,B5
376,B0549,5,B,5B,other,Enemies,Enemy2,2,33,F,49,5,2,7,7,6,5,6,6,5,6,5,4,8,NA,2,1,2,2,2,2,1,4,4,1,5,2,NA,1,4,5,3,2,1,2,1,1,1,2,5,2,M,Hindu,1,5,1,1,1,1,2,1,2,1,1,6,4,5,1,5,4,1,2,5,3,1,3,7,1,7,1,0,0,B5
377,B0551,5,B,5B,Hindu,Enemies,Enemy1,2,4,F,51,2,4,7,6,6,5,6,6,5,6,5,4,8,NA,2,2,2,2,1,1,1,1,3,3,2,2,1,1,4,4,3,3,2,2,2,2,1,1,5,2,M,Muslim,1,1,2,1,1,1,3,1,1,1,1,4,2,4,1,1,1,2,2,1,1,5,5,6,6,6,7,0,0,B5
378,B0551,5,B,5B,Hindu,Enemies,Enemy2,2,6,F,51,2,4,7,6,6,5,6,6,5,6,5,4,8,NA,2,2,2,2,1,1,1,1,3,3,2,2,1,1,4,4,3,3,2,2,2,2,1,1,5,2,M,NA,NA,NA,NA,NA,NA,NA,NA,NA,NA,NA,NA,NA,NA,NA,NA,NA,NA,NA,NA,NA,NA,NA,NA,NA,NA,NA,NA,0,NA,B5
379,B0551,5,B,5B,Hindu,Enemies,Enemy3,2,32,F,51,2,4,7,6,6,5,6,6,5,6,5,4,8,NA,2,2,2,2,1,1,1,1,3,3,2,2,1,1,4,4,3,3,2,2,2,2,1,1,5,2,M,Hindu,1,1,1,1,1,1,4,1,5,3,1,4,4,4,1,1,1,1,3,1,1,5,1,7,1,7,5,0,1,B5
380,B0551,5,B,5B,Hindu,Enemies,Enemy4,2,33,F,51,2,4,7,6,6,5,6,6,5,6,5,4,8,NA,2,2,2,2,1,1,1,1,3,3,2,2,1,1,4,4,3,3,2,2,2,2,1,1,5,2,M,Hindu,1,5,1,1,1,1,2,1,2,1,1,6,4,5,1,5,4,1,2,5,3,1,3,7,1,7,1,0,1,B5
381,B0551,5,B,5B,Hindu,Enemies,Enemy5,2,44,F,51,2,4,7,6,6,5,6,6,5,6,5,4,8,NA,2,2,2,2,1,1,1,1,3,3,2,2,1,1,4,4,3,3,2,2,2,2,1,1,5,2,F,other,1,1,1,1,2,1,4,1,4,3,2,4,4,3,3,3,2,2,2,2,3,3,1,1,7,7,1,1,0,B5
382,B0551,5,B,5B,Hindu,Enemies,Enemy6,2,47,F,51,2,4,7,6,6,5,6,6,5,6,5,4,8,NA,2,2,2,2,1,1,1,1,3,3,2,2,1,1,4,4,3,3,2,2,2,2,1,1,5,2,F,Muslim,1,1,1,1,1,1,3,1,1,5,1,4,3,2,2,1,1,1,1,1,1,2,1,5,7,5,7,1,0,B5
383,B0551,5,B,5B,Hindu,Enemies,Enemy7,2,57,F,51,2,4,7,6,6,5,6,6,5,6,5,4,8,NA,2,2,2,2,1,1,1,1,3,3,2,2,1,1,4,4,3,3,2,2,2,2,1,1,5,2,F,Hindu,1,1,1,1,1,1,4,1,5,3,1,4,4,4,1,1,1,2,1,2,1,2,2,4,4,6,4,1,1,B5
384,B0552,5,B,5B,Muslim,Enemies,Enemy1,2,3,F,52,1,3,7,5,2,7,7,6,5,6,6,2,7,SUNNI,2,1,1,3,1,1,1,2,4,1,1,3,2,1,3,2,2,2,1,1,2,1,4,2,2,1,M,NA,NA,NA,NA,NA,NA,NA,NA,NA,NA,NA,NA,NA,NA,NA,NA,NA,NA,NA,NA,NA,NA,NA,NA,NA,NA,NA,NA,0,NA,B5
385,B0552,5,B,5B,Muslim,Enemies,Enemy2,2,4,F,52,1,3,7,5,2,7,7,6,5,6,6,2,7,SUNNI,2,1,1,3,1,1,1,2,4,1,1,3,2,1,3,2,2,2,1,1,2,1,4,2,2,1,M,Muslim,1,1,2,1,1,1,3,1,1,1,1,4,2,4,1,1,1,2,2,1,1,5,5,6,6,6,7,0,1,B5
386,B0552,5,B,5B,Muslim,Enemies,Enemy3,2,6,F,52,1,3,7,5,2,7,7,6,5,6,6,2,7,SUNNI,2,1,1,3,1,1,1,2,4,1,1,3,2,1,3,2,2,2,1,1,2,1,4,2,2,1,M,NA,NA,NA,NA,NA,NA,NA,NA,NA,NA,NA,NA,NA,NA,NA,NA,NA,NA,NA,NA,NA,NA,NA,NA,NA,NA,NA,NA,0,NA,B5
387,B0552,5,B,5B,Muslim,Enemies,Enemy4,2,33,F,52,1,3,7,5,2,7,7,6,5,6,6,2,7,SUNNI,2,1,1,3,1,1,1,2,4,1,1,3,2,1,3,2,2,2,1,1,2,1,4,2,2,1,M,Hindu,1,5,1,1,1,1,2,1,2,1,1,6,4,5,1,5,4,1,2,5,3,1,3,7,1,7,1,0,0,B5
388,B0552,5,B,5B,Muslim,Enemies,Enemy5,2,35,F,52,1,3,7,5,2,7,7,6,5,6,6,2,7,SUNNI,2,1,1,3,1,1,1,2,4,1,1,3,2,1,3,2,2,2,1,1,2,1,4,2,2,1,M,Hindu,1,1,1,1,1,1,4,1,4,4,1,4,4,4,1,1,1,1,1,1,1,5,3,7,7,7,5,0,0,B5
389,B0552,5,B,5B,Muslim,Enemies,Enemy6,2,39,F,52,1,3,7,5,2,7,7,6,5,6,6,2,7,SUNNI,2,1,1,3,1,1,1,2,4,1,1,3,2,1,3,2,2,2,1,1,2,1,4,2,2,1,F,Hindu,2,1,3,1,2,1,4,1,3,2,2,4,3,2,2,2,1,1,1,1,1,5,2,3,6,7,2,1,0,B5
390,B0553,5,B,5B,Hindu,Enemies,Enemy1,2,6,F,53,1,6,7,7,7,5,6,7,6,6,7,1,8,NA,2,1,1,1,1,1,1,1,4,4,1,1,1,1,4,4,4,1,1,1,1,1,1,1,3,5,M,NA,NA,NA,NA,NA,NA,NA,NA,NA,NA,NA,NA,NA,NA,NA,NA,NA,NA,NA,NA,NA,NA,NA,NA,NA,NA,NA,NA,0,NA,B5
391,B0553,5,B,5B,Hindu,Enemies,Enemy2,2,33,F,53,1,6,7,7,7,5,6,7,6,6,7,1,8,NA,2,1,1,1,1,1,1,1,4,4,1,1,1,1,4,4,4,1,1,1,1,1,1,1,3,5,M,Hindu,1,5,1,1,1,1,2,1,2,1,1,6,4,5,1,5,4,1,2,5,3,1,3,7,1,7,1,0,1,B5
392,B0553,5,B,5B,Hindu,Enemies,Enemy3,2,37,F,53,1,6,7,7,7,5,6,7,6,6,7,1,8,NA,2,1,1,1,1,1,1,1,4,4,1,1,1,1,4,4,4,1,1,1,1,1,1,1,3,5,M,Muslim,1,2,1,2,1,2,4,1,1,1,1,4,3,4,1,1,1,1,1,1,1,3,1,7,6,3,7,0,0,B5
393,B0553,5,B,5B,Hindu,Enemies,Enemy4,2,39,F,53,1,6,7,7,7,5,6,7,6,6,7,1,8,NA,2,1,1,1,1,1,1,1,4,4,1,1,1,1,4,4,4,1,1,1,1,1,1,1,3,5,F,Hindu,2,1,3,1,2,1,4,1,3,2,2,4,3,2,2,2,1,1,1,1,1,5,2,3,6,7,2,1,1,B5
394,B0553,5,B,5B,Hindu,Enemies,Enemy5,2,40,F,53,1,6,7,7,7,5,6,7,6,6,7,1,8,NA,2,1,1,1,1,1,1,1,4,4,1,1,1,1,4,4,4,1,1,1,1,1,1,1,3,5,F,Muslim,1,1,1,1,1,1,1,1,1,1,1,4,4,3,1,1,1,1,1,1,1,5,5,1,7,1,7,1,0,B5
395,B0553,5,B,5B,Hindu,Enemies,Enemy6,2,45,F,53,1,6,7,7,7,5,6,7,6,6,7,1,8,NA,2,1,1,1,1,1,1,1,4,4,1,1,1,1,4,4,4,1,1,1,1,1,1,1,3,5,F,other,1,1,1,1,1,1,4,1,1,1,1,3,2,2,2,2,1,3,1,1,1,3,4,5,7,4,6,1,0,B5
396,B0553,5,B,5B,Hindu,Enemies,Enemy7,2,47,F,53,1,6,7,7,7,5,6,7,6,6,7,1,8,NA,2,1,1,1,1,1,1,1,4,4,1,1,1,1,4,4,4,1,1,1,1,1,1,1,3,5,F,Muslim,1,1,1,1,1,1,3,1,1,5,1,4,3,2,2,1,1,1,1,1,1,2,1,5,7,5,7,1,0,B5
397,B0553,5,B,5B,Hindu,Enemies,Enemy8,2,59,F,53,1,6,7,7,7,5,6,7,6,6,7,1,8,NA,2,1,1,1,1,1,1,1,4,4,1,1,1,1,4,4,4,1,1,1,1,1,1,1,3,5,F,Hindu,1,1,1,1,1,1,4,1,3,2,1,3,1,1,1,1,1,2,1,1,2,4,3,1,7,7,6,1,1,B5
398,B0553,5,B,5B,Hindu,Enemies,Enemy9,2,65,F,53,1,6,7,7,7,5,6,7,6,6,7,1,8,NA,2,1,1,1,1,1,1,1,4,4,1,1,1,1,4,4,4,1,1,1,1,1,1,1,3,5,F,Hindu,1,1,1,1,1,1,4,1,1,3,1,4,1,3,5,3,2,2,1,1,2,5,5,1,7,7,6,1,1,B5
399,B0555,5,B,5B,Hindu,Enemies,Enemy1,2,58,F,55,2,5,7,7,7,5,7,6,5,6,6,1,7,NA,2,1,1,1,1,1,1,1,4,1,2,2,1,1,4,1,1,3,2,1,1,1,1,1,5,4,F,Hindu,1,1,1,1,1,1,4,1,3,3,1,4,4,4,1,1,1,2,1,1,1,5,5,1,7,7,5,1,1,B5
400,B0555,5,B,5B,Hindu,Enemies,Enemy2,2,65,F,55,2,5,7,7,7,5,7,6,5,6,6,1,7,NA,2,1,1,1,1,1,1,1,4,1,2,2,1,1,4,1,1,3,2,1,1,1,1,1,5,4,F,Hindu,1,1,1,1,1,1,4,1,1,3,1,4,1,3,5,3,2,2,1,1,2,5,5,1,7,7,6,1,1,B5
401,B0556,5,B,5B,Hindu,Enemies,Enemy1,2,33,F,56,1,3,7,7,7,4,7,7,3,3,3,3,2,NA,2,1,1,3,1,1,1,2,4,1,1,1,1,1,2,1,1,1,1,1,1,1,1,1,5,1,M,Hindu,1,5,1,1,1,1,2,1,2,1,1,6,4,5,1,5,4,1,2,5,3,1,3,7,1,7,1,0,1,B5
402,B0557,5,B,5B,Hindu,Enemies,Enemy1,2,58,F,57,7,4,4,7,6,4,7,5,7,5,4,4,8,NA,2,1,1,1,1,1,1,1,4,1,5,3,1,1,4,4,4,1,1,1,2,1,2,1,2,2,F,Hindu,1,1,1,1,1,1,4,1,3,3,1,4,4,4,1,1,1,2,1,1,1,5,5,1,7,7,5,1,1,B5
403,B0557,5,B,5B,Hindu,Enemies,Enemy2,2,59,F,57,7,4,4,7,6,4,7,5,7,5,4,4,8,NA,2,1,1,1,1,1,1,1,4,1,5,3,1,1,4,4,4,1,1,1,2,1,2,1,2,2,F,Hindu,1,1,1,1,1,1,4,1,3,2,1,3,1,1,1,1,1,2,1,1,2,4,3,1,7,7,6,1,1,B5
404,B0559,5,B,5B,Hindu,Enemies,Enemy1,2,43,F,59,4,1,7,6,7,6,7,7,5,5,6,7,8,NA,2,1,1,1,1,1,1,1,4,1,3,2,1,1,3,1,1,1,1,1,2,1,1,2,4,3,F,Muslim,3,1,1,1,1,1,3,1,1,1,1,4,4,4,3,1,2,2,1,1,2,5,3,1,7,4,7,1,0,B5
405,B0559,5,B,5B,Hindu,Enemies,Enemy2,2,44,F,59,4,1,7,6,7,6,7,7,5,5,6,7,8,NA,2,1,1,1,1,1,1,1,4,1,3,2,1,1,3,1,1,1,1,1,2,1,1,2,4,3,F,other,1,1,1,1,2,1,4,1,4,3,2,4,4,3,3,3,2,2,2,2,3,3,1,1,7,7,1,1,0,B5
406,B0559,5,B,5B,Hindu,Enemies,Enemy3,2,46,F,59,4,1,7,6,7,6,7,7,5,5,6,7,8,NA,2,1,1,1,1,1,1,1,4,1,3,2,1,1,3,1,1,1,1,1,2,1,1,2,4,3,F,Hindu,1,1,1,1,1,1,5,1,5,5,1,4,4,5,2,1,1,1,3,1,1,3,2,4,7,7,2,1,1,B5
407,B0559,5,B,5B,Hindu,Enemies,Enemy4,2,47,F,59,4,1,7,6,7,6,7,7,5,5,6,7,8,NA,2,1,1,1,1,1,1,1,4,1,3,2,1,1,3,1,1,1,1,1,2,1,1,2,4,3,F,Muslim,1,1,1,1,1,1,3,1,1,5,1,4,3,2,2,1,1,1,1,1,1,2,1,5,7,5,7,1,0,B5
408,B0559,5,B,5B,Hindu,Enemies,Enemy5,2,49,F,59,4,1,7,6,7,6,7,7,5,5,6,7,8,NA,2,1,1,1,1,1,1,1,4,1,3,2,1,1,3,1,1,1,1,1,2,1,1,2,4,3,F,other,1,2,2,2,2,1,4,1,5,2,1,4,5,3,2,1,2,1,1,1,2,5,2,2,7,6,5,1,0,B5
409,B0559,5,B,5B,Hindu,Enemies,Enemy6,2,51,F,59,4,1,7,6,7,6,7,7,5,5,6,7,8,NA,2,1,1,1,1,1,1,1,4,1,3,2,1,1,3,1,1,1,1,1,2,1,1,2,4,3,F,Hindu,2,2,2,1,1,1,3,3,2,2,1,4,4,3,3,2,2,2,2,1,1,5,2,4,7,6,5,1,1,B5
410,B0559,5,B,5B,Hindu,Enemies,Enemy7,2,63,F,59,4,1,7,6,7,6,7,7,5,5,6,7,8,NA,2,1,1,1,1,1,1,1,4,1,3,2,1,1,3,1,1,1,1,1,2,1,1,2,4,3,F,NA,NA,NA,NA,NA,NA,NA,NA,NA,NA,NA,NA,NA,NA,NA,NA,NA,NA,NA,NA,NA,NA,NA,NA,NA,NA,NA,NA,1,NA,B5
411,B0560,5,B,5B,Hindu,Enemies,Enemy1,2,3,F,60,1,6,7,7,7,4,6,6,6,5,6,4,1,NA,2,1,2,1,1,1,1,1,4,1,1,1,1,1,7,6,4,1,1,1,1,1,1,1,5,3,M,NA,NA,NA,NA,NA,NA,NA,NA,NA,NA,NA,NA,NA,NA,NA,NA,NA,NA,NA,NA,NA,NA,NA,NA,NA,NA,NA,NA,0,NA,B5
412,B0560,5,B,5B,Hindu,Enemies,Enemy2,2,6,F,60,1,6,7,7,7,4,6,6,6,5,6,4,1,NA,2,1,2,1,1,1,1,1,4,1,1,1,1,1,7,6,4,1,1,1,1,1,1,1,5,3,M,NA,NA,NA,NA,NA,NA,NA,NA,NA,NA,NA,NA,NA,NA,NA,NA,NA,NA,NA,NA,NA,NA,NA,NA,NA,NA,NA,NA,0,NA,B5
413,B0560,5,B,5B,Hindu,Enemies,Enemy3,2,7,F,60,1,6,7,7,7,4,6,6,6,5,6,4,1,NA,2,1,2,1,1,1,1,1,4,1,1,1,1,1,7,6,4,1,1,1,1,1,1,1,5,3,M,Hindu,1,1,1,1,2,1,4,1,2,1,1,6,7,6,1,1,1,1,1,1,1,3,2,6,5,7,6,0,1,B5
414,B0560,5,B,5B,Hindu,Enemies,Enemy4,2,33,F,60,1,6,7,7,7,4,6,6,6,5,6,4,1,NA,2,1,2,1,1,1,1,1,4,1,1,1,1,1,7,6,4,1,1,1,1,1,1,1,5,3,M,Hindu,1,5,1,1,1,1,2,1,2,1,1,6,4,5,1,5,4,1,2,5,3,1,3,7,1,7,1,0,1,B5
415,B0560,5,B,5B,Hindu,Enemies,Enemy5,2,64,F,60,1,6,7,7,7,4,6,6,6,5,6,4,1,NA,2,1,2,1,1,1,1,1,4,1,1,1,1,1,7,6,4,1,1,1,1,1,1,1,5,3,F,other,1,1,4,2,1,1,4,2,1,1,1,4,4,4,4,1,1,1,1,1,NA,5,5,1,7,4,7,1,0,B5
416,B0562,5,B,5B,Muslim,Enemies,Enemy1,2,2,F,62,2,4,3,7,3,7,4,2,3,1,4,4,7,JAMADAR,2,1,1,3,1,1,1,2,4,1,1,4,2,1,4,3,4,2,2,2,1,1,1,1,5,1,M,Muslim,1,1,1,1,1,1,1,2,1,2,1,5,4,4,1,1,1,1,1,1,1,1,5,7,4,5,7,0,1,B5
417,B0565,5,B,5B,Hindu,Enemies,Enemy1,2,43,F,65,6,1,7,7,7,6,7,7,5,4,7,1,8,NA,2,1,1,1,1,1,1,1,4,1,1,3,1,1,4,1,3,5,3,2,2,1,1,2,5,5,F,Muslim,3,1,1,1,1,1,3,1,1,1,1,4,4,4,3,1,2,2,1,1,2,5,3,1,7,4,7,1,0,B5
418,B0565,5,B,5B,Hindu,Enemies,Enemy2,2,44,F,65,6,1,7,7,7,6,7,7,5,4,7,1,8,NA,2,1,1,1,1,1,1,1,4,1,1,3,1,1,4,1,3,5,3,2,2,1,1,2,5,5,F,other,1,1,1,1,2,1,4,1,4,3,2,4,4,3,3,3,2,2,2,2,3,3,1,1,7,7,1,1,0,B5
419,B0565,5,B,5B,Hindu,Enemies,Enemy3,2,45,F,65,6,1,7,7,7,6,7,7,5,4,7,1,8,NA,2,1,1,1,1,1,1,1,4,1,1,3,1,1,4,1,3,5,3,2,2,1,1,2,5,5,F,other,1,1,1,1,1,1,4,1,1,1,1,3,2,2,2,2,1,3,1,1,1,3,4,5,7,4,6,1,0,B5
420,B0565,5,B,5B,Hindu,Enemies,Enemy4,2,47,F,65,6,1,7,7,7,6,7,7,5,4,7,1,8,NA,2,1,1,1,1,1,1,1,4,1,1,3,1,1,4,1,3,5,3,2,2,1,1,2,5,5,F,Muslim,1,1,1,1,1,1,3,1,1,5,1,4,3,2,2,1,1,1,1,1,1,2,1,5,7,5,7,1,0,B5
421,B0565,5,B,5B,Hindu,Enemies,Enemy5,2,48,F,65,6,1,7,7,7,6,7,7,5,4,7,1,8,NA,2,1,1,1,1,1,1,1,4,1,1,3,1,1,4,1,3,5,3,2,2,1,1,2,5,5,F,Muslim,1,1,2,1,1,1,1,1,1,1,1,4,2,2,2,1,1,2,2,1,1,1,3,4,4,5,7,1,0,B5
422,C0502,5,C,5C,Hindu,Enemies,Enemy1,2,14,M,2,1,1,NA,4,7,7,7,7,6,6,7,1,8,NA,1,5,3,1,1,5,1,1,2,4,3,1,1,1,2,1,7,3,4,1,5,1,1,1,2,1,M,Hindu,1,NA,1,2,3,1,4,1,2,2,1,4,2,2,2,4,4,3,2,2,3,3,2,6,4,7,1,1,1,C5
423,C0502,5,C,5C,Hindu,Enemies,Enemy2,2,15,M,2,1,1,NA,4,7,7,7,7,6,6,7,1,8,NA,1,5,3,1,1,5,1,1,2,4,3,1,1,1,2,1,7,3,4,1,5,1,1,1,2,1,M,Hindu,2,1,1,1,2,1,3,4,1,3,1,2,7,1,2,2,2,2,2,2,2,2,3,7,7,7,5,1,1,C5
424,C0502,5,C,5C,Hindu,Enemies,Enemy3,2,28,M,2,1,1,NA,4,7,7,7,7,6,6,7,1,8,NA,1,5,3,1,1,5,1,1,2,4,3,1,1,1,2,1,7,3,4,1,5,1,1,1,2,1,M,Muslim,1,1,1,1,2,1,3,1,4,4,1,4,4,4,1,2,2,1,1,1,1,5,3,7,4,3,7,1,0,C5
425,C0502,5,C,5C,Hindu,Enemies,Enemy4,2,29,M,2,1,1,NA,4,7,7,7,7,6,6,7,1,8,NA,1,5,3,1,1,5,1,1,2,4,3,1,1,1,2,1,7,3,4,1,5,1,1,1,2,1,M,NA,NA,NA,NA,NA,NA,NA,NA,NA,NA,NA,NA,NA,NA,NA,NA,NA,NA,NA,NA,NA,NA,NA,NA,NA,NA,NA,NA,1,NA,C5
426,C0502,5,C,5C,Hindu,Enemies,Enemy5,2,46,M,2,1,1,NA,4,7,7,7,7,6,6,7,1,8,NA,1,5,3,1,1,5,1,1,2,4,3,1,1,1,2,1,7,3,4,1,5,1,1,1,2,1,F,Muslim,1,1,1,1,1,1,4,1,1,1,1,7,7,7,1,1,1,1,1,1,1,3,1,6,7,4,7,0,0,C5
427,C0502,5,C,5C,Hindu,Enemies,Enemy6,2,51,M,2,1,1,NA,4,7,7,7,7,6,6,7,1,8,NA,1,5,3,1,1,5,1,1,2,4,3,1,1,1,2,1,7,3,4,1,5,1,1,1,2,1,F,Muslim,1,1,2,1,1,1,2,1,1,2,2,7,2,6,1,1,1,1,1,1,1,1,1,6,7,4,7,0,0,C5
428,C0502,5,C,5C,Hindu,Enemies,Enemy7,2,58,M,2,1,1,NA,4,7,7,7,7,6,6,7,1,8,NA,1,5,3,1,1,5,1,1,2,4,3,1,1,1,2,1,7,3,4,1,5,1,1,1,2,1,F,Hindu,1,3,2,1,2,1,4,3,5,2,3,4,4,3,NA,2,5,4,2,2,2,2,1,2,7,6,NA,0,1,C5
429,C0504,5,C,5C,Hindu,Enemies,Enemy1,2,6,M,4,1,7,4,7,7,1,6,6,4,5,5,4,1,NA,1,NA,2,2,1,1,1,1,1,1,2,2,1,1,4,5,5,5,1,2,1,1,1,1,5,3,M,Hindu,1,1,1,1,1,1,5,4,4,4,1,4,6,2,1,1,2,NA,1,2,1,1,2,7,7,7,3,1,1,C5
430,C0505,5,C,5C,Hindu,Enemies,Enemy1,2,1,M,5,7,7,6,6,NA,NA,7,7,5,4,5,4,8,NA,1,2,2,1,1,2,1,4,4,1,3,2,1,1,4,3,3,2,1,2,1,1,1,2,5,4,M,Muslim,3,4,4,1,3,1,NA,5,2,NA,2,2,3,3,4,1,4,1,1,1,4,1,1,6,6,2,6,1,0,C5
431,C0505,5,C,5C,Hindu,Enemies,Enemy2,2,16,M,5,7,7,6,6,NA,NA,7,7,5,4,5,4,8,NA,1,2,2,1,1,2,1,4,4,1,3,2,1,1,4,3,3,2,1,2,1,1,1,2,5,4,M,Muslim,4,1,1,1,5,1,4,1,1,1,1,3,2,3,5,NA,1,2,1,1,1,3,5,7,4,1,7,1,0,C5
432,C0505,5,C,5C,Hindu,Enemies,Enemy3,2,28,M,5,7,7,6,6,NA,NA,7,7,5,4,5,4,8,NA,1,2,2,1,1,2,1,4,4,1,3,2,1,1,4,3,3,2,1,2,1,1,1,2,5,4,M,Muslim,1,1,1,1,2,1,3,1,4,4,1,4,4,4,1,2,2,1,1,1,1,5,3,7,4,3,7,1,0,C5
433,C0506,5,C,5C,Hindu,Enemies,Enemy1,2,27,M,6,7,7,7,7,7,3,3,NA,7,4,NA,3,2,Other,1,1,1,1,1,1,1,1,5,4,4,4,1,1,4,6,2,1,1,2,NA,1,2,1,1,2,M,Muslim,1,1,2,1,1,1,4,2,1,2,2,4,1,1,3,1,1,1,1,1,1,5,5,7,1,3,7,1,0,C5
434,C0506,5,C,5C,Hindu,Enemies,Enemy2,2,29,M,6,7,7,7,7,7,3,3,NA,7,4,NA,3,2,Other,1,1,1,1,1,1,1,1,5,4,4,4,1,1,4,6,2,1,1,2,NA,1,2,1,1,2,M,NA,NA,NA,NA,NA,NA,NA,NA,NA,NA,NA,NA,NA,NA,NA,NA,NA,NA,NA,NA,NA,NA,NA,NA,NA,NA,NA,NA,1,NA,C5
435,C0507,5,C,5C,Muslim,Enemies,Enemy1,2,27,M,7,4,4,4,4,1,7,7,6,4,6,5,7,7,Suni,1,1,1,4,1,3,1,2,1,1,1,2,2,1,4,4,7,1,5,3,5,5,1,3,3,3,M,Muslim,1,1,2,1,1,1,4,2,1,2,2,4,1,1,3,1,1,1,1,1,1,5,5,7,1,3,7,1,1,C5
436,C0507,5,C,5C,Muslim,Enemies,Enemy2,2,32,M,7,4,4,4,4,1,7,7,6,4,6,5,7,7,Suni,1,1,1,4,1,3,1,2,1,1,1,2,2,1,4,4,7,1,5,3,5,5,1,3,3,3,M,NA,NA,NA,NA,NA,NA,NA,NA,NA,NA,NA,NA,NA,NA,NA,NA,NA,NA,NA,NA,NA,NA,NA,NA,NA,NA,NA,NA,1,NA,C5
437,C0507,5,C,5C,Muslim,Enemies,Enemy3,2,33,M,7,4,4,4,4,1,7,7,6,4,6,5,7,7,Suni,1,1,1,4,1,3,1,2,1,1,1,2,2,1,4,4,7,1,5,3,5,5,1,3,3,3,M,Hindu,1,3,2,1,2,1,2,2,1,3,1,4,3,3,1,5,5,5,5,1,1,5,3,7,1,7,1,1,0,C5
438,C0507,5,C,5C,Muslim,Enemies,Enemy4,2,35,M,7,4,4,4,4,1,7,7,6,4,6,5,7,7,Suni,1,1,1,4,1,3,1,2,1,1,1,2,2,1,4,4,7,1,5,3,5,5,1,3,3,3,M,Hindu,3,2,1,1,3,1,4,1,3,4,2,4,3,2,3,1,2,3,4,5,5,1,1,7,1,7,1,1,0,C5
439,C0508,5,C,5C,Muslim,Enemies,Enemy1,2,2,M,8,6,7,6,1,6,7,7,7,5,4,6,2,NA,Vora,1,1,2,NA,1,3,1,2,5,1,1,5,2,1,2,4,5,3,3,2,1,5,3,4,2,1,M,Hindu,5,3,1,1,5,1,2,4,3,1,1,2,1,7,3,4,1,5,1,1,1,2,1,1,NA,7,7,1,0,C5
440,C0508,5,C,5C,Muslim,Enemies,Enemy2,2,5,M,8,6,7,6,1,6,7,7,7,5,4,6,2,NA,Vora,1,1,2,NA,1,3,1,2,5,1,1,5,2,1,2,4,5,3,3,2,1,5,3,4,2,1,M,Hindu,2,2,1,1,2,1,4,1,3,2,1,4,3,3,2,1,2,1,1,1,2,5,4,7,6,NA,NA,1,0,C5
441,C0508,5,C,5C,Muslim,Enemies,Enemy3,2,9,M,8,6,7,6,1,6,7,7,7,5,4,6,2,NA,Vora,1,1,2,NA,1,3,1,2,5,1,1,5,2,1,2,4,5,3,3,2,1,5,3,4,2,1,M,Hindu,2,1,1,1,4,1,4,1,4,1,1,1,7,6,2,1,3,5,4,3,2,2,1,7,4,7,2,1,0,C5
442,C0508,5,C,5C,Muslim,Enemies,Enemy4,2,12,M,8,6,7,6,1,6,7,7,7,5,4,6,2,NA,Vora,1,1,2,NA,1,3,1,2,5,1,1,5,2,1,2,4,5,3,3,2,1,5,3,4,2,1,M,Muslim,3,4,1,4,2,5,3,1,1,1,1,4,4,4,2,3,4,1,5,1,4,3,2,1,NA,4,1,1,1,C5
443,C0508,5,C,5C,Muslim,Enemies,Enemy5,2,19,M,8,6,7,6,1,6,7,7,7,5,4,6,2,NA,Vora,1,1,2,NA,1,3,1,2,5,1,1,5,2,1,2,4,5,3,3,2,1,5,3,4,2,1,M,Hindu,4,2,1,1,3,1,4,1,1,1,1,3,4,4,5,1,1,1,2,1,1,5,1,7,1,7,2,1,0,C5
444,C0508,5,C,5C,Muslim,Enemies,Enemy6,2,31,M,8,6,7,6,1,6,7,7,7,5,4,6,2,NA,Vora,1,1,2,NA,1,3,1,2,5,1,1,5,2,1,2,4,5,3,3,2,1,5,3,4,2,1,M,Muslim,1,1,1,1,1,1,4,1,4,3,1,6,7,3,3,2,2,1,3,1,1,5,1,7,4,4,7,1,1,C5
445,C0508,5,C,5C,Muslim,Enemies,Enemy7,2,32,M,8,6,7,6,1,6,7,7,7,5,4,6,2,NA,Vora,1,1,2,NA,1,3,1,2,5,1,1,5,2,1,2,4,5,3,3,2,1,5,3,4,2,1,M,NA,NA,NA,NA,NA,NA,NA,NA,NA,NA,NA,NA,NA,NA,NA,NA,NA,NA,NA,NA,NA,NA,NA,NA,NA,NA,NA,NA,1,NA,C5
446,C0509,5,C,5C,Hindu,Enemies,Enemy1,2,1,M,9,7,7,4,1,7,2,2,7,2,5,7,4,7,Thakor,1,2,1,1,1,4,1,2,4,1,4,1,1,1,1,7,6,2,1,3,5,4,3,2,2,1,M,Muslim,3,4,4,1,3,1,NA,5,2,NA,2,2,3,3,4,1,4,1,1,1,4,1,1,6,6,2,6,1,0,C5
447,C0509,5,C,5C,Hindu,Enemies,Enemy2,2,6,M,9,7,7,4,1,7,2,2,7,2,5,7,4,7,Thakor,1,2,1,1,1,4,1,2,4,1,4,1,1,1,1,7,6,2,1,3,5,4,3,2,2,1,M,Hindu,1,1,1,1,1,1,5,4,4,4,1,4,6,2,1,1,2,NA,1,2,1,1,2,7,7,7,3,1,1,C5
448,C0509,5,C,5C,Hindu,Enemies,Enemy3,2,10,M,9,7,7,4,1,7,2,2,7,2,5,7,4,7,Thakor,1,2,1,1,1,4,1,2,4,1,4,1,1,1,1,7,6,2,1,3,5,4,3,2,2,1,M,Muslim,1,1,1,1,2,1,4,1,1,1,1,4,4,4,1,5,5,4,1,1,5,5,2,7,5,6,7,1,0,C5
449,C0509,5,C,5C,Hindu,Enemies,Enemy4,2,12,M,9,7,7,4,1,7,2,2,7,2,5,7,4,7,Thakor,1,2,1,1,1,4,1,2,4,1,4,1,1,1,1,7,6,2,1,3,5,4,3,2,2,1,M,Muslim,3,4,1,4,2,5,3,1,1,1,1,4,4,4,2,3,4,1,5,1,4,3,2,1,NA,4,1,1,0,C5
450,C0509,5,C,5C,Hindu,Enemies,Enemy5,2,16,M,9,7,7,4,1,7,2,2,7,2,5,7,4,7,Thakor,1,2,1,1,1,4,1,2,4,1,4,1,1,1,1,7,6,2,1,3,5,4,3,2,2,1,M,Muslim,4,1,1,1,5,1,4,1,1,1,1,3,2,3,5,NA,1,2,1,1,1,3,5,7,4,1,7,1,0,C5
451,C0509,5,C,5C,Hindu,Enemies,Enemy6,2,31,M,9,7,7,4,1,7,2,2,7,2,5,7,4,7,Thakor,1,2,1,1,1,4,1,2,4,1,4,1,1,1,1,7,6,2,1,3,5,4,3,2,2,1,M,Muslim,1,1,1,1,1,1,4,1,4,3,1,6,7,3,3,2,2,1,3,1,1,5,1,7,4,4,7,1,0,C5
452,C0509,5,C,5C,Hindu,Enemies,Enemy7,2,57,M,9,7,7,4,1,7,2,2,7,2,5,7,4,7,Thakor,1,2,1,1,1,4,1,2,4,1,4,1,1,1,1,7,6,2,1,3,5,4,3,2,2,1,F,Muslim,1,1,1,1,1,1,4,4,4,4,1,4,2,3,5,1,2,4,1,1,1,5,2,1,7,5,7,0,0,C5
453,C0510,5,C,5C,Muslim,Enemies,Enemy1,2,6,M,10,5,7,5,4,6,7,6,7,7,6,5,5,8,NA,1,1,1,1,1,2,1,1,4,1,1,1,2,1,4,4,4,1,5,5,4,1,1,5,5,2,M,Hindu,1,1,1,1,1,1,5,4,4,4,1,4,6,2,1,1,2,NA,1,2,1,1,2,7,7,7,3,1,0,C5
454,C0510,5,C,5C,Muslim,Enemies,Enemy2,2,11,M,10,5,7,5,4,6,7,6,7,7,6,5,5,8,NA,1,1,1,1,1,2,1,1,4,1,1,1,2,1,4,4,4,1,5,5,4,1,1,5,5,2,M,Hindu,2,3,1,2,1,1,4,1,5,4,1,3,3,3,2,3,5,1,1,1,5,1,1,1,4,7,5,1,0,C5
455,C0510,5,C,5C,Muslim,Enemies,Enemy3,2,14,M,10,5,7,5,4,6,7,6,7,7,6,5,5,8,NA,1,1,1,1,1,2,1,1,4,1,1,1,2,1,4,4,4,1,5,5,4,1,1,5,5,2,M,Hindu,1,NA,1,2,3,1,4,1,2,2,1,4,2,2,2,4,4,3,2,2,3,3,2,6,4,7,1,1,0,C5
456,C0510,5,C,5C,Muslim,Enemies,Enemy4,2,17,M,10,5,7,5,4,6,7,6,7,7,6,5,5,8,NA,1,1,1,1,1,2,1,1,4,1,1,1,2,1,4,4,4,1,5,5,4,1,1,5,5,2,M,Hindu,1,1,1,1,1,1,4,1,NA,2,1,4,4,4,1,1,1,1,1,1,1,5,2,7,3,7,1,1,0,C5
457,C0510,5,C,5C,Muslim,Enemies,Enemy5,2,25,M,10,5,7,5,4,6,7,6,7,7,6,5,5,8,NA,1,1,1,1,1,2,1,1,4,1,1,1,2,1,4,4,4,1,5,5,4,1,1,5,5,2,M,Hindu,1,NA,3,1,2,1,4,1,1,5,1,4,3,5,2,4,4,2,2,2,1,2,2,7,2,7,1,1,0,C5
458,C0512,5,C,5C,Muslim,Enemies,Enemy1,2,4,M,12,5,1,NA,1,4,1,1,1,7,2,NA,NA,NA,Sunai,1,3,4,1,4,2,5,2,3,1,1,1,2,1,4,4,4,2,3,4,1,5,1,4,3,2,M,Hindu,NA,2,2,1,1,1,1,1,2,2,1,4,5,5,5,1,2,1,1,1,1,5,3,7,4,7,1,1,0,C5
459,C0512,5,C,5C,Muslim,Enemies,Enemy2,2,6,M,12,5,1,NA,1,4,1,1,1,7,2,NA,NA,NA,Sunai,1,3,4,1,4,2,5,2,3,1,1,1,2,1,4,4,4,2,3,4,1,5,1,4,3,2,M,Hindu,1,1,1,1,1,1,5,4,4,4,1,4,6,2,1,1,2,NA,1,2,1,1,2,7,7,7,3,1,0,C5
460,C0512,5,C,5C,Muslim,Enemies,Enemy3,2,16,M,12,5,1,NA,1,4,1,1,1,7,2,NA,NA,NA,Sunai,1,3,4,1,4,2,5,2,3,1,1,1,2,1,4,4,4,2,3,4,1,5,1,4,3,2,M,Muslim,4,1,1,1,5,1,4,1,1,1,1,3,2,3,5,NA,1,2,1,1,1,3,5,7,4,1,7,1,1,C5
461,C0512,5,C,5C,Muslim,Enemies,Enemy4,2,19,M,12,5,1,NA,1,4,1,1,1,7,2,NA,NA,NA,Sunai,1,3,4,1,4,2,5,2,3,1,1,1,2,1,4,4,4,2,3,4,1,5,1,4,3,2,M,Hindu,4,2,1,1,3,1,4,1,1,1,1,3,4,4,5,1,1,1,2,1,1,5,1,7,1,7,2,1,0,C5
462,C0512,5,C,5C,Muslim,Enemies,Enemy5,2,31,M,12,5,1,NA,1,4,1,1,1,7,2,NA,NA,NA,Sunai,1,3,4,1,4,2,5,2,3,1,1,1,2,1,4,4,4,2,3,4,1,5,1,4,3,2,M,Muslim,1,1,1,1,1,1,4,1,4,3,1,6,7,3,3,2,2,1,3,1,1,5,1,7,4,4,7,1,1,C5
463,C0512,5,C,5C,Muslim,Enemies,Enemy6,2,33,M,12,5,1,NA,1,4,1,1,1,7,2,NA,NA,NA,Sunai,1,3,4,1,4,2,5,2,3,1,1,1,2,1,4,4,4,2,3,4,1,5,1,4,3,2,M,Hindu,1,3,2,1,2,1,2,2,1,3,1,4,3,3,1,5,5,5,5,1,1,5,3,7,1,7,1,1,0,C5
464,C0512,5,C,5C,Muslim,Enemies,Enemy7,2,38,M,12,5,1,NA,1,4,1,1,1,7,2,NA,NA,NA,Sunai,1,3,4,1,4,2,5,2,3,1,1,1,2,1,4,4,4,2,3,4,1,5,1,4,3,2,F,NA,NA,NA,NA,NA,NA,NA,NA,NA,NA,NA,NA,NA,NA,NA,NA,NA,NA,NA,NA,NA,NA,NA,NA,NA,NA,NA,NA,0,NA,C5
465,C0515,5,C,5C,Hindu,Enemies,Enemy1,2,4,M,15,1,7,7,7,7,5,7,7,7,4,7,7,8,NA,1,2,1,1,1,2,1,2,3,4,1,3,1,1,2,7,1,2,2,2,2,2,2,2,2,3,M,Hindu,NA,2,2,1,1,1,1,1,2,2,1,4,5,5,5,1,2,1,1,1,1,5,3,7,4,7,1,1,1,C5
466,C0516,5,C,5C,Muslim,Enemies,Enemy1,2,32,M,16,4,7,4,4,1,7,2,6,4,7,6,5,7,Sunni,1,4,1,1,1,5,1,4,4,1,1,1,2,1,3,2,3,5,NA,1,2,1,1,1,3,5,M,NA,NA,NA,NA,NA,NA,NA,NA,NA,NA,NA,NA,NA,NA,NA,NA,NA,NA,NA,NA,NA,NA,NA,NA,NA,NA,NA,NA,1,NA,C5
467,C0516,5,C,5C,Muslim,Enemies,Enemy2,2,33,M,16,4,7,4,4,1,7,2,6,4,7,6,5,7,Sunni,1,4,1,1,1,5,1,4,4,1,1,1,2,1,3,2,3,5,NA,1,2,1,1,1,3,5,M,Hindu,1,3,2,1,2,1,2,2,1,3,1,4,3,3,1,5,5,5,5,1,1,5,3,7,1,7,1,1,0,C5
468,C0516,5,C,5C,Muslim,Enemies,Enemy3,2,34,M,16,4,7,4,4,1,7,2,6,4,7,6,5,7,Sunni,1,4,1,1,1,5,1,4,4,1,1,1,2,1,3,2,3,5,NA,1,2,1,1,1,3,5,M,Muslim,1,1,3,3,1,1,3,1,1,3,1,4,3,4,1,1,1,1,1,1,1,5,2,7,7,6,7,1,1,C5
469,C0519,5,C,5C,Hindu,Enemies,Enemy1,2,3,M,19,1,7,1,7,7,2,7,7,1,4,5,5,7,NA,1,4,2,1,1,3,1,1,4,1,1,1,1,1,3,4,4,5,1,1,1,2,1,1,5,1,M,Hindu,1,1,1,1,1,1,1,1,4,2,1,4,4,4,1,1,1,1,1,1,1,5,5,7,1,7,2,1,1,C5
470,C0519,5,C,5C,Hindu,Enemies,Enemy2,2,6,M,19,1,7,1,7,7,2,7,7,1,4,5,5,7,NA,1,4,2,1,1,3,1,1,4,1,1,1,1,1,3,4,4,5,1,1,1,2,1,1,5,1,M,Hindu,1,1,1,1,1,1,5,4,4,4,1,4,6,2,1,1,2,NA,1,2,1,1,2,7,7,7,3,1,1,C5
471,C0519,5,C,5C,Hindu,Enemies,Enemy3,2,11,M,19,1,7,1,7,7,2,7,7,1,4,5,5,7,NA,1,4,2,1,1,3,1,1,4,1,1,1,1,1,3,4,4,5,1,1,1,2,1,1,5,1,M,Hindu,2,3,1,2,1,1,4,1,5,4,1,3,3,3,2,3,5,1,1,1,5,1,1,1,4,7,5,1,1,C5
472,C0519,5,C,5C,Hindu,Enemies,Enemy4,2,12,M,19,1,7,1,7,7,2,7,7,1,4,5,5,7,NA,1,4,2,1,1,3,1,1,4,1,1,1,1,1,3,4,4,5,1,1,1,2,1,1,5,1,M,Muslim,3,4,1,4,2,5,3,1,1,1,1,4,4,4,2,3,4,1,5,1,4,3,2,1,NA,4,1,1,0,C5
473,C0519,5,C,5C,Hindu,Enemies,Enemy5,2,31,M,19,1,7,1,7,7,2,7,7,1,4,5,5,7,NA,1,4,2,1,1,3,1,1,4,1,1,1,1,1,3,4,4,5,1,1,1,2,1,1,5,1,M,Muslim,1,1,1,1,1,1,4,1,4,3,1,6,7,3,3,2,2,1,3,1,1,5,1,7,4,4,7,1,0,C5
474,C0519,5,C,5C,Hindu,Enemies,Enemy6,2,52,M,19,1,7,1,7,7,2,7,7,1,4,5,5,7,NA,1,4,2,1,1,3,1,1,4,1,1,1,1,1,3,4,4,5,1,1,1,2,1,1,5,1,F,Muslim,1,2,1,1,1,1,5,1,1,1,1,4,3,3,1,1,1,1,1,1,2,1,2,4,4,4,7,0,0,C5
475,C0519,5,C,5C,Hindu,Enemies,Enemy7,2,62,M,19,1,7,1,7,7,2,7,7,1,4,5,5,7,NA,1,4,2,1,1,3,1,1,4,1,1,1,1,1,3,4,4,5,1,1,1,2,1,1,5,1,F,Muslim,3,1,1,1,2,1,2,2,4,3,1,4,4,5,1,1,1,1,1,1,1,3,2,1,7,6,7,0,0,C5
476,C0520,5,C,5C,Muslim,Enemies,Enemy1,2,5,M,20,5,6,3,4,1,7,6,5,NA,NA,NA,2,NA,Sunni,1,5,3,2,2,1,2,1,4,1,1,1,2,1,4,1,4,5,5,5,1,2,5,1,4,1,M,Hindu,2,2,1,1,2,1,4,1,3,2,1,4,3,3,2,1,2,1,1,1,2,5,4,7,6,NA,NA,1,0,C5
477,C0520,5,C,5C,Muslim,Enemies,Enemy2,2,14,M,20,5,6,3,4,1,7,6,5,NA,NA,NA,2,NA,Sunni,1,5,3,2,2,1,2,1,4,1,1,1,2,1,4,1,4,5,5,5,1,2,5,1,4,1,M,Hindu,1,NA,1,2,3,1,4,1,2,2,1,4,2,2,2,4,4,3,2,2,3,3,2,6,4,7,1,1,0,C5
478,C0520,5,C,5C,Muslim,Enemies,Enemy3,2,30,M,20,5,6,3,4,1,7,6,5,NA,NA,NA,2,NA,Sunni,1,5,3,2,2,1,2,1,4,1,1,1,2,1,4,1,4,5,5,5,1,2,5,1,4,1,M,Hindu,1,1,2,1,1,1,4,1,1,1,1,7,7,7,5,1,1,2,1,1,1,5,4,7,1,7,4,1,0,C5
479,C0520,5,C,5C,Muslim,Enemies,Enemy4,2,32,M,20,5,6,3,4,1,7,6,5,NA,NA,NA,2,NA,Sunni,1,5,3,2,2,1,2,1,4,1,1,1,2,1,4,1,4,5,5,5,1,2,5,1,4,1,M,NA,NA,NA,NA,NA,NA,NA,NA,NA,NA,NA,NA,NA,NA,NA,NA,NA,NA,NA,NA,NA,NA,NA,NA,NA,NA,NA,NA,1,NA,C5
480,C0520,5,C,5C,Muslim,Enemies,Enemy5,2,53,M,20,5,6,3,4,1,7,6,5,NA,NA,NA,2,NA,Sunni,1,5,3,2,2,1,2,1,4,1,1,1,2,1,4,1,4,5,5,5,1,2,5,1,4,1,F,Muslim,1,1,1,NA,1,1,2,1,1,1,1,4,4,4,1,1,1,1,1,1,1,5,3,5,5,4,7,0,1,C5
481,C0520,5,C,5C,Muslim,Enemies,Enemy6,2,54,M,20,5,6,3,4,1,7,6,5,NA,NA,NA,2,NA,Sunni,1,5,3,2,2,1,2,1,4,1,1,1,2,1,4,1,4,5,5,5,1,2,5,1,4,1,F,Hindu,1,2,1,1,1,1,2,1,2,4,1,7,4,4,1,1,1,1,1,1,1,1,1,5,6,6,3,0,0,C5
482,C0520,5,C,5C,Muslim,Enemies,Enemy7,2,61,M,20,5,6,3,4,1,7,6,5,NA,NA,NA,2,NA,Sunni,1,5,3,2,2,1,2,1,4,1,1,1,2,1,4,1,4,5,5,5,1,2,5,1,4,1,F,Hindu,3,1,1,1,2,1,1,1,2,3,1,4,2,2,1,1,1,2,1,NA,1,1,1,4,4,7,5,0,0,C5
483,C0521,5,C,5C,Hindu,Enemies,Enemy1,2,6,M,21,1,7,4,6,7,5,5,6,4,4,3,3,8,NA,1,1,1,2,1,2,1,2,4,1,5,1,1,4,4,3,2,3,2,1,2,2,1,2,3,5,M,Hindu,1,1,1,1,1,1,5,4,4,4,1,4,6,2,1,1,2,NA,1,2,1,1,2,7,7,7,3,1,1,C5
484,C0521,5,C,5C,Hindu,Enemies,Enemy2,2,13,M,21,1,7,4,6,7,5,5,6,4,4,3,3,8,NA,1,1,1,2,1,2,1,2,4,1,5,1,1,4,4,3,2,3,2,1,2,2,1,2,3,5,M,Muslim,1,1,1,1,1,1,3,1,1,1,1,6,1,6,1,1,1,1,1,1,1,1,1,7,6,4,7,1,0,C5
485,C0521,5,C,5C,Hindu,Enemies,Enemy3,2,31,M,21,1,7,4,6,7,5,5,6,4,4,3,3,8,NA,1,1,1,2,1,2,1,2,4,1,5,1,1,4,4,3,2,3,2,1,2,2,1,2,3,5,M,Muslim,1,1,1,1,1,1,4,1,4,3,1,6,7,3,3,2,2,1,3,1,1,5,1,7,4,4,7,1,0,C5
486,C0521,5,C,5C,Hindu,Enemies,Enemy4,2,58,M,21,1,7,4,6,7,5,5,6,4,4,3,3,8,NA,1,1,1,2,1,2,1,2,4,1,5,1,1,4,4,3,2,3,2,1,2,2,1,2,3,5,F,Hindu,1,3,2,1,2,1,4,3,5,2,3,4,4,3,NA,2,5,4,2,2,2,2,1,2,7,6,NA,0,1,C5
487,C0523,5,C,5C,Hindu,Enemies,Enemy1,2,4,M,23,7,7,6,6,7,3,7,NA,7,7,5,NA,8,NA,1,1,1,1,1,1,1,1,4,1,3,1,1,1,4,4,6,5,1,1,1,1,1,5,5,5,M,Hindu,NA,2,2,1,1,1,1,1,2,2,1,4,5,5,5,1,2,1,1,1,1,5,3,7,4,7,1,1,1,C5
488,C0523,5,C,5C,Hindu,Enemies,Enemy2,2,6,M,23,7,7,6,6,7,3,7,NA,7,7,5,NA,8,NA,1,1,1,1,1,1,1,1,4,1,3,1,1,1,4,4,6,5,1,1,1,1,1,5,5,5,M,Hindu,1,1,1,1,1,1,5,4,4,4,1,4,6,2,1,1,2,NA,1,2,1,1,2,7,7,7,3,1,1,C5
489,C0523,5,C,5C,Hindu,Enemies,Enemy3,2,9,M,23,7,7,6,6,7,3,7,NA,7,7,5,NA,8,NA,1,1,1,1,1,1,1,1,4,1,3,1,1,1,4,4,6,5,1,1,1,1,1,5,5,5,M,Hindu,2,1,1,1,4,1,4,1,4,1,1,1,7,6,2,1,3,5,4,3,2,2,1,7,4,7,2,1,1,C5
490,C0523,5,C,5C,Hindu,Enemies,Enemy4,2,12,M,23,7,7,6,6,7,3,7,NA,7,7,5,NA,8,NA,1,1,1,1,1,1,1,1,4,1,3,1,1,1,4,4,6,5,1,1,1,1,1,5,5,5,M,Muslim,3,4,1,4,2,5,3,1,1,1,1,4,4,4,2,3,4,1,5,1,4,3,2,1,NA,4,1,1,0,C5
491,C0523,5,C,5C,Hindu,Enemies,Enemy5,2,17,M,23,7,7,6,6,7,3,7,NA,7,7,5,NA,8,NA,1,1,1,1,1,1,1,1,4,1,3,1,1,1,4,4,6,5,1,1,1,1,1,5,5,5,M,Hindu,1,1,1,1,1,1,4,1,NA,2,1,4,4,4,1,1,1,1,1,1,1,5,2,7,3,7,1,1,1,C5
492,C0523,5,C,5C,Hindu,Enemies,Enemy6,2,30,M,23,7,7,6,6,7,3,7,NA,7,7,5,NA,8,NA,1,1,1,1,1,1,1,1,4,1,3,1,1,1,4,4,6,5,1,1,1,1,1,5,5,5,M,Hindu,1,1,2,1,1,1,4,1,1,1,1,7,7,7,5,1,1,2,1,1,1,5,4,7,1,7,4,1,1,C5
493,C0523,5,C,5C,Hindu,Enemies,Enemy7,2,32,M,23,7,7,6,6,7,3,7,NA,7,7,5,NA,8,NA,1,1,1,1,1,1,1,1,4,1,3,1,1,1,4,4,6,5,1,1,1,1,1,5,5,5,M,NA,NA,NA,NA,NA,NA,NA,NA,NA,NA,NA,NA,NA,NA,NA,NA,NA,NA,NA,NA,NA,NA,NA,NA,NA,NA,NA,NA,1,NA,C5
494,C0523,5,C,5C,Hindu,Enemies,Enemy8,2,52,M,23,7,7,6,6,7,3,7,NA,7,7,5,NA,8,NA,1,1,1,1,1,1,1,1,4,1,3,1,1,1,4,4,6,5,1,1,1,1,1,5,5,5,F,Muslim,1,2,1,1,1,1,5,1,1,1,1,4,3,3,1,1,1,1,1,1,2,1,2,4,4,4,7,0,0,C5
495,C0525,5,C,5C,Hindu,Enemies,Enemy1,2,26,M,25,3,7,2,2,7,1,NA,7,5,6,5,3,8,NA,1,1,NA,3,1,2,1,2,4,1,1,5,1,1,4,3,5,2,4,4,2,2,2,1,2,2,M,Muslim,3,4,2,5,2,4,4,4,4,5,1,4,7,4,5,3,3,1,1,1,5,3,1,7,6,3,6,1,0,C5
496,C0525,5,C,5C,Hindu,Enemies,Enemy2,2,29,M,25,3,7,2,2,7,1,NA,7,5,6,5,3,8,NA,1,1,NA,3,1,2,1,2,4,1,1,5,1,1,4,3,5,2,4,4,2,2,2,1,2,2,M,NA,NA,NA,NA,NA,NA,NA,NA,NA,NA,NA,NA,NA,NA,NA,NA,NA,NA,NA,NA,NA,NA,NA,NA,NA,NA,NA,NA,1,NA,C5
497,C0526,5,C,5C,Muslim,Enemies,Enemy1,2,3,M,26,2,7,6,2,3,6,6,6,2,2,1,7,7,NA,1,3,4,2,5,2,4,2,4,4,4,5,2,1,4,7,4,5,3,3,1,1,1,5,3,1,M,Hindu,1,1,1,1,1,1,1,1,4,2,1,4,4,4,1,1,1,1,1,1,1,5,5,7,1,7,2,1,0,C5
498,C0526,5,C,5C,Muslim,Enemies,Enemy2,2,16,M,26,2,7,6,2,3,6,6,6,2,2,1,7,7,NA,1,3,4,2,5,2,4,2,4,4,4,5,2,1,4,7,4,5,3,3,1,1,1,5,3,1,M,Muslim,4,1,1,1,5,1,4,1,1,1,1,3,2,3,5,NA,1,2,1,1,1,3,5,7,4,1,7,1,1,C5
499,C0526,5,C,5C,Muslim,Enemies,Enemy3,2,51,M,26,2,7,6,2,3,6,6,6,2,2,1,7,7,NA,1,3,4,2,5,2,4,2,4,4,4,5,2,1,4,7,4,5,3,3,1,1,1,5,3,1,F,Muslim,1,1,2,1,1,1,2,1,1,2,2,7,2,6,1,1,1,1,1,1,1,1,1,6,7,4,7,0,1,C5
500,C0526,5,C,5C,Muslim,Enemies,Enemy4,2,62,M,26,2,7,6,2,3,6,6,6,2,2,1,7,7,NA,1,3,4,2,5,2,4,2,4,4,4,5,2,1,4,7,4,5,3,3,1,1,1,5,3,1,F,Muslim,3,1,1,1,2,1,2,2,4,3,1,4,4,5,1,1,1,1,1,1,1,3,2,1,7,6,7,0,1,C5
501,C0527,5,C,5C,Muslim,Enemies,Enemy1,2,6,M,27,7,7,1,1,3,7,7,6,6,3,4,2,NA,Sunni,1,1,1,2,1,1,1,2,4,2,1,2,2,2,4,1,1,3,1,1,1,1,1,1,5,5,M,Hindu,1,1,1,1,1,1,5,4,4,4,1,4,6,2,1,1,2,NA,1,2,1,1,2,7,7,7,3,1,0,C5
502,C0527,5,C,5C,Muslim,Enemies,Enemy2,2,7,M,27,7,7,1,1,3,7,7,6,6,3,4,2,NA,Sunni,1,1,1,2,1,1,1,2,4,2,1,2,2,2,4,1,1,3,1,1,1,1,1,1,5,5,M,Muslim,1,1,4,1,3,1,1,1,1,2,1,4,4,7,1,5,3,5,5,1,3,3,3,4,4,1,7,1,1,C5
503,C0527,5,C,5C,Muslim,Enemies,Enemy3,2,12,M,27,7,7,1,1,3,7,7,6,6,3,4,2,NA,Sunni,1,1,1,2,1,1,1,2,4,2,1,2,2,2,4,1,1,3,1,1,1,1,1,1,5,5,M,Muslim,3,4,1,4,2,5,3,1,1,1,1,4,4,4,2,3,4,1,5,1,4,3,2,1,NA,4,1,1,1,C5
504,C0527,5,C,5C,Muslim,Enemies,Enemy4,2,13,M,27,7,7,1,1,3,7,7,6,6,3,4,2,NA,Sunni,1,1,1,2,1,1,1,2,4,2,1,2,2,2,4,1,1,3,1,1,1,1,1,1,5,5,M,Muslim,1,1,1,1,1,1,3,1,1,1,1,6,1,6,1,1,1,1,1,1,1,1,1,7,6,4,7,1,1,C5
505,C0527,5,C,5C,Muslim,Enemies,Enemy5,2,14,M,27,7,7,1,1,3,7,7,6,6,3,4,2,NA,Sunni,1,1,1,2,1,1,1,2,4,2,1,2,2,2,4,1,1,3,1,1,1,1,1,1,5,5,M,Hindu,1,NA,1,2,3,1,4,1,2,2,1,4,2,2,2,4,4,3,2,2,3,3,2,6,4,7,1,1,0,C5
506,C0527,5,C,5C,Muslim,Enemies,Enemy6,2,15,M,27,7,7,1,1,3,7,7,6,6,3,4,2,NA,Sunni,1,1,1,2,1,1,1,2,4,2,1,2,2,2,4,1,1,3,1,1,1,1,1,1,5,5,M,Hindu,2,1,1,1,2,1,3,4,1,3,1,2,7,1,2,2,2,2,2,2,2,2,3,7,7,7,5,1,0,C5
507,C0527,5,C,5C,Muslim,Enemies,Enemy7,2,16,M,27,7,7,1,1,3,7,7,6,6,3,4,2,NA,Sunni,1,1,1,2,1,1,1,2,4,2,1,2,2,2,4,1,1,3,1,1,1,1,1,1,5,5,M,Muslim,4,1,1,1,5,1,4,1,1,1,1,3,2,3,5,NA,1,2,1,1,1,3,5,7,4,1,7,1,1,C5
508,C0528,5,C,5C,Muslim,Enemies,Enemy1,2,2,M,28,1,7,4,7,3,7,2,NA,4,3,3,5,8,NA,1,1,1,1,1,2,1,2,3,1,4,4,2,1,4,4,4,1,2,2,1,1,1,1,5,3,M,Hindu,5,3,1,1,5,1,2,4,3,1,1,2,1,7,3,4,1,5,1,1,1,2,1,1,NA,7,7,1,0,C5
509,C0528,5,C,5C,Muslim,Enemies,Enemy2,2,3,M,28,1,7,4,7,3,7,2,NA,4,3,3,5,8,NA,1,1,1,1,1,2,1,2,3,1,4,4,2,1,4,4,4,1,2,2,1,1,1,1,5,3,M,Hindu,1,1,1,1,1,1,1,1,4,2,1,4,4,4,1,1,1,1,1,1,1,5,5,7,1,7,2,1,0,C5
510,C0528,5,C,5C,Muslim,Enemies,Enemy3,2,5,M,28,1,7,4,7,3,7,2,NA,4,3,3,5,8,NA,1,1,1,1,1,2,1,2,3,1,4,4,2,1,4,4,4,1,2,2,1,1,1,1,5,3,M,Hindu,2,2,1,1,2,1,4,1,3,2,1,4,3,3,2,1,2,1,1,1,2,5,4,7,6,NA,NA,1,0,C5
511,C0528,5,C,5C,Muslim,Enemies,Enemy4,2,6,M,28,1,7,4,7,3,7,2,NA,4,3,3,5,8,NA,1,1,1,1,1,2,1,2,3,1,4,4,2,1,4,4,4,1,2,2,1,1,1,1,5,3,M,Hindu,1,1,1,1,1,1,5,4,4,4,1,4,6,2,1,1,2,NA,1,2,1,1,2,7,7,7,3,1,0,C5
512,C0528,5,C,5C,Muslim,Enemies,Enemy5,2,11,M,28,1,7,4,7,3,7,2,NA,4,3,3,5,8,NA,1,1,1,1,1,2,1,2,3,1,4,4,2,1,4,4,4,1,2,2,1,1,1,1,5,3,M,Hindu,2,3,1,2,1,1,4,1,5,4,1,3,3,3,2,3,5,1,1,1,5,1,1,1,4,7,5,1,0,C5
513,C0528,5,C,5C,Muslim,Enemies,Enemy6,2,31,M,28,1,7,4,7,3,7,2,NA,4,3,3,5,8,NA,1,1,1,1,1,2,1,2,3,1,4,4,2,1,4,4,4,1,2,2,1,1,1,1,5,3,M,Muslim,1,1,1,1,1,1,4,1,4,3,1,6,7,3,3,2,2,1,3,1,1,5,1,7,4,4,7,1,1,C5
514,C0528,5,C,5C,Muslim,Enemies,Enemy7,2,52,M,28,1,7,4,7,3,7,2,NA,4,3,3,5,8,NA,1,1,1,1,1,2,1,2,3,1,4,4,2,1,4,4,4,1,2,2,1,1,1,1,5,3,F,Muslim,1,2,1,1,1,1,5,1,1,1,1,4,3,3,1,1,1,1,1,1,2,1,2,4,4,4,7,0,1,C5
515,C0530,5,C,5C,Hindu,Enemies,Enemy1,2,16,M,30,6,7,1,7,7,4,7,7,7,6,4,6,NA,Other,1,1,1,2,1,1,1,1,4,1,1,1,1,1,7,7,7,5,1,1,2,1,1,1,5,4,M,Muslim,4,1,1,1,5,1,4,1,1,1,1,3,2,3,5,NA,1,2,1,1,1,3,5,7,4,1,7,1,0,C5
516,C0530,5,C,5C,Hindu,Enemies,Enemy2,2,20,M,30,6,7,1,7,7,4,7,7,7,6,4,6,NA,Other,1,1,1,2,1,1,1,1,4,1,1,1,1,1,7,7,7,5,1,1,2,1,1,1,5,4,M,Muslim,5,3,2,2,1,2,4,1,1,1,1,4,1,4,5,5,5,1,2,5,1,4,1,6,3,1,7,1,0,C5
517,C0530,5,C,5C,Hindu,Enemies,Enemy3,2,28,M,30,6,7,1,7,7,4,7,7,7,6,4,6,NA,Other,1,1,1,2,1,1,1,1,4,1,1,1,1,1,7,7,7,5,1,1,2,1,1,1,5,4,M,Muslim,1,1,1,1,2,1,3,1,4,4,1,4,4,4,1,2,2,1,1,1,1,5,3,7,4,3,7,1,0,C5
518,C0530,5,C,5C,Hindu,Enemies,Enemy4,2,31,M,30,6,7,1,7,7,4,7,7,7,6,4,6,NA,Other,1,1,1,2,1,1,1,1,4,1,1,1,1,1,7,7,7,5,1,1,2,1,1,1,5,4,M,Muslim,1,1,1,1,1,1,4,1,4,3,1,6,7,3,3,2,2,1,3,1,1,5,1,7,4,4,7,1,0,C5
519,C0530,5,C,5C,Hindu,Enemies,Enemy5,2,33,M,30,6,7,1,7,7,4,7,7,7,6,4,6,NA,Other,1,1,1,2,1,1,1,1,4,1,1,1,1,1,7,7,7,5,1,1,2,1,1,1,5,4,M,Hindu,1,3,2,1,2,1,2,2,1,3,1,4,3,3,1,5,5,5,5,1,1,5,3,7,1,7,1,1,1,C5
520,C0533,5,C,5C,Hindu,Enemies,Enemy1,2,4,M,33,7,7,1,6,7,1,7,6,5,6,6,1,8,NA,1,1,3,2,1,2,1,2,2,2,1,3,1,1,4,3,3,1,5,5,5,5,1,1,5,3,M,Hindu,NA,2,2,1,1,1,1,1,2,2,1,4,5,5,5,1,2,1,1,1,1,5,3,7,4,7,1,1,1,C5
521,C0533,5,C,5C,Hindu,Enemies,Enemy2,2,12,M,33,7,7,1,6,7,1,7,6,5,6,6,1,8,NA,1,1,3,2,1,2,1,2,2,2,1,3,1,1,4,3,3,1,5,5,5,5,1,1,5,3,M,Muslim,3,4,1,4,2,5,3,1,1,1,1,4,4,4,2,3,4,1,5,1,4,3,2,1,NA,4,1,1,0,C5
522,C0533,5,C,5C,Hindu,Enemies,Enemy3,2,16,M,33,7,7,1,6,7,1,7,6,5,6,6,1,8,NA,1,1,3,2,1,2,1,2,2,2,1,3,1,1,4,3,3,1,5,5,5,5,1,1,5,3,M,Muslim,4,1,1,1,5,1,4,1,1,1,1,3,2,3,5,NA,1,2,1,1,1,3,5,7,4,1,7,1,0,C5
523,C0533,5,C,5C,Hindu,Enemies,Enemy4,2,26,M,33,7,7,1,6,7,1,7,6,5,6,6,1,8,NA,1,1,3,2,1,2,1,2,2,2,1,3,1,1,4,3,3,1,5,5,5,5,1,1,5,3,M,Muslim,3,4,2,5,2,4,4,4,4,5,1,4,7,4,5,3,3,1,1,1,5,3,1,7,6,3,6,1,0,C5
524,C0533,5,C,5C,Hindu,Enemies,Enemy5,2,29,M,33,7,7,1,6,7,1,7,6,5,6,6,1,8,NA,1,1,3,2,1,2,1,2,2,2,1,3,1,1,4,3,3,1,5,5,5,5,1,1,5,3,M,NA,NA,NA,NA,NA,NA,NA,NA,NA,NA,NA,NA,NA,NA,NA,NA,NA,NA,NA,NA,NA,NA,NA,NA,NA,NA,NA,NA,1,NA,C5
525,C0533,5,C,5C,Hindu,Enemies,Enemy6,2,30,M,33,7,7,1,6,7,1,7,6,5,6,6,1,8,NA,1,1,3,2,1,2,1,2,2,2,1,3,1,1,4,3,3,1,5,5,5,5,1,1,5,3,M,Hindu,1,1,2,1,1,1,4,1,1,1,1,7,7,7,5,1,1,2,1,1,1,5,4,7,1,7,4,1,1,C5
526,C0534,5,C,5C,Muslim,Enemies,Enemy1,2,5,M,34,7,7,7,5,6,7,7,6,7,6,6,3,NA,VOHRA,1,1,1,3,3,1,1,1,3,1,1,3,2,1,4,3,4,1,1,1,1,1,1,1,5,2,M,Hindu,2,2,1,1,2,1,4,1,3,2,1,4,3,3,2,1,2,1,1,1,2,5,4,7,6,NA,NA,1,0,C5
527,C0534,5,C,5C,Muslim,Enemies,Enemy2,2,6,M,34,7,7,7,5,6,7,7,6,7,6,6,3,NA,VOHRA,1,1,1,3,3,1,1,1,3,1,1,3,2,1,4,3,4,1,1,1,1,1,1,1,5,2,M,Hindu,1,1,1,1,1,1,5,4,4,4,1,4,6,2,1,1,2,NA,1,2,1,1,2,7,7,7,3,1,0,C5
528,C0535,5,C,5C,Hindu,Enemies,Enemy1,2,1,M,35,6,7,1,2,7,1,7,4,2,3,5,3,1,NA,1,3,2,1,1,3,1,2,4,1,3,4,1,2,4,3,2,3,1,2,3,4,5,5,1,1,M,Muslim,3,4,4,1,3,1,NA,5,2,NA,2,2,3,3,4,1,4,1,1,1,4,1,1,6,6,2,6,1,0,C5
529,C0535,5,C,5C,Hindu,Enemies,Enemy2,2,7,M,35,6,7,1,2,7,1,7,4,2,3,5,3,1,NA,1,3,2,1,1,3,1,2,4,1,3,4,1,2,4,3,2,3,1,2,3,4,5,5,1,1,M,Muslim,1,1,4,1,3,1,1,1,1,2,1,4,4,7,1,5,3,5,5,1,3,3,3,4,4,1,7,1,0,C5
530,C0535,5,C,5C,Hindu,Enemies,Enemy3,2,9,M,35,6,7,1,2,7,1,7,4,2,3,5,3,1,NA,1,3,2,1,1,3,1,2,4,1,3,4,1,2,4,3,2,3,1,2,3,4,5,5,1,1,M,Hindu,2,1,1,1,4,1,4,1,4,1,1,1,7,6,2,1,3,5,4,3,2,2,1,7,4,7,2,1,1,C5
531,C0535,5,C,5C,Hindu,Enemies,Enemy4,2,15,M,35,6,7,1,2,7,1,7,4,2,3,5,3,1,NA,1,3,2,1,1,3,1,2,4,1,3,4,1,2,4,3,2,3,1,2,3,4,5,5,1,1,M,Hindu,2,1,1,1,2,1,3,4,1,3,1,2,7,1,2,2,2,2,2,2,2,2,3,7,7,7,5,1,1,C5
532,C0535,5,C,5C,Hindu,Enemies,Enemy5,2,28,M,35,6,7,1,2,7,1,7,4,2,3,5,3,1,NA,1,3,2,1,1,3,1,2,4,1,3,4,1,2,4,3,2,3,1,2,3,4,5,5,1,1,M,Muslim,1,1,1,1,2,1,3,1,4,4,1,4,4,4,1,2,2,1,1,1,1,5,3,7,4,3,7,1,0,C5
533,C0535,5,C,5C,Hindu,Enemies,Enemy6,2,31,M,35,6,7,1,2,7,1,7,4,2,3,5,3,1,NA,1,3,2,1,1,3,1,2,4,1,3,4,1,2,4,3,2,3,1,2,3,4,5,5,1,1,M,Muslim,1,1,1,1,1,1,4,1,4,3,1,6,7,3,3,2,2,1,3,1,1,5,1,7,4,4,7,1,0,C5
534,C0535,5,C,5C,Hindu,Enemies,Enemy7,2,52,M,35,6,7,1,2,7,1,7,4,2,3,5,3,1,NA,1,3,2,1,1,3,1,2,4,1,3,4,1,2,4,3,2,3,1,2,3,4,5,5,1,1,F,Muslim,1,2,1,1,1,1,5,1,1,1,1,4,3,3,1,1,1,1,1,1,2,1,2,4,4,4,7,0,0,C5
535,C0539,5,C,5C,Hindu,Enemies,Enemy1,2,12,F,39,4,4,7,4,7,1,7,7,1,4,4,7,8,NA,2,1,3,1,1,1,1,1,3,2,5,2,1,3,4,4,1,1,3,1,1,1,1,1,1,1,M,Muslim,3,4,1,4,2,5,3,1,1,1,1,4,4,4,2,3,4,1,5,1,4,3,2,1,NA,4,1,0,0,C5
536,C0539,5,C,5C,Hindu,Enemies,Enemy2,2,54,F,39,4,4,7,4,7,1,7,7,1,4,4,7,8,NA,2,1,3,1,1,1,1,1,3,2,5,2,1,3,4,4,1,1,3,1,1,1,1,1,1,1,F,Hindu,1,2,1,1,1,1,2,1,2,4,1,7,4,4,1,1,1,1,1,1,1,1,1,5,6,6,3,1,1,C5
537,C0539,5,C,5C,Hindu,Enemies,Enemy3,2,58,F,39,4,4,7,4,7,1,7,7,1,4,4,7,8,NA,2,1,3,1,1,1,1,1,3,2,5,2,1,3,4,4,1,1,3,1,1,1,1,1,1,1,F,Hindu,1,3,2,1,2,1,4,3,5,2,3,4,4,3,NA,2,5,4,2,2,2,2,1,2,7,6,NA,1,1,C5
538,C0542,5,C,5C,Hindu,Enemies,Enemy1,2,6,F,42,3,4,7,6,7,2,7,6,6,5,5,6,1,NA,2,4,3,4,1,3,1,4,4,2,3,4,1,1,4,4,4,3,2,3,2,1,1,1,2,2,M,Hindu,1,1,1,1,1,1,5,4,4,4,1,4,6,2,1,1,2,NA,1,2,1,1,2,7,7,7,3,0,1,C5
539,C0542,5,C,5C,Hindu,Enemies,Enemy2,2,12,F,42,3,4,7,6,7,2,7,6,6,5,5,6,1,NA,2,4,3,4,1,3,1,4,4,2,3,4,1,1,4,4,4,3,2,3,2,1,1,1,2,2,M,Muslim,3,4,1,4,2,5,3,1,1,1,1,4,4,4,2,3,4,1,5,1,4,3,2,1,NA,4,1,0,0,C5
540,C0542,5,C,5C,Hindu,Enemies,Enemy3,2,26,F,42,3,4,7,6,7,2,7,6,6,5,5,6,1,NA,2,4,3,4,1,3,1,4,4,2,3,4,1,1,4,4,4,3,2,3,2,1,1,1,2,2,M,Muslim,3,4,2,5,2,4,4,4,4,5,1,4,7,4,5,3,3,1,1,1,5,3,1,7,6,3,6,0,0,C5
541,C0542,5,C,5C,Hindu,Enemies,Enemy4,2,20,F,42,3,4,7,6,7,2,7,6,6,5,5,6,1,NA,2,4,3,4,1,3,1,4,4,2,3,4,1,1,4,4,4,3,2,3,2,1,1,1,2,2,M,Muslim,5,3,2,2,1,2,4,1,1,1,1,4,1,4,5,5,5,1,2,5,1,4,1,6,3,1,7,0,0,C5
542,C0542,5,C,5C,Hindu,Enemies,Enemy5,2,31,F,42,3,4,7,6,7,2,7,6,6,5,5,6,1,NA,2,4,3,4,1,3,1,4,4,2,3,4,1,1,4,4,4,3,2,3,2,1,1,1,2,2,M,Muslim,1,1,1,1,1,1,4,1,4,3,1,6,7,3,3,2,2,1,3,1,1,5,1,7,4,4,7,0,0,C5
543,C0542,5,C,5C,Hindu,Enemies,Enemy6,2,52,F,42,3,4,7,6,7,2,7,6,6,5,5,6,1,NA,2,4,3,4,1,3,1,4,4,2,3,4,1,1,4,4,4,3,2,3,2,1,1,1,2,2,F,Muslim,1,2,1,1,1,1,5,1,1,1,1,4,3,3,1,1,1,1,1,1,2,1,2,4,4,4,7,1,0,C5
544,C0545,5,C,5C,Muslim,Enemies,Enemy1,2,9,F,45,3,3,7,6,1,7,1,3,3,6,1,3,7,SUNNI,2,1,2,2,1,3,1,4,4,1,2,1,2,1,7,1,7,1,5,2,5,5,5,3,1,1,M,Hindu,2,1,1,1,4,1,4,1,4,1,1,1,7,6,2,1,3,5,4,3,2,2,1,7,4,7,2,0,0,C5
545,C0545,5,C,5C,Muslim,Enemies,Enemy2,2,24,F,45,3,3,7,6,1,7,1,3,3,6,1,3,7,SUNNI,2,1,2,2,1,3,1,4,4,1,2,1,2,1,7,1,7,1,5,2,5,5,5,3,1,1,M,Hindu,2,2,1,1,2,1,4,2,2,3,1,4,2,2,2,1,1,1,1,2,1,5,2,6,4,6,4,0,0,C5
546,C0545,5,C,5C,Muslim,Enemies,Enemy3,2,33,F,45,3,3,7,6,1,7,1,3,3,6,1,3,7,SUNNI,2,1,2,2,1,3,1,4,4,1,2,1,2,1,7,1,7,1,5,2,5,5,5,3,1,1,M,Hindu,1,3,2,1,2,1,2,2,1,3,1,4,3,3,1,5,5,5,5,1,1,5,3,7,1,7,1,0,0,C5
547,C0545,5,C,5C,Muslim,Enemies,Enemy4,2,35,F,45,3,3,7,6,1,7,1,3,3,6,1,3,7,SUNNI,2,1,2,2,1,3,1,4,4,1,2,1,2,1,7,1,7,1,5,2,5,5,5,3,1,1,M,Hindu,3,2,1,1,3,1,4,1,3,4,2,4,3,2,3,1,2,3,4,5,5,1,1,7,1,7,1,0,0,C5
548,C0545,5,C,5C,Muslim,Enemies,Enemy5,2,47,F,45,3,3,7,6,1,7,1,3,3,6,1,3,7,SUNNI,2,1,2,2,1,3,1,4,4,1,2,1,2,1,7,1,7,1,5,2,5,5,5,3,1,1,F,Hindu,1,1,1,1,2,1,NA,2,4,3,1,4,4,4,1,5,5,1,5,3,3,2,1,3,5,7,4,1,0,C5
549,C0545,5,C,5C,Muslim,Enemies,Enemy6,2,52,F,45,3,3,7,6,1,7,1,3,3,6,1,3,7,SUNNI,2,1,2,2,1,3,1,4,4,1,2,1,2,1,7,1,7,1,5,2,5,5,5,3,1,1,F,Muslim,1,2,1,1,1,1,5,1,1,1,1,4,3,3,1,1,1,1,1,1,2,1,2,4,4,4,7,1,1,C5
550,C0545,5,C,5C,Muslim,Enemies,Enemy7,2,54,F,45,3,3,7,6,1,7,1,3,3,6,1,3,7,SUNNI,2,1,2,2,1,3,1,4,4,1,2,1,2,1,7,1,7,1,5,2,5,5,5,3,1,1,F,Hindu,1,2,1,1,1,1,2,1,2,4,1,7,4,4,1,1,1,1,1,1,1,1,1,5,6,6,3,1,0,C5
551,C0546,5,C,5C,Muslim,Enemies,Enemy1,2,40,F,46,1,6,7,4,4,7,7,7,7,7,7,2,NA,Sunni,2,1,1,1,1,1,1,2,4,1,1,1,2,1,7,7,7,1,1,1,1,1,1,1,3,1,F,Hindu,1,1,1,1,1,1,3,2,4,2,1,4,2,3,1,5,5,1,1,1,5,5,2,2,7,7,2,1,0,C5
552,C0546,5,C,5C,Muslim,Enemies,Enemy2,2,52,F,46,1,6,7,4,4,7,7,7,7,7,7,2,NA,Sunni,2,1,1,1,1,1,1,2,4,1,1,1,2,1,7,7,7,1,1,1,1,1,1,1,3,1,F,Muslim,1,2,1,1,1,1,5,1,1,1,1,4,3,3,1,1,1,1,1,1,2,1,2,4,4,4,7,1,1,C5
553,C0546,5,C,5C,Muslim,Enemies,Enemy3,2,54,F,46,1,6,7,4,4,7,7,7,7,7,7,2,NA,Sunni,2,1,1,1,1,1,1,2,4,1,1,1,2,1,7,7,7,1,1,1,1,1,1,1,3,1,F,Hindu,1,2,1,1,1,1,2,1,2,4,1,7,4,4,1,1,1,1,1,1,1,1,1,5,6,6,3,1,0,C5
554,C0546,5,C,5C,Muslim,Enemies,Enemy4,2,58,F,46,1,6,7,4,4,7,7,7,7,7,7,2,NA,Sunni,2,1,1,1,1,1,1,2,4,1,1,1,2,1,7,7,7,1,1,1,1,1,1,1,3,1,F,Hindu,1,3,2,1,2,1,4,3,5,2,3,4,4,3,NA,2,5,4,2,2,2,2,1,2,7,6,NA,1,0,C5
555,C0546,5,C,5C,Muslim,Enemies,Enemy5,2,59,F,46,1,6,7,4,4,7,7,7,7,7,7,2,NA,Sunni,2,1,1,1,1,1,1,2,4,1,1,1,2,1,7,7,7,1,1,1,1,1,1,1,3,1,F,Hindu,2,3,2,1,2,1,2,1,2,2,1,4,3,3,3,1,1,1,1,1,2,4,5,4,6,6,4,1,0,C5
556,C0546,5,C,5C,Muslim,Enemies,Enemy6,2,60,F,46,1,6,7,4,4,7,7,7,7,7,7,2,NA,Sunni,2,1,1,1,1,1,1,2,4,1,1,1,2,1,7,7,7,1,1,1,1,1,1,1,3,1,F,Hindu,1,2,1,1,3,1,2,1,5,3,1,4,4,5,5,1,2,1,5,1,1,5,1,1,7,7,2,1,0,C5
557,C0546,5,C,5C,Muslim,Enemies,Enemy7,2,61,F,46,1,6,7,4,4,7,7,7,7,7,7,2,NA,Sunni,2,1,1,1,1,1,1,2,4,1,1,1,2,1,7,7,7,1,1,1,1,1,1,1,3,1,F,Hindu,3,1,1,1,2,1,1,1,2,3,1,4,2,2,1,1,1,2,1,NA,1,1,1,4,4,7,5,1,0,C5
558,C0547,5,C,5C,Hindu,Enemies,Enemy1,2,55,F,47,4,3,5,4,7,4,6,7,7,5,7,7,1,NA,2,1,1,1,1,2,1,4,NA,2,4,3,1,1,4,4,4,1,5,5,1,5,3,3,2,1,F,Hindu,1,1,1,1,1,1,3,1,4,1,1,4,3,3,3,3,2,1,1,1,1,5,2,6,7,7,3,1,1,C5
559,C0547,5,C,5C,Hindu,Enemies,Enemy2,2,57,F,47,4,3,5,4,7,4,6,7,7,5,7,7,1,NA,2,1,1,1,1,2,1,4,NA,2,4,3,1,1,4,4,4,1,5,5,1,5,3,3,2,1,F,Muslim,1,1,1,1,1,1,4,4,4,4,1,4,2,3,5,1,2,4,1,1,1,5,2,1,7,5,7,1,0,C5
560,C0549,5,C,5C,Hindu,Enemies,Enemy1,2,45,F,49,3,4,7,7,7,3,4,7,6,5,6,5,8,NA,2,3,2,2,1,3,1,1,3,2,3,2,1,1,4,5,4,1,1,4,1,5,1,1,2,4,F,Muslim,1,2,2,1,3,1,4,1,2,1,1,7,1,7,1,5,2,5,5,5,3,1,1,3,7,1,7,1,0,C5
561,C0549,5,C,5C,Hindu,Enemies,Enemy2,2,50,F,49,3,4,7,7,7,3,4,7,6,5,6,5,8,NA,2,3,2,2,1,3,1,1,3,2,3,2,1,1,4,5,4,1,1,4,1,5,1,1,2,4,F,Hindu,1,1,1,1,3,1,4,1,1,1,1,4,4,4,2,1,3,1,4,1,1,5,1,2,7,7,2,1,1,C5
562,C0549,5,C,5C,Hindu,Enemies,Enemy3,2,56,F,49,3,4,7,7,7,3,4,7,6,5,6,5,8,NA,2,3,2,2,1,3,1,1,3,2,3,2,1,1,4,5,4,1,1,4,1,5,1,1,2,4,F,Muslim,1,2,1,1,1,1,3,2,1,1,1,6,4,5,NA,1,1,1,1,1,1,5,3,1,6,2,7,1,0,C5
563,C0549,5,C,5C,Hindu,Enemies,Enemy4,2,60,F,49,3,4,7,7,7,3,4,7,6,5,6,5,8,NA,2,3,2,2,1,3,1,1,3,2,3,2,1,1,4,5,4,1,1,4,1,5,1,1,2,4,F,Hindu,1,2,1,1,3,1,2,1,5,3,1,4,4,5,5,1,2,1,5,1,1,5,1,1,7,7,2,1,1,C5
564,C0549,5,C,5C,Hindu,Enemies,Enemy5,2,61,F,49,3,4,7,7,7,3,4,7,6,5,6,5,8,NA,2,3,2,2,1,3,1,1,3,2,3,2,1,1,4,5,4,1,1,4,1,5,1,1,2,4,F,Hindu,3,1,1,1,2,1,1,1,2,3,1,4,2,2,1,1,1,2,1,NA,1,1,1,4,4,7,5,1,1,C5
565,C0551,5,C,5C,Muslim,Enemies,Enemy1,2,33,F,51,2,6,7,3,4,7,7,7,6,5,6,2,7,SUNNI,2,1,1,2,1,1,1,3,2,1,1,2,2,2,7,2,6,1,1,1,1,1,1,1,1,1,M,Hindu,1,3,2,1,2,1,2,2,1,3,1,4,3,3,1,5,5,5,5,1,1,5,3,7,1,7,1,0,0,C5
566,C0551,5,C,5C,Muslim,Enemies,Enemy2,2,52,F,51,2,6,7,3,4,7,7,7,6,5,6,2,7,SUNNI,2,1,1,2,1,1,1,3,2,1,1,2,2,2,7,2,6,1,1,1,1,1,1,1,1,1,F,Muslim,1,2,1,1,1,1,5,1,1,1,1,4,3,3,1,1,1,1,1,1,2,1,2,4,4,4,7,1,1,C5
567,C0551,5,C,5C,Muslim,Enemies,Enemy3,2,53,F,51,2,6,7,3,4,7,7,7,6,5,6,2,7,SUNNI,2,1,1,2,1,1,1,3,2,1,1,2,2,2,7,2,6,1,1,1,1,1,1,1,1,1,F,Muslim,1,1,1,NA,1,1,2,1,1,1,1,4,4,4,1,1,1,1,1,1,1,5,3,5,5,4,7,1,1,C5
568,C0551,5,C,5C,Muslim,Enemies,Enemy4,2,62,F,51,2,6,7,3,4,7,7,7,6,5,6,2,7,SUNNI,2,1,1,2,1,1,1,3,2,1,1,2,2,2,7,2,6,1,1,1,1,1,1,1,1,1,F,Muslim,3,1,1,1,2,1,2,2,4,3,1,4,4,5,1,1,1,1,1,1,1,3,2,1,7,6,7,1,1,C5
569,C0552,5,C,5C,Muslim,Enemies,Enemy1,2,8,F,52,7,4,4,4,4,7,NA,7,7,7,7,7,8,NA,2,1,2,1,1,1,1,2,5,1,1,1,2,1,4,3,3,1,1,1,1,1,1,2,1,2,M,Muslim,1,2,NA,1,3,1,5,1,1,5,1,2,4,5,3,3,2,1,5,3,4,2,1,7,6,6,7,0,1,C5
570,C0552,5,C,5C,Muslim,Enemies,Enemy2,2,23,F,52,7,4,4,4,4,7,NA,7,7,7,7,7,8,NA,2,1,2,1,1,1,1,2,5,1,1,1,2,1,4,3,3,1,1,1,1,1,1,2,1,2,M,Hindu,1,1,1,1,1,1,4,1,3,1,1,4,4,6,5,1,1,1,1,1,5,5,5,7,6,7,3,0,0,C5
571,C0552,5,C,5C,Muslim,Enemies,Enemy3,2,51,F,52,7,4,4,4,4,7,NA,7,7,7,7,7,8,NA,2,1,2,1,1,1,1,2,5,1,1,1,2,1,4,3,3,1,1,1,1,1,1,2,1,2,F,Muslim,1,1,2,1,1,1,2,1,1,2,2,7,2,6,1,1,1,1,1,1,1,1,1,6,7,4,7,1,1,C5
572,C0552,5,C,5C,Muslim,Enemies,Enemy4,2,53,F,52,7,4,4,4,4,7,NA,7,7,7,7,7,8,NA,2,1,2,1,1,1,1,2,5,1,1,1,2,1,4,3,3,1,1,1,1,1,1,2,1,2,F,Muslim,1,1,1,NA,1,1,2,1,1,1,1,4,4,4,1,1,1,1,1,1,1,5,3,5,5,4,7,1,1,C5
573,C0552,5,C,5C,Muslim,Enemies,Enemy5,2,55,F,52,7,4,4,4,4,7,NA,7,7,7,7,7,8,NA,2,1,2,1,1,1,1,2,5,1,1,1,2,1,4,3,3,1,1,1,1,1,1,2,1,2,F,Hindu,1,1,1,1,1,1,3,1,4,1,1,4,3,3,3,3,2,1,1,1,1,5,2,6,7,7,3,1,0,C5
574,C0553,5,C,5C,Muslim,Enemies,Enemy1,2,20,F,53,4,5,5,7,4,7,3,7,3,5,7,1,7,Saiyed,2,1,1,1,NA,1,1,2,2,1,1,1,2,1,4,4,4,1,1,1,1,1,1,1,5,3,M,Muslim,5,3,2,2,1,2,4,1,1,1,1,4,1,4,5,5,5,1,2,5,1,4,1,6,3,1,7,0,1,C5
575,C0553,5,C,5C,Muslim,Enemies,Enemy2,2,49,F,53,4,5,5,7,4,7,3,7,3,5,7,1,7,Saiyed,2,1,1,1,NA,1,1,2,2,1,1,1,2,1,4,4,4,1,1,1,1,1,1,1,5,3,F,Hindu,3,2,2,1,3,1,3,2,3,2,1,4,5,4,1,1,4,1,5,1,1,2,4,4,7,7,3,1,0,C5
576,C0553,5,C,5C,Muslim,Enemies,Enemy3,2,51,F,53,4,5,5,7,4,7,3,7,3,5,7,1,7,Saiyed,2,1,1,1,NA,1,1,2,2,1,1,1,2,1,4,4,4,1,1,1,1,1,1,1,5,3,F,Muslim,1,1,2,1,1,1,2,1,1,2,2,7,2,6,1,1,1,1,1,1,1,1,1,6,7,4,7,1,1,C5
577,C0553,5,C,5C,Muslim,Enemies,Enemy4,2,54,F,53,4,5,5,7,4,7,3,7,3,5,7,1,7,Saiyed,2,1,1,1,NA,1,1,2,2,1,1,1,2,1,4,4,4,1,1,1,1,1,1,1,5,3,F,Hindu,1,2,1,1,1,1,2,1,2,4,1,7,4,4,1,1,1,1,1,1,1,1,1,5,6,6,3,1,0,C5
578,C0553,5,C,5C,Muslim,Enemies,Enemy5,2,57,F,53,4,5,5,7,4,7,3,7,3,5,7,1,7,Saiyed,2,1,1,1,NA,1,1,2,2,1,1,1,2,1,4,4,4,1,1,1,1,1,1,1,5,3,F,Muslim,1,1,1,1,1,1,4,4,4,4,1,4,2,3,5,1,2,4,1,1,1,5,2,1,7,5,7,1,1,C5
579,C0554,5,C,5C,Hindu,Enemies,Enemy1,2,4,F,54,1,5,6,7,6,3,6,6,7,7,3,4,2,NA,2,1,2,1,1,1,1,2,2,1,2,4,1,1,7,4,4,1,1,1,1,1,1,1,1,1,M,Hindu,NA,2,2,1,1,1,1,1,2,2,1,4,5,5,5,1,2,1,1,1,1,5,3,7,4,7,1,0,1,C5
580,C0554,5,C,5C,Hindu,Enemies,Enemy2,2,6,F,54,1,5,6,7,6,3,6,6,7,7,3,4,2,NA,2,1,2,1,1,1,1,2,2,1,2,4,1,1,7,4,4,1,1,1,1,1,1,1,1,1,M,Hindu,1,1,1,1,1,1,5,4,4,4,1,4,6,2,1,1,2,NA,1,2,1,1,2,7,7,7,3,0,1,C5
581,C0554,5,C,5C,Hindu,Enemies,Enemy3,2,11,F,54,1,5,6,7,6,3,6,6,7,7,3,4,2,NA,2,1,2,1,1,1,1,2,2,1,2,4,1,1,7,4,4,1,1,1,1,1,1,1,1,1,M,Hindu,2,3,1,2,1,1,4,1,5,4,1,3,3,3,2,3,5,1,1,1,5,1,1,1,4,7,5,0,1,C5
582,C0554,5,C,5C,Hindu,Enemies,Enemy4,2,13,F,54,1,5,6,7,6,3,6,6,7,7,3,4,2,NA,2,1,2,1,1,1,1,2,2,1,2,4,1,1,7,4,4,1,1,1,1,1,1,1,1,1,M,Muslim,1,1,1,1,1,1,3,1,1,1,1,6,1,6,1,1,1,1,1,1,1,1,1,7,6,4,7,0,0,C5
583,C0554,5,C,5C,Hindu,Enemies,Enemy5,2,31,F,54,1,5,6,7,6,3,6,6,7,7,3,4,2,NA,2,1,2,1,1,1,1,2,2,1,2,4,1,1,7,4,4,1,1,1,1,1,1,1,1,1,M,Muslim,1,1,1,1,1,1,4,1,4,3,1,6,7,3,3,2,2,1,3,1,1,5,1,7,4,4,7,0,0,C5
584,C0555,5,C,5C,Hindu,Enemies,Enemy1,2,6,F,55,4,6,7,4,7,3,7,7,5,6,6,4,8,NA,2,1,1,1,1,1,1,2,3,1,4,1,1,1,4,3,3,3,3,2,1,1,1,1,5,2,M,Hindu,1,1,1,1,1,1,5,4,4,4,1,4,6,2,1,1,2,NA,1,2,1,1,2,7,7,7,3,0,1,C5
585,C0555,5,C,5C,Hindu,Enemies,Enemy2,2,18,F,55,4,6,7,4,7,3,7,7,5,6,6,4,8,NA,2,1,1,1,1,1,1,2,3,1,4,1,1,1,4,3,3,3,3,2,1,1,1,1,5,2,M,Hindu,1,2,1,1,2,1,4,2,5,5,1,4,2,3,4,4,4,5,5,1,2,1,NA,6,6,7,2,0,1,C5
586,C0555,5,C,5C,Hindu,Enemies,Enemy3,2,20,F,55,4,6,7,4,7,3,7,7,5,6,6,4,8,NA,2,1,1,1,1,1,1,2,3,1,4,1,1,1,4,3,3,3,3,2,1,1,1,1,5,2,M,Muslim,5,3,2,2,1,2,4,1,1,1,1,4,1,4,5,5,5,1,2,5,1,4,1,6,3,1,7,0,0,C5
587,C0555,5,C,5C,Hindu,Enemies,Enemy4,2,46,F,55,4,6,7,4,7,3,7,7,5,6,6,4,8,NA,2,1,1,1,1,1,1,2,3,1,4,1,1,1,4,3,3,3,3,2,1,1,1,1,5,2,F,Muslim,1,1,1,1,1,1,4,1,1,1,1,7,7,7,1,1,1,1,1,1,1,3,1,6,7,4,7,1,0,C5
588,C0555,5,C,5C,Hindu,Enemies,Enemy5,2,51,F,55,4,6,7,4,7,3,7,7,5,6,6,4,8,NA,2,1,1,1,1,1,1,2,3,1,4,1,1,1,4,3,3,3,3,2,1,1,1,1,5,2,F,Muslim,1,1,2,1,1,1,2,1,1,2,2,7,2,6,1,1,1,1,1,1,1,1,1,6,7,4,7,1,0,C5
589,C0555,5,C,5C,Hindu,Enemies,Enemy6,2,52,F,55,4,6,7,4,7,3,7,7,5,6,6,4,8,NA,2,1,1,1,1,1,1,2,3,1,4,1,1,1,4,3,3,3,3,2,1,1,1,1,5,2,F,Muslim,1,2,1,1,1,1,5,1,1,1,1,4,3,3,1,1,1,1,1,1,2,1,2,4,4,4,7,1,0,C5
590,C0557,5,C,5C,Muslim,Enemies,Enemy1,2,38,F,57,3,1,7,7,5,7,7,6,7,5,7,6,NA,4,2,1,1,1,1,1,1,2,4,4,4,4,2,1,4,2,3,5,1,2,4,1,1,1,5,2,F,NA,NA,NA,NA,NA,NA,NA,NA,NA,NA,NA,NA,NA,NA,NA,NA,NA,NA,NA,NA,NA,NA,NA,NA,NA,NA,NA,NA,1,NA,C5
591,C0557,5,C,5C,Muslim,Enemies,Enemy2,2,47,F,57,3,1,7,7,5,7,7,6,7,5,7,6,NA,4,2,1,1,1,1,1,1,2,4,4,4,4,2,1,4,2,3,5,1,2,4,1,1,1,5,2,F,Hindu,1,1,1,1,2,1,NA,2,4,3,1,4,4,4,1,5,5,1,5,3,3,2,1,3,5,7,4,1,0,C5
592,C0557,5,C,5C,Muslim,Enemies,Enemy3,2,51,F,57,3,1,7,7,5,7,7,6,7,5,7,6,NA,4,2,1,1,1,1,1,1,2,4,4,4,4,2,1,4,2,3,5,1,2,4,1,1,1,5,2,F,Muslim,1,1,2,1,1,1,2,1,1,2,2,7,2,6,1,1,1,1,1,1,1,1,1,6,7,4,7,1,1,C5
593,C0557,5,C,5C,Muslim,Enemies,Enemy4,2,52,F,57,3,1,7,7,5,7,7,6,7,5,7,6,NA,4,2,1,1,1,1,1,1,2,4,4,4,4,2,1,4,2,3,5,1,2,4,1,1,1,5,2,F,Muslim,1,2,1,1,1,1,5,1,1,1,1,4,3,3,1,1,1,1,1,1,2,1,2,4,4,4,7,1,1,C5
594,C0557,5,C,5C,Muslim,Enemies,Enemy5,2,53,F,57,3,1,7,7,5,7,7,6,7,5,7,6,NA,4,2,1,1,1,1,1,1,2,4,4,4,4,2,1,4,2,3,5,1,2,4,1,1,1,5,2,F,Muslim,1,1,1,NA,1,1,2,1,1,1,1,4,4,4,1,1,1,1,1,1,1,5,3,5,5,4,7,1,1,C5
595,C0557,5,C,5C,Muslim,Enemies,Enemy6,2,56,F,57,3,1,7,7,5,7,7,6,7,5,7,6,NA,4,2,1,1,1,1,1,1,2,4,4,4,4,2,1,4,2,3,5,1,2,4,1,1,1,5,2,F,Muslim,1,2,1,1,1,1,3,2,1,1,1,6,4,5,NA,1,1,1,1,1,1,5,3,1,6,2,7,1,1,C5
596,C0557,5,C,5C,Muslim,Enemies,Enemy7,2,61,F,57,3,1,7,7,5,7,7,6,7,5,7,6,NA,4,2,1,1,1,1,1,1,2,4,4,4,4,2,1,4,2,3,5,1,2,4,1,1,1,5,2,F,Hindu,3,1,1,1,2,1,1,1,2,3,1,4,2,2,1,1,1,2,1,NA,1,1,1,4,4,7,5,1,0,C5
597,C0558,5,C,5C,Hindu,Enemies,Enemy1,2,2,F,58,2,2,7,NA,6,NA,4,7,2,NA,5,NA,NA,Hurygen,2,1,3,2,1,2,1,1,4,3,5,2,1,3,4,4,3,NA,2,5,4,2,2,2,2,1,M,Hindu,5,3,1,1,5,1,2,4,3,1,1,2,1,7,3,4,1,5,1,1,1,2,1,1,NA,7,7,0,1,C5
598,C0558,5,C,5C,Hindu,Enemies,Enemy2,2,4,F,58,2,2,7,NA,6,NA,4,7,2,NA,5,NA,NA,Hurygen,2,1,3,2,1,2,1,1,4,3,5,2,1,3,4,4,3,NA,2,5,4,2,2,2,2,1,M,Hindu,NA,2,2,1,1,1,1,1,2,2,1,4,5,5,5,1,2,1,1,1,1,5,3,7,4,7,1,0,1,C5
599,C0558,5,C,5C,Hindu,Enemies,Enemy3,2,26,F,58,2,2,7,NA,6,NA,4,7,2,NA,5,NA,NA,Hurygen,2,1,3,2,1,2,1,1,4,3,5,2,1,3,4,4,3,NA,2,5,4,2,2,2,2,1,M,Muslim,3,4,2,5,2,4,4,4,4,5,1,4,7,4,5,3,3,1,1,1,5,3,1,7,6,3,6,0,0,C5
600,C0558,5,C,5C,Hindu,Enemies,Enemy4,2,31,F,58,2,2,7,NA,6,NA,4,7,2,NA,5,NA,NA,Hurygen,2,1,3,2,1,2,1,1,4,3,5,2,1,3,4,4,3,NA,2,5,4,2,2,2,2,1,M,Muslim,1,1,1,1,1,1,4,1,4,3,1,6,7,3,3,2,2,1,3,1,1,5,1,7,4,4,7,0,0,C5
601,C0559,5,C,5C,Hindu,Enemies,Enemy1,2,36,F,59,3,4,6,7,6,4,6,5,5,5,5,5,NA,Hindu,2,2,3,2,1,2,1,1,2,1,2,2,1,1,4,3,3,3,1,1,1,1,1,2,4,5,F,Muslim,1,1,2,1,2,1,3,1,2,3,1,5,6,6,5,2,2,1,1,1,1,3,4,2,7,4,6,1,0,C5
602,C0559,5,C,5C,Hindu,Enemies,Enemy2,2,43,F,59,3,4,6,7,6,4,6,5,5,5,5,5,NA,Hindu,2,2,3,2,1,2,1,1,2,1,2,2,1,1,4,3,3,3,1,1,1,1,1,2,4,5,F,other,1,1,1,1,2,1,1,1,1,2,1,4,4,4,1,1,1,1,1,1,1,1,5,7,7,6,7,1,0,C5
603,C0559,5,C,5C,Hindu,Enemies,Enemy3,2,47,F,59,3,4,6,7,6,4,6,5,5,5,5,5,NA,Hindu,2,2,3,2,1,2,1,1,2,1,2,2,1,1,4,3,3,3,1,1,1,1,1,2,4,5,F,Hindu,1,1,1,1,2,1,NA,2,4,3,1,4,4,4,1,5,5,1,5,3,3,2,1,3,5,7,4,1,1,C5
604,C0559,5,C,5C,Hindu,Enemies,Enemy4,2,52,F,59,3,4,6,7,6,4,6,5,5,5,5,5,NA,Hindu,2,2,3,2,1,2,1,1,2,1,2,2,1,1,4,3,3,3,1,1,1,1,1,2,4,5,F,Muslim,1,2,1,1,1,1,5,1,1,1,1,4,3,3,1,1,1,1,1,1,2,1,2,4,4,4,7,1,0,C5
605,C0559,5,C,5C,Hindu,Enemies,Enemy5,2,54,F,59,3,4,6,7,6,4,6,5,5,5,5,5,NA,Hindu,2,2,3,2,1,2,1,1,2,1,2,2,1,1,4,3,3,3,1,1,1,1,1,2,4,5,F,Hindu,1,2,1,1,1,1,2,1,2,4,1,7,4,4,1,1,1,1,1,1,1,1,1,5,6,6,3,1,1,C5
606,C0559,5,C,5C,Hindu,Enemies,Enemy6,2,58,F,59,3,4,6,7,6,4,6,5,5,5,5,5,NA,Hindu,2,2,3,2,1,2,1,1,2,1,2,2,1,1,4,3,3,3,1,1,1,1,1,2,4,5,F,Hindu,1,3,2,1,2,1,4,3,5,2,3,4,4,3,NA,2,5,4,2,2,2,2,1,2,7,6,NA,1,1,C5
607,C0559,5,C,5C,Hindu,Enemies,Enemy7,2,61,F,59,3,4,6,7,6,4,6,5,5,5,5,5,NA,Hindu,2,2,3,2,1,2,1,1,2,1,2,2,1,1,4,3,3,3,1,1,1,1,1,2,4,5,F,Hindu,3,1,1,1,2,1,1,1,2,3,1,4,2,2,1,1,1,2,1,NA,1,1,1,4,4,7,5,1,1,C5
608,C0560,5,C,5C,Hindu,Enemies,Enemy1,2,3,F,60,5,1,7,1,7,2,NA,7,1,1,5,1,7,NA,2,1,2,1,1,3,1,1,2,1,5,3,1,1,4,4,5,5,1,2,1,5,1,1,5,1,M,Hindu,1,1,1,1,1,1,1,1,4,2,1,4,4,4,1,1,1,1,1,1,1,5,5,7,1,7,2,0,1,C5
609,C0560,5,C,5C,Hindu,Enemies,Enemy2,2,6,F,60,5,1,7,1,7,2,NA,7,1,1,5,1,7,NA,2,1,2,1,1,3,1,1,2,1,5,3,1,1,4,4,5,5,1,2,1,5,1,1,5,1,M,Hindu,1,1,1,1,1,1,5,4,4,4,1,4,6,2,1,1,2,NA,1,2,1,1,2,7,7,7,3,0,1,C5
610,C0560,5,C,5C,Hindu,Enemies,Enemy3,2,11,F,60,5,1,7,1,7,2,NA,7,1,1,5,1,7,NA,2,1,2,1,1,3,1,1,2,1,5,3,1,1,4,4,5,5,1,2,1,5,1,1,5,1,M,Hindu,2,3,1,2,1,1,4,1,5,4,1,3,3,3,2,3,5,1,1,1,5,1,1,1,4,7,5,0,1,C5
611,C0560,5,C,5C,Hindu,Enemies,Enemy4,2,12,F,60,5,1,7,1,7,2,NA,7,1,1,5,1,7,NA,2,1,2,1,1,3,1,1,2,1,5,3,1,1,4,4,5,5,1,2,1,5,1,1,5,1,M,Muslim,3,4,1,4,2,5,3,1,1,1,1,4,4,4,2,3,4,1,5,1,4,3,2,1,NA,4,1,0,0,C5
612,C0560,5,C,5C,Hindu,Enemies,Enemy5,2,14,F,60,5,1,7,1,7,2,NA,7,1,1,5,1,7,NA,2,1,2,1,1,3,1,1,2,1,5,3,1,1,4,4,5,5,1,2,1,5,1,1,5,1,M,Hindu,1,NA,1,2,3,1,4,1,2,2,1,4,2,2,2,4,4,3,2,2,3,3,2,6,4,7,1,0,1,C5
613,C0560,5,C,5C,Hindu,Enemies,Enemy6,2,52,F,60,5,1,7,1,7,2,NA,7,1,1,5,1,7,NA,2,1,2,1,1,3,1,1,2,1,5,3,1,1,4,4,5,5,1,2,1,5,1,1,5,1,F,Muslim,1,2,1,1,1,1,5,1,1,1,1,4,3,3,1,1,1,1,1,1,2,1,2,4,4,4,7,1,0,C5
614,C0561,5,C,5C,Hindu,Enemies,Enemy1,2,4,F,61,4,4,4,4,7,5,4,4,4,4,4,4,1,Brahmin,2,3,1,1,1,2,1,4,1,1,2,3,1,1,4,2,2,1,1,1,2,1,NA,1,1,1,M,Hindu,NA,2,2,1,1,1,1,1,2,2,1,4,5,5,5,1,2,1,1,1,1,5,3,7,4,7,1,0,1,C5
615,C0561,5,C,5C,Hindu,Enemies,Enemy2,2,5,F,61,4,4,4,4,7,5,4,4,4,4,4,4,1,Brahmin,2,3,1,1,1,2,1,4,1,1,2,3,1,1,4,2,2,1,1,1,2,1,NA,1,1,1,M,Hindu,2,2,1,1,2,1,4,1,3,2,1,4,3,3,2,1,2,1,1,1,2,5,4,7,6,NA,NA,0,1,C5
616,C0561,5,C,5C,Hindu,Enemies,Enemy3,2,12,F,61,4,4,4,4,7,5,4,4,4,4,4,4,1,Brahmin,2,3,1,1,1,2,1,4,1,1,2,3,1,1,4,2,2,1,1,1,2,1,NA,1,1,1,M,Muslim,3,4,1,4,2,5,3,1,1,1,1,4,4,4,2,3,4,1,5,1,4,3,2,1,NA,4,1,0,0,C5
617,C0561,5,C,5C,Hindu,Enemies,Enemy4,2,14,F,61,4,4,4,4,7,5,4,4,4,4,4,4,1,Brahmin,2,3,1,1,1,2,1,4,1,1,2,3,1,1,4,2,2,1,1,1,2,1,NA,1,1,1,M,Hindu,1,NA,1,2,3,1,4,1,2,2,1,4,2,2,2,4,4,3,2,2,3,3,2,6,4,7,1,0,1,C5
618,C0561,5,C,5C,Hindu,Enemies,Enemy5,2,15,F,61,4,4,4,4,7,5,4,4,4,4,4,4,1,Brahmin,2,3,1,1,1,2,1,4,1,1,2,3,1,1,4,2,2,1,1,1,2,1,NA,1,1,1,M,Hindu,2,1,1,1,2,1,3,4,1,3,1,2,7,1,2,2,2,2,2,2,2,2,3,7,7,7,5,0,1,C5
619,C0561,5,C,5C,Hindu,Enemies,Enemy6,2,16,F,61,4,4,4,4,7,5,4,4,4,4,4,4,1,Brahmin,2,3,1,1,1,2,1,4,1,1,2,3,1,1,4,2,2,1,1,1,2,1,NA,1,1,1,M,Muslim,4,1,1,1,5,1,4,1,1,1,1,3,2,3,5,NA,1,2,1,1,1,3,5,7,4,1,7,0,0,C5
620,C0561,5,C,5C,Hindu,Enemies,Enemy7,2,26,F,61,4,4,4,4,7,5,4,4,4,4,4,4,1,Brahmin,2,3,1,1,1,2,1,4,1,1,2,3,1,1,4,2,2,1,1,1,2,1,NA,1,1,1,M,Muslim,3,4,2,5,2,4,4,4,4,5,1,4,7,4,5,3,3,1,1,1,5,3,1,7,6,3,6,0,0,C5
621,A0601,6,A,6A,Muslim,Enemies,Enemy1,2,16,M,1,4,7,6,4,4,7,7,6,6,4,7,3,8,NA,1,2,2,1,1,1,2,1,3,2,1,1,2,1,4,4,4,2,1,1,3,1,1,1,4,3,M,Hindu,2,1,1,2,1,1,3,1,4,3,1,4,2,4,4,1,1,1,1,1,1,1,3,7,4,7,3,1,0,A6
622,A0602,6,A,6A,Muslim,Enemies,Enemy1,2,6,M,2,4,7,4,7,6,7,7,6,6,6,4,6,8,NA,1,1,3,1,1,1,3,2,1,1,1,1,2,1,4,4,4,2,1,2,2,2,1,1,5,4,M,Hindu,2,1,1,2,1,1,3,1,2,2,1,4,1,1,1,3,2,3,2,3,1,2,1,7,6,7,4,1,0,A6
623,A0603,6,A,6A,Muslim,Enemies,Enemy1,2,2,M,3,4,7,4,7,7,3,7,6,4,6,6,5,2,NA,1,2,1,3,1,2,1,4,3,1,2,4,1,2,4,3,3,2,1,2,1,1,1,1,5,3,M,Muslim,1,3,1,1,1,3,1,1,1,1,1,4,4,4,2,1,2,2,2,1,1,5,4,7,4,6,7,1,1,A6
624,A0603,6,A,6A,Muslim,Enemies,Enemy2,2,8,M,3,4,7,4,7,7,3,7,6,4,6,6,5,2,NA,1,2,1,3,1,2,1,4,3,1,2,4,1,2,4,3,3,2,1,2,1,1,1,1,5,3,M,NA,NA,NA,NA,NA,NA,NA,NA,NA,NA,NA,NA,NA,NA,NA,NA,NA,NA,NA,NA,NA,NA,NA,NA,NA,NA,NA,NA,1,NA,A6
625,A0603,6,A,6A,Muslim,Enemies,Enemy3,2,9,M,3,4,7,4,7,7,3,7,6,4,6,6,5,2,NA,1,2,1,3,1,2,1,4,3,1,2,4,1,2,4,3,3,2,1,2,1,1,1,1,5,3,M,Hindu,1,1,1,1,2,1,4,4,4,4,1,7,7,7,1,1,1,2,1,1,1,5,2,7,1,6,6,1,0,A6
626,A0603,6,A,6A,Muslim,Enemies,Enemy4,2,14,M,3,4,7,4,7,7,3,7,6,4,6,6,5,2,NA,1,2,1,3,1,2,1,4,3,1,2,4,1,2,4,3,3,2,1,2,1,1,1,1,5,3,M,Muslim,1,2,1,1,1,1,4,1,1,1,1,4,1,7,1,1,1,2,3,1,1,5,3,7,1,2,7,1,1,A6
627,A0603,6,A,6A,Muslim,Enemies,Enemy5,2,18,M,3,4,7,4,7,7,3,7,6,4,6,6,5,2,NA,1,2,1,3,1,2,1,4,3,1,2,4,1,2,4,3,3,2,1,2,1,1,1,1,5,3,M,Muslim,1,1,1,1,1,1,3,1,2,1,1,3,2,2,3,1,1,2,1,2,1,2,2,6,4,5,7,1,1,A6
628,A0603,6,A,6A,Muslim,Enemies,Enemy6,2,22,M,3,4,7,4,7,7,3,7,6,4,6,6,5,2,NA,1,2,1,3,1,2,1,4,3,1,2,4,1,2,4,3,3,2,1,2,1,1,1,1,5,3,M,Muslim,2,3,4,2,1,2,1,1,1,1,1,5,7,7,1,1,1,2,1,1,1,3,5,6,5,5,7,1,1,A6
629,A0603,6,A,6A,Muslim,Enemies,Enemy7,2,25,M,3,4,7,4,7,7,3,7,6,4,6,6,5,2,NA,1,2,1,3,1,2,1,4,3,1,2,4,1,2,4,3,3,2,1,2,1,1,1,1,5,3,M,Hindu,2,2,2,1,1,2,2,1,1,2,1,4,5,3,1,1,1,2,2,1,1,4,2,6,6,7,5,1,0,A6
630,A0604,6,A,6A,Hindu,Enemies,Enemy1,2,12,M,4,2,5,4,6,6,3,6,7,4,5,5,4,8,NA,1,3,3,4,1,2,3,1,2,1,3,2,1,1,4,3,3,1,3,1,2,2,3,1,5,4,M,Hindu,1,1,1,1,1,1,3,1,1,1,1,2,2,2,3,5,3,1,1,1,1,5,5,7,4,7,1,1,1,A6
631,A0604,6,A,6A,Hindu,Enemies,Enemy2,2,26,M,4,2,5,4,6,6,3,6,7,4,5,5,4,8,NA,1,3,3,4,1,2,3,1,2,1,3,2,1,1,4,3,3,1,3,1,2,2,3,1,5,4,M,Hindu,1,1,2,1,4,1,5,1,5,1,1,4,4,4,1,1,1,1,1,1,1,3,3,7,1,6,2,1,1,A6
632,A0605,6,A,6A,Hindu,Enemies,Enemy1,2,2,M,5,3,6,6,7,7,4,4,6,4,6,6,5,NA,Brahmin,1,4,2,5,1,3,1,1,4,1,5,1,1,1,6,2,2,1,1,1,1,1,1,1,5,5,M,Muslim,1,3,1,1,1,3,1,1,1,1,1,4,4,4,2,1,2,2,2,1,1,5,4,7,4,6,7,1,0,A6
633,A0605,6,A,6A,Hindu,Enemies,Enemy2,2,6,M,5,3,6,6,7,7,4,4,6,4,6,6,5,NA,Brahmin,1,4,2,5,1,3,1,1,4,1,5,1,1,1,6,2,2,1,1,1,1,1,1,1,5,5,M,Hindu,2,1,1,2,1,1,3,1,2,2,1,4,1,1,1,3,2,3,2,3,1,2,1,7,6,7,4,1,1,A6
634,A0605,6,A,6A,Hindu,Enemies,Enemy3,2,12,M,5,3,6,6,7,7,4,4,6,4,6,6,5,NA,Brahmin,1,4,2,5,1,3,1,1,4,1,5,1,1,1,6,2,2,1,1,1,1,1,1,1,5,5,M,Hindu,1,1,1,1,1,1,3,1,1,1,1,2,2,2,3,5,3,1,1,1,1,5,5,7,4,7,1,1,1,A6
635,A0606,6,A,6A,Hindu,Enemies,Enemy1,2,10,M,6,4,7,6,6,7,4,NA,5,4,4,3,5,2,NA,1,2,1,1,2,1,1,1,3,1,2,2,1,1,4,1,1,1,3,2,3,2,3,1,2,1,M,Hindu,3,3,2,1,2,1,4,1,3,2,2,4,3,3,2,1,1,1,1,1,1,5,5,7,1,6,2,1,1,A6
636,A0606,6,A,6A,Hindu,Enemies,Enemy2,2,12,M,6,4,7,6,6,7,4,NA,5,4,4,3,5,2,NA,1,2,1,1,2,1,1,1,3,1,2,2,1,1,4,1,1,1,3,2,3,2,3,1,2,1,M,Hindu,1,1,1,1,1,1,3,1,1,1,1,2,2,2,3,5,3,1,1,1,1,5,5,7,4,7,1,1,1,A6
637,A0606,6,A,6A,Hindu,Enemies,Enemy3,2,13,M,6,4,7,6,6,7,4,NA,5,4,4,3,5,2,NA,1,2,1,1,2,1,1,1,3,1,2,2,1,1,4,1,1,1,3,2,3,2,3,1,2,1,M,Hindu,2,2,2,3,2,1,4,2,2,2,2,4,7,7,2,3,3,2,3,1,1,1,3,6,1,6,6,1,1,A6
638,A0606,6,A,6A,Hindu,Enemies,Enemy4,2,16,M,6,4,7,6,6,7,4,NA,5,4,4,3,5,2,NA,1,2,1,1,2,1,1,1,3,1,2,2,1,1,4,1,1,1,3,2,3,2,3,1,2,1,M,Hindu,2,1,1,2,1,1,3,1,4,3,1,4,2,4,4,1,1,1,1,1,1,1,3,7,4,7,3,1,1,A6
639,A0606,6,A,6A,Hindu,Enemies,Enemy5,2,18,M,6,4,7,6,6,7,4,NA,5,4,4,3,5,2,NA,1,2,1,1,2,1,1,1,3,1,2,2,1,1,4,1,1,1,3,2,3,2,3,1,2,1,M,Muslim,1,1,1,1,1,1,3,1,2,1,1,3,2,2,3,1,1,2,1,2,1,2,2,6,4,5,7,1,0,A6
640,A0606,6,A,6A,Hindu,Enemies,Enemy6,2,19,M,6,4,7,6,6,7,4,NA,5,4,4,3,5,2,NA,1,2,1,1,2,1,1,1,3,1,2,2,1,1,4,1,1,1,3,2,3,2,3,1,2,1,M,Muslim,1,1,2,1,1,1,5,1,1,1,1,7,4,4,2,2,3,1,1,3,1,1,5,7,7,7,3,1,0,A6
641,A0606,6,A,6A,Hindu,Enemies,Enemy7,2,62,M,6,4,7,6,6,7,4,NA,5,4,4,3,5,2,NA,1,2,1,1,2,1,1,1,3,1,2,2,1,1,4,1,1,1,3,2,3,2,3,1,2,1,F,Hindu,1,1,1,1,2,1,2,1,3,3,1,4,3,3,3,1,1,3,1,1,1,2,3,2,6,7,5,0,1,A6
642,A0607,6,A,6A,Hindu,Enemies,Enemy1,2,2,M,7,5,7,4,6,7,6,6,7,6,6,6,6,2,NA,1,2,1,2,2,1,1,1,4,1,3,2,1,1,4,4,4,1,1,1,1,2,1,1,2,3,M,Muslim,1,3,1,1,1,3,1,1,1,1,1,4,4,4,2,1,2,2,2,1,1,5,4,7,4,6,7,1,0,A6
643,A0607,6,A,6A,Hindu,Enemies,Enemy2,2,16,M,7,5,7,4,6,7,6,6,7,6,6,6,6,2,NA,1,2,1,2,2,1,1,1,4,1,3,2,1,1,4,4,4,1,1,1,1,2,1,1,2,3,M,Hindu,2,1,1,2,1,1,3,1,4,3,1,4,2,4,4,1,1,1,1,1,1,1,3,7,4,7,3,1,1,A6
644,A0607,6,A,6A,Hindu,Enemies,Enemy3,2,18,M,7,5,7,4,6,7,6,6,7,6,6,6,6,2,NA,1,2,1,2,2,1,1,1,4,1,3,2,1,1,4,4,4,1,1,1,1,2,1,1,2,3,M,Muslim,1,1,1,1,1,1,3,1,2,1,1,3,2,2,3,1,1,2,1,2,1,2,2,6,4,5,7,1,0,A6
645,A0607,6,A,6A,Hindu,Enemies,Enemy4,2,20,M,7,5,7,4,6,7,6,6,7,6,6,6,6,2,NA,1,2,1,2,2,1,1,1,4,1,3,2,1,1,4,4,4,1,1,1,1,2,1,1,2,3,M,Jain,1,1,1,1,1,1,1,1,2,1,1,4,2,1,2,1,1,1,1,2,1,5,2,7,3,7,4,1,0,A6
646,A0609,6,A,6A,Hindu,Enemies,Enemy1,2,28,M,9,1,7,1,6,6,6,6,7,6,7,6,1,8,NA,1,1,1,1,1,2,1,4,4,4,4,4,1,1,7,7,7,1,1,1,2,1,1,1,5,2,F,Muslim,1,1,1,1,1,2,3,1,1,3,1,4,1,3,4,1,1,2,1,2,1,2,2,2,7,4,7,0,0,A6
647,A0609,6,A,6A,Hindu,Enemies,Enemy2,2,55,M,9,1,7,1,6,6,6,6,7,6,7,6,1,8,NA,1,1,1,1,1,2,1,4,4,4,4,4,1,1,7,7,7,1,1,1,2,1,1,1,5,2,F,Jain,4,2,2,2,3,1,3,1,5,2,2,4,3,3,3,2,3,2,1,1,5,5,2,4,7,7,2,0,0,A6
648,A0609,6,A,6A,Hindu,Enemies,Enemy3,2,56,M,9,1,7,1,6,6,6,6,7,6,7,6,1,8,NA,1,1,1,1,1,2,1,4,4,4,4,4,1,1,7,7,7,1,1,1,2,1,1,1,5,2,F,Hindu,2,1,1,1,2,2,2,4,3,1,1,6,2,4,2,3,3,2,2,1,1,3,3,5,7,7,4,0,1,A6
649,A0609,6,A,6A,Hindu,Enemies,Enemy4,2,58,M,9,1,7,1,6,6,6,6,7,6,7,6,1,8,NA,1,1,1,1,1,2,1,4,4,4,4,4,1,1,7,7,7,1,1,1,2,1,1,1,5,2,F,Muslim,1,1,1,1,1,1,3,1,1,3,2,4,4,4,3,1,1,2,1,2,1,5,2,4,6,6,7,0,0,A6
650,A0610,6,A,6A,Hindu,Enemies,Enemy1,2,2,M,10,1,7,1,7,6,2,7,6,6,5,3,4,7,NA,1,3,3,2,1,2,1,1,4,1,3,2,1,2,4,3,3,2,1,1,1,1,1,1,5,5,M,Muslim,1,3,1,1,1,3,1,1,1,1,1,4,4,4,2,1,2,2,2,1,1,5,4,7,4,6,7,1,0,A6
651,A0610,6,A,6A,Hindu,Enemies,Enemy3,2,8,M,10,1,7,1,7,6,2,7,6,6,5,3,4,7,NA,1,3,3,2,1,2,1,1,4,1,3,2,1,2,4,3,3,2,1,1,1,1,1,1,5,5,M,NA,NA,NA,NA,NA,NA,NA,NA,NA,NA,NA,NA,NA,NA,NA,NA,NA,NA,NA,NA,NA,NA,NA,NA,NA,NA,NA,NA,1,NA,A6
652,A0610,6,A,6A,Hindu,Enemies,Enemy4,2,22,M,10,1,7,1,7,6,2,7,6,6,5,3,4,7,NA,1,3,3,2,1,2,1,1,4,1,3,2,1,2,4,3,3,2,1,1,1,1,1,1,5,5,M,Muslim,2,3,4,2,1,2,1,1,1,1,1,5,7,7,1,1,1,2,1,1,1,3,5,6,5,5,7,1,0,A6
653,A0610,6,A,6A,Hindu,Enemies,Enemy5,2,24,M,10,1,7,1,7,6,2,7,6,6,5,3,4,7,NA,1,3,3,2,1,2,1,1,4,1,3,2,1,2,4,3,3,2,1,1,1,1,1,1,5,5,M,Muslim,3,2,3,1,2,1,4,1,1,1,1,5,7,7,2,1,1,3,1,1,1,1,3,6,5,2,7,1,0,A6
654,A0610,6,A,6A,Hindu,Enemies,Enemy6,2,26,M,10,1,7,1,7,6,2,7,6,6,5,3,4,7,NA,1,3,3,2,1,2,1,1,4,1,3,2,1,2,4,3,3,2,1,1,1,1,1,1,5,5,M,Hindu,1,1,2,1,4,1,5,1,5,1,1,4,4,4,1,1,1,1,1,1,1,3,3,7,1,6,2,1,1,A6
655,A0611,6,A,6A,Hindu,Enemies,Enemy1,2,1,M,11,1,6,1,7,7,1,6,7,4,5,5,6,8,NA,1,2,2,1,1,1,1,1,4,2,5,4,1,3,7,2,1,4,1,2,3,1,1,1,5,3,M,Muslim,2,2,1,1,1,2,3,2,1,1,1,4,4,4,2,1,1,3,1,1,1,4,3,7,6,4,7,1,0,A6
656,A0611,6,A,6A,Hindu,Enemies,Enemy2,2,2,M,11,1,6,1,7,7,1,6,7,4,5,5,6,8,NA,1,2,2,1,1,1,1,1,4,2,5,4,1,3,7,2,1,4,1,2,3,1,1,1,5,3,M,Muslim,1,3,1,1,1,3,1,1,1,1,1,4,4,4,2,1,2,2,2,1,1,5,4,7,4,6,7,1,0,A6
657,A0611,6,A,6A,Hindu,Enemies,Enemy3,2,7,M,11,1,6,1,7,7,1,6,7,4,5,5,6,8,NA,1,2,2,1,1,1,1,1,4,2,5,4,1,3,7,2,1,4,1,2,3,1,1,1,5,3,M,Hindu,2,1,2,2,1,1,4,1,3,2,1,4,4,4,1,1,1,1,2,1,1,2,3,7,4,7,6,1,1,A6
658,A0611,6,A,6A,Hindu,Enemies,Enemy4,2,14,M,11,1,6,1,7,7,1,6,7,4,5,5,6,8,NA,1,2,2,1,1,1,1,1,4,2,5,4,1,3,7,2,1,4,1,2,3,1,1,1,5,3,M,Muslim,1,2,1,1,1,1,4,1,1,1,1,4,1,7,1,1,1,2,3,1,1,5,3,7,1,2,7,1,0,A6
659,A0611,6,A,6A,Hindu,Enemies,Enemy5,2,15,M,11,1,6,1,7,7,1,6,7,4,5,5,6,8,NA,1,2,2,1,1,1,1,1,4,2,5,4,1,3,7,2,1,4,1,2,3,1,1,1,5,3,M,Hindu,1,1,1,1,1,1,1,2,2,3,1,4,4,4,4,1,1,3,2,1,1,5,3,7,1,7,5,1,1,A6
660,A0611,6,A,6A,Hindu,Enemies,Enemy6,2,17,M,11,1,6,1,7,7,1,6,7,4,5,5,6,8,NA,1,2,2,1,1,1,1,1,4,2,5,4,1,3,7,2,1,4,1,2,3,1,1,1,5,3,M,Hindu,2,1,1,1,1,1,1,1,4,2,1,4,4,4,1,1,1,1,1,1,1,5,3,7,6,7,7,1,1,A6
661,A0611,6,A,6A,Hindu,Enemies,Enemy7,2,18,M,11,1,6,1,7,7,1,6,7,4,5,5,6,8,NA,1,2,2,1,1,1,1,1,4,2,5,4,1,3,7,2,1,4,1,2,3,1,1,1,5,3,M,Muslim,1,1,1,1,1,1,3,1,2,1,1,3,2,2,3,1,1,2,1,2,1,2,2,6,4,5,7,1,0,A6
662,A0612,6,A,6A,Hindu,Enemies,Enemy1,2,2,M,12,1,7,4,7,7,1,7,7,4,4,4,4,8,NA,1,1,1,1,1,1,1,1,3,1,1,1,1,1,2,2,2,3,5,3,1,1,1,1,5,5,M,Muslim,1,3,1,1,1,3,1,1,1,1,1,4,4,4,2,1,2,2,2,1,1,5,4,7,4,6,7,1,0,A6
663,A0612,6,A,6A,Hindu,Enemies,Enemy2,2,6,M,12,1,7,4,7,7,1,7,7,4,4,4,4,8,NA,1,1,1,1,1,1,1,1,3,1,1,1,1,1,2,2,2,3,5,3,1,1,1,1,5,5,M,Hindu,2,1,1,2,1,1,3,1,2,2,1,4,1,1,1,3,2,3,2,3,1,2,1,7,6,7,4,1,1,A6
664,A0612,6,A,6A,Hindu,Enemies,Enemy3,2,22,M,12,1,7,4,7,7,1,7,7,4,4,4,4,8,NA,1,1,1,1,1,1,1,1,3,1,1,1,1,1,2,2,2,3,5,3,1,1,1,1,5,5,M,Muslim,2,3,4,2,1,2,1,1,1,1,1,5,7,7,1,1,1,2,1,1,1,3,5,6,5,5,7,1,0,A6
665,A0613,6,A,6A,Hindu,Enemies,Enemy1,2,6,M,13,6,6,1,6,6,6,6,6,6,6,6,6,8,NA,1,2,2,2,3,2,1,4,4,2,2,2,1,2,4,7,7,2,3,3,2,3,1,1,1,3,M,Hindu,2,1,1,2,1,1,3,1,2,2,1,4,1,1,1,3,2,3,2,3,1,2,1,7,6,7,4,1,1,A6
666,A0613,6,A,6A,Hindu,Enemies,Enemy2,2,16,M,13,6,6,1,6,6,6,6,6,6,6,6,6,8,NA,1,2,2,2,3,2,1,4,4,2,2,2,1,2,4,7,7,2,3,3,2,3,1,1,1,3,M,Hindu,2,1,1,2,1,1,3,1,4,3,1,4,2,4,4,1,1,1,1,1,1,1,3,7,4,7,3,1,1,A6
667,A0613,6,A,6A,Hindu,Enemies,Enemy3,2,20,M,13,6,6,1,6,6,6,6,6,6,6,6,6,8,NA,1,2,2,2,3,2,1,4,4,2,2,2,1,2,4,7,7,2,3,3,2,3,1,1,1,3,M,Jain,1,1,1,1,1,1,1,1,2,1,1,4,2,1,2,1,1,1,1,2,1,5,2,7,3,7,4,1,0,A6
668,A0613,6,A,6A,Hindu,Enemies,Enemy4,2,21,M,13,6,6,1,6,6,6,6,6,6,6,6,6,8,NA,1,2,2,2,3,2,1,4,4,2,2,2,1,2,4,7,7,2,3,3,2,3,1,1,1,3,M,Jain,2,2,2,1,1,1,3,NA,2,4,2,4,5,6,2,2,3,1,3,2,1,2,3,7,4,7,1,1,0,A6
669,A0613,6,A,6A,Hindu,Enemies,Enemy5,2,26,M,13,6,6,1,6,6,6,6,6,6,6,6,6,8,NA,1,2,2,2,3,2,1,4,4,2,2,2,1,2,4,7,7,2,3,3,2,3,1,1,1,3,M,Hindu,1,1,2,1,4,1,5,1,5,1,1,4,4,4,1,1,1,1,1,1,1,3,3,7,1,6,2,1,1,A6
670,A0613,6,A,6A,Hindu,Enemies,Enemy6,2,61,M,13,6,6,1,6,6,6,6,6,6,6,6,6,8,NA,1,2,2,2,3,2,1,4,4,2,2,2,1,2,4,7,7,2,3,3,2,3,1,1,1,3,F,Hindu,1,2,2,1,2,1,3,1,5,5,3,4,4,2,1,1,2,1,1,1,1,3,2,3,7,7,4,0,1,A6
671,A0614,6,A,6A,Muslim,Enemies,Enemy1,2,2,M,14,1,7,1,5,2,7,7,7,2,4,4,4,8,NA,1,1,2,1,1,1,1,1,4,1,1,1,2,1,4,1,7,1,1,1,2,3,1,1,5,3,M,Muslim,1,3,1,1,1,3,1,1,1,1,1,4,4,4,2,1,2,2,2,1,1,5,4,7,4,6,7,1,1,A6
672,A0614,6,A,6A,Muslim,Enemies,Enemy2,2,6,M,14,1,7,1,5,2,7,7,7,2,4,4,4,8,NA,1,1,2,1,1,1,1,1,4,1,1,1,2,1,4,1,7,1,1,1,2,3,1,1,5,3,M,Hindu,2,1,1,2,1,1,3,1,2,2,1,4,1,1,1,3,2,3,2,3,1,2,1,7,6,7,4,1,0,A6
673,A0614,6,A,6A,Muslim,Enemies,Enemy3,2,11,M,14,1,7,1,5,2,7,7,7,2,4,4,4,8,NA,1,1,2,1,1,1,1,1,4,1,1,1,2,1,4,1,7,1,1,1,2,3,1,1,5,3,M,Hindu,2,2,1,1,1,1,4,2,5,4,3,7,2,1,4,1,2,3,1,1,1,5,3,6,1,7,1,1,0,A6
674,A0614,6,A,6A,Muslim,Enemies,Enemy4,2,12,M,14,1,7,1,5,2,7,7,7,2,4,4,4,8,NA,1,1,2,1,1,1,1,1,4,1,1,1,2,1,4,1,7,1,1,1,2,3,1,1,5,3,M,Hindu,1,1,1,1,1,1,3,1,1,1,1,2,2,2,3,5,3,1,1,1,1,5,5,7,4,7,1,1,0,A6
675,A0614,6,A,6A,Muslim,Enemies,Enemy5,2,17,M,14,1,7,1,5,2,7,7,7,2,4,4,4,8,NA,1,1,2,1,1,1,1,1,4,1,1,1,2,1,4,1,7,1,1,1,2,3,1,1,5,3,M,Hindu,2,1,1,1,1,1,1,1,4,2,1,4,4,4,1,1,1,1,1,1,1,5,3,7,6,7,7,1,0,A6
676,A0614,6,A,6A,Muslim,Enemies,Enemy6,2,26,M,14,1,7,1,5,2,7,7,7,2,4,4,4,8,NA,1,1,2,1,1,1,1,1,4,1,1,1,2,1,4,1,7,1,1,1,2,3,1,1,5,3,M,Hindu,1,1,2,1,4,1,5,1,5,1,1,4,4,4,1,1,1,1,1,1,1,3,3,7,1,6,2,1,0,A6
677,A0615,6,A,6A,Hindu,Enemies,Enemy1,2,1,M,15,1,7,1,7,7,5,7,7,7,7,4,7,2,NA,1,1,1,1,1,1,1,4,1,2,2,3,1,1,4,4,4,4,1,1,3,2,1,1,5,3,M,Muslim,2,2,1,1,1,2,3,2,1,1,1,4,4,4,2,1,1,3,1,1,1,4,3,7,6,4,7,1,0,A6
678,A0615,6,A,6A,Hindu,Enemies,Enemy2,2,6,M,15,1,7,1,7,7,5,7,7,7,7,4,7,2,NA,1,1,1,1,1,1,1,4,1,2,2,3,1,1,4,4,4,4,1,1,3,2,1,1,5,3,M,Hindu,2,1,1,2,1,1,3,1,2,2,1,4,1,1,1,3,2,3,2,3,1,2,1,7,6,7,4,1,1,A6
679,A0615,6,A,6A,Hindu,Enemies,Enemy3,2,9,M,15,1,7,1,7,7,5,7,7,7,7,4,7,2,NA,1,1,1,1,1,1,1,4,1,2,2,3,1,1,4,4,4,4,1,1,3,2,1,1,5,3,M,Hindu,1,1,1,1,2,1,4,4,4,4,1,7,7,7,1,1,1,2,1,1,1,5,2,7,1,6,6,1,1,A6
680,A0615,6,A,6A,Hindu,Enemies,Enemy4,2,1,M,15,1,7,1,7,7,5,7,7,7,7,4,7,2,NA,1,1,1,1,1,1,1,4,1,2,2,3,1,1,4,4,4,4,1,1,3,2,1,1,5,3,M,Muslim,2,2,1,1,1,2,3,2,1,1,1,4,4,4,2,1,1,3,1,1,1,4,3,7,6,4,7,1,0,A6
681,A0616,6,A,6A,Hindu,Enemies,Enemy1,2,1,M,16,4,7,4,7,7,3,7,7,5,5,3,4,8,NA,1,2,1,1,2,1,1,1,3,1,4,3,1,1,4,2,4,4,1,1,1,1,1,1,1,3,M,Muslim,2,2,1,1,1,2,3,2,1,1,1,4,4,4,2,1,1,3,1,1,1,4,3,7,6,4,7,1,0,A6
682,A0616,6,A,6A,Hindu,Enemies,Enemy2,2,8,M,16,4,7,4,7,7,3,7,7,5,5,3,4,8,NA,1,2,1,1,2,1,1,1,3,1,4,3,1,1,4,2,4,4,1,1,1,1,1,1,1,3,M,NA,NA,NA,NA,NA,NA,NA,NA,NA,NA,NA,NA,NA,NA,NA,NA,NA,NA,NA,NA,NA,NA,NA,NA,NA,NA,NA,NA,1,NA,A6
683,A0616,6,A,6A,Hindu,Enemies,Enemy3,2,13,M,16,4,7,4,7,7,3,7,7,5,5,3,4,8,NA,1,2,1,1,2,1,1,1,3,1,4,3,1,1,4,2,4,4,1,1,1,1,1,1,1,3,M,Hindu,2,2,2,3,2,1,4,2,2,2,2,4,7,7,2,3,3,2,3,1,1,1,3,6,1,6,6,1,1,A6
684,A0616,6,A,6A,Hindu,Enemies,Enemy4,2,14,M,16,4,7,4,7,7,3,7,7,5,5,3,4,8,NA,1,2,1,1,2,1,1,1,3,1,4,3,1,1,4,2,4,4,1,1,1,1,1,1,1,3,M,Muslim,1,2,1,1,1,1,4,1,1,1,1,4,1,7,1,1,1,2,3,1,1,5,3,7,1,2,7,1,0,A6
685,A0616,6,A,6A,Hindu,Enemies,Enemy5,2,7,M,16,4,7,4,7,7,3,7,7,5,5,3,4,8,NA,1,2,1,1,2,1,1,1,3,1,4,3,1,1,4,2,4,4,1,1,1,1,1,1,1,3,M,Hindu,2,1,2,2,1,1,4,1,3,2,1,4,4,4,1,1,1,1,2,1,1,2,3,7,4,7,6,1,1,A6
686,A0616,6,A,6A,Hindu,Enemies,Enemy6,2,18,M,16,4,7,4,7,7,3,7,7,5,5,3,4,8,NA,1,2,1,1,2,1,1,1,3,1,4,3,1,1,4,2,4,4,1,1,1,1,1,1,1,3,M,Muslim,1,1,1,1,1,1,3,1,2,1,1,3,2,2,3,1,1,2,1,2,1,2,2,6,4,5,7,1,0,A6
687,A0616,6,A,6A,Hindu,Enemies,Enemy7,2,22,M,16,4,7,4,7,7,3,7,7,5,5,3,4,8,NA,1,2,1,1,2,1,1,1,3,1,4,3,1,1,4,2,4,4,1,1,1,1,1,1,1,3,M,Muslim,2,3,4,2,1,2,1,1,1,1,1,5,7,7,1,1,1,2,1,1,1,3,5,6,5,5,7,1,0,A6
688,A0617,6,A,6A,Hindu,Enemies,Enemy1,2,6,M,17,6,7,6,7,7,7,7,7,7,7,5,6,8,NA,1,2,1,1,1,1,1,1,1,1,4,2,1,1,4,4,4,1,1,1,1,1,1,1,5,3,M,Hindu,2,1,1,2,1,1,3,1,2,2,1,4,1,1,1,3,2,3,2,3,1,2,1,7,6,7,4,1,1,A6
689,A0618,6,A,6A,Muslim,Enemies,Enemy1,2,6,M,18,4,6,4,6,5,7,7,6,6,6,5,4,8,NA,1,1,1,1,1,1,1,2,3,1,2,1,2,1,3,2,2,3,1,1,2,1,2,1,2,2,M,Hindu,2,1,1,2,1,1,3,1,2,2,1,4,1,1,1,3,2,3,2,3,1,2,1,7,6,7,4,1,0,A6
690,A0619,6,A,6A,Muslim,Enemies,Enemy1,2,6,M,19,1,7,7,7,7,3,NA,7,7,6,7,7,2,Mharatha,1,1,1,2,1,1,1,4,5,1,1,1,1,1,7,4,4,2,2,3,1,1,3,1,1,5,M,Hindu,2,1,1,2,1,1,3,1,2,2,1,4,1,1,1,3,2,3,2,3,1,2,1,7,6,7,4,1,0,A6
691,A0619,6,A,6A,Muslim,Enemies,Enemy2,2,8,M,19,1,7,7,7,7,3,NA,7,7,6,7,7,2,Mharatha,1,1,1,2,1,1,1,4,5,1,1,1,1,1,7,4,4,2,2,3,1,1,3,1,1,5,M,NA,NA,NA,NA,NA,NA,NA,NA,NA,NA,NA,NA,NA,NA,NA,NA,NA,NA,NA,NA,NA,NA,NA,NA,NA,NA,NA,NA,1,NA,A6
692,A0619,6,A,6A,Muslim,Enemies,Enemy3,2,9,M,19,1,7,7,7,7,3,NA,7,7,6,7,7,2,Mharatha,1,1,1,2,1,1,1,4,5,1,1,1,1,1,7,4,4,2,2,3,1,1,3,1,1,5,M,Hindu,1,1,1,1,2,1,4,4,4,4,1,7,7,7,1,1,1,2,1,1,1,5,2,7,1,6,6,1,0,A6
693,A0619,6,A,6A,Muslim,Enemies,Enemy4,2,22,M,19,1,7,7,7,7,3,NA,7,7,6,7,7,2,Mharatha,1,1,1,2,1,1,1,4,5,1,1,1,1,1,7,4,4,2,2,3,1,1,3,1,1,5,M,Muslim,2,3,4,2,1,2,1,1,1,1,1,5,7,7,1,1,1,2,1,1,1,3,5,6,5,5,7,1,1,A6
694,A0619,6,A,6A,Muslim,Enemies,Enemy5,2,40,M,19,1,7,7,7,7,3,NA,7,7,6,7,7,2,Mharatha,1,1,1,2,1,1,1,4,5,1,1,1,1,1,7,4,4,2,2,3,1,1,3,1,1,5,F,Muslim,1,1,2,1,1,1,3,1,1,1,1,4,2,4,3,2,1,1,1,1,1,5,5,1,6,1,7,0,1,A6
695,A0619,6,A,6A,Muslim,Enemies,Enemy6,2,56,M,19,1,7,7,7,7,3,NA,7,7,6,7,7,2,Mharatha,1,1,1,2,1,1,1,4,5,1,1,1,1,1,7,4,4,2,2,3,1,1,3,1,1,5,F,Hindu,2,1,1,1,2,2,2,4,3,1,1,6,2,4,2,3,3,2,2,1,1,3,3,5,7,7,4,0,0,A6
696,A0619,6,A,6A,Muslim,Enemies,Enemy7,2,58,M,19,1,7,7,7,7,3,NA,7,7,6,7,7,2,Mharatha,1,1,1,2,1,1,1,4,5,1,1,1,1,1,7,4,4,2,2,3,1,1,3,1,1,5,F,Muslim,1,1,1,1,1,1,3,1,1,3,2,4,4,4,3,1,1,2,1,2,1,5,2,4,6,6,7,0,1,A6
697,A0620,6,A,6A,Jain,Enemies,Enemy1,2,28,M,20,3,7,3,7,7,4,7,7,4,7,4,4,8,NA,1,1,1,1,1,1,1,2,1,1,2,1,3,1,4,2,1,2,1,1,1,1,2,1,5,2,F,Muslim,1,1,1,1,1,2,3,1,1,3,1,4,1,3,4,1,1,2,1,2,1,2,2,2,7,4,7,0,0,A6
698,A0620,6,A,6A,Jain,Enemies,Enemy2,2,35,M,20,3,7,3,7,7,4,7,7,4,7,4,4,8,NA,1,1,1,1,1,1,1,2,1,1,2,1,3,1,4,2,1,2,1,1,1,1,2,1,5,2,F,Muslim,1,1,1,1,1,1,NA,1,NA,1,1,4,1,1,1,1,1,3,2,2,1,5,4,1,7,4,7,0,0,A6
699,A0620,6,A,6A,Jain,Enemies,Enemy3,2,36,M,20,3,7,3,7,7,4,7,7,4,7,4,4,8,NA,1,1,1,1,1,1,1,2,1,1,2,1,3,1,4,2,1,2,1,1,1,1,2,1,5,2,F,Muslim,1,1,3,2,1,2,5,1,1,1,2,5,1,1,1,1,2,3,1,3,2,1,5,2,6,2,6,0,0,A6
700,A0620,6,A,6A,Jain,Enemies,Enemy4,2,37,M,20,3,7,3,7,7,4,7,7,4,7,4,4,8,NA,1,1,1,1,1,1,1,2,1,1,2,1,3,1,4,2,1,2,1,1,1,1,2,1,5,2,F,Muslim,1,2,2,1,1,2,4,1,1,1,1,4,3,5,1,1,1,2,1,1,1,1,5,4,7,6,6,0,0,A6
701,A0620,6,A,6A,Jain,Enemies,Enemy5,2,38,M,20,3,7,3,7,7,4,7,7,4,7,4,4,8,NA,1,1,1,1,1,1,1,2,1,1,2,1,3,1,4,2,1,2,1,1,1,1,2,1,5,2,F,Muslim,2,1,3,1,2,1,3,1,2,1,1,4,3,4,5,1,2,2,1,2,1,3,5,1,4,1,7,0,0,A6
702,A0620,6,A,6A,Jain,Enemies,Enemy6,2,58,M,20,3,7,3,7,7,4,7,7,4,7,4,4,8,NA,1,1,1,1,1,1,1,2,1,1,2,1,3,1,4,2,1,2,1,1,1,1,2,1,5,2,F,Muslim,1,1,1,1,1,1,3,1,1,3,2,4,4,4,3,1,1,2,1,2,1,5,2,4,6,6,7,0,0,A6
703,A0620,6,A,6A,Jain,Enemies,Enemy7,2,59,M,20,3,7,3,7,7,4,7,7,4,7,4,4,8,NA,1,1,1,1,1,1,1,2,1,1,2,1,3,1,4,2,1,2,1,1,1,1,2,1,5,2,F,Hindu,3,3,2,1,3,2,3,1,5,3,3,4,2,2,2,1,1,3,1,1,2,4,3,4,4,6,4,0,0,A6
704,A0621,6,A,6A,Jain,Enemies,Enemy1,2,35,M,21,1,7,4,7,7,1,7,6,3,5,4,7,8,NA,1,2,2,2,1,1,1,1,3,NA,2,4,3,2,4,5,6,2,2,3,1,3,2,1,2,3,F,Muslim,1,1,1,1,1,1,NA,1,NA,1,1,4,1,1,1,1,1,3,2,2,1,5,4,1,7,4,7,0,0,A6
705,A0621,6,A,6A,Jain,Enemies,Enemy2,2,36,M,21,1,7,4,7,7,1,7,6,3,5,4,7,8,NA,1,2,2,2,1,1,1,1,3,NA,2,4,3,2,4,5,6,2,2,3,1,3,2,1,2,3,F,Muslim,1,1,3,2,1,2,5,1,1,1,2,5,1,1,1,1,2,3,1,3,2,1,5,2,6,2,6,0,0,A6
706,A0621,6,A,6A,Jain,Enemies,Enemy3,2,37,M,21,1,7,4,7,7,1,7,6,3,5,4,7,8,NA,1,2,2,2,1,1,1,1,3,NA,2,4,3,2,4,5,6,2,2,3,1,3,2,1,2,3,F,Muslim,1,2,2,1,1,2,4,1,1,1,1,4,3,5,1,1,1,2,1,1,1,1,5,4,7,6,6,0,0,A6
707,A0621,6,A,6A,Jain,Enemies,Enemy4,2,38,M,21,1,7,4,7,7,1,7,6,3,5,4,7,8,NA,1,2,2,2,1,1,1,1,3,NA,2,4,3,2,4,5,6,2,2,3,1,3,2,1,2,3,F,Muslim,2,1,3,1,2,1,3,1,2,1,1,4,3,4,5,1,2,2,1,2,1,3,5,1,4,1,7,0,0,A6
708,A0621,6,A,6A,Jain,Enemies,Enemy5,2,41,M,21,1,7,4,7,7,1,7,6,3,5,4,7,8,NA,1,2,2,2,1,1,1,1,3,NA,2,4,3,2,4,5,6,2,2,3,1,3,2,1,2,3,F,NA,NA,NA,NA,NA,NA,NA,NA,NA,NA,NA,NA,NA,NA,NA,NA,NA,NA,NA,NA,NA,NA,NA,NA,NA,NA,NA,NA,0,NA,A6
709,A0621,6,A,6A,Jain,Enemies,Enemy6,2,42,M,21,1,7,4,7,7,1,7,6,3,5,4,7,8,NA,1,2,2,2,1,1,1,1,3,NA,2,4,3,2,4,5,6,2,2,3,1,3,2,1,2,3,F,Muslim,1,1,3,3,1,1,4,1,1,2,1,4,4,4,1,1,1,1,1,1,1,5,1,1,7,3,7,0,0,A6
710,A0621,6,A,6A,Jain,Enemies,Enemy7,2,51,M,21,1,7,4,7,7,1,7,6,3,5,4,7,8,NA,1,2,2,2,1,1,1,1,3,NA,2,4,3,2,4,5,6,2,2,3,1,3,2,1,2,3,F,Muslim,1,3,1,1,1,1,4,1,2,1,2,4,3,3,3,1,3,1,5,1,4,1,5,4,7,4,5,0,0,A6
711,A0622,6,A,6A,Muslim,Enemies,Enemy1,2,3,M,22,5,6,5,5,5,7,6,6,6,6,6,5,8,NA,1,2,3,4,2,1,2,2,1,1,1,1,2,1,5,7,7,1,1,1,2,1,1,1,3,5,M,Muslim,2,1,3,1,2,1,3,1,2,4,2,4,3,3,2,1,2,1,1,1,1,5,3,7,4,7,3,1,1,A6
712,A0622,6,A,6A,Muslim,Enemies,Enemy2,2,6,M,22,5,6,5,5,5,7,6,6,6,6,6,5,8,NA,1,2,3,4,2,1,2,2,1,1,1,1,2,1,5,7,7,1,1,1,2,1,1,1,3,5,M,Hindu,2,1,1,2,1,1,3,1,2,2,1,4,1,1,1,3,2,3,2,3,1,2,1,7,6,7,4,1,0,A6
713,A0622,6,A,6A,Muslim,Enemies,Enemy3,2,10,M,22,5,6,5,5,5,7,6,6,6,6,6,5,8,NA,1,2,3,4,2,1,2,2,1,1,1,1,2,1,5,7,7,1,1,1,2,1,1,1,3,5,M,Hindu,3,3,2,1,2,1,4,1,3,2,2,4,3,3,2,1,1,1,1,1,1,5,5,7,1,6,2,1,0,A6
714,A0622,6,A,6A,Muslim,Enemies,Enemy4,2,12,M,22,5,6,5,5,5,7,6,6,6,6,6,5,8,NA,1,2,3,4,2,1,2,2,1,1,1,1,2,1,5,7,7,1,1,1,2,1,1,1,3,5,M,Hindu,1,1,1,1,1,1,3,1,1,1,1,2,2,2,3,5,3,1,1,1,1,5,5,7,4,7,1,1,0,A6
715,A0622,6,A,6A,Muslim,Enemies,Enemy5,2,15,M,22,5,6,5,5,5,7,6,6,6,6,6,5,8,NA,1,2,3,4,2,1,2,2,1,1,1,1,2,1,5,7,7,1,1,1,2,1,1,1,3,5,M,Hindu,1,1,1,1,1,1,1,2,2,3,1,4,4,4,4,1,1,3,2,1,1,5,3,7,1,7,5,1,0,A6
716,A0622,6,A,6A,Muslim,Enemies,Enemy6,2,16,M,22,5,6,5,5,5,7,6,6,6,6,6,5,8,NA,1,2,3,4,2,1,2,2,1,1,1,1,2,1,5,7,7,1,1,1,2,1,1,1,3,5,M,Hindu,2,1,1,2,1,1,3,1,4,3,1,4,2,4,4,1,1,1,1,1,1,1,3,7,4,7,3,1,0,A6
717,A0622,6,A,6A,Muslim,Enemies,Enemy7,2,17,M,22,5,6,5,5,5,7,6,6,6,6,6,5,8,NA,1,2,3,4,2,1,2,2,1,1,1,1,2,1,5,7,7,1,1,1,2,1,1,1,3,5,M,Hindu,2,1,1,1,1,1,1,1,4,2,1,4,4,4,1,1,1,1,1,1,1,5,3,7,6,7,7,1,0,A6
718,A0623,6,A,6A,Jain,Enemies,Enemy1,2,15,M,23,3,7,7,4,6,4,6,5,4,5,3,2,3,NA,1,2,1,3,1,2,1,1,2,1,4,2,3,2,4,5,3,1,2,3,2,1,1,1,5,5,M,Hindu,1,1,1,1,1,1,1,2,2,3,1,4,4,4,4,1,1,3,2,1,1,5,3,7,1,7,5,1,0,A6
719,A0623,6,A,6A,Jain,Enemies,Enemy2,2,33,M,23,3,7,7,4,6,4,6,5,4,5,3,2,3,NA,1,2,1,3,1,2,1,1,2,1,4,2,3,2,4,5,3,1,2,3,2,1,1,1,5,5,F,Hindu,2,1,2,1,2,1,1,1,4,2,2,6,4,2,3,2,2,3,1,1,1,5,3,4,7,7,5,0,0,A6
720,A0624,6,A,6A,Muslim,Enemies,Enemy1,2,3,M,24,4,6,5,3,2,7,5,4,4,4,6,3,8,NA,1,3,2,3,1,2,1,2,4,1,1,1,2,1,5,7,7,2,1,1,3,1,1,1,1,3,M,Muslim,2,1,3,1,2,1,3,1,2,4,2,4,3,3,2,1,2,1,1,1,1,5,3,7,4,7,3,1,1,A6
721,A0624,6,A,6A,Muslim,Enemies,Enemy2,2,5,M,24,4,6,5,3,2,7,5,4,4,4,6,3,8,NA,1,3,2,3,1,2,1,2,4,1,1,1,2,1,5,7,7,2,1,1,3,1,1,1,1,3,M,Hindu,4,2,5,1,3,1,4,1,5,1,1,6,2,2,1,1,1,1,1,1,1,5,5,6,6,7,4,1,0,A6
722,A0624,6,A,6A,Muslim,Enemies,Enemy3,2,9,M,24,4,6,5,3,2,7,5,4,4,4,6,3,8,NA,1,3,2,3,1,2,1,2,4,1,1,1,2,1,5,7,7,2,1,1,3,1,1,1,1,3,M,Hindu,1,1,1,1,2,1,4,4,4,4,1,7,7,7,1,1,1,2,1,1,1,5,2,7,1,6,6,1,0,A6
723,A0624,6,A,6A,Muslim,Enemies,Enemy4,2,11,M,24,4,6,5,3,2,7,5,4,4,4,6,3,8,NA,1,3,2,3,1,2,1,2,4,1,1,1,2,1,5,7,7,2,1,1,3,1,1,1,1,3,M,Hindu,2,2,1,1,1,1,4,2,5,4,3,7,2,1,4,1,2,3,1,1,1,5,3,6,1,7,1,1,0,A6
724,A0624,6,A,6A,Muslim,Enemies,Enemy5,2,12,M,24,4,6,5,3,2,7,5,4,4,4,6,3,8,NA,1,3,2,3,1,2,1,2,4,1,1,1,2,1,5,7,7,2,1,1,3,1,1,1,1,3,M,Hindu,1,1,1,1,1,1,3,1,1,1,1,2,2,2,3,5,3,1,1,1,1,5,5,7,4,7,1,1,0,A6
725,A0624,6,A,6A,Muslim,Enemies,Enemy6,2,15,M,24,4,6,5,3,2,7,5,4,4,4,6,3,8,NA,1,3,2,3,1,2,1,2,4,1,1,1,2,1,5,7,7,2,1,1,3,1,1,1,1,3,M,Hindu,1,1,1,1,1,1,1,2,2,3,1,4,4,4,4,1,1,3,2,1,1,5,3,7,1,7,5,1,0,A6
726,A0624,6,A,6A,Muslim,Enemies,Enemy7,2,23,M,24,4,6,5,3,2,7,5,4,4,4,6,3,8,NA,1,3,2,3,1,2,1,2,4,1,1,1,2,1,5,7,7,2,1,1,3,1,1,1,1,3,M,Jain,2,1,3,1,2,1,2,1,4,2,2,4,5,3,1,2,3,2,1,1,1,5,5,7,7,6,4,1,0,A6
727,A0625,6,A,6A,Hindu,Enemies,Enemy1,2,2,M,25,3,6,6,7,7,5,6,7,5,6,7,2,8,NA,1,2,2,2,1,1,2,2,2,1,1,2,1,1,4,5,3,1,1,1,2,2,1,1,4,2,M,Muslim,1,3,1,1,1,3,1,1,1,1,1,4,4,4,2,1,2,2,2,1,1,5,4,7,4,6,7,1,0,A6
728,A0625,6,A,6A,Hindu,Enemies,Enemy2,2,6,M,25,3,6,6,7,7,5,6,7,5,6,7,2,8,NA,1,2,2,2,1,1,2,2,2,1,1,2,1,1,4,5,3,1,1,1,2,2,1,1,4,2,M,Hindu,2,1,1,2,1,1,3,1,2,2,1,4,1,1,1,3,2,3,2,3,1,2,1,7,6,7,4,1,1,A6
729,A0625,6,A,6A,Hindu,Enemies,Enemy3,2,8,M,25,3,6,6,7,7,5,6,7,5,6,7,2,8,NA,1,2,2,2,1,1,2,2,2,1,1,2,1,1,4,5,3,1,1,1,2,2,1,1,4,2,M,NA,NA,NA,NA,NA,NA,NA,NA,NA,NA,NA,NA,NA,NA,NA,NA,NA,NA,NA,NA,NA,NA,NA,NA,NA,NA,NA,NA,1,NA,A6
730,A0625,6,A,6A,Hindu,Enemies,Enemy4,2,16,M,25,3,6,6,7,7,5,6,7,5,6,7,2,8,NA,1,2,2,2,1,1,2,2,2,1,1,2,1,1,4,5,3,1,1,1,2,2,1,1,4,2,M,Hindu,2,1,1,2,1,1,3,1,4,3,1,4,2,4,4,1,1,1,1,1,1,1,3,7,4,7,3,1,1,A6
731,A0625,6,A,6A,Hindu,Enemies,Enemy5,2,17,M,25,3,6,6,7,7,5,6,7,5,6,7,2,8,NA,1,2,2,2,1,1,2,2,2,1,1,2,1,1,4,5,3,1,1,1,2,2,1,1,4,2,M,Hindu,2,1,1,1,1,1,1,1,4,2,1,4,4,4,1,1,1,1,1,1,1,5,3,7,6,7,7,1,1,A6
732,A0625,6,A,6A,Hindu,Enemies,Enemy6,2,21,M,25,3,6,6,7,7,5,6,7,5,6,7,2,8,NA,1,2,2,2,1,1,2,2,2,1,1,2,1,1,4,5,3,1,1,1,2,2,1,1,4,2,M,Jain,2,2,2,1,1,1,3,NA,2,4,2,4,5,6,2,2,3,1,3,2,1,2,3,7,4,7,1,1,0,A6
733,A0625,6,A,6A,Hindu,Enemies,Enemy7,2,26,M,25,3,6,6,7,7,5,6,7,5,6,7,2,8,NA,1,2,2,2,1,1,2,2,2,1,1,2,1,1,4,5,3,1,1,1,2,2,1,1,4,2,M,Hindu,1,1,2,1,4,1,5,1,5,1,1,4,4,4,1,1,1,1,1,1,1,3,3,7,1,6,2,1,1,A6
734,A0626,6,A,6A,Hindu,Enemies,Enemy1,2,2,M,26,1,7,1,7,6,2,7,7,2,4,5,2,1,NA,1,1,1,2,1,4,1,1,5,1,5,1,1,1,4,4,4,1,1,1,1,1,1,1,3,3,M,Muslim,1,3,1,1,1,3,1,1,1,1,1,4,4,4,2,1,2,2,2,1,1,5,4,7,4,6,7,1,0,A6
735,A0626,6,A,6A,Hindu,Enemies,Enemy2,2,8,M,26,1,7,1,7,6,2,7,7,2,4,5,2,1,NA,1,1,1,2,1,4,1,1,5,1,5,1,1,1,4,4,4,1,1,1,1,1,1,1,3,3,M,NA,NA,NA,NA,NA,NA,NA,NA,NA,NA,NA,NA,NA,NA,NA,NA,NA,NA,NA,NA,NA,NA,NA,NA,NA,NA,NA,NA,1,NA,A6
736,A0626,6,A,6A,Hindu,Enemies,Enemy3,2,10,M,26,1,7,1,7,6,2,7,7,2,4,5,2,1,NA,1,1,1,2,1,4,1,1,5,1,5,1,1,1,4,4,4,1,1,1,1,1,1,1,3,3,M,Hindu,3,3,2,1,2,1,4,1,3,2,2,4,3,3,2,1,1,1,1,1,1,5,5,7,1,6,2,1,1,A6
737,A0626,6,A,6A,Hindu,Enemies,Enemy4,2,11,M,26,1,7,1,7,6,2,7,7,2,4,5,2,1,NA,1,1,1,2,1,4,1,1,5,1,5,1,1,1,4,4,4,1,1,1,1,1,1,1,3,3,M,Hindu,2,2,1,1,1,1,4,2,5,4,3,7,2,1,4,1,2,3,1,1,1,5,3,6,1,7,1,1,1,A6
738,A0626,6,A,6A,Hindu,Enemies,Enemy5,2,13,M,26,1,7,1,7,6,2,7,7,2,4,5,2,1,NA,1,1,1,2,1,4,1,1,5,1,5,1,1,1,4,4,4,1,1,1,1,1,1,1,3,3,M,Hindu,2,2,2,3,2,1,4,2,2,2,2,4,7,7,2,3,3,2,3,1,1,1,3,6,1,6,6,1,1,A6
739,A0626,6,A,6A,Hindu,Enemies,Enemy6,2,14,M,26,1,7,1,7,6,2,7,7,2,4,5,2,1,NA,1,1,1,2,1,4,1,1,5,1,5,1,1,1,4,4,4,1,1,1,1,1,1,1,3,3,M,Muslim,1,2,1,1,1,1,4,1,1,1,1,4,1,7,1,1,1,2,3,1,1,5,3,7,1,2,7,1,0,A6
740,A0626,6,A,6A,Hindu,Enemies,Enemy7,2,15,M,26,1,7,1,7,6,2,7,7,2,4,5,2,1,NA,1,1,1,2,1,4,1,1,5,1,5,1,1,1,4,4,4,1,1,1,1,1,1,1,3,3,M,Hindu,1,1,1,1,1,1,1,2,2,3,1,4,4,4,4,1,1,3,2,1,1,5,3,7,1,7,5,1,1,A6
741,A0626,6,A,6A,Hindu,Enemies,Enemy8,2,18,M,26,1,7,1,7,6,2,7,7,2,4,5,2,1,NA,1,1,1,2,1,4,1,1,5,1,5,1,1,1,4,4,4,1,1,1,1,1,1,1,3,3,M,Muslim,1,1,1,1,1,1,3,1,2,1,1,3,2,2,3,1,1,2,1,2,1,2,2,6,4,5,7,1,0,A6
742,A0626,6,A,6A,Hindu,Enemies,Enemy9,2,20,M,26,1,7,1,7,6,2,7,7,2,4,5,2,1,NA,1,1,1,2,1,4,1,1,5,1,5,1,1,1,4,4,4,1,1,1,1,1,1,1,3,3,M,Jain,1,1,1,1,1,1,1,1,2,1,1,4,2,1,2,1,1,1,1,2,1,5,2,7,3,7,4,1,0,A6
743,A0626,6,A,6A,Hindu,Enemies,Enemy10,2,22,M,26,1,7,1,7,6,2,7,7,2,4,5,2,1,NA,1,1,1,2,1,4,1,1,5,1,5,1,1,1,4,4,4,1,1,1,1,1,1,1,3,3,M,Muslim,2,3,4,2,1,2,1,1,1,1,1,5,7,7,1,1,1,2,1,1,1,3,5,6,5,5,7,1,0,A6
744,A0626,6,A,6A,Hindu,Enemies,Enemy11,2,23,M,26,1,7,1,7,6,2,7,7,2,4,5,2,1,NA,1,1,1,2,1,4,1,1,5,1,5,1,1,1,4,4,4,1,1,1,1,1,1,1,3,3,M,Jain,2,1,3,1,2,1,2,1,4,2,2,4,5,3,1,2,3,2,1,1,1,5,5,7,7,6,4,1,0,A6
745,A0626,6,A,6A,Hindu,Enemies,Enemy12,2,24,M,26,1,7,1,7,6,2,7,7,2,4,5,2,1,NA,1,1,1,2,1,4,1,1,5,1,5,1,1,1,4,4,4,1,1,1,1,1,1,1,3,3,M,Muslim,3,2,3,1,2,1,4,1,1,1,1,5,7,7,2,1,1,3,1,1,1,1,3,6,5,2,7,1,0,A6
746,A0626,6,A,6A,Hindu,Enemies,Enemy13,2,25,M,26,1,7,1,7,6,2,7,7,2,4,5,2,1,NA,1,1,1,2,1,4,1,1,5,1,5,1,1,1,4,4,4,1,1,1,1,1,1,1,3,3,M,Hindu,2,2,2,1,1,2,2,1,1,2,1,4,5,3,1,1,1,2,2,1,1,4,2,6,6,7,5,1,1,A6
747,A0626,6,A,6A,Hindu,Enemies,Enemy14,2,28,M,26,1,7,1,7,6,2,7,7,2,4,5,2,1,NA,1,1,1,2,1,4,1,1,5,1,5,1,1,1,4,4,4,1,1,1,1,1,1,1,3,3,F,Muslim,1,1,1,1,1,2,3,1,1,3,1,4,1,3,4,1,1,2,1,2,1,2,2,2,7,4,7,0,0,A6
748,A0627,6,A,6A,Hindu,Enemies,Enemy1,2,62,F,27,4,3,6,7,6,4,6,6,6,4,7,3,8,NA,2,3,4,2,1,3,1,1,2,2,5,3,1,2,4,2,1,1,1,1,1,1,1,1,5,5,F,Hindu,1,1,1,1,2,1,2,1,3,3,1,4,3,3,3,1,1,3,1,1,1,2,3,2,6,7,5,1,1,A6
749,A0628,6,A,6A,Muslim,Enemies,Enemy1,2,6,F,28,4,2,7,6,4,7,7,7,4,5,4,4,6,NA,2,1,1,1,1,1,2,2,3,1,1,3,2,1,4,1,3,4,1,1,2,1,2,1,2,2,M,Hindu,2,1,1,2,1,1,3,1,2,2,1,4,1,1,1,3,2,3,2,3,1,2,1,7,6,7,4,0,0,A6
750,A0628,6,A,6A,Muslim,Enemies,Enemy2,2,64,F,28,4,2,7,6,4,7,7,7,4,5,4,4,6,NA,2,1,1,1,1,1,2,2,3,1,1,3,2,1,4,1,3,4,1,1,2,1,2,1,2,2,F,Hindu,2,3,4,1,1,2,3,1,3,2,2,5,4,4,2,2,2,2,3,1,1,2,3,3,7,5,4,1,0,A6
751,A0629,6,A,6A,Hindu,Enemies,Enemy1,2,34,F,29,2,4,7,7,7,1,NA,6,7,4,4,2,8,NA,2,1,1,2,1,1,2,1,1,3,5,4,1,1,4,1,1,4,3,2,3,1,1,3,5,2,F,NA,NA,NA,NA,NA,NA,NA,NA,NA,NA,NA,NA,NA,NA,NA,NA,NA,NA,NA,NA,NA,NA,NA,NA,NA,NA,NA,NA,1,NA,A6
752,A0629,6,A,6A,Hindu,Enemies,Enemy2,2,35,F,29,2,4,7,7,7,1,NA,6,7,4,4,2,8,NA,2,1,1,2,1,1,2,1,1,3,5,4,1,1,4,1,1,4,3,2,3,1,1,3,5,2,F,Muslim,1,1,1,1,1,1,NA,1,NA,1,1,4,1,1,1,1,1,3,2,2,1,5,4,1,7,4,7,1,0,A6
753,A0629,6,A,6A,Hindu,Enemies,Enemy3,2,44,F,29,2,4,7,7,7,1,NA,6,7,4,4,2,8,NA,2,1,1,2,1,1,2,1,1,3,5,4,1,1,4,1,1,4,3,2,3,1,1,3,5,2,F,Hindu,1,1,4,1,1,1,3,1,4,2,1,4,4,3,5,1,1,1,1,1,1,1,5,1,7,7,7,1,1,A6
754,A0629,6,A,6A,Hindu,Enemies,Enemy4,2,45,F,29,2,4,7,7,7,1,NA,6,7,4,4,2,8,NA,2,1,1,2,1,1,2,1,1,3,5,4,1,1,4,1,1,4,3,2,3,1,1,3,5,2,F,Hindu,1,2,1,1,1,1,3,4,2,3,1,4,3,3,2,2,1,2,1,2,1,2,2,4,7,7,5,1,1,A6
755,A0629,6,A,6A,Hindu,Enemies,Enemy5,2,57,F,29,2,4,7,7,7,1,NA,6,7,4,4,2,8,NA,2,1,1,2,1,1,2,1,1,3,5,4,1,1,4,1,1,4,3,2,3,1,1,3,5,2,F,Jain,1,1,1,1,2,1,4,4,5,2,1,4,2,1,2,1,2,1,3,2,1,5,5,5,7,7,5,1,0,A6
756,A0629,6,A,6A,Hindu,Enemies,Enemy6,2,62,F,29,2,4,7,7,7,1,NA,6,7,4,4,2,8,NA,2,1,1,2,1,1,2,1,1,3,5,4,1,1,4,1,1,4,3,2,3,1,1,3,5,2,F,Hindu,1,1,1,1,2,1,2,1,3,3,1,4,3,3,3,1,1,3,1,1,1,2,3,2,6,7,5,1,1,A6
757,A0629,6,A,6A,Hindu,Enemies,Enemy7,2,63,F,29,2,4,7,7,7,1,NA,6,7,4,4,2,8,NA,2,1,1,2,1,1,2,1,1,3,5,4,1,1,4,1,1,4,3,2,3,1,1,3,5,2,F,NA,NA,NA,NA,NA,NA,NA,NA,NA,NA,NA,NA,NA,NA,NA,NA,NA,NA,NA,NA,NA,NA,NA,NA,NA,NA,NA,NA,1,NA,A6
758,A0631,6,A,6A,Hindu,Enemies,Enemy1,2,46,F,31,2,1,7,7,7,4,7,6,4,4,4,2,2,NA,2,2,1,3,1,2,1,1,4,1,4,2,1,2,4,3,NA,3,1,1,1,1,2,1,5,3,F,Hindu,1,3,1,1,2,2,3,1,4,2,1,4,2,2,3,2,2,2,1,1,2,5,2,3,7,6,2,1,1,A6
759,A0633,6,A,6A,Hindu,Enemies,Enemy1,2,51,F,33,4,4,7,6,7,5,6,6,6,6,5,5,8,NA,2,2,1,2,1,2,1,1,1,1,4,2,1,2,6,4,2,3,2,2,3,1,1,1,5,3,F,Muslim,1,3,1,1,1,1,4,1,2,1,2,4,3,3,3,1,3,1,5,1,4,1,5,4,7,4,5,1,0,A6
760,A0635,6,A,6A,Muslim,Enemies,Enemy1,2,29,F,35,4,1,7,7,4,7,7,7,4,5,7,7,8,NA,2,1,1,1,1,1,1,1,NA,1,NA,1,2,1,4,1,1,1,1,1,3,2,2,1,5,4,F,Hindu,1,1,2,1,1,2,1,3,5,4,1,4,1,1,4,3,2,3,1,1,3,5,2,4,7,7,1,1,0,A6
761,A0635,6,A,6A,Muslim,Enemies,Enemy2,2,32,F,35,4,1,7,7,4,7,7,7,4,5,7,7,8,NA,2,1,1,1,1,1,1,1,NA,1,NA,1,2,1,4,1,1,1,1,1,3,2,2,1,5,4,F,NA,NA,NA,NA,NA,NA,NA,NA,NA,NA,NA,NA,NA,NA,NA,NA,NA,NA,NA,NA,NA,NA,NA,NA,NA,NA,NA,NA,1,NA,A6
762,A0635,6,A,6A,Muslim,Enemies,Enemy3,2,40,F,35,4,1,7,7,4,7,7,7,4,5,7,7,8,NA,2,1,1,1,1,1,1,1,NA,1,NA,1,2,1,4,1,1,1,1,1,3,2,2,1,5,4,F,Muslim,1,1,2,1,1,1,3,1,1,1,1,4,2,4,3,2,1,1,1,1,1,5,5,1,6,1,7,1,1,A6
763,A0635,6,A,6A,Muslim,Enemies,Enemy4,2,46,F,35,4,1,7,7,4,7,7,7,4,5,7,7,8,NA,2,1,1,1,1,1,1,1,NA,1,NA,1,2,1,4,1,1,1,1,1,3,2,2,1,5,4,F,Hindu,1,3,1,1,2,2,3,1,4,2,1,4,2,2,3,2,2,2,1,1,2,5,2,3,7,6,2,1,0,A6
764,A0635,6,A,6A,Muslim,Enemies,Enemy5,2,59,F,35,4,1,7,7,4,7,7,7,4,5,7,7,8,NA,2,1,1,1,1,1,1,1,NA,1,NA,1,2,1,4,1,1,1,1,1,3,2,2,1,5,4,F,Hindu,3,3,2,1,3,2,3,1,5,3,3,4,2,2,2,1,1,3,1,1,2,4,3,4,4,6,4,1,0,A6
765,A0635,6,A,6A,Muslim,Enemies,Enemy6,2,1,F,35,4,1,7,7,4,7,7,7,4,5,7,7,8,NA,2,1,1,1,1,1,1,1,NA,1,NA,1,2,1,4,1,1,1,1,1,3,2,2,1,5,4,M,Muslim,2,2,1,1,1,2,3,2,1,1,1,4,4,4,2,1,1,3,1,1,1,4,3,7,6,4,7,0,1,A6
766,A0635,6,A,6A,Muslim,Enemies,Enemy7,2,62,F,35,4,1,7,7,4,7,7,7,4,5,7,7,8,NA,2,1,1,1,1,1,1,1,NA,1,NA,1,2,1,4,1,1,1,1,1,3,2,2,1,5,4,F,Hindu,1,1,1,1,2,1,2,1,3,3,1,4,3,3,3,1,1,3,1,1,1,2,3,2,6,7,5,1,0,A6
767,A0636,6,A,6A,Muslim,Enemies,Enemy1,2,35,F,36,2,2,6,4,2,6,7,5,1,6,4,2,7,NA,2,1,1,3,2,1,2,4,5,1,1,1,2,2,5,1,1,1,1,2,3,1,3,2,1,5,F,Muslim,1,1,1,1,1,1,NA,1,NA,1,1,4,1,1,1,1,1,3,2,2,1,5,4,1,7,4,7,1,1,A6
768,A0637,6,A,6A,Muslim,Enemies,Enemy1,2,36,F,37,3,4,7,7,6,6,7,7,5,6,6,6,8,NA,2,1,2,2,1,1,2,1,4,1,1,1,2,1,4,3,5,1,1,1,2,1,1,1,1,5,F,Muslim,1,1,3,2,1,2,5,1,1,1,2,5,1,1,1,1,2,3,1,3,2,1,5,2,6,2,6,1,1,A6
769,A0638,6,A,6A,Muslim,Enemies,Enemy1,2,6,F,38,1,1,4,4,1,7,7,7,1,1,4,4,NA,NA,2,2,1,3,1,2,1,2,3,1,2,1,2,1,4,3,4,5,1,2,2,1,2,1,3,5,M,Hindu,2,1,1,2,1,1,3,1,2,2,1,4,1,1,1,3,2,3,2,3,1,2,1,7,6,7,4,0,0,A6
770,A0638,6,A,6A,Muslim,Enemies,Enemy2,2,2,F,38,1,1,4,4,1,7,7,7,1,1,4,4,NA,NA,2,2,1,3,1,2,1,2,3,1,2,1,2,1,4,3,4,5,1,2,2,1,2,1,3,5,M,Muslim,1,3,1,1,1,3,1,1,1,1,1,4,4,4,2,1,2,2,2,1,1,5,4,7,4,6,7,0,1,A6
771,A0638,6,A,6A,Muslim,Enemies,Enemy3,2,39,F,38,1,1,4,4,1,7,7,7,1,1,4,4,NA,NA,2,2,1,3,1,2,1,2,3,1,2,1,2,1,4,3,4,5,1,2,2,1,2,1,3,5,F,Hindu,1,1,3,1,2,1,3,1,1,2,1,4,5,6,2,1,1,1,1,1,1,5,3,3,7,6,2,1,0,A6
772,A0638,6,A,6A,Muslim,Enemies,Enemy4,2,41,F,38,1,1,4,4,1,7,7,7,1,1,4,4,NA,NA,2,2,1,3,1,2,1,2,3,1,2,1,2,1,4,3,4,5,1,2,2,1,2,1,3,5,F,NA,NA,NA,NA,NA,NA,NA,NA,NA,NA,NA,NA,NA,NA,NA,NA,NA,NA,NA,NA,NA,NA,NA,NA,NA,NA,NA,NA,1,NA,A6
773,A0638,6,A,6A,Muslim,Enemies,Enemy5,2,44,F,38,1,1,4,4,1,7,7,7,1,1,4,4,NA,NA,2,2,1,3,1,2,1,2,3,1,2,1,2,1,4,3,4,5,1,2,2,1,2,1,3,5,F,Hindu,1,1,4,1,1,1,3,1,4,2,1,4,4,3,5,1,1,1,1,1,1,1,5,1,7,7,7,1,0,A6
774,A0638,6,A,6A,Muslim,Enemies,Enemy6,2,55,F,38,1,1,4,4,1,7,7,7,1,1,4,4,NA,NA,2,2,1,3,1,2,1,2,3,1,2,1,2,1,4,3,4,5,1,2,2,1,2,1,3,5,F,Jain,4,2,2,2,3,1,3,1,5,2,2,4,3,3,3,2,3,2,1,1,5,5,2,4,7,7,2,1,0,A6
775,A0638,6,A,6A,Muslim,Enemies,Enemy7,2,62,F,38,1,1,4,4,1,7,7,7,1,1,4,4,NA,NA,2,2,1,3,1,2,1,2,3,1,2,1,2,1,4,3,4,5,1,2,2,1,2,1,3,5,F,Hindu,1,1,1,1,2,1,2,1,3,3,1,4,3,3,3,1,1,3,1,1,1,2,3,2,6,7,5,1,0,A6
776,A0639,6,A,6A,Hindu,Enemies,Enemy1,2,29,F,39,3,3,7,7,6,2,6,6,5,7,6,6,3,NA,2,1,1,3,1,2,1,3,3,1,1,2,1,1,4,5,6,2,1,1,1,1,1,1,5,3,F,Hindu,1,1,2,1,1,2,1,3,5,4,1,4,1,1,4,3,2,3,1,1,3,5,2,4,7,7,1,1,1,A6
777,A0639,6,A,6A,Hindu,Enemies,Enemy2,2,32,F,39,3,3,7,7,6,2,6,6,5,7,6,6,3,NA,2,1,1,3,1,2,1,3,3,1,1,2,1,1,4,5,6,2,1,1,1,1,1,1,5,3,F,NA,NA,NA,NA,NA,NA,NA,NA,NA,NA,NA,NA,NA,NA,NA,NA,NA,NA,NA,NA,NA,NA,NA,NA,NA,NA,NA,NA,1,NA,A6
778,A0639,6,A,6A,Hindu,Enemies,Enemy3,2,44,F,39,3,3,7,7,6,2,6,6,5,7,6,6,3,NA,2,1,1,3,1,2,1,3,3,1,1,2,1,1,4,5,6,2,1,1,1,1,1,1,5,3,F,Hindu,1,1,4,1,1,1,3,1,4,2,1,4,4,3,5,1,1,1,1,1,1,1,5,1,7,7,7,1,1,A6
779,A0640,6,A,6A,Muslim,Enemies,Enemy1,2,1,F,40,4,1,6,4,1,7,7,4,1,4,6,4,NA,Islam,2,1,1,2,1,1,1,2,3,1,1,1,2,1,4,2,4,3,2,1,1,1,1,1,5,5,M,Muslim,2,2,1,1,1,2,3,2,1,1,1,4,4,4,2,1,1,3,1,1,1,4,3,7,6,4,7,0,1,A6
780,A0640,6,A,6A,Muslim,Enemies,Enemy2,2,4,F,40,4,1,6,4,1,7,7,4,1,4,6,4,NA,Islam,2,1,1,2,1,1,1,2,3,1,1,1,2,1,4,2,4,3,2,1,1,1,1,1,5,5,M,Hindu,3,3,4,1,2,3,2,1,3,2,1,4,3,3,1,3,1,2,2,3,1,5,4,5,4,6,3,0,0,A6
781,A0640,6,A,6A,Muslim,Enemies,Enemy3,2,9,F,40,4,1,6,4,1,7,7,4,1,4,6,4,NA,Islam,2,1,1,2,1,1,1,2,3,1,1,1,2,1,4,2,4,3,2,1,1,1,1,1,5,5,M,Hindu,1,1,1,1,2,1,4,4,4,4,1,7,7,7,1,1,1,2,1,1,1,5,2,7,1,6,6,0,0,A6
782,A0640,6,A,6A,Muslim,Enemies,Enemy4,2,13,F,40,4,1,6,4,1,7,7,4,1,4,6,4,NA,Islam,2,1,1,2,1,1,1,2,3,1,1,1,2,1,4,2,4,3,2,1,1,1,1,1,5,5,M,Hindu,2,2,2,3,2,1,4,2,2,2,2,4,7,7,2,3,3,2,3,1,1,1,3,6,1,6,6,0,0,A6
783,A0640,6,A,6A,Muslim,Enemies,Enemy5,2,16,F,40,4,1,6,4,1,7,7,4,1,4,6,4,NA,Islam,2,1,1,2,1,1,1,2,3,1,1,1,2,1,4,2,4,3,2,1,1,1,1,1,5,5,M,Hindu,2,1,1,2,1,1,3,1,4,3,1,4,2,4,4,1,1,1,1,1,1,1,3,7,4,7,3,0,0,A6
784,A0640,6,A,6A,Muslim,Enemies,Enemy6,2,19,F,40,4,1,6,4,1,7,7,4,1,4,6,4,NA,Islam,2,1,1,2,1,1,1,2,3,1,1,1,2,1,4,2,4,3,2,1,1,1,1,1,5,5,M,Muslim,1,1,2,1,1,1,5,1,1,1,1,7,4,4,2,2,3,1,1,3,1,1,5,7,7,7,3,0,1,A6
785,A0640,6,A,6A,Muslim,Enemies,Enemy7,2,42,F,40,4,1,6,4,1,7,7,4,1,4,6,4,NA,Islam,2,1,1,2,1,1,1,2,3,1,1,1,2,1,4,2,4,3,2,1,1,1,1,1,5,5,F,Muslim,1,1,3,3,1,1,4,1,1,2,1,4,4,4,1,1,1,1,1,1,1,5,1,1,7,3,7,1,1,A6
786,A0642,6,A,6A,Muslim,Enemies,Enemy1,2,6,F,42,1,1,7,7,3,7,7,7,6,7,7,1,6,Muslim,2,1,1,3,3,1,1,4,4,1,1,2,2,1,4,4,4,1,1,1,1,1,1,1,5,1,M,Hindu,2,1,1,2,1,1,3,1,2,2,1,4,1,1,1,3,2,3,2,3,1,2,1,7,6,7,4,0,0,A6
787,A0642,6,A,6A,Muslim,Enemies,Enemy2,2,16,F,42,1,1,7,7,3,7,7,7,6,7,7,1,6,Muslim,2,1,1,3,3,1,1,4,4,1,1,2,2,1,4,4,4,1,1,1,1,1,1,1,5,1,M,Hindu,2,1,1,2,1,1,3,1,4,3,1,4,2,4,4,1,1,1,1,1,1,1,3,7,4,7,3,0,0,A6
788,A0642,6,A,6A,Muslim,Enemies,Enemy3,2,61,F,42,1,1,7,7,3,7,7,7,6,7,7,1,6,Muslim,2,1,1,3,3,1,1,4,4,1,1,2,2,1,4,4,4,1,1,1,1,1,1,1,5,1,F,Hindu,1,2,2,1,2,1,3,1,5,5,3,4,4,2,1,1,2,1,1,1,1,3,2,3,7,7,4,1,0,A6
789,A0643,6,A,6A,Hindu,Enemies,Enemy1,2,28,F,43,5,4,7,6,7,6,7,6,6,6,6,4,3,NA,2,3,1,NA,1,2,1,4,3,1,4,2,NA,1,4,4,1,NA,1,1,2,1,2,1,2,4,F,Muslim,1,1,1,1,1,2,3,1,1,3,1,4,1,3,4,1,1,2,1,2,1,2,2,2,7,4,7,1,0,A6
790,A0643,6,A,6A,Hindu,Enemies,Enemy2,2,47,F,43,5,4,7,6,7,6,7,6,6,6,6,4,3,NA,2,3,1,NA,1,2,1,4,3,1,4,2,NA,1,4,4,1,NA,1,1,2,1,2,1,2,4,F,Hindu,1,1,1,1,1,1,3,1,4,3,1,4,4,3,1,1,2,1,1,1,1,5,1,7,7,7,1,1,1,A6
791,A0644,6,A,6A,Hindu,Enemies,Enemy1,2,6,F,44,4,1,7,7,7,7,7,7,3,6,6,5,1,NA,2,1,1,4,1,1,1,2,3,1,4,2,1,1,4,4,3,5,1,1,1,1,1,1,1,5,M,Hindu,2,1,1,2,1,1,3,1,2,2,1,4,1,1,1,3,2,3,2,3,1,2,1,7,6,7,4,0,1,A6
792,A0644,6,A,6A,Hindu,Enemies,Enemy2,2,17,F,44,4,1,7,7,7,7,7,7,3,6,6,5,1,NA,2,1,1,4,1,1,1,2,3,1,4,2,1,1,4,4,3,5,1,1,1,1,1,1,1,5,M,Hindu,2,1,1,1,1,1,1,1,4,2,1,4,4,4,1,1,1,1,1,1,1,5,3,7,6,7,7,0,1,A6
793,A0644,6,A,6A,Hindu,Enemies,Enemy3,2,26,F,44,4,1,7,7,7,7,7,7,3,6,6,5,1,NA,2,1,1,4,1,1,1,2,3,1,4,2,1,1,4,4,3,5,1,1,1,1,1,1,1,5,M,Hindu,1,1,2,1,4,1,5,1,5,1,1,4,4,4,1,1,1,1,1,1,1,3,3,7,1,6,2,0,1,A6
794,A0644,6,A,6A,Hindu,Enemies,Enemy4,2,33,F,44,4,1,7,7,7,7,7,7,3,6,6,5,1,NA,2,1,1,4,1,1,1,2,3,1,4,2,1,1,4,4,3,5,1,1,1,1,1,1,1,5,F,Hindu,2,1,2,1,2,1,1,1,4,2,2,6,4,2,3,2,2,3,1,1,1,5,3,4,7,7,5,1,1,A6
795,A0644,6,A,6A,Hindu,Enemies,Enemy5,2,47,F,44,4,1,7,7,7,7,7,7,3,6,6,5,1,NA,2,1,1,4,1,1,1,2,3,1,4,2,1,1,4,4,3,5,1,1,1,1,1,1,1,5,F,Hindu,1,1,1,1,1,1,3,1,4,3,1,4,4,3,1,1,2,1,1,1,1,5,1,7,7,7,1,1,1,A6
796,A0644,6,A,6A,Hindu,Enemies,Enemy6,2,61,F,44,4,1,7,7,7,7,7,7,3,6,6,5,1,NA,2,1,1,4,1,1,1,2,3,1,4,2,1,1,4,4,3,5,1,1,1,1,1,1,1,5,F,Hindu,1,2,2,1,2,1,3,1,5,5,3,4,4,2,1,1,2,1,1,1,1,3,2,3,7,7,4,1,1,A6
797,A0645,6,A,6A,Hindu,Enemies,Enemy1,2,3,F,45,3,4,7,7,7,5,7,6,3,3,5,5,3,NA,2,1,2,1,1,1,1,1,3,4,2,3,1,1,4,3,3,2,2,1,2,1,2,1,2,2,M,Muslim,2,1,3,1,2,1,3,1,2,4,2,4,3,3,2,1,2,1,1,1,1,5,3,7,4,7,3,0,0,A6
798,A0645,6,A,6A,Hindu,Enemies,Enemy2,2,13,F,45,3,4,7,7,7,5,7,6,3,3,5,5,3,NA,2,1,2,1,1,1,1,1,3,4,2,3,1,1,4,3,3,2,2,1,2,1,2,1,2,2,M,Hindu,2,2,2,3,2,1,4,2,2,2,2,4,7,7,2,3,3,2,3,1,1,1,3,6,1,6,6,0,1,A6
799,A0645,6,A,6A,Hindu,Enemies,Enemy3,2,16,F,45,3,4,7,7,7,5,7,6,3,3,5,5,3,NA,2,1,2,1,1,1,1,1,3,4,2,3,1,1,4,3,3,2,2,1,2,1,2,1,2,2,M,Hindu,2,1,1,2,1,1,3,1,4,3,1,4,2,4,4,1,1,1,1,1,1,1,3,7,4,7,3,0,1,A6
800,A0645,6,A,6A,Hindu,Enemies,Enemy4,2,47,F,45,3,4,7,7,7,5,7,6,3,3,5,5,3,NA,2,1,2,1,1,1,1,1,3,4,2,3,1,1,4,3,3,2,2,1,2,1,2,1,2,2,F,Hindu,1,1,1,1,1,1,3,1,4,3,1,4,4,3,1,1,2,1,1,1,1,5,1,7,7,7,1,1,1,A6
801,A0646,6,A,6A,Hindu,Enemies,Enemy1,2,17,F,46,2,3,7,5,6,2,4,4,3,4,4,NA,8,NA,2,1,3,1,1,2,2,1,3,1,4,2,1,1,4,2,2,3,2,2,2,1,1,2,5,2,M,Hindu,2,1,1,1,1,1,1,1,4,2,1,4,4,4,1,1,1,1,1,1,1,5,3,7,6,7,7,0,1,A6
802,A0646,6,A,6A,Hindu,Enemies,Enemy2,2,26,F,46,2,3,7,5,6,2,4,4,3,4,4,NA,8,NA,2,1,3,1,1,2,2,1,3,1,4,2,1,1,4,2,2,3,2,2,2,1,1,2,5,2,M,Hindu,1,1,2,1,4,1,5,1,5,1,1,4,4,4,1,1,1,1,1,1,1,3,3,7,1,6,2,0,1,A6
803,A0647,6,A,6A,Hindu,Enemies,Enemy1,2,6,F,47,4,7,7,7,7,1,7,7,7,4,4,4,1,NA,2,1,1,1,1,1,1,1,3,1,4,3,1,1,4,4,3,1,1,2,1,1,1,1,5,1,M,Hindu,2,1,1,2,1,1,3,1,2,2,1,4,1,1,1,3,2,3,2,3,1,2,1,7,6,7,4,0,1,A6
804,A0647,6,A,6A,Hindu,Enemies,Enemy2,2,49,F,47,4,7,7,7,7,1,7,7,7,4,4,4,1,NA,2,1,1,1,1,1,1,1,3,1,4,3,1,1,4,4,3,1,1,2,1,1,1,1,5,1,F,Hindu,1,3,2,1,1,1,3,1,4,2,2,4,3,3,3,1,1,2,1,1,1,4,4,6,7,7,6,1,1,A6
805,A0647,6,A,6A,Hindu,Enemies,Enemy3,2,58,F,47,4,7,7,7,7,1,7,7,7,4,4,4,1,NA,2,1,1,1,1,1,1,1,3,1,4,3,1,1,4,4,3,1,1,2,1,1,1,1,5,1,F,Muslim,1,1,1,1,1,1,3,1,1,3,2,4,4,4,3,1,1,2,1,2,1,5,2,4,6,6,7,1,0,A6
806,A0647,6,A,6A,Hindu,Enemies,Enemy4,2,62,F,47,4,7,7,7,7,1,7,7,7,4,4,4,1,NA,2,1,1,1,1,1,1,1,3,1,4,3,1,1,4,4,3,1,1,2,1,1,1,1,5,1,F,Hindu,1,1,1,1,2,1,2,1,3,3,1,4,3,3,3,1,1,3,1,1,1,2,3,2,6,7,5,1,1,A6
807,A0648,6,A,6A,Hindu,Enemies,Enemy1,2,6,F,48,6,5,6,6,5,4,5,5,4,6,4,3,1,NA,2,5,5,3,4,4,2,1,3,2,5,3,1,3,7,3,3,2,2,2,3,2,3,1,5,2,M,Hindu,2,1,1,2,1,1,3,1,2,2,1,4,1,1,1,3,2,3,2,3,1,2,1,7,6,7,4,0,1,A6
808,A0648,6,A,6A,Hindu,Enemies,Enemy2,2,47,F,48,6,5,6,6,5,4,5,5,4,6,4,3,1,NA,2,5,5,3,4,4,2,1,3,2,5,3,1,3,7,3,3,2,2,2,3,2,3,1,5,2,F,Hindu,1,1,1,1,1,1,3,1,4,3,1,4,4,3,1,1,2,1,1,1,1,5,1,7,7,7,1,1,1,A6
809,A0649,6,A,6A,Hindu,Enemies,Enemy1,2,2,F,49,5,6,7,6,7,6,NA,6,6,5,7,4,3,NA,2,1,3,2,1,1,1,1,3,1,4,2,1,2,4,3,3,3,1,1,2,1,1,1,4,4,M,Muslim,1,3,1,1,1,3,1,1,1,1,1,4,4,4,2,1,2,2,2,1,1,5,4,7,4,6,7,0,0,A6
810,A0649,6,A,6A,Hindu,Enemies,Enemy2,2,6,F,49,5,6,7,6,7,6,NA,6,6,5,7,4,3,NA,2,1,3,2,1,1,1,1,3,1,4,2,1,2,4,3,3,3,1,1,2,1,1,1,4,4,M,Hindu,2,1,1,2,1,1,3,1,2,2,1,4,1,1,1,3,2,3,2,3,1,2,1,7,6,7,4,0,1,A6
811,A0650,6,A,6A,Hindu,Enemies,Enemy1,2,61,F,50,4,2,7,7,7,5,7,6,6,5,5,4,8,NA,2,5,4,3,3,1,2,1,2,1,2,2,1,2,6,5,5,2,1,1,1,1,4,1,4,4,F,Hindu,1,2,2,1,2,1,3,1,5,5,3,4,4,2,1,1,2,1,1,1,1,3,2,3,7,7,4,1,1,A6
812,A0651,6,A,6A,Muslim,Enemies,Enemy1,2,29,F,51,2,4,7,4,4,5,7,6,4,5,2,1,8,Muslim,2,1,3,1,1,1,1,2,4,1,2,1,2,2,4,3,3,3,1,3,1,5,1,4,1,5,F,Hindu,1,1,2,1,1,2,1,3,5,4,1,4,1,1,4,3,2,3,1,1,3,5,2,4,7,7,1,1,0,A6
813,A0651,6,A,6A,Muslim,Enemies,Enemy2,2,33,F,51,2,4,7,4,4,5,7,6,4,5,2,1,8,Muslim,2,1,3,1,1,1,1,2,4,1,2,1,2,2,4,3,3,3,1,3,1,5,1,4,1,5,F,Hindu,2,1,2,1,2,1,1,1,4,2,2,6,4,2,3,2,2,3,1,1,1,5,3,4,7,7,5,1,0,A6
814,A0651,6,A,6A,Muslim,Enemies,Enemy3,2,34,F,51,2,4,7,4,4,5,7,6,4,5,2,1,8,Muslim,2,1,3,1,1,1,1,2,4,1,2,1,2,2,4,3,3,3,1,3,1,5,1,4,1,5,F,NA,NA,NA,NA,NA,NA,NA,NA,NA,NA,NA,NA,NA,NA,NA,NA,NA,NA,NA,NA,NA,NA,NA,NA,NA,NA,NA,NA,1,NA,A6
815,A0651,6,A,6A,Muslim,Enemies,Enemy4,2,36,F,51,2,4,7,4,4,5,7,6,4,5,2,1,8,Muslim,2,1,3,1,1,1,1,2,4,1,2,1,2,2,4,3,3,3,1,3,1,5,1,4,1,5,F,Muslim,1,1,3,2,1,2,5,1,1,1,2,5,1,1,1,1,2,3,1,3,2,1,5,2,6,2,6,1,1,A6
816,A0651,6,A,6A,Muslim,Enemies,Enemy5,2,39,F,51,2,4,7,4,4,5,7,6,4,5,2,1,8,Muslim,2,1,3,1,1,1,1,2,4,1,2,1,2,2,4,3,3,3,1,3,1,5,1,4,1,5,F,Hindu,1,1,3,1,2,1,3,1,1,2,1,4,5,6,2,1,1,1,1,1,1,5,3,3,7,6,2,1,0,A6
817,A0651,6,A,6A,Muslim,Enemies,Enemy6,2,43,F,51,2,4,7,4,4,5,7,6,4,5,2,1,8,Muslim,2,1,3,1,1,1,1,2,4,1,2,1,2,2,4,3,3,3,1,3,1,5,1,4,1,5,F,Hindu,3,1,NA,1,2,1,3,1,4,2,1,4,4,1,NA,1,1,2,1,2,1,2,4,4,7,7,6,1,0,A6
818,A0651,6,A,6A,Muslim,Enemies,Enemy7,2,46,F,51,2,4,7,4,4,5,7,6,4,5,2,1,8,Muslim,2,1,3,1,1,1,1,2,4,1,2,1,2,2,4,3,3,3,1,3,1,5,1,4,1,5,F,Hindu,1,3,1,1,2,2,3,1,4,2,1,4,2,2,3,2,2,2,1,1,2,5,2,3,7,6,2,1,0,A6
819,A0652,6,A,6A,Muslim,Enemies,Enemy1,2,40,F,52,4,1,7,6,3,7,7,6,5,4,6,4,7,Muslim,2,1,1,2,2,1,2,2,4,1,2,5,2,1,4,3,4,3,1,1,3,1,1,1,5,3,F,Muslim,1,1,2,1,1,1,3,1,1,1,1,4,2,4,3,2,1,1,1,1,1,5,5,1,6,1,7,1,1,A6
820,A0652,6,A,6A,Muslim,Enemies,Enemy2,2,42,F,52,4,1,7,6,3,7,7,6,5,4,6,4,7,Muslim,2,1,1,2,2,1,2,2,4,1,2,5,2,1,4,3,4,3,1,1,3,1,1,1,5,3,F,Muslim,1,1,3,3,1,1,4,1,1,2,1,4,4,4,1,1,1,1,1,1,1,5,1,1,7,3,7,1,1,A6
821,A0652,6,A,6A,Muslim,Enemies,Enemy3,2,47,F,52,4,1,7,6,3,7,7,6,5,4,6,4,7,Muslim,2,1,1,2,2,1,2,2,4,1,2,5,2,1,4,3,4,3,1,1,3,1,1,1,5,3,F,Hindu,1,1,1,1,1,1,3,1,4,3,1,4,4,3,1,1,2,1,1,1,1,5,1,7,7,7,1,1,0,A6
822,A0652,6,A,6A,Muslim,Enemies,Enemy4,2,61,F,52,4,1,7,6,3,7,7,6,5,4,6,4,7,Muslim,2,1,1,2,2,1,2,2,4,1,2,5,2,1,4,3,4,3,1,1,3,1,1,1,5,3,F,Hindu,1,2,2,1,2,1,3,1,5,5,3,4,4,2,1,1,2,1,1,1,1,3,2,3,7,7,4,1,0,A6
823,A0652,6,A,6A,Muslim,Enemies,Enemy5,2,62,F,52,4,1,7,6,3,7,7,6,5,4,6,4,7,Muslim,2,1,1,2,2,1,2,2,4,1,2,5,2,1,4,3,4,3,1,1,3,1,1,1,5,3,F,Hindu,1,1,1,1,2,1,2,1,3,3,1,4,3,3,3,1,1,3,1,1,1,2,3,2,6,7,5,1,0,A6
824,A0652,6,A,6A,Muslim,Enemies,Enemy6,2,63,F,52,4,1,7,6,3,7,7,6,5,4,6,4,7,Muslim,2,1,1,2,2,1,2,2,4,1,2,5,2,1,4,3,4,3,1,1,3,1,1,1,5,3,F,NA,NA,NA,NA,NA,NA,NA,NA,NA,NA,NA,NA,NA,NA,NA,NA,NA,NA,NA,NA,NA,NA,NA,NA,NA,NA,NA,NA,1,NA,A6
825,A0653,6,A,6A,Muslim,Enemies,Enemy1,2,45,F,53,4,3,6,4,5,7,7,4,6,4,4,4,8,Muslim,2,1,2,1,1,2,2,2,3,1,1,1,2,2,4,3,3,3,1,2,1,3,1,1,1,5,F,Hindu,1,2,1,1,1,1,3,4,2,3,1,4,3,3,2,2,1,2,1,2,1,2,2,4,7,7,5,1,0,A6
826,A0653,6,A,6A,Muslim,Enemies,Enemy2,2,46,F,53,4,3,6,4,5,7,7,4,6,4,4,4,8,Muslim,2,1,2,1,1,2,2,2,3,1,1,1,2,2,4,3,3,3,1,2,1,3,1,1,1,5,F,Hindu,1,3,1,1,2,2,3,1,4,2,1,4,2,2,3,2,2,2,1,1,2,5,2,3,7,6,2,1,0,A6
827,A0653,6,A,6A,Muslim,Enemies,Enemy3,2,47,F,53,4,3,6,4,5,7,7,4,6,4,4,4,8,Muslim,2,1,2,1,1,2,2,2,3,1,1,1,2,2,4,3,3,3,1,2,1,3,1,1,1,5,F,Hindu,1,1,1,1,1,1,3,1,4,3,1,4,4,3,1,1,2,1,1,1,1,5,1,7,7,7,1,1,0,A6
828,A0653,6,A,6A,Muslim,Enemies,Enemy4,2,61,F,53,4,3,6,4,5,7,7,4,6,4,4,4,8,Muslim,2,1,2,1,1,2,2,2,3,1,1,1,2,2,4,3,3,3,1,2,1,3,1,1,1,5,F,Hindu,1,2,2,1,2,1,3,1,5,5,3,4,4,2,1,1,2,1,1,1,1,3,2,3,7,7,4,1,0,A6
829,A0653,6,A,6A,Muslim,Enemies,Enemy5,2,62,F,53,4,3,6,4,5,7,7,4,6,4,4,4,8,Muslim,2,1,2,1,1,2,2,2,3,1,1,1,2,2,4,3,3,3,1,2,1,3,1,1,1,5,F,Hindu,1,1,1,1,2,1,2,1,3,3,1,4,3,3,3,1,1,3,1,1,1,2,3,2,6,7,5,1,0,A6
830,A0653,6,A,6A,Muslim,Enemies,Enemy6,2,63,F,53,4,3,6,4,5,7,7,4,6,4,4,4,8,Muslim,2,1,2,1,1,2,2,2,3,1,1,1,2,2,4,3,3,3,1,2,1,3,1,1,1,5,F,NA,NA,NA,NA,NA,NA,NA,NA,NA,NA,NA,NA,NA,NA,NA,NA,NA,NA,NA,NA,NA,NA,NA,NA,NA,NA,NA,NA,1,NA,A6
831,A0655,6,A,6A,Jain,Enemies,Enemy1,2,2,F,55,6,4,7,7,7,2,6,7,6,4,4,4,8,NA,2,4,2,2,2,3,1,1,3,1,5,2,3,2,4,3,3,3,2,3,2,1,1,5,5,2,M,Muslim,1,3,1,1,1,3,1,1,1,1,1,4,4,4,2,1,2,2,2,1,1,5,4,7,4,6,7,0,0,A6
832,A0655,6,A,6A,Jain,Enemies,Enemy2,2,5,F,55,6,4,7,7,7,2,6,7,6,4,4,4,8,NA,2,4,2,2,2,3,1,1,3,1,5,2,3,2,4,3,3,3,2,3,2,1,1,5,5,2,M,Hindu,4,2,5,1,3,1,4,1,5,1,1,6,2,2,1,1,1,1,1,1,1,5,5,6,6,7,4,0,0,A6
833,A0655,6,A,6A,Jain,Enemies,Enemy3,2,11,F,55,6,4,7,7,7,2,6,7,6,4,4,4,8,NA,2,4,2,2,2,3,1,1,3,1,5,2,3,2,4,3,3,3,2,3,2,1,1,5,5,2,M,Hindu,2,2,1,1,1,1,4,2,5,4,3,7,2,1,4,1,2,3,1,1,1,5,3,6,1,7,1,0,0,A6
834,A0655,6,A,6A,Jain,Enemies,Enemy4,2,20,F,55,6,4,7,7,7,2,6,7,6,4,4,4,8,NA,2,4,2,2,2,3,1,1,3,1,5,2,3,2,4,3,3,3,2,3,2,1,1,5,5,2,M,Jain,1,1,1,1,1,1,1,1,2,1,1,4,2,1,2,1,1,1,1,2,1,5,2,7,3,7,4,0,1,A6
835,A0655,6,A,6A,Jain,Enemies,Enemy5,2,32,F,55,6,4,7,7,7,2,6,7,6,4,4,4,8,NA,2,4,2,2,2,3,1,1,3,1,5,2,3,2,4,3,3,3,2,3,2,1,1,5,5,2,F,NA,NA,NA,NA,NA,NA,NA,NA,NA,NA,NA,NA,NA,NA,NA,NA,NA,NA,NA,NA,NA,NA,NA,NA,NA,NA,NA,NA,1,NA,A6
836,A0655,6,A,6A,Jain,Enemies,Enemy6,2,62,F,55,6,4,7,7,7,2,6,7,6,4,4,4,8,NA,2,4,2,2,2,3,1,1,3,1,5,2,3,2,4,3,3,3,2,3,2,1,1,5,5,2,F,Hindu,1,1,1,1,2,1,2,1,3,3,1,4,3,3,3,1,1,3,1,1,1,2,3,2,6,7,5,1,0,A6
837,A0655,6,A,6A,Jain,Enemies,Enemy7,2,64,F,55,6,4,7,7,7,2,6,7,6,4,4,4,8,NA,2,4,2,2,2,3,1,1,3,1,5,2,3,2,4,3,3,3,2,3,2,1,1,5,5,2,F,Hindu,2,3,4,1,1,2,3,1,3,2,2,5,4,4,2,2,2,2,3,1,1,2,3,3,7,5,4,1,0,A6
838,A0656,6,A,6A,Hindu,Enemies,Enemy1,2,47,F,56,4,5,7,6,7,4,6,7,4,6,4,6,3,NA,2,2,1,1,1,2,2,2,2,4,3,1,1,1,6,2,4,2,3,3,2,2,1,1,3,3,F,Hindu,1,1,1,1,1,1,3,1,4,3,1,4,4,3,1,1,2,1,1,1,1,5,1,7,7,7,1,1,1,A6
839,A0657,6,A,6A,Jain,Enemies,Enemy1,2,1,F,57,2,5,7,6,7,5,7,7,3,5,6,6,8,NA,2,1,1,1,1,2,1,1,4,4,5,2,3,1,4,2,1,2,1,2,1,3,2,1,5,5,M,Muslim,2,2,1,1,1,2,3,2,1,1,1,4,4,4,2,1,1,3,1,1,1,4,3,7,6,4,7,0,0,A6
840,A0657,6,A,6A,Jain,Enemies,Enemy2,2,2,F,57,2,5,7,6,7,5,7,7,3,5,6,6,8,NA,2,1,1,1,1,2,1,1,4,4,5,2,3,1,4,2,1,2,1,2,1,3,2,1,5,5,M,Muslim,1,3,1,1,1,3,1,1,1,1,1,4,4,4,2,1,2,2,2,1,1,5,4,7,4,6,7,0,0,A6
841,A0657,6,A,6A,Jain,Enemies,Enemy3,2,11,F,57,2,5,7,6,7,5,7,7,3,5,6,6,8,NA,2,1,1,1,1,2,1,1,4,4,5,2,3,1,4,2,1,2,1,2,1,3,2,1,5,5,M,Hindu,2,2,1,1,1,1,4,2,5,4,3,7,2,1,4,1,2,3,1,1,1,5,3,6,1,7,1,0,0,A6
842,A0657,6,A,6A,Jain,Enemies,Enemy4,2,16,F,57,2,5,7,6,7,5,7,7,3,5,6,6,8,NA,2,1,1,1,1,2,1,1,4,4,5,2,3,1,4,2,1,2,1,2,1,3,2,1,5,5,M,Hindu,2,1,1,2,1,1,3,1,4,3,1,4,2,4,4,1,1,1,1,1,1,1,3,7,4,7,3,0,0,A6
843,A0657,6,A,6A,Jain,Enemies,Enemy5,2,21,F,57,2,5,7,6,7,5,7,7,3,5,6,6,8,NA,2,1,1,1,1,2,1,1,4,4,5,2,3,1,4,2,1,2,1,2,1,3,2,1,5,5,M,Jain,2,2,2,1,1,1,3,NA,2,4,2,4,5,6,2,2,3,1,3,2,1,2,3,7,4,7,1,0,1,A6
844,A0657,6,A,6A,Jain,Enemies,Enemy6,2,22,F,57,2,5,7,6,7,5,7,7,3,5,6,6,8,NA,2,1,1,1,1,2,1,1,4,4,5,2,3,1,4,2,1,2,1,2,1,3,2,1,5,5,M,Muslim,2,3,4,2,1,2,1,1,1,1,1,5,7,7,1,1,1,2,1,1,1,3,5,6,5,5,7,0,0,A6
845,A0657,6,A,6A,Jain,Enemies,Enemy7,2,34,F,57,2,5,7,6,7,5,7,7,3,5,6,6,8,NA,2,1,1,1,1,2,1,1,4,4,5,2,3,1,4,2,1,2,1,2,1,3,2,1,5,5,F,NA,NA,NA,NA,NA,NA,NA,NA,NA,NA,NA,NA,NA,NA,NA,NA,NA,NA,NA,NA,NA,NA,NA,NA,NA,NA,NA,NA,1,NA,A6
846,A0658,6,A,6A,Muslim,Enemies,Enemy1,2,35,F,58,4,4,6,4,6,7,6,4,5,5,7,4,8,NA,2,1,1,1,1,1,1,1,3,1,1,3,2,2,4,4,4,3,1,1,2,1,2,1,5,2,F,Muslim,1,1,1,1,1,1,NA,1,NA,1,1,4,1,1,1,1,1,3,2,2,1,5,4,1,7,4,7,1,1,A6
847,A0658,6,A,6A,Muslim,Enemies,Enemy2,2,52,F,58,4,4,6,4,6,7,6,4,5,5,7,4,8,NA,2,1,1,1,1,1,1,1,3,1,1,3,2,2,4,4,4,3,1,1,2,1,2,1,5,2,F,Muslim,1,1,2,2,1,2,4,1,2,5,1,4,3,4,3,1,1,3,1,1,1,5,3,1,7,3,7,1,1,A6
848,A0658,6,A,6A,Muslim,Enemies,Enemy3,2,62,F,58,4,4,6,4,6,7,6,4,5,5,7,4,8,NA,2,1,1,1,1,1,1,1,3,1,1,3,2,2,4,4,4,3,1,1,2,1,2,1,5,2,F,Hindu,1,1,1,1,2,1,2,1,3,3,1,4,3,3,3,1,1,3,1,1,1,2,3,2,6,7,5,1,0,A6
849,A0658,6,A,6A,Muslim,Enemies,Enemy4,2,63,F,58,4,4,6,4,6,7,6,4,5,5,7,4,8,NA,2,1,1,1,1,1,1,1,3,1,1,3,2,2,4,4,4,3,1,1,2,1,2,1,5,2,F,NA,NA,NA,NA,NA,NA,NA,NA,NA,NA,NA,NA,NA,NA,NA,NA,NA,NA,NA,NA,NA,NA,NA,NA,NA,NA,NA,NA,1,NA,A6
850,A0659,6,A,6A,Hindu,Enemies,Enemy1,2,20,F,59,4,4,4,7,6,4,6,7,4,4,4,4,2,NA,2,3,3,2,1,3,2,1,3,1,5,3,1,3,4,2,2,2,1,1,3,1,1,2,4,3,M,Jain,1,1,1,1,1,1,1,1,2,1,1,4,2,1,2,1,1,1,1,2,1,5,2,7,3,7,4,0,0,A6
851,A0661,6,A,6A,Hindu,Enemies,Enemy1,2,10,F,61,1,3,7,7,7,4,7,4,4,4,4,4,8,NA,2,1,2,2,1,2,1,4,3,1,5,5,1,3,4,4,2,1,1,2,1,1,1,1,3,2,M,Hindu,3,3,2,1,2,1,4,1,3,2,2,4,3,3,2,1,1,1,1,1,1,5,5,7,1,6,2,0,1,A6
852,A0661,6,A,6A,Hindu,Enemies,Enemy2,2,19,F,61,1,3,7,7,7,4,7,4,4,4,4,4,8,NA,2,1,2,2,1,2,1,4,3,1,5,5,1,3,4,4,2,1,1,2,1,1,1,1,3,2,M,Muslim,1,1,2,1,1,1,5,1,1,1,1,7,4,4,2,2,3,1,1,3,1,1,5,7,7,7,3,0,0,A6
853,A0661,6,A,6A,Hindu,Enemies,Enemy3,2,26,F,61,1,3,7,7,7,4,7,4,4,4,4,4,8,NA,2,1,2,2,1,2,1,4,3,1,5,5,1,3,4,4,2,1,1,2,1,1,1,1,3,2,M,Hindu,1,1,2,1,4,1,5,1,5,1,1,4,4,4,1,1,1,1,1,1,1,3,3,7,1,6,2,0,1,A6
854,A0661,6,A,6A,Hindu,Enemies,Enemy4,2,27,F,61,1,3,7,7,7,4,7,4,4,4,4,4,8,NA,2,1,2,2,1,2,1,4,3,1,5,5,1,3,4,4,2,1,1,2,1,1,1,1,3,2,F,Hindu,3,4,2,1,3,1,2,2,5,3,2,4,2,1,1,1,1,1,1,1,1,5,5,3,6,6,4,1,1,A6
855,A0661,6,A,6A,Hindu,Enemies,Enemy5,2,29,F,61,1,3,7,7,7,4,7,4,4,4,4,4,8,NA,2,1,2,2,1,2,1,4,3,1,5,5,1,3,4,4,2,1,1,2,1,1,1,1,3,2,F,Hindu,1,1,2,1,1,2,1,3,5,4,1,4,1,1,4,3,2,3,1,1,3,5,2,4,7,7,1,1,1,A6
856,A0661,6,A,6A,Hindu,Enemies,Enemy6,2,60,F,61,1,3,7,7,7,4,7,4,4,4,4,4,8,NA,2,1,2,2,1,2,1,4,3,1,5,5,1,3,4,4,2,1,1,2,1,1,1,1,3,2,F,NA,NA,NA,NA,NA,NA,NA,NA,NA,NA,NA,NA,NA,NA,NA,NA,NA,NA,NA,NA,NA,NA,NA,NA,NA,NA,NA,NA,1,NA,A6
857,A0661,6,A,6A,Hindu,Enemies,Enemy7,2,63,F,61,1,3,7,7,7,4,7,4,4,4,4,4,8,NA,2,1,2,2,1,2,1,4,3,1,5,5,1,3,4,4,2,1,1,2,1,1,1,1,3,2,F,NA,NA,NA,NA,NA,NA,NA,NA,NA,NA,NA,NA,NA,NA,NA,NA,NA,NA,NA,NA,NA,NA,NA,NA,NA,NA,NA,NA,1,NA,A6
858,A0662,6,A,6A,Hindu,Enemies,Enemy1,2,6,F,62,2,2,6,5,7,5,7,7,4,5,4,2,1,NA,2,1,1,1,1,2,1,2,2,1,3,3,1,1,4,3,3,3,1,1,3,1,1,1,2,3,M,Hindu,2,1,1,2,1,1,3,1,2,2,1,4,1,1,1,3,2,3,2,3,1,2,1,7,6,7,4,0,1,A6
859,A0662,6,A,6A,Hindu,Enemies,Enemy2,2,30,F,62,2,2,6,5,7,5,7,7,4,5,4,2,1,NA,2,1,1,1,1,2,1,2,2,1,3,3,1,1,4,3,3,3,1,1,3,1,1,1,2,3,F,Hindu,2,1,3,2,2,1,4,1,2,3,2,4,3,3,3,1,1,2,1,2,1,1,4,4,4,7,1,1,1,A6
860,A0662,6,A,6A,Hindu,Enemies,Enemy3,2,41,F,62,2,2,6,5,7,5,7,7,4,5,4,2,1,NA,2,1,1,1,1,2,1,2,2,1,3,3,1,1,4,3,3,3,1,1,3,1,1,1,2,3,F,NA,NA,NA,NA,NA,NA,NA,NA,NA,NA,NA,NA,NA,NA,NA,NA,NA,NA,NA,NA,NA,NA,NA,NA,NA,NA,NA,NA,1,NA,A6
861,A0662,6,A,6A,Hindu,Enemies,Enemy4,2,44,F,62,2,2,6,5,7,5,7,7,4,5,4,2,1,NA,2,1,1,1,1,2,1,2,2,1,3,3,1,1,4,3,3,3,1,1,3,1,1,1,2,3,F,Hindu,1,1,4,1,1,1,3,1,4,2,1,4,4,3,5,1,1,1,1,1,1,1,5,1,7,7,7,1,1,A6
862,A0662,6,A,6A,Hindu,Enemies,Enemy5,2,47,F,62,2,2,6,5,7,5,7,7,4,5,4,2,1,NA,2,1,1,1,1,2,1,2,2,1,3,3,1,1,4,3,3,3,1,1,3,1,1,1,2,3,F,Hindu,1,1,1,1,1,1,3,1,4,3,1,4,4,3,1,1,2,1,1,1,1,5,1,7,7,7,1,1,1,A6
863,A0662,6,A,6A,Hindu,Enemies,Enemy6,2,53,F,62,2,2,6,5,7,5,7,7,4,5,4,2,1,NA,2,1,1,1,1,2,1,2,2,1,3,3,1,1,4,3,3,3,1,1,3,1,1,1,2,3,F,Muslim,1,2,1,1,2,2,3,1,1,1,2,4,3,3,3,1,2,1,3,1,1,1,5,3,6,5,7,1,0,A6
864,B0601,6,B,6B,Muslim,Enemies,Enemy1,2,53,M,1,4,7,4,4,5,7,7,4,4,4,4,4,7,NA,1,1,1,1,1,1,1,1,5,1,1,1,2,1,3,3,3,3,3,1,1,2,3,3,4,4,F,NA,NA,NA,NA,NA,NA,NA,NA,NA,NA,NA,NA,NA,NA,NA,NA,NA,NA,NA,NA,NA,NA,NA,NA,NA,NA,NA,NA,0,NA,B6
865,B0602,6,B,6B,Hindu,Enemies,Enemy1,2,1,M,2,1,7,4,7,3,1,3,6,3,3,3,1,2,NA,1,3,1,2,1,2,1,4,4,4,5,2,NA,1,7,7,1,2,1,1,2,1,1,1,2,5,M,Muslim,1,1,1,1,1,1,5,1,1,1,1,3,3,3,3,3,1,1,2,3,3,4,4,7,4,5,7,1,0,B6
866,B0602,6,B,6B,Hindu,Enemies,Enemy2,2,26,M,2,1,7,4,7,3,1,3,6,3,3,3,1,2,NA,1,3,1,2,1,2,1,4,4,4,5,2,NA,1,7,7,1,2,1,1,2,1,1,1,2,5,M,NA,NA,NA,NA,NA,NA,NA,NA,NA,NA,NA,NA,NA,NA,NA,NA,NA,NA,NA,NA,NA,NA,NA,NA,NA,NA,NA,NA,1,NA,B6
867,B0602,6,B,6B,Hindu,Enemies,Enemy3,2,27,M,2,1,7,4,7,3,1,3,6,3,3,3,1,2,NA,1,3,1,2,1,2,1,4,4,4,5,2,NA,1,7,7,1,2,1,1,2,1,1,1,2,5,M,NA,NA,NA,NA,NA,NA,NA,NA,NA,NA,NA,NA,NA,NA,NA,NA,NA,NA,NA,NA,NA,NA,NA,NA,NA,NA,NA,NA,1,NA,B6
868,B0603,6,B,6B,Hindu,Enemies,Enemy1,2,1,M,3,7,5,2,NA,7,1,6,4,2,3,5,6,2,NA,1,1,3,2,3,1,2,1,3,4,2,2,1,1,3,3,2,1,2,3,2,1,1,1,3,2,M,Muslim,1,1,1,1,1,1,5,1,1,1,1,3,3,3,3,3,1,1,2,3,3,4,4,7,4,5,7,1,0,B6
869,B0603,6,B,6B,Hindu,Enemies,Enemy2,2,5,M,3,7,5,2,NA,7,1,6,4,2,3,5,6,2,NA,1,1,3,2,3,1,2,1,3,4,2,2,1,1,3,3,2,1,2,3,2,1,1,1,3,2,M,Muslim,1,4,1,1,1,3,4,2,1,3,1,4,3,4,2,1,1,2,1,5,2,5,1,NA,2,3,7,1,0,B6
870,B0603,6,B,6B,Hindu,Enemies,Enemy3,2,7,M,3,7,5,2,NA,7,1,6,4,2,3,5,6,2,NA,1,1,3,2,3,1,2,1,3,4,2,2,1,1,3,3,2,1,2,3,2,1,1,1,3,2,M,Muslim,1,1,2,1,1,1,4,1,1,1,1,4,4,4,1,1,1,3,4,5,1,5,3,7,7,3,NA,1,0,B6
871,B0603,6,B,6B,Hindu,Enemies,Enemy4,2,8,M,3,7,5,2,NA,7,1,6,4,2,3,5,6,2,NA,1,1,3,2,3,1,2,1,3,4,2,2,1,1,3,3,2,1,2,3,2,1,1,1,3,2,M,Muslim,2,2,1,1,1,1,2,1,2,1,3,4,4,3,2,2,1,1,1,1,1,3,3,7,5,3,7,1,0,B6
872,B0603,6,B,6B,Hindu,Enemies,Enemy5,2,11,M,3,7,5,2,NA,7,1,6,4,2,3,5,6,2,NA,1,1,3,2,3,1,2,1,3,4,2,2,1,1,3,3,2,1,2,3,2,1,1,1,3,2,M,Hindu,1,2,1,1,1,1,2,1,1,2,1,7,4,5,2,3,2,2,1,1,1,2,4,7,3,7,1,1,1,B6
873,B0603,6,B,6B,Hindu,Enemies,Enemy6,2,13,M,3,7,5,2,NA,7,1,6,4,2,3,5,6,2,NA,1,1,3,2,3,1,2,1,3,4,2,2,1,1,3,3,2,1,2,3,2,1,1,1,3,2,M,NA,NA,NA,NA,NA,NA,NA,NA,NA,NA,NA,NA,NA,NA,NA,NA,NA,NA,NA,NA,NA,NA,NA,NA,NA,NA,NA,NA,1,NA,B6
874,B0603,6,B,6B,Hindu,Enemies,Enemy7,2,15,M,3,7,5,2,NA,7,1,6,4,2,3,5,6,2,NA,1,1,3,2,3,1,2,1,3,4,2,2,1,1,3,3,2,1,2,3,2,1,1,1,3,2,M,Muslim,NA,1,2,2,1,1,1,4,5,1,1,7,5,7,1,5,2,1,3,1,1,2,3,7,7,1,7,1,0,B6
875,B0604,6,B,6B,Hindu,Enemies,Enemy1,2,1,M,4,5,7,7,7,7,6,7,7,6,7,7,1,2,NA,1,1,1,1,1,1,1,4,3,1,2,2,1,1,4,7,2,5,5,5,5,5,4,5,1,5,M,Muslim,1,1,1,1,1,1,5,1,1,1,1,3,3,3,3,3,1,1,2,3,3,4,4,7,4,5,7,1,0,B6
876,B0604,6,B,6B,Hindu,Enemies,Enemy2,2,5,M,4,5,7,7,7,7,6,7,7,6,7,7,1,2,NA,1,1,1,1,1,1,1,4,3,1,2,2,1,1,4,7,2,5,5,5,5,5,4,5,1,5,M,Muslim,1,4,1,1,1,3,4,2,1,3,1,4,3,4,2,1,1,2,1,5,2,5,1,NA,2,3,7,1,0,B6
877,B0604,6,B,6B,Hindu,Enemies,Enemy3,2,7,M,4,5,7,7,7,7,6,7,7,6,7,7,1,2,NA,1,1,1,1,1,1,1,4,3,1,2,2,1,1,4,7,2,5,5,5,5,5,4,5,1,5,M,Muslim,1,1,2,1,1,1,4,1,1,1,1,4,4,4,1,1,1,3,4,5,1,5,3,7,7,3,NA,1,0,B6
878,B0604,6,B,6B,Hindu,Enemies,Enemy4,2,13,M,4,5,7,7,7,7,6,7,7,6,7,7,1,2,NA,1,1,1,1,1,1,1,4,3,1,2,2,1,1,4,7,2,5,5,5,5,5,4,5,1,5,M,NA,NA,NA,NA,NA,NA,NA,NA,NA,NA,NA,NA,NA,NA,NA,NA,NA,NA,NA,NA,NA,NA,NA,NA,NA,NA,NA,NA,1,NA,B6
879,B0604,6,B,6B,Hindu,Enemies,Enemy5,2,15,M,4,5,7,7,7,7,6,7,7,6,7,7,1,2,NA,1,1,1,1,1,1,1,4,3,1,2,2,1,1,4,7,2,5,5,5,5,5,4,5,1,5,M,Muslim,NA,1,2,2,1,1,1,4,5,1,1,7,5,7,1,5,2,1,3,1,1,2,3,7,7,1,7,1,0,B6
880,B0604,6,B,6B,Hindu,Enemies,Enemy6,2,20,M,4,5,7,7,7,7,6,7,7,6,7,7,1,2,NA,1,1,1,1,1,1,1,4,3,1,2,2,1,1,4,7,2,5,5,5,5,5,4,5,1,5,M,Muslim,1,1,1,1,1,1,2,1,2,1,1,4,4,4,2,3,4,1,2,1,3,5,2,7,NA,1,7,1,0,B6
881,B0604,6,B,6B,Hindu,Enemies,Enemy7,2,54,M,4,5,7,7,7,7,6,7,7,6,7,7,1,2,NA,1,1,1,1,1,1,1,4,3,1,2,2,1,1,4,7,2,5,5,5,5,5,4,5,1,5,F,Hindu,1,1,1,1,1,1,2,2,5,4,3,4,5,5,1,1,4,2,1,1,1,3,4,6,7,7,1,0,1,B6
882,B0606,6,B,6B,Hindu,Enemies,Enemy1,2,5,M,6,1,4,4,5,7,4,2,6,4,4,1,5,1,NA,1,2,3,1,1,1,1,4,3,1,2,2,1,1,4,5,7,2,2,2,1,3,1,1,3,2,M,Muslim,1,4,1,1,1,3,4,2,1,3,1,4,3,4,2,1,1,2,1,5,2,5,1,NA,2,3,7,1,0,B6
883,B0606,6,B,6B,Hindu,Enemies,Enemy2,2,7,M,6,1,4,4,5,7,4,2,6,4,4,1,5,1,NA,1,2,3,1,1,1,1,4,3,1,2,2,1,1,4,5,7,2,2,2,1,3,1,1,3,2,M,Muslim,1,1,2,1,1,1,4,1,1,1,1,4,4,4,1,1,1,3,4,5,1,5,3,7,7,3,NA,1,0,B6
884,B0606,6,B,6B,Hindu,Enemies,Enemy3,2,8,M,6,1,4,4,5,7,4,2,6,4,4,1,5,1,NA,1,2,3,1,1,1,1,4,3,1,2,2,1,1,4,5,7,2,2,2,1,3,1,1,3,2,M,Muslim,2,2,1,1,1,1,2,1,2,1,3,4,4,3,2,2,1,1,1,1,1,3,3,7,5,3,7,1,0,B6
885,B0606,6,B,6B,Hindu,Enemies,Enemy4,2,12,M,6,1,4,4,5,7,4,2,6,4,4,1,5,1,NA,1,2,3,1,1,1,1,4,3,1,2,2,1,1,4,5,7,2,2,2,1,3,1,1,3,2,M,Muslim,3,1,2,2,1,2,NA,2,1,1,1,4,1,7,5,1,3,2,1,2,1,3,4,7,1,1,7,1,0,B6
886,B0606,6,B,6B,Hindu,Enemies,Enemy5,2,13,M,6,1,4,4,5,7,4,2,6,4,4,1,5,1,NA,1,2,3,1,1,1,1,4,3,1,2,2,1,1,4,5,7,2,2,2,1,3,1,1,3,2,M,NA,NA,NA,NA,NA,NA,NA,NA,NA,NA,NA,NA,NA,NA,NA,NA,NA,NA,NA,NA,NA,NA,NA,NA,NA,NA,NA,NA,1,NA,B6
887,B0606,6,B,6B,Hindu,Enemies,Enemy6,2,20,M,6,1,4,4,5,7,4,2,6,4,4,1,5,1,NA,1,2,3,1,1,1,1,4,3,1,2,2,1,1,4,5,7,2,2,2,1,3,1,1,3,2,M,Muslim,1,1,1,1,1,1,2,1,2,1,1,4,4,4,2,3,4,1,2,1,3,5,2,7,NA,1,7,1,0,B6
888,B0606,6,B,6B,Hindu,Enemies,Enemy7,2,33,M,6,1,4,4,5,7,4,2,6,4,4,1,5,1,NA,1,2,3,1,1,1,1,4,3,1,2,2,1,1,4,5,7,2,2,2,1,3,1,1,3,2,M,NA,NA,NA,NA,NA,NA,NA,NA,NA,NA,NA,NA,NA,NA,NA,NA,NA,NA,NA,NA,NA,NA,NA,NA,NA,NA,NA,NA,1,NA,B6
889,B0607,6,B,6B,Muslim,Enemies,Enemy1,2,1,M,7,2,7,7,6,3,NA,6,7,6,5,2,7,7,NA,1,1,1,2,1,1,1,2,4,1,1,1,2,1,4,4,4,1,1,1,3,4,5,1,5,3,M,Muslim,1,1,1,1,1,1,5,1,1,1,1,3,3,3,3,3,1,1,2,3,3,4,4,7,4,5,7,1,1,B6
890,B0607,6,B,6B,Muslim,Enemies,Enemy2,2,12,M,7,2,7,7,6,3,NA,6,7,6,5,2,7,7,NA,1,1,1,2,1,1,1,2,4,1,1,1,2,1,4,4,4,1,1,1,3,4,5,1,5,3,M,Muslim,3,1,2,2,1,2,NA,2,1,1,1,4,1,7,5,1,3,2,1,2,1,3,4,7,1,1,7,1,1,B6
891,B0607,6,B,6B,Muslim,Enemies,Enemy3,2,13,M,7,2,7,7,6,3,NA,6,7,6,5,2,7,7,NA,1,1,1,2,1,1,1,2,4,1,1,1,2,1,4,4,4,1,1,1,3,4,5,1,5,3,M,NA,NA,NA,NA,NA,NA,NA,NA,NA,NA,NA,NA,NA,NA,NA,NA,NA,NA,NA,NA,NA,NA,NA,NA,NA,NA,NA,NA,1,NA,B6
892,B0607,6,B,6B,Muslim,Enemies,Enemy4,2,17,M,7,2,7,7,6,3,NA,6,7,6,5,2,7,7,NA,1,1,1,2,1,1,1,2,4,1,1,1,2,1,4,4,4,1,1,1,3,4,5,1,5,3,M,Muslim,NA,NA,NA,1,1,1,1,1,1,1,1,4,1,3,1,5,3,1,5,1,1,3,5,7,1,1,7,1,1,B6
893,B0607,6,B,6B,Muslim,Enemies,Enemy5,2,21,M,7,2,7,7,6,3,NA,6,7,6,5,2,7,7,NA,1,1,1,2,1,1,1,2,4,1,1,1,2,1,4,4,4,1,1,1,3,4,5,1,5,3,M,Muslim,2,2,1,1,1,1,2,1,1,1,1,4,4,4,NA,1,2,NA,1,1,1,3,3,6,6,5,7,1,1,B6
894,B0610,6,B,6B,Hindu,Enemies,Enemy1,2,5,M,10,2,7,1,7,6,1,6,6,5,6,5,6,2,NA,1,2,2,1,1,1,1,4,3,1,2,2,1,1,7,7,3,5,2,2,1,1,1,1,2,2,M,Muslim,1,4,1,1,1,3,4,2,1,3,1,4,3,4,2,1,1,2,1,5,2,5,1,NA,2,3,7,1,0,B6
895,B0610,6,B,6B,Hindu,Enemies,Enemy2,2,12,M,10,2,7,1,7,6,1,6,6,5,6,5,6,2,NA,1,2,2,1,1,1,1,4,3,1,2,2,1,1,7,7,3,5,2,2,1,1,1,1,2,2,M,Muslim,3,1,2,2,1,2,NA,2,1,1,1,4,1,7,5,1,3,2,1,2,1,3,4,7,1,1,7,1,0,B6
896,B0610,6,B,6B,Hindu,Enemies,Enemy3,2,18,M,10,2,7,1,7,6,1,6,6,5,6,5,6,2,NA,1,2,2,1,1,1,1,4,3,1,2,2,1,1,7,7,3,5,2,2,1,1,1,1,2,2,M,Muslim,1,NA,1,1,1,1,1,1,1,2,1,4,4,4,5,1,5,1,5,5,2,2,1,NA,NA,NA,NA,1,0,B6
897,B0610,6,B,6B,Hindu,Enemies,Enemy4,2,26,M,10,2,7,1,7,6,1,6,6,5,6,5,6,2,NA,1,2,2,1,1,1,1,4,3,1,2,2,1,1,7,7,3,5,2,2,1,1,1,1,2,2,M,NA,NA,NA,NA,NA,NA,NA,NA,NA,NA,NA,NA,NA,NA,NA,NA,NA,NA,NA,NA,NA,NA,NA,NA,NA,NA,NA,NA,1,NA,B6
898,B0610,6,B,6B,Hindu,Enemies,Enemy5,2,27,M,10,2,7,1,7,6,1,6,6,5,6,5,6,2,NA,1,2,2,1,1,1,1,4,3,1,2,2,1,1,7,7,3,5,2,2,1,1,1,1,2,2,M,NA,NA,NA,NA,NA,NA,NA,NA,NA,NA,NA,NA,NA,NA,NA,NA,NA,NA,NA,NA,NA,NA,NA,NA,NA,NA,NA,NA,1,NA,B6
899,B0611,6,B,6B,Hindu,Enemies,Enemy1,2,18,M,11,2,7,3,6,7,1,NA,7,4,5,NA,3,6,NA,1,1,2,1,1,1,1,4,2,1,1,2,1,1,7,4,5,2,3,2,2,1,1,1,2,4,M,Muslim,1,NA,1,1,1,1,1,1,1,2,1,4,4,4,5,1,5,1,5,5,2,2,1,NA,NA,NA,NA,1,0,B6
900,B0614,6,B,6B,Hindu,Enemies,Enemy1,2,8,M,14,6,7,4,7,7,2,6,7,5,6,6,5,2,NA,1,2,1,2,1,1,2,1,2,1,2,2,1,1,7,5,4,2,1,1,2,2,1,1,2,2,M,Muslim,2,2,1,1,1,1,2,1,2,1,3,4,4,3,2,2,1,1,1,1,1,3,3,7,5,3,7,1,0,B6
901,B0614,6,B,6B,Hindu,Enemies,Enemy2,2,12,M,14,6,7,4,7,7,2,6,7,5,6,6,5,2,NA,1,2,1,2,1,1,2,1,2,1,2,2,1,1,7,5,4,2,1,1,2,2,1,1,2,2,M,Muslim,3,1,2,2,1,2,NA,2,1,1,1,4,1,7,5,1,3,2,1,2,1,3,4,7,1,1,7,1,0,B6
902,B0614,6,B,6B,Hindu,Enemies,Enemy3,2,15,M,14,6,7,4,7,7,2,6,7,5,6,6,5,2,NA,1,2,1,2,1,1,2,1,2,1,2,2,1,1,7,5,4,2,1,1,2,2,1,1,2,2,M,Muslim,NA,1,2,2,1,1,1,4,5,1,1,7,5,7,1,5,2,1,3,1,1,2,3,7,7,1,7,1,0,B6
903,B0614,6,B,6B,Hindu,Enemies,Enemy4,2,17,M,14,6,7,4,7,7,2,6,7,5,6,6,5,2,NA,1,2,1,2,1,1,2,1,2,1,2,2,1,1,7,5,4,2,1,1,2,2,1,1,2,2,M,Muslim,NA,NA,NA,1,1,1,1,1,1,1,1,4,1,3,1,5,3,1,5,1,1,3,5,7,1,1,7,1,0,B6
904,B0614,6,B,6B,Hindu,Enemies,Enemy5,2,23,M,14,6,7,4,7,7,2,6,7,5,6,6,5,2,NA,1,2,1,2,1,1,2,1,2,1,2,2,1,1,7,5,4,2,1,1,2,2,1,1,2,2,M,Hindu,2,1,1,1,1,1,1,1,2,1,1,4,4,3,3,1,1,1,1,3,2,1,1,7,1,7,1,1,1,B6
905,B0614,6,B,6B,Hindu,Enemies,Enemy6,2,26,M,14,6,7,4,7,7,2,6,7,5,6,6,5,2,NA,1,2,1,2,1,1,2,1,2,1,2,2,1,1,7,5,4,2,1,1,2,2,1,1,2,2,M,NA,NA,NA,NA,NA,NA,NA,NA,NA,NA,NA,NA,NA,NA,NA,NA,NA,NA,NA,NA,NA,NA,NA,NA,NA,NA,NA,NA,1,NA,B6
906,B0614,6,B,6B,Hindu,Enemies,Enemy7,2,31,M,14,6,7,4,7,7,2,6,7,5,6,6,5,2,NA,1,2,1,2,1,1,2,1,2,1,2,2,1,1,7,5,4,2,1,1,2,2,1,1,2,2,M,Muslim,3,1,2,3,2,1,2,5,1,NA,2,3,1,2,3,2,2,1,1,2,2,1,3,6,5,4,3,1,0,B6
907,B0616,6,B,6B,Hindu,Enemies,Enemy1,2,1,M,16,1,7,6,7,7,6,6,6,2,3,7,4,2,NA,1,3,1,3,2,2,1,1,3,1,2,5,1,1,3,4,4,4,1,1,1,1,5,1,5,5,M,Muslim,1,1,1,1,1,1,5,1,1,1,1,3,3,3,3,3,1,1,2,3,3,4,4,7,4,5,7,1,0,B6
908,B0616,6,B,6B,Hindu,Enemies,Enemy2,2,5,M,16,1,7,6,7,7,6,6,6,2,3,7,4,2,NA,1,3,1,3,2,2,1,1,3,1,2,5,1,1,3,4,4,4,1,1,1,1,5,1,5,5,M,Muslim,1,4,1,1,1,3,4,2,1,3,1,4,3,4,2,1,1,2,1,5,2,5,1,NA,2,3,7,1,0,B6
909,B0616,6,B,6B,Hindu,Enemies,Enemy3,2,7,M,16,1,7,6,7,7,6,6,6,2,3,7,4,2,NA,1,3,1,3,2,2,1,1,3,1,2,5,1,1,3,4,4,4,1,1,1,1,5,1,5,5,M,Muslim,1,1,2,1,1,1,4,1,1,1,1,4,4,4,1,1,1,3,4,5,1,5,3,7,7,3,NA,1,0,B6
910,B0616,6,B,6B,Hindu,Enemies,Enemy4,2,8,M,16,1,7,6,7,7,6,6,6,2,3,7,4,2,NA,1,3,1,3,2,2,1,1,3,1,2,5,1,1,3,4,4,4,1,1,1,1,5,1,5,5,M,Muslim,2,2,1,1,1,1,2,1,2,1,3,4,4,3,2,2,1,1,1,1,1,3,3,7,5,3,7,1,0,B6
911,B0616,6,B,6B,Hindu,Enemies,Enemy5,2,12,M,16,1,7,6,7,7,6,6,6,2,3,7,4,2,NA,1,3,1,3,2,2,1,1,3,1,2,5,1,1,3,4,4,4,1,1,1,1,5,1,5,5,M,Muslim,3,1,2,2,1,2,NA,2,1,1,1,4,1,7,5,1,3,2,1,2,1,3,4,7,1,1,7,1,0,B6
912,B0616,6,B,6B,Hindu,Enemies,Enemy6,2,13,M,16,1,7,6,7,7,6,6,6,2,3,7,4,2,NA,1,3,1,3,2,2,1,1,3,1,2,5,1,1,3,4,4,4,1,1,1,1,5,1,5,5,M,NA,NA,NA,NA,NA,NA,NA,NA,NA,NA,NA,NA,NA,NA,NA,NA,NA,NA,NA,NA,NA,NA,NA,NA,NA,NA,NA,NA,1,NA,B6
913,B0616,6,B,6B,Hindu,Enemies,Enemy7,2,15,M,16,1,7,6,7,7,6,6,6,2,3,7,4,2,NA,1,3,1,3,2,2,1,1,3,1,2,5,1,1,3,4,4,4,1,1,1,1,5,1,5,5,M,Muslim,NA,1,2,2,1,1,1,4,5,1,1,7,5,7,1,5,2,1,3,1,1,2,3,7,7,1,7,1,0,B6
914,B0617,6,B,6B,Muslim,Enemies,Enemy1,2,2,M,17,1,7,1,7,1,7,3,6,1,3,1,2,2,NA,1,NA,NA,NA,1,1,1,2,1,1,1,1,2,1,4,1,3,1,5,3,1,5,1,1,3,5,M,Hindu,3,1,2,1,2,1,4,4,5,2,1,7,7,1,2,1,1,2,1,1,1,2,5,7,4,3,1,1,0,B6
915,B0617,6,B,6B,Muslim,Enemies,Enemy2,2,3,M,17,1,7,1,7,1,7,3,6,1,3,1,2,2,NA,1,NA,NA,NA,1,1,1,2,1,1,1,1,2,1,4,1,3,1,5,3,1,5,1,1,3,5,M,Hindu,1,3,2,3,1,2,3,4,2,2,1,3,3,2,1,2,3,2,1,1,1,3,2,5,2,7,1,1,0,B6
916,B0617,6,B,6B,Muslim,Enemies,Enemy3,2,9,M,17,1,7,1,7,1,7,3,6,1,3,1,2,2,NA,1,NA,NA,NA,1,1,1,2,1,1,1,1,2,1,4,1,3,1,5,3,1,5,1,1,3,5,M,Hindu,2,1,1,1,1,1,3,1,4,2,3,4,4,4,1,1,2,5,1,3,1,5,1,7,7,5,6,1,0,B6
917,B0617,6,B,6B,Muslim,Enemies,Enemy4,2,11,M,17,1,7,1,7,1,7,3,6,1,3,1,2,2,NA,1,NA,NA,NA,1,1,1,2,1,1,1,1,2,1,4,1,3,1,5,3,1,5,1,1,3,5,M,Hindu,1,2,1,1,1,1,2,1,1,2,1,7,4,5,2,3,2,2,1,1,1,2,4,7,3,7,1,1,0,B6
918,B0617,6,B,6B,Muslim,Enemies,Enemy5,2,14,M,17,1,7,1,7,1,7,3,6,1,3,1,2,2,NA,1,NA,NA,NA,1,1,1,2,1,1,1,1,2,1,4,1,3,1,5,3,1,5,1,1,3,5,M,Hindu,2,1,2,1,1,2,2,1,2,2,1,7,5,4,2,1,1,2,2,1,1,2,2,7,4,7,2,1,0,B6
919,B0618,6,B,6B,Muslim,Enemies,Enemy1,2,1,M,18,NA,NA,NA,NA,NA,NA,NA,NA,NA,NA,4,NA,8,NA,1,1,NA,1,1,1,1,2,1,1,1,2,2,1,4,4,4,5,1,5,1,5,5,2,2,1,M,Muslim,1,1,1,1,1,1,5,1,1,1,1,3,3,3,3,3,1,1,2,3,3,4,4,7,4,5,7,1,1,B6
920,B0620,6,B,6B,Muslim,Enemies,Enemy1,2,1,M,20,NA,7,NA,7,1,7,6,6,5,6,7,3,8,8,1,1,1,1,1,1,1,4,2,1,2,1,2,1,4,4,4,2,3,4,1,2,1,3,5,2,M,Muslim,1,1,1,1,1,1,5,1,1,1,1,3,3,3,3,3,1,1,2,3,3,4,4,7,4,5,7,1,1,B6
921,B0620,6,B,6B,Muslim,Enemies,Enemy2,2,2,M,20,NA,7,NA,7,1,7,6,6,5,6,7,3,8,8,1,1,1,1,1,1,1,4,2,1,2,1,2,1,4,4,4,2,3,4,1,2,1,3,5,2,M,Hindu,3,1,2,1,2,1,4,4,5,2,1,7,7,1,2,1,1,2,1,1,1,2,5,7,4,3,1,1,0,B6
922,B0620,6,B,6B,Muslim,Enemies,Enemy3,2,3,M,20,NA,7,NA,7,1,7,6,6,5,6,7,3,8,8,1,1,1,1,1,1,1,4,2,1,2,1,2,1,4,4,4,2,3,4,1,2,1,3,5,2,M,Hindu,1,3,2,3,1,2,3,4,2,2,1,3,3,2,1,2,3,2,1,1,1,3,2,5,2,7,1,1,0,B6
923,B0620,6,B,6B,Muslim,Enemies,Enemy4,2,4,M,20,NA,7,NA,7,1,7,6,6,5,6,7,3,8,8,1,1,1,1,1,1,1,4,2,1,2,1,2,1,4,4,4,2,3,4,1,2,1,3,5,2,M,Hindu,1,1,1,1,1,1,3,1,2,2,1,4,7,2,5,5,5,5,5,4,5,1,5,7,7,7,6,1,0,B6
924,B0620,6,B,6B,Muslim,Enemies,Enemy5,2,6,M,20,NA,7,NA,7,1,7,6,6,5,6,7,3,8,8,1,1,1,1,1,1,1,4,2,1,2,1,2,1,4,4,4,2,3,4,1,2,1,3,5,2,M,Hindu,2,3,1,1,1,1,3,1,2,2,1,4,5,7,2,2,2,1,3,1,1,3,2,4,4,7,4,1,0,B6
925,B0620,6,B,6B,Muslim,Enemies,Enemy6,2,9,M,20,NA,7,NA,7,1,7,6,6,5,6,7,3,8,8,1,1,1,1,1,1,1,4,2,1,2,1,2,1,4,4,4,2,3,4,1,2,1,3,5,2,M,Hindu,2,1,1,1,1,1,3,1,4,2,3,4,4,4,1,1,2,5,1,3,1,5,1,7,7,5,6,1,0,B6
926,B0620,6,B,6B,Muslim,Enemies,Enemy7,2,25,M,20,NA,7,NA,7,1,7,6,6,5,6,7,3,8,8,1,1,1,1,1,1,1,4,2,1,2,1,2,1,4,4,4,2,3,4,1,2,1,3,5,2,M,Hindu,1,1,1,2,1,2,3,1,1,2,1,6,7,7,2,1,2,1,1,2,1,5,3,7,5,7,3,1,0,B6
927,B0621,6,B,6B,Muslim,Enemies,Enemy1,2,2,M,21,5,6,6,7,5,7,7,5,5,6,7,5,8,NA,1,2,2,1,1,1,1,2,2,1,1,1,2,1,4,4,4,NA,1,2,NA,1,1,1,3,3,M,Hindu,3,1,2,1,2,1,4,4,5,2,1,7,7,1,2,1,1,2,1,1,1,2,5,7,4,3,1,1,0,B6
928,B0621,6,B,6B,Muslim,Enemies,Enemy2,2,15,M,21,5,6,6,7,5,7,7,5,5,6,7,5,8,NA,1,2,2,1,1,1,1,2,2,1,1,1,2,1,4,4,4,NA,1,2,NA,1,1,1,3,3,M,Muslim,NA,1,2,2,1,1,1,4,5,1,1,7,5,7,1,5,2,1,3,1,1,2,3,7,7,1,7,1,1,B6
929,B0621,6,B,6B,Muslim,Enemies,Enemy3,2,23,M,21,5,6,6,7,5,7,7,5,5,6,7,5,8,NA,1,2,2,1,1,1,1,2,2,1,1,1,2,1,4,4,4,NA,1,2,NA,1,1,1,3,3,M,Hindu,2,1,1,1,1,1,1,1,2,1,1,4,4,3,3,1,1,1,1,3,2,1,1,7,1,7,1,1,0,B6
930,B0621,6,B,6B,Muslim,Enemies,Enemy4,2,26,M,21,5,6,6,7,5,7,7,5,5,6,7,5,8,NA,1,2,2,1,1,1,1,2,2,1,1,1,2,1,4,4,4,NA,1,2,NA,1,1,1,3,3,M,NA,NA,NA,NA,NA,NA,NA,NA,NA,NA,NA,NA,NA,NA,NA,NA,NA,NA,NA,NA,NA,NA,NA,NA,NA,NA,NA,NA,1,NA,B6
931,B0621,6,B,6B,Muslim,Enemies,Enemy5,2,41,M,21,5,6,6,7,5,7,7,5,5,6,7,5,8,NA,1,2,2,1,1,1,1,2,2,1,1,1,2,1,4,4,4,NA,1,2,NA,1,1,1,3,3,M,Muslim,2,1,1,1,2,1,4,1,1,1,1,4,4,4,1,1,2,1,5,1,1,5,5,7,7,1,7,1,1,B6
932,B0621,6,B,6B,Muslim,Enemies,Enemy6,2,53,M,21,5,6,6,7,5,7,7,5,5,6,7,5,8,NA,1,2,2,1,1,1,1,2,2,1,1,1,2,1,4,4,4,NA,1,2,NA,1,1,1,3,3,F,NA,NA,NA,NA,NA,NA,NA,NA,NA,NA,NA,NA,NA,NA,NA,NA,NA,NA,NA,NA,NA,NA,NA,NA,NA,NA,NA,NA,0,NA,B6
933,B0622,6,B,6B,Hindu,Enemies,Enemy1,2,5,M,22,3,7,1,5,7,1,6,7,2,1,4,7,1,NA,1,5,1,1,3,2,1,1,1,4,2,3,1,1,4,4,2,1,4,3,2,1,3,1,1,1,M,Muslim,1,4,1,1,1,3,4,2,1,3,1,4,3,4,2,1,1,2,1,5,2,5,1,NA,2,3,7,1,0,B6
934,B0622,6,B,6B,Hindu,Enemies,Enemy2,2,12,M,22,3,7,1,5,7,1,6,7,2,1,4,7,1,NA,1,5,1,1,3,2,1,1,1,4,2,3,1,1,4,4,2,1,4,3,2,1,3,1,1,1,M,Muslim,3,1,2,2,1,2,NA,2,1,1,1,4,1,7,5,1,3,2,1,2,1,3,4,7,1,1,7,1,0,B6
935,B0622,6,B,6B,Hindu,Enemies,Enemy3,2,13,M,22,3,7,1,5,7,1,6,7,2,1,4,7,1,NA,1,5,1,1,3,2,1,1,1,4,2,3,1,1,4,4,2,1,4,3,2,1,3,1,1,1,M,NA,NA,NA,NA,NA,NA,NA,NA,NA,NA,NA,NA,NA,NA,NA,NA,NA,NA,NA,NA,NA,NA,NA,NA,NA,NA,NA,NA,1,NA,B6
936,B0622,6,B,6B,Hindu,Enemies,Enemy4,2,15,M,22,3,7,1,5,7,1,6,7,2,1,4,7,1,NA,1,5,1,1,3,2,1,1,1,4,2,3,1,1,4,4,2,1,4,3,2,1,3,1,1,1,M,Muslim,NA,1,2,2,1,1,1,4,5,1,1,7,5,7,1,5,2,1,3,1,1,2,3,7,7,1,7,1,0,B6
937,B0622,6,B,6B,Hindu,Enemies,Enemy5,2,19,M,22,3,7,1,5,7,1,6,7,2,1,4,7,1,NA,1,5,1,1,3,2,1,1,1,4,2,3,1,1,4,4,2,1,4,3,2,1,3,1,1,1,M,NA,NA,NA,NA,NA,NA,NA,NA,NA,NA,NA,NA,NA,NA,NA,NA,NA,NA,NA,NA,NA,NA,NA,NA,NA,NA,NA,NA,1,NA,B6
938,B0622,6,B,6B,Hindu,Enemies,Enemy6,2,40,M,22,3,7,1,5,7,1,6,7,2,1,4,7,1,NA,1,5,1,1,3,2,1,1,1,4,2,3,1,1,4,4,2,1,4,3,2,1,3,1,1,1,M,Hindu,2,3,1,1,2,1,2,1,3,1,1,4,3,4,2,2,1,1,1,1,1,NA,2,7,2,7,1,1,1,B6
939,B0622,6,B,6B,Hindu,Enemies,Enemy7,2,41,M,22,3,7,1,5,7,1,6,7,2,1,4,7,1,NA,1,5,1,1,3,2,1,1,1,4,2,3,1,1,4,4,2,1,4,3,2,1,3,1,1,1,M,Muslim,2,1,1,1,2,1,4,1,1,1,1,4,4,4,1,1,2,1,5,1,1,5,5,7,7,1,7,1,0,B6
940,B0623,6,B,6B,Hindu,Enemies,Enemy1,2,53,M,23,1,7,1,7,7,1,7,7,4,2,7,7,8,NA,1,2,1,1,1,1,1,NA,1,1,2,1,1,1,4,4,3,3,1,1,1,1,3,2,1,1,F,NA,NA,NA,NA,NA,NA,NA,NA,NA,NA,NA,NA,NA,NA,NA,NA,NA,NA,NA,NA,NA,NA,NA,NA,NA,NA,NA,NA,0,NA,B6
941,B0624,6,B,6B,Muslim,Enemies,Enemy1,2,2,M,24,2,7,7,5,1,7,6,4,1,4,NA,NA,6,NA,1,1,1,1,1,1,1,2,4,1,1,1,2,1,4,4,4,3,1,1,1,1,5,1,1,2,M,Hindu,3,1,2,1,2,1,4,4,5,2,1,7,7,1,2,1,1,2,1,1,1,2,5,7,4,3,1,1,0,B6
942,B0624,6,B,6B,Muslim,Enemies,Enemy2,2,3,M,24,2,7,7,5,1,7,6,4,1,4,NA,NA,6,NA,1,1,1,1,1,1,1,2,4,1,1,1,2,1,4,4,4,3,1,1,1,1,5,1,1,2,M,Hindu,1,3,2,3,1,2,3,4,2,2,1,3,3,2,1,2,3,2,1,1,1,3,2,5,2,7,1,1,0,B6
943,B0624,6,B,6B,Muslim,Enemies,Enemy3,2,10,M,24,2,7,7,5,1,7,6,4,1,4,NA,NA,6,NA,1,1,1,1,1,1,1,2,4,1,1,1,2,1,4,4,4,3,1,1,1,1,5,1,1,2,M,Hindu,2,2,1,1,1,1,3,1,2,2,1,7,7,3,5,2,2,1,1,1,1,2,2,7,1,6,1,1,0,B6
944,B0624,6,B,6B,Muslim,Enemies,Enemy4,2,16,M,24,2,7,7,5,1,7,6,4,1,4,NA,NA,6,NA,1,1,1,1,1,1,1,2,4,1,1,1,2,1,4,4,4,3,1,1,1,1,5,1,1,2,M,Hindu,3,1,3,2,2,1,3,1,2,5,1,3,4,4,4,1,1,1,1,5,1,5,5,7,6,7,6,1,0,B6
945,B0624,6,B,6B,Muslim,Enemies,Enemy5,2,28,M,24,2,7,7,5,1,7,6,4,1,4,NA,NA,6,NA,1,1,1,1,1,1,1,2,4,1,1,1,2,1,4,4,4,3,1,1,1,1,5,1,1,2,M,other,1,1,1,1,1,1,1,1,1,1,1,7,7,7,5,5,5,5,5,3,5,3,5,7,7,7,7,1,0,B6
946,B0624,6,B,6B,Muslim,Enemies,Enemy6,2,36,M,24,2,7,7,5,1,7,6,4,1,4,NA,NA,6,NA,1,1,1,1,1,1,1,2,4,1,1,1,2,1,4,4,4,3,1,1,1,1,5,1,1,2,M,Hindu,1,1,1,1,1,1,1,1,1,5,1,4,1,1,1,1,1,3,1,1,1,4,1,7,6,6,6,1,0,B6
947,B0624,6,B,6B,Muslim,Enemies,Enemy7,2,38,M,24,2,7,7,5,1,7,6,4,1,4,NA,NA,6,NA,1,1,1,1,1,1,1,2,4,1,1,1,2,1,4,4,4,3,1,1,1,1,5,1,1,2,M,NA,NA,NA,NA,NA,NA,NA,NA,NA,NA,NA,NA,NA,NA,NA,NA,NA,NA,NA,NA,NA,NA,NA,NA,NA,NA,NA,NA,1,NA,B6
948,B0625,6,B,6B,Hindu,Enemies,Enemy1,2,35,M,25,1,7,5,5,7,3,7,7,4,6,5,4,3,NA,1,1,1,1,2,1,2,1,3,1,1,2,1,1,6,7,7,2,1,2,1,1,2,1,5,3,M,Muslim,1,1,1,1,1,2,4,1,1,1,1,7,5,5,1,1,1,3,1,1,1,1,1,7,7,1,7,1,0,B6
949,B0625,6,B,6B,Hindu,Enemies,Enemy2,2,53,M,25,1,7,5,5,7,3,7,7,4,6,5,4,3,NA,1,1,1,1,2,1,2,1,3,1,1,2,1,1,6,7,7,2,1,2,1,1,2,1,5,3,F,NA,NA,NA,NA,NA,NA,NA,NA,NA,NA,NA,NA,NA,NA,NA,NA,NA,NA,NA,NA,NA,NA,NA,NA,NA,NA,NA,NA,0,NA,B6
950,B0629,6,B,6B,Hindu,Enemies,Enemy1,2,12,M,29,3,7,5,7,7,4,2,3,1,5,1,NA,2,NA,1,2,3,1,1,2,1,2,1,1,4,3,1,1,4,5,3,2,1,2,1,1,1,2,5,1,M,Muslim,3,1,2,2,1,2,NA,2,1,1,1,4,1,7,5,1,3,2,1,2,1,3,4,7,1,1,7,1,0,B6
951,B0629,6,B,6B,Hindu,Enemies,Enemy2,2,15,M,29,3,7,5,7,7,4,2,3,1,5,1,NA,2,NA,1,2,3,1,1,2,1,2,1,1,4,3,1,1,4,5,3,2,1,2,1,1,1,2,5,1,M,Muslim,NA,1,2,2,1,1,1,4,5,1,1,7,5,7,1,5,2,1,3,1,1,2,3,7,7,1,7,1,0,B6
952,B0629,6,B,6B,Hindu,Enemies,Enemy3,2,17,M,29,3,7,5,7,7,4,2,3,1,5,1,NA,2,NA,1,2,3,1,1,2,1,2,1,1,4,3,1,1,4,5,3,2,1,2,1,1,1,2,5,1,M,Muslim,NA,NA,NA,1,1,1,1,1,1,1,1,4,1,3,1,5,3,1,5,1,1,3,5,7,1,1,7,1,0,B6
953,B0629,6,B,6B,Hindu,Enemies,Enemy4,2,27,M,29,3,7,5,7,7,4,2,3,1,5,1,NA,2,NA,1,2,3,1,1,2,1,2,1,1,4,3,1,1,4,5,3,2,1,2,1,1,1,2,5,1,M,NA,NA,NA,NA,NA,NA,NA,NA,NA,NA,NA,NA,NA,NA,NA,NA,NA,NA,NA,NA,NA,NA,NA,NA,NA,NA,NA,NA,1,NA,B6
954,B0629,6,B,6B,Hindu,Enemies,Enemy5,2,41,M,29,3,7,5,7,7,4,2,3,1,5,1,NA,2,NA,1,2,3,1,1,2,1,2,1,1,4,3,1,1,4,5,3,2,1,2,1,1,1,2,5,1,M,Muslim,2,1,1,1,2,1,4,1,1,1,1,4,4,4,1,1,2,1,5,1,1,5,5,7,7,1,7,1,0,B6
955,B0630,6,B,6B,Muslim,Enemies,Enemy1,2,12,M,30,3,7,5,7,4,3,7,5,6,5,4,5,8,DOWERE NOHARA,1,1,3,3,1,3,2,4,5,1,4,1,3,3,4,5,5,2,1,1,3,1,2,2,3,3,M,Muslim,3,1,2,2,1,2,NA,2,1,1,1,4,1,7,5,1,3,2,1,2,1,3,4,7,1,1,7,1,1,B6
956,B0630,6,B,6B,Muslim,Enemies,Enemy2,2,15,M,30,3,7,5,7,4,3,7,5,6,5,4,5,8,DOWERE NOHARA,1,1,3,3,1,3,2,4,5,1,4,1,3,3,4,5,5,2,1,1,3,1,2,2,3,3,M,Muslim,NA,1,2,2,1,1,1,4,5,1,1,7,5,7,1,5,2,1,3,1,1,2,3,7,7,1,7,1,1,B6
957,B0630,6,B,6B,Muslim,Enemies,Enemy3,2,23,M,30,3,7,5,7,4,3,7,5,6,5,4,5,8,DOWERE NOHARA,1,1,3,3,1,3,2,4,5,1,4,1,3,3,4,5,5,2,1,1,3,1,2,2,3,3,M,Hindu,2,1,1,1,1,1,1,1,2,1,1,4,4,3,3,1,1,1,1,3,2,1,1,7,1,7,1,1,0,B6
958,B0630,6,B,6B,Muslim,Enemies,Enemy4,2,40,M,30,3,7,5,7,4,3,7,5,6,5,4,5,8,DOWERE NOHARA,1,1,3,3,1,3,2,4,5,1,4,1,3,3,4,5,5,2,1,1,3,1,2,2,3,3,M,Hindu,2,3,1,1,2,1,2,1,3,1,1,4,3,4,2,2,1,1,1,1,1,NA,2,7,2,7,1,1,0,B6
959,B0630,6,B,6B,Muslim,Enemies,Enemy5,2,41,M,30,3,7,5,7,4,3,7,5,6,5,4,5,8,DOWERE NOHARA,1,1,3,3,1,3,2,4,5,1,4,1,3,3,4,5,5,2,1,1,3,1,2,2,3,3,M,Muslim,2,1,1,1,2,1,4,1,1,1,1,4,4,4,1,1,2,1,5,1,1,5,5,7,7,1,7,1,1,B6
960,B0631,6,B,6B,Muslim,Enemies,Enemy1,2,28,M,31,2,6,5,7,4,3,5,5,1,3,1,5,7,NA,1,3,1,2,3,2,1,2,2,5,1,NA,2,2,3,1,2,3,2,2,1,1,2,2,1,3,M,other,1,1,1,1,1,1,1,1,1,1,1,7,7,7,5,5,5,5,5,3,5,3,5,7,7,7,7,1,0,B6
961,B0631,6,B,6B,Muslim,Enemies,Enemy2,2,29,M,31,2,6,5,7,4,3,5,5,1,3,1,5,7,NA,1,3,1,2,3,2,1,2,2,5,1,NA,2,2,3,1,2,3,2,2,1,1,2,2,1,3,M,Hindu,2,3,1,1,2,1,1,1,4,3,1,4,5,3,2,1,2,1,1,1,2,5,1,7,5,7,4,1,0,B6
962,B0632,6,B,6B,Muslim,Enemies,Enemy1,2,1,M,32,NA,1,NA,NA,NA,NA,NA,NA,NA,1,NA,NA,7,NA,1,2,2,3,1,3,1,2,3,1,4,2,2,1,4,1,3,1,1,2,2,1,1,1,1,4,M,Muslim,1,1,1,1,1,1,5,1,1,1,1,3,3,3,3,3,1,1,2,3,3,4,4,7,4,5,7,1,1,B6
963,B0632,6,B,6B,Muslim,Enemies,Enemy2,2,17,M,32,NA,1,NA,NA,NA,NA,NA,NA,NA,1,NA,NA,7,NA,1,2,2,3,1,3,1,2,3,1,4,2,2,1,4,1,3,1,1,2,2,1,1,1,1,4,M,Muslim,NA,NA,NA,1,1,1,1,1,1,1,1,4,1,3,1,5,3,1,5,1,1,3,5,7,1,1,7,1,1,B6
964,B0632,6,B,6B,Muslim,Enemies,Enemy3,2,18,M,32,NA,1,NA,NA,NA,NA,NA,NA,NA,1,NA,NA,7,NA,1,2,2,3,1,3,1,2,3,1,4,2,2,1,4,1,3,1,1,2,2,1,1,1,1,4,M,Muslim,1,NA,1,1,1,1,1,1,1,2,1,4,4,4,5,1,5,1,5,5,2,2,1,NA,NA,NA,NA,1,1,B6
965,B0632,6,B,6B,Muslim,Enemies,Enemy4,2,19,M,32,NA,1,NA,NA,NA,NA,NA,NA,NA,1,NA,NA,7,NA,1,2,2,3,1,3,1,2,3,1,4,2,2,1,4,1,3,1,1,2,2,1,1,1,1,4,M,NA,NA,NA,NA,NA,NA,NA,NA,NA,NA,NA,NA,NA,NA,NA,NA,NA,NA,NA,NA,NA,NA,NA,NA,NA,NA,NA,NA,1,NA,B6
966,B0632,6,B,6B,Muslim,Enemies,Enemy5,2,29,M,32,NA,1,NA,NA,NA,NA,NA,NA,NA,1,NA,NA,7,NA,1,2,2,3,1,3,1,2,3,1,4,2,2,1,4,1,3,1,1,2,2,1,1,1,1,4,M,Hindu,2,3,1,1,2,1,1,1,4,3,1,4,5,3,2,1,2,1,1,1,2,5,1,7,5,7,4,1,0,B6
967,B0632,6,B,6B,Muslim,Enemies,Enemy6,2,36,M,32,NA,1,NA,NA,NA,NA,NA,NA,NA,1,NA,NA,7,NA,1,2,2,3,1,3,1,2,3,1,4,2,2,1,4,1,3,1,1,2,2,1,1,1,1,4,M,Hindu,1,1,1,1,1,1,1,1,1,5,1,4,1,1,1,1,1,3,1,1,1,4,1,7,6,6,6,1,0,B6
968,B0632,6,B,6B,Muslim,Enemies,Enemy7,2,37,M,32,NA,1,NA,NA,NA,NA,NA,NA,NA,1,NA,NA,7,NA,1,2,2,3,1,3,1,2,3,1,4,2,2,1,4,1,3,1,1,2,2,1,1,1,1,4,M,Hindu,1,3,4,1,2,1,3,1,3,3,1,4,5,3,2,1,1,3,1,2,1,5,5,5,4,6,3,1,0,B6
969,B0635,6,B,6B,Muslim,Enemies,Enemy1,2,36,M,35,5,7,7,3,1,7,5,6,7,6,5,1,7,NA,1,1,1,1,1,1,2,2,4,1,1,1,2,1,7,5,5,1,1,1,3,1,1,1,1,1,M,Hindu,1,1,1,1,1,1,1,1,1,5,1,4,1,1,1,1,1,3,1,1,1,4,1,7,6,6,6,1,0,B6
970,B0635,6,B,6B,Muslim,Enemies,Enemy2,2,53,M,35,5,7,7,3,1,7,5,6,7,6,5,1,7,NA,1,1,1,1,1,1,2,2,4,1,1,1,2,1,7,5,5,1,1,1,3,1,1,1,1,1,F,NA,NA,NA,NA,NA,NA,NA,NA,NA,NA,NA,NA,NA,NA,NA,NA,NA,NA,NA,NA,NA,NA,NA,NA,NA,NA,NA,NA,0,NA,B6
971,B0636,6,B,6B,Hindu,Enemies,Enemy1,2,23,M,36,2,7,6,7,6,6,7,7,6,6,7,6,1,NA,1,1,1,1,1,1,1,4,1,1,1,5,1,1,4,1,1,1,1,1,3,1,1,1,4,1,M,Hindu,2,1,1,1,1,1,1,1,2,1,1,4,4,3,3,1,1,1,1,3,2,1,1,7,1,7,1,1,1,B6
972,B0636,6,B,6B,Hindu,Enemies,Enemy2,2,29,M,36,2,7,6,7,6,6,7,7,6,6,7,6,1,NA,1,1,1,1,1,1,1,4,1,1,1,5,1,1,4,1,1,1,1,1,3,1,1,1,4,1,M,Hindu,2,3,1,1,2,1,1,1,4,3,1,4,5,3,2,1,2,1,1,1,2,5,1,7,5,7,4,1,1,B6
973,B0636,6,B,6B,Hindu,Enemies,Enemy3,2,40,M,36,2,7,6,7,6,6,7,7,6,6,7,6,1,NA,1,1,1,1,1,1,1,4,1,1,1,5,1,1,4,1,1,1,1,1,3,1,1,1,4,1,M,Hindu,2,3,1,1,2,1,2,1,3,1,1,4,3,4,2,2,1,1,1,1,1,NA,2,7,2,7,1,1,1,B6
974,B0637,6,B,6B,Hindu,Enemies,Enemy1,2,12,M,37,3,5,4,4,6,3,5,4,4,4,3,4,6,NA,1,1,3,4,1,2,1,1,3,1,3,3,1,1,4,5,3,2,1,1,3,1,2,1,5,5,M,Muslim,3,1,2,2,1,2,NA,2,1,1,1,4,1,7,5,1,3,2,1,2,1,3,4,7,1,1,7,1,0,B6
975,B0637,6,B,6B,Hindu,Enemies,Enemy2,2,34,M,37,3,5,4,4,6,3,5,4,4,4,3,4,6,NA,1,1,3,4,1,2,1,1,3,1,3,3,1,1,4,5,3,2,1,1,3,1,2,1,5,5,M,Muslim,4,NA,1,1,NA,1,4,1,1,3,2,4,2,7,3,1,2,1,1,1,1,1,NA,6,5,NA,4,1,0,B6
976,B0637,6,B,6B,Hindu,Enemies,Enemy3,2,35,M,37,3,5,4,4,6,3,5,4,4,4,3,4,6,NA,1,1,3,4,1,2,1,1,3,1,3,3,1,1,4,5,3,2,1,1,3,1,2,1,5,5,M,Muslim,1,1,1,1,1,2,4,1,1,1,1,7,5,5,1,1,1,3,1,1,1,1,1,7,7,1,7,1,0,B6
977,B0640,6,B,6B,Hindu,Enemies,Enemy1,2,1,M,40,1,7,2,7,7,1,NA,7,3,4,6,3,1,NA,1,2,3,1,1,2,1,1,2,1,3,1,1,1,4,3,4,2,2,1,1,1,1,1,NA,2,M,Muslim,1,1,1,1,1,1,5,1,1,1,1,3,3,3,3,3,1,1,2,3,3,4,4,7,4,5,7,1,0,B6
978,B0640,6,B,6B,Hindu,Enemies,Enemy2,2,5,M,40,1,7,2,7,7,1,NA,7,3,4,6,3,1,NA,1,2,3,1,1,2,1,1,2,1,3,1,1,1,4,3,4,2,2,1,1,1,1,1,NA,2,M,Muslim,1,4,1,1,1,3,4,2,1,3,1,4,3,4,2,1,1,2,1,5,2,5,1,NA,2,3,7,1,0,B6
979,B0640,6,B,6B,Hindu,Enemies,Enemy3,2,8,M,40,1,7,2,7,7,1,NA,7,3,4,6,3,1,NA,1,2,3,1,1,2,1,1,2,1,3,1,1,1,4,3,4,2,2,1,1,1,1,1,NA,2,M,Muslim,2,2,1,1,1,1,2,1,2,1,3,4,4,3,2,2,1,1,1,1,1,3,3,7,5,3,7,1,0,B6
980,B0640,6,B,6B,Hindu,Enemies,Enemy4,2,17,M,40,1,7,2,7,7,1,NA,7,3,4,6,3,1,NA,1,2,3,1,1,2,1,1,2,1,3,1,1,1,4,3,4,2,2,1,1,1,1,1,NA,2,M,Muslim,NA,NA,NA,1,1,1,1,1,1,1,1,4,1,3,1,5,3,1,5,1,1,3,5,7,1,1,7,1,0,B6
981,B0640,6,B,6B,Hindu,Enemies,Enemy5,2,18,M,40,1,7,2,7,7,1,NA,7,3,4,6,3,1,NA,1,2,3,1,1,2,1,1,2,1,3,1,1,1,4,3,4,2,2,1,1,1,1,1,NA,2,M,Muslim,1,NA,1,1,1,1,1,1,1,2,1,4,4,4,5,1,5,1,5,5,2,2,1,NA,NA,NA,NA,1,0,B6
982,B0641,6,B,6B,Muslim,Enemies,Enemy1,2,6,M,41,2,7,7,6,1,7,2,7,2,1,2,5,7,NA,1,2,1,1,1,2,1,2,4,1,1,1,2,1,4,4,4,1,1,2,1,5,1,1,5,5,M,Hindu,2,3,1,1,1,1,3,1,2,2,1,4,5,7,2,2,2,1,3,1,1,3,2,4,4,7,4,1,0,B6
983,B0641,6,B,6B,Muslim,Enemies,Enemy2,2,9,M,41,2,7,7,6,1,7,2,7,2,1,2,5,7,NA,1,2,1,1,1,2,1,2,4,1,1,1,2,1,4,4,4,1,1,2,1,5,1,1,5,5,M,Hindu,2,1,1,1,1,1,3,1,4,2,3,4,4,4,1,1,2,5,1,3,1,5,1,7,7,5,6,1,0,B6
984,B0641,6,B,6B,Muslim,Enemies,Enemy3,2,29,M,41,2,7,7,6,1,7,2,7,2,1,2,5,7,NA,1,2,1,1,1,2,1,2,4,1,1,1,2,1,4,4,4,1,1,2,1,5,1,1,5,5,M,Hindu,2,3,1,1,2,1,1,1,4,3,1,4,5,3,2,1,2,1,1,1,2,5,1,7,5,7,4,1,0,B6
985,B0641,6,B,6B,Muslim,Enemies,Enemy4,2,30,M,41,2,7,7,6,1,7,2,7,2,1,2,5,7,NA,1,2,1,1,1,2,1,2,4,1,1,1,2,1,4,4,4,1,1,2,1,5,1,1,5,5,M,Muslim,1,3,3,1,3,2,5,1,4,1,3,4,5,5,2,1,1,3,1,2,2,3,3,7,5,4,3,1,1,B6
986,B0641,6,B,6B,Muslim,Enemies,Enemy5,2,31,M,41,2,7,7,6,1,7,2,7,2,1,2,5,7,NA,1,2,1,1,1,2,1,2,4,1,1,1,2,1,4,4,4,1,1,2,1,5,1,1,5,5,M,Muslim,3,1,2,3,2,1,2,5,1,NA,2,3,1,2,3,2,2,1,1,2,2,1,3,6,5,4,3,1,1,B6
987,B0641,6,B,6B,Muslim,Enemies,Enemy6,2,36,M,41,2,7,7,6,1,7,2,7,2,1,2,5,7,NA,1,2,1,1,1,2,1,2,4,1,1,1,2,1,4,4,4,1,1,2,1,5,1,1,5,5,M,Hindu,1,1,1,1,1,1,1,1,1,5,1,4,1,1,1,1,1,3,1,1,1,4,1,7,6,6,6,1,0,B6
988,B0644,6,B,6B,Muslim,Enemies,Enemy1,2,1,F,44,5,1,7,7,5,6,7,6,6,6,5,4,NA,BOHRA,2,1,1,2,2,1,1,1,3,1,1,3,3,1,4,2,3,2,1,1,4,1,5,1,5,1,M,Muslim,1,1,1,1,1,1,5,1,1,1,1,3,3,3,3,3,1,1,2,3,3,4,4,7,4,5,7,0,1,B6
989,B0644,6,B,6B,Muslim,Enemies,Enemy2,2,5,F,44,5,1,7,7,5,6,7,6,6,6,5,4,NA,BOHRA,2,1,1,2,2,1,1,1,3,1,1,3,3,1,4,2,3,2,1,1,4,1,5,1,5,1,M,Muslim,1,4,1,1,1,3,4,2,1,3,1,4,3,4,2,1,1,2,1,5,2,5,1,NA,2,3,7,0,1,B6
990,B0644,6,B,6B,Muslim,Enemies,Enemy3,2,12,F,44,5,1,7,7,5,6,7,6,6,6,5,4,NA,BOHRA,2,1,1,2,2,1,1,1,3,1,1,3,3,1,4,2,3,2,1,1,4,1,5,1,5,1,M,Muslim,3,1,2,2,1,2,NA,2,1,1,1,4,1,7,5,1,3,2,1,2,1,3,4,7,1,1,7,0,1,B6
991,B0644,6,B,6B,Muslim,Enemies,Enemy4,2,15,F,44,5,1,7,7,5,6,7,6,6,6,5,4,NA,BOHRA,2,1,1,2,2,1,1,1,3,1,1,3,3,1,4,2,3,2,1,1,4,1,5,1,5,1,M,Muslim,NA,1,2,2,1,1,1,4,5,1,1,7,5,7,1,5,2,1,3,1,1,2,3,7,7,1,7,0,1,B6
992,B0644,6,B,6B,Muslim,Enemies,Enemy5,2,18,F,44,5,1,7,7,5,6,7,6,6,6,5,4,NA,BOHRA,2,1,1,2,2,1,1,1,3,1,1,3,3,1,4,2,3,2,1,1,4,1,5,1,5,1,M,Muslim,1,NA,1,1,1,1,1,1,1,2,1,4,4,4,5,1,5,1,5,5,2,2,1,NA,NA,NA,NA,0,1,B6
993,B0644,6,B,6B,Muslim,Enemies,Enemy6,2,26,F,44,5,1,7,7,5,6,7,6,6,6,5,4,NA,BOHRA,2,1,1,2,2,1,1,1,3,1,1,3,3,1,4,2,3,2,1,1,4,1,5,1,5,1,M,NA,NA,NA,NA,NA,NA,NA,NA,NA,NA,NA,NA,NA,NA,NA,NA,NA,NA,NA,NA,NA,NA,NA,NA,NA,NA,NA,NA,0,NA,B6
994,B0644,6,B,6B,Muslim,Enemies,Enemy7,2,41,F,44,5,1,7,7,5,6,7,6,6,6,5,4,NA,BOHRA,2,1,1,2,2,1,1,1,3,1,1,3,3,1,4,2,3,2,1,1,4,1,5,1,5,1,M,Muslim,2,1,1,1,2,1,4,1,1,1,1,4,4,4,1,1,2,1,5,1,1,5,5,7,7,1,7,0,1,B6
995,B0645,6,B,6B,Hindu,Enemies,Enemy1,2,1,F,45,1,4,7,7,7,1,7,7,7,4,5,5,4,NA,2,2,2,1,1,1,1,1,4,1,3,2,1,1,7,7,6,2,1,1,1,1,1,1,5,5,M,Muslim,1,1,1,1,1,1,5,1,1,1,1,3,3,3,3,3,1,1,2,3,3,4,4,7,4,5,7,0,0,B6
996,B0645,6,B,6B,Hindu,Enemies,Enemy2,2,51,F,45,1,4,7,7,7,1,7,7,7,4,5,5,4,NA,2,2,2,1,1,1,1,1,4,1,3,2,1,1,7,7,6,2,1,1,1,1,1,1,5,5,F,Muslim,3,4,1,1,1,2,4,1,5,1,4,4,4,7,3,1,4,1,5,5,1,1,5,4,7,2,2,1,0,B6
997,B0645,6,B,6B,Hindu,Enemies,Enemy3,2,55,F,45,1,4,7,7,7,1,7,7,7,4,5,5,4,NA,2,2,2,1,1,1,1,1,4,1,3,2,1,1,7,7,6,2,1,1,1,1,1,1,5,5,F,Hindu,3,1,1,1,2,1,4,1,5,2,1,7,4,1,1,3,2,2,1,1,1,2,2,2,6,6,2,1,1,B6
998,B0645,6,B,6B,Hindu,Enemies,Enemy4,2,56,F,45,1,4,7,7,7,1,7,7,7,4,5,5,4,NA,2,2,2,1,1,1,1,1,4,1,3,2,1,1,7,7,6,2,1,1,1,1,1,1,5,5,F,Hindu,4,2,2,2,1,1,4,1,1,1,1,4,3,3,3,4,3,2,2,2,1,4,3,2,6,4,1,1,1,B6
999,B0645,6,B,6B,Hindu,Enemies,Enemy5,2,57,F,45,1,4,7,7,7,1,7,7,7,4,5,5,4,NA,2,2,2,1,1,1,1,1,4,1,3,2,1,1,7,7,6,2,1,1,1,1,1,1,5,5,F,Hindu,1,1,1,2,1,1,3,1,2,1,1,4,4,1,5,1,3,5,5,1,3,1,1,2,7,7,4,1,1,B6
1000,B0645,6,B,6B,Hindu,Enemies,Enemy6,2,63,F,45,1,4,7,7,7,1,7,7,7,4,5,5,4,NA,2,2,2,1,1,1,1,1,4,1,3,2,1,1,7,7,6,2,1,1,1,1,1,1,5,5,F,Muslim,2,1,1,2,1,2,2,4,5,3,NA,4,1,7,1,2,1,3,1,1,1,5,4,5,7,4,7,1,0,B6
1001,B0646,6,B,6B,Hindu,Enemies,Enemy1,2,7,F,46,1,7,7,7,7,1,7,7,5,6,3,5,2,NA,2,1,1,1,1,1,1,4,3,1,2,2,1,1,7,6,3,5,5,5,2,5,5,5,3,5,M,Muslim,1,1,2,1,1,1,4,1,1,1,1,4,4,4,1,1,1,3,4,5,1,5,3,7,7,3,NA,0,0,B6
1002,B0646,6,B,6B,Hindu,Enemies,Enemy2,2,53,F,46,1,7,7,7,7,1,7,7,5,6,3,5,2,NA,2,1,1,1,1,1,1,4,3,1,2,2,1,1,7,6,3,5,5,5,2,5,5,5,3,5,F,NA,NA,NA,NA,NA,NA,NA,NA,NA,NA,NA,NA,NA,NA,NA,NA,NA,NA,NA,NA,NA,NA,NA,NA,NA,NA,NA,NA,1,NA,B6
1003,B0646,6,B,6B,Hindu,Enemies,Enemy3,2,61,F,46,1,7,7,7,7,1,7,7,5,6,3,5,2,NA,2,1,1,1,1,1,1,4,3,1,2,2,1,1,7,6,3,5,5,5,2,5,5,5,3,5,F,Muslim,1,1,1,1,1,1,4,1,1,1,1,4,2,7,2,1,1,1,1,NA,1,1,NA,2,7,3,7,1,0,B6
1004,B0646,6,B,6B,Hindu,Enemies,Enemy4,2,63,F,46,1,7,7,7,7,1,7,7,5,6,3,5,2,NA,2,1,1,1,1,1,1,4,3,1,2,2,1,1,7,6,3,5,5,5,2,5,5,5,3,5,F,Muslim,2,1,1,2,1,2,2,4,5,3,NA,4,1,7,1,2,1,3,1,1,1,5,4,5,7,4,7,1,0,B6
1005,B0647,6,B,6B,Hindu,Enemies,Enemy1,2,59,F,47,1,1,7,5,6,5,6,6,5,5,3,4,8,NA,2,1,1,1,1,1,1,1,3,1,4,NA,1,2,4,2,4,2,1,1,1,3,1,1,3,3,F,Hindu,1,1,1,2,1,2,4,1,1,1,1,4,4,7,3,1,2,2,3,2,2,5,5,6,7,7,1,1,1,B6
1006,B0649,6,B,6B,Muslim,Enemies,Enemy1,2,1,F,49,2,4,7,7,5,7,7,6,6,7,6,1,6,NA,2,NA,2,1,1,3,1,3,4,2,1,1,2,1,7,4,4,3,2,1,1,1,4,1,5,5,M,Muslim,1,1,1,1,1,1,5,1,1,1,1,3,3,3,3,3,1,1,2,3,3,4,4,7,4,5,7,0,1,B6
1007,B0649,6,B,6B,Muslim,Enemies,Enemy2,2,23,F,49,2,4,7,7,5,7,7,6,6,7,6,1,6,NA,2,NA,2,1,1,3,1,3,4,2,1,1,2,1,7,4,4,3,2,1,1,1,4,1,5,5,M,Hindu,2,1,1,1,1,1,1,1,2,1,1,4,4,3,3,1,1,1,1,3,2,1,1,7,1,7,1,0,0,B6
1008,B0649,6,B,6B,Muslim,Enemies,Enemy3,2,26,F,49,2,4,7,7,5,7,7,6,6,7,6,1,6,NA,2,NA,2,1,1,3,1,3,4,2,1,1,2,1,7,4,4,3,2,1,1,1,4,1,5,5,M,NA,NA,NA,NA,NA,NA,NA,NA,NA,NA,NA,NA,NA,NA,NA,NA,NA,NA,NA,NA,NA,NA,NA,NA,NA,NA,NA,NA,0,NA,B6
1009,B0649,6,B,6B,Muslim,Enemies,Enemy4,2,27,F,49,2,4,7,7,5,7,7,6,6,7,6,1,6,NA,2,NA,2,1,1,3,1,3,4,2,1,1,2,1,7,4,4,3,2,1,1,1,4,1,5,5,M,NA,NA,NA,NA,NA,NA,NA,NA,NA,NA,NA,NA,NA,NA,NA,NA,NA,NA,NA,NA,NA,NA,NA,NA,NA,NA,NA,NA,0,NA,B6
1010,B0649,6,B,6B,Muslim,Enemies,Enemy5,2,36,F,49,2,4,7,7,5,7,7,6,6,7,6,1,6,NA,2,NA,2,1,1,3,1,3,4,2,1,1,2,1,7,4,4,3,2,1,1,1,4,1,5,5,M,Hindu,1,1,1,1,1,1,1,1,1,5,1,4,1,1,1,1,1,3,1,1,1,4,1,7,6,6,6,0,0,B6
1011,B0649,6,B,6B,Muslim,Enemies,Enemy6,2,40,F,49,2,4,7,7,5,7,7,6,6,7,6,1,6,NA,2,NA,2,1,1,3,1,3,4,2,1,1,2,1,7,4,4,3,2,1,1,1,4,1,5,5,M,Hindu,2,3,1,1,2,1,2,1,3,1,1,4,3,4,2,2,1,1,1,1,1,NA,2,7,2,7,1,0,0,B6
1012,B0650,6,B,6B,Muslim,Enemies,Enemy1,2,2,F,50,4,5,7,7,6,7,7,7,6,6,6,5,8,NA,2,2,2,1,1,1,1,1,2,1,1,1,2,1,7,1,3,1,1,1,1,1,1,1,5,2,M,Hindu,3,1,2,1,2,1,4,4,5,2,1,7,7,1,2,1,1,2,1,1,1,2,5,7,4,3,1,0,0,B6
1013,B0650,6,B,6B,Muslim,Enemies,Enemy2,2,8,F,50,4,5,7,7,6,7,7,7,6,6,6,5,8,NA,2,2,2,1,1,1,1,1,2,1,1,1,2,1,7,1,3,1,1,1,1,1,1,1,5,2,M,Muslim,2,2,1,1,1,1,2,1,2,1,3,4,4,3,2,2,1,1,1,1,1,3,3,7,5,3,7,0,1,B6
1014,B0650,6,B,6B,Muslim,Enemies,Enemy3,2,9,F,50,4,5,7,7,6,7,7,7,6,6,6,5,8,NA,2,2,2,1,1,1,1,1,2,1,1,1,2,1,7,1,3,1,1,1,1,1,1,1,5,2,M,Hindu,2,1,1,1,1,1,3,1,4,2,3,4,4,4,1,1,2,5,1,3,1,5,1,7,7,5,6,0,0,B6
1015,B0650,6,B,6B,Muslim,Enemies,Enemy4,2,16,F,50,4,5,7,7,6,7,7,7,6,6,6,5,8,NA,2,2,2,1,1,1,1,1,2,1,1,1,2,1,7,1,3,1,1,1,1,1,1,1,5,2,M,Hindu,3,1,3,2,2,1,3,1,2,5,1,3,4,4,4,1,1,1,1,5,1,5,5,7,6,7,6,0,0,B6
1016,B0650,6,B,6B,Muslim,Enemies,Enemy5,2,19,F,50,4,5,7,7,6,7,7,7,6,6,6,5,8,NA,2,2,2,1,1,1,1,1,2,1,1,1,2,1,7,1,3,1,1,1,1,1,1,1,5,2,M,NA,NA,NA,NA,NA,NA,NA,NA,NA,NA,NA,NA,NA,NA,NA,NA,NA,NA,NA,NA,NA,NA,NA,NA,NA,NA,NA,NA,0,NA,B6
1017,B0651,6,B,6B,Muslim,Enemies,Enemy1,2,1,F,51,7,4,7,5,2,2,7,7,4,NA,7,7,8,NA,2,3,4,1,1,1,2,2,4,1,5,1,2,4,4,4,7,3,1,4,1,5,5,1,1,5,M,Muslim,1,1,1,1,1,1,5,1,1,1,1,3,3,3,3,3,1,1,2,3,3,4,4,7,4,5,7,0,1,B6
1018,B0651,6,B,6B,Muslim,Enemies,Enemy2,2,2,F,51,7,4,7,5,2,2,7,7,4,NA,7,7,8,NA,2,3,4,1,1,1,2,2,4,1,5,1,2,4,4,4,7,3,1,4,1,5,5,1,1,5,M,Hindu,3,1,2,1,2,1,4,4,5,2,1,7,7,1,2,1,1,2,1,1,1,2,5,7,4,3,1,0,0,B6
1019,B0651,6,B,6B,Muslim,Enemies,Enemy3,2,15,F,51,7,4,7,5,2,2,7,7,4,NA,7,7,8,NA,2,3,4,1,1,1,2,2,4,1,5,1,2,4,4,4,7,3,1,4,1,5,5,1,1,5,M,Muslim,NA,1,2,2,1,1,1,4,5,1,1,7,5,7,1,5,2,1,3,1,1,2,3,7,7,1,7,0,1,B6
1020,B0651,6,B,6B,Muslim,Enemies,Enemy4,2,41,F,51,7,4,7,5,2,2,7,7,4,NA,7,7,8,NA,2,3,4,1,1,1,2,2,4,1,5,1,2,4,4,4,7,3,1,4,1,5,5,1,1,5,M,Muslim,2,1,1,1,2,1,4,1,1,1,1,4,4,4,1,1,2,1,5,1,1,5,5,7,7,1,7,0,1,B6
1021,B0652,6,B,6B,Hindu,Enemies,Enemy1,2,23,F,52,4,6,4,7,7,4,7,7,5,6,5,6,6,NA,2,2,1,4,1,2,1,1,3,1,2,1,1,1,4,4,4,4,1,1,1,1,5,1,5,5,M,Hindu,2,1,1,1,1,1,1,1,2,1,1,4,4,3,3,1,1,1,1,3,2,1,1,7,1,7,1,0,1,B6
1022,B0652,6,B,6B,Hindu,Enemies,Enemy2,2,26,F,52,4,6,4,7,7,4,7,7,5,6,5,6,6,NA,2,2,1,4,1,2,1,1,3,1,2,1,1,1,4,4,4,4,1,1,1,1,5,1,5,5,M,NA,NA,NA,NA,NA,NA,NA,NA,NA,NA,NA,NA,NA,NA,NA,NA,NA,NA,NA,NA,NA,NA,NA,NA,NA,NA,NA,NA,0,NA,B6
1023,B0652,6,B,6B,Hindu,Enemies,Enemy3,2,27,F,52,4,6,4,7,7,4,7,7,5,6,5,6,6,NA,2,2,1,4,1,2,1,1,3,1,2,1,1,1,4,4,4,4,1,1,1,1,5,1,5,5,M,NA,NA,NA,NA,NA,NA,NA,NA,NA,NA,NA,NA,NA,NA,NA,NA,NA,NA,NA,NA,NA,NA,NA,NA,NA,NA,NA,NA,0,NA,B6
1024,B0652,6,B,6B,Hindu,Enemies,Enemy4,2,33,F,52,4,6,4,7,7,4,7,7,5,6,5,6,6,NA,2,2,1,4,1,2,1,1,3,1,2,1,1,1,4,4,4,4,1,1,1,1,5,1,5,5,M,NA,NA,NA,NA,NA,NA,NA,NA,NA,NA,NA,NA,NA,NA,NA,NA,NA,NA,NA,NA,NA,NA,NA,NA,NA,NA,NA,NA,0,NA,B6
1025,B0652,6,B,6B,Hindu,Enemies,Enemy5,2,59,F,52,4,6,4,7,7,4,7,7,5,6,5,6,6,NA,2,2,1,4,1,2,1,1,3,1,2,1,1,1,4,4,4,4,1,1,1,1,5,1,5,5,F,Hindu,1,1,1,2,1,2,4,1,1,1,1,4,4,7,3,1,2,2,3,2,2,5,5,6,7,7,1,1,1,B6
1026,B0654,6,B,6B,Hindu,Enemies,Enemy1,2,55,F,54,5,6,7,6,7,1,6,5,4,5,6,2,8,NA,2,1,1,1,1,1,1,1,2,2,5,4,1,3,4,5,5,1,1,4,2,1,1,1,3,4,F,Hindu,3,1,1,1,2,1,4,1,5,2,1,7,4,1,1,3,2,2,1,1,1,2,2,2,6,6,2,1,1,B6
1027,B0654,6,B,6B,Hindu,Enemies,Enemy2,2,59,F,54,5,6,7,6,7,1,6,5,4,5,6,2,8,NA,2,1,1,1,1,1,1,1,2,2,5,4,1,3,4,5,5,1,1,4,2,1,1,1,3,4,F,Hindu,1,1,1,2,1,2,4,1,1,1,1,4,4,7,3,1,2,2,3,2,2,5,5,6,7,7,1,1,1,B6
1028,B0655,6,B,6B,Hindu,Enemies,Enemy1,2,45,F,55,2,2,6,6,6,2,6,2,2,2,2,6,8,NA,2,3,1,1,1,2,1,1,4,1,5,2,1,1,7,4,1,1,3,2,2,1,1,1,2,2,F,Hindu,2,2,1,1,1,1,4,1,3,2,1,7,7,6,2,1,1,1,1,1,1,5,5,4,7,7,1,1,1,B6
1029,B0655,6,B,6B,Hindu,Enemies,Enemy2,2,47,F,55,2,2,6,6,6,2,6,2,2,2,2,6,8,NA,2,3,1,1,1,2,1,1,4,1,5,2,1,1,7,4,1,1,3,2,2,1,1,1,2,2,F,Hindu,1,1,1,1,1,1,3,1,4,NA,2,4,2,4,2,1,1,1,3,1,1,3,3,1,7,6,5,1,1,B6
1030,B0655,6,B,6B,Hindu,Enemies,Enemy3,2,48,F,55,2,2,6,6,6,2,6,2,2,2,2,6,8,NA,2,3,1,1,1,2,1,1,4,1,5,2,1,1,7,4,1,1,3,2,2,1,1,1,2,2,F,Hindu,1,1,2,1,1,1,3,2,2,2,1,4,6,7,2,1,1,2,1,5,2,5,2,6,7,7,6,1,1,B6
1031,B0655,6,B,6B,Hindu,Enemies,Enemy4,2,50,F,55,2,2,6,6,6,2,6,2,2,2,2,6,8,NA,2,3,1,1,1,2,1,1,4,1,5,2,1,1,7,4,1,1,3,2,2,1,1,1,2,2,F,Muslim,2,2,1,1,1,1,2,1,1,1,1,7,1,3,1,1,1,1,1,1,1,5,2,5,7,6,7,1,0,B6
1032,B0655,6,B,6B,Hindu,Enemies,Enemy5,2,52,F,55,2,2,6,6,6,2,6,2,2,2,2,6,8,NA,2,3,1,1,1,2,1,1,4,1,5,2,1,1,7,4,1,1,3,2,2,1,1,1,2,2,F,Hindu,2,1,4,1,2,1,3,1,2,1,1,4,4,4,4,1,1,1,1,5,1,5,5,6,4,7,4,1,1,B6
1033,B0655,6,B,6B,Hindu,Enemies,Enemy6,2,53,F,55,2,2,6,6,6,2,6,2,2,2,2,6,8,NA,2,3,1,1,1,2,1,1,4,1,5,2,1,1,7,4,1,1,3,2,2,1,1,1,2,2,F,NA,NA,NA,NA,NA,NA,NA,NA,NA,NA,NA,NA,NA,NA,NA,NA,NA,NA,NA,NA,NA,NA,NA,NA,NA,NA,NA,NA,1,NA,B6
1034,B0655,6,B,6B,Hindu,Enemies,Enemy7,2,56,F,55,2,2,6,6,6,2,6,2,2,2,2,6,8,NA,2,3,1,1,1,2,1,1,4,1,5,2,1,1,7,4,1,1,3,2,2,1,1,1,2,2,F,Hindu,4,2,2,2,1,1,4,1,1,1,1,4,3,3,3,4,3,2,2,2,1,4,3,2,6,4,1,1,1,B6
1035,B0655,6,B,6B,Hindu,Enemies,Enemy8,2,57,F,55,2,2,6,6,6,2,6,2,2,2,2,6,8,NA,2,3,1,1,1,2,1,1,4,1,5,2,1,1,7,4,1,1,3,2,2,1,1,1,2,2,F,Hindu,1,1,1,2,1,1,3,1,2,1,1,4,4,1,5,1,3,5,5,1,3,1,1,2,7,7,4,1,1,B6
1036,B0655,6,B,6B,Hindu,Enemies,Enemy9,2,59,F,55,2,2,6,6,6,2,6,2,2,2,2,6,8,NA,2,3,1,1,1,2,1,1,4,1,5,2,1,1,7,4,1,1,3,2,2,1,1,1,2,2,F,Hindu,1,1,1,2,1,2,4,1,1,1,1,4,4,7,3,1,2,2,3,2,2,5,5,6,7,7,1,1,1,B6
1037,B0655,6,B,6B,Hindu,Enemies,Enemy10,2,60,F,55,2,2,6,6,6,2,6,2,2,2,2,6,8,NA,2,3,1,1,1,2,1,1,4,1,5,2,1,1,7,4,1,1,3,2,2,1,1,1,2,2,F,Hindu,1,1,1,1,1,1,1,2,2,1,1,7,6,5,3,1,2,1,3,NA,1,NA,3,1,7,7,1,1,1,B6
1038,B0655,6,B,6B,Hindu,Enemies,Enemy11,2,61,F,55,2,2,6,6,6,2,6,2,2,2,2,6,8,NA,2,3,1,1,1,2,1,1,4,1,5,2,1,1,7,4,1,1,3,2,2,1,1,1,2,2,F,Muslim,1,1,1,1,1,1,4,1,1,1,1,4,2,7,2,1,1,1,1,NA,1,1,NA,2,7,3,7,1,0,B6
1039,B0655,6,B,6B,Hindu,Enemies,Enemy12,2,62,F,55,2,2,6,6,6,2,6,2,2,2,2,6,8,NA,2,3,1,1,1,2,1,1,4,1,5,2,1,1,7,4,1,1,3,2,2,1,1,1,2,2,F,NA,NA,NA,NA,NA,NA,NA,NA,NA,NA,NA,NA,NA,NA,NA,NA,NA,NA,NA,NA,NA,NA,NA,NA,NA,NA,NA,NA,1,NA,B6
1040,B0655,6,B,6B,Hindu,Enemies,Enemy13,2,63,F,55,2,2,6,6,6,2,6,2,2,2,2,6,8,NA,2,3,1,1,1,2,1,1,4,1,5,2,1,1,7,4,1,1,3,2,2,1,1,1,2,2,F,Muslim,2,1,1,2,1,2,2,4,5,3,NA,4,1,7,1,2,1,3,1,1,1,5,4,5,7,4,7,1,0,B6
1041,B0655,6,B,6B,Hindu,Enemies,Enemy14,2,64,F,55,2,2,6,6,6,2,6,2,2,2,2,6,8,NA,2,3,1,1,1,2,1,1,4,1,5,2,1,1,7,4,1,1,3,2,2,1,1,1,2,2,F,Muslim,1,1,1,1,1,1,1,1,1,1,1,7,7,2,3,2,2,2,2,1,2,3,2,1,7,3,7,1,0,B6
1042,B0655,6,B,6B,Hindu,Enemies,Enemy15,2,65,F,55,2,2,6,6,6,2,6,2,2,2,2,6,8,NA,2,3,1,1,1,2,1,1,4,1,5,2,1,1,7,4,1,1,3,2,2,1,1,1,2,2,F,Hindu,1,1,3,1,2,1,3,1,2,3,3,3,2,1,2,1,1,1,3,5,1,5,1,1,7,7,1,1,1,B6
1043,B0656,6,B,6B,Hindu,Enemies,Enemy1,2,2,F,56,2,2,6,6,4,1,7,2,3,6,5,3,7,NA,2,4,2,2,2,1,1,1,4,1,1,1,1,1,4,3,3,3,4,3,2,2,2,1,4,3,M,Hindu,3,1,2,1,2,1,4,4,5,2,1,7,7,1,2,1,1,2,1,1,1,2,5,7,4,3,1,0,1,B6
1044,B0656,6,B,6B,Hindu,Enemies,Enemy2,2,16,F,56,2,2,6,6,4,1,7,2,3,6,5,3,7,NA,2,4,2,2,2,1,1,1,4,1,1,1,1,1,4,3,3,3,4,3,2,2,2,1,4,3,M,Hindu,3,1,3,2,2,1,3,1,2,5,1,3,4,4,4,1,1,1,1,5,1,5,5,7,6,7,6,0,1,B6
1045,B0656,6,B,6B,Hindu,Enemies,Enemy3,2,26,F,56,2,2,6,6,4,1,7,2,3,6,5,3,7,NA,2,4,2,2,2,1,1,1,4,1,1,1,1,1,4,3,3,3,4,3,2,2,2,1,4,3,M,NA,NA,NA,NA,NA,NA,NA,NA,NA,NA,NA,NA,NA,NA,NA,NA,NA,NA,NA,NA,NA,NA,NA,NA,NA,NA,NA,NA,0,NA,B6
1046,B0656,6,B,6B,Hindu,Enemies,Enemy4,2,27,F,56,2,2,6,6,4,1,7,2,3,6,5,3,7,NA,2,4,2,2,2,1,1,1,4,1,1,1,1,1,4,3,3,3,4,3,2,2,2,1,4,3,M,NA,NA,NA,NA,NA,NA,NA,NA,NA,NA,NA,NA,NA,NA,NA,NA,NA,NA,NA,NA,NA,NA,NA,NA,NA,NA,NA,NA,0,NA,B6
1047,B0657,6,B,6B,Hindu,Enemies,Enemy1,2,43,F,57,4,2,7,5,7,4,7,6,6,7,4,7,7,NA,2,1,1,1,2,1,1,1,3,1,2,1,1,1,4,4,1,5,1,3,5,5,1,3,1,1,F,NA,NA,NA,NA,NA,NA,NA,NA,NA,NA,NA,NA,NA,NA,NA,NA,NA,NA,NA,NA,NA,NA,NA,NA,NA,NA,NA,NA,1,NA,B6
1048,B0657,6,B,6B,Hindu,Enemies,Enemy2,2,45,F,57,4,2,7,5,7,4,7,6,6,7,4,7,7,NA,2,1,1,1,2,1,1,1,3,1,2,1,1,1,4,4,1,5,1,3,5,5,1,3,1,1,F,Hindu,2,2,1,1,1,1,4,1,3,2,1,7,7,6,2,1,1,1,1,1,1,5,5,4,7,7,1,1,1,B6
1049,B0657,6,B,6B,Hindu,Enemies,Enemy3,2,47,F,57,4,2,7,5,7,4,7,6,6,7,4,7,7,NA,2,1,1,1,2,1,1,1,3,1,2,1,1,1,4,4,1,5,1,3,5,5,1,3,1,1,F,Hindu,1,1,1,1,1,1,3,1,4,NA,2,4,2,4,2,1,1,1,3,1,1,3,3,1,7,6,5,1,1,B6
1050,B0657,6,B,6B,Hindu,Enemies,Enemy4,2,49,F,57,4,2,7,5,7,4,7,6,6,7,4,7,7,NA,2,1,1,1,2,1,1,1,3,1,2,1,1,1,4,4,1,5,1,3,5,5,1,3,1,1,F,Muslim,NA,2,1,1,3,1,4,2,1,1,1,7,4,4,3,2,1,1,1,4,1,5,5,4,7,5,7,1,0,B6
1051,B0657,6,B,6B,Hindu,Enemies,Enemy5,2,53,F,57,4,2,7,5,7,4,7,6,6,7,4,7,7,NA,2,1,1,1,2,1,1,1,3,1,2,1,1,1,4,4,1,5,1,3,5,5,1,3,1,1,F,NA,NA,NA,NA,NA,NA,NA,NA,NA,NA,NA,NA,NA,NA,NA,NA,NA,NA,NA,NA,NA,NA,NA,NA,NA,NA,NA,NA,1,NA,B6
1052,B0658,6,B,6B,Muslim,Enemies,Enemy1,2,56,F,58,4,4,7,4,4,7,7,4,4,7,4,4,8,NA,2,1,1,2,1,1,1,2,3,3,1,2,2,1,4,1,7,2,1,2,5,1,3,4,1,1,F,Hindu,4,2,2,2,1,1,4,1,1,1,1,4,3,3,3,4,3,2,2,2,1,4,3,2,6,4,1,1,0,B6
1053,B0658,6,B,6B,Muslim,Enemies,Enemy2,2,59,F,58,4,4,7,4,4,7,7,4,4,7,4,4,8,NA,2,1,1,2,1,1,1,2,3,3,1,2,2,1,4,1,7,2,1,2,5,1,3,4,1,1,F,Hindu,1,1,1,2,1,2,4,1,1,1,1,4,4,7,3,1,2,2,3,2,2,5,5,6,7,7,1,1,0,B6
1054,B0658,6,B,6B,Muslim,Enemies,Enemy3,2,63,F,58,4,4,7,4,4,7,7,4,4,7,4,4,8,NA,2,1,1,2,1,1,1,2,3,3,1,2,2,1,4,1,7,2,1,2,5,1,3,4,1,1,F,Muslim,2,1,1,2,1,2,2,4,5,3,NA,4,1,7,1,2,1,3,1,1,1,5,4,5,7,4,7,1,1,B6
1055,B0659,6,B,6B,Hindu,Enemies,Enemy1,2,6,F,59,2,6,7,6,7,1,7,6,3,5,5,7,1,NA,2,1,1,1,2,1,2,1,4,1,1,1,1,1,4,4,7,3,1,2,2,3,2,2,5,5,M,Hindu,2,3,1,1,1,1,3,1,2,2,1,4,5,7,2,2,2,1,3,1,1,3,2,4,4,7,4,0,1,B6
1056,B0659,6,B,6B,Hindu,Enemies,Enemy2,2,10,F,59,2,6,7,6,7,1,7,6,3,5,5,7,1,NA,2,1,1,1,2,1,2,1,4,1,1,1,1,1,4,4,7,3,1,2,2,3,2,2,5,5,M,Hindu,2,2,1,1,1,1,3,1,2,2,1,7,7,3,5,2,2,1,1,1,1,2,2,7,1,6,1,0,1,B6
1057,B0659,6,B,6B,Hindu,Enemies,Enemy3,2,11,F,59,2,6,7,6,7,1,7,6,3,5,5,7,1,NA,2,1,1,1,2,1,2,1,4,1,1,1,1,1,4,4,7,3,1,2,2,3,2,2,5,5,M,Hindu,1,2,1,1,1,1,2,1,1,2,1,7,4,5,2,3,2,2,1,1,1,2,4,7,3,7,1,0,1,B6
1058,B0659,6,B,6B,Hindu,Enemies,Enemy4,2,15,F,59,2,6,7,6,7,1,7,6,3,5,5,7,1,NA,2,1,1,1,2,1,2,1,4,1,1,1,1,1,4,4,7,3,1,2,2,3,2,2,5,5,M,Muslim,NA,1,2,2,1,1,1,4,5,1,1,7,5,7,1,5,2,1,3,1,1,2,3,7,7,1,7,0,0,B6
1059,B0659,6,B,6B,Hindu,Enemies,Enemy5,2,17,F,59,2,6,7,6,7,1,7,6,3,5,5,7,1,NA,2,1,1,1,2,1,2,1,4,1,1,1,1,1,4,4,7,3,1,2,2,3,2,2,5,5,M,Muslim,NA,NA,NA,1,1,1,1,1,1,1,1,4,1,3,1,5,3,1,5,1,1,3,5,7,1,1,7,0,0,B6
1060,B0659,6,B,6B,Hindu,Enemies,Enemy6,2,18,F,59,2,6,7,6,7,1,7,6,3,5,5,7,1,NA,2,1,1,1,2,1,2,1,4,1,1,1,1,1,4,4,7,3,1,2,2,3,2,2,5,5,M,Muslim,1,NA,1,1,1,1,1,1,1,2,1,4,4,4,5,1,5,1,5,5,2,2,1,NA,NA,NA,NA,0,0,B6
1061,B0659,6,B,6B,Hindu,Enemies,Enemy7,2,53,F,59,2,6,7,6,7,1,7,6,3,5,5,7,1,NA,2,1,1,1,2,1,2,1,4,1,1,1,1,1,4,4,7,3,1,2,2,3,2,2,5,5,F,NA,NA,NA,NA,NA,NA,NA,NA,NA,NA,NA,NA,NA,NA,NA,NA,NA,NA,NA,NA,NA,NA,NA,NA,NA,NA,NA,NA,1,NA,B6
1062,B0660,6,B,6B,Hindu,Enemies,Enemy1,2,61,F,60,1,1,7,5,7,1,7,5,2,4,6,6,8,NA,2,1,1,1,1,1,1,1,1,2,2,1,1,1,7,6,5,3,1,2,1,3,NA,1,NA,3,F,Muslim,1,1,1,1,1,1,4,1,1,1,1,4,2,7,2,1,1,1,1,NA,1,1,NA,2,7,3,7,1,0,B6
1063,B0660,6,B,6B,Hindu,Enemies,Enemy2,2,62,F,60,1,1,7,5,7,1,7,5,2,4,6,6,8,NA,2,1,1,1,1,1,1,1,1,2,2,1,1,1,7,6,5,3,1,2,1,3,NA,1,NA,3,F,NA,NA,NA,NA,NA,NA,NA,NA,NA,NA,NA,NA,NA,NA,NA,NA,NA,NA,NA,NA,NA,NA,NA,NA,NA,NA,NA,NA,1,NA,B6
1064,B0660,6,B,6B,Hindu,Enemies,Enemy3,2,63,F,60,1,1,7,5,7,1,7,5,2,4,6,6,8,NA,2,1,1,1,1,1,1,1,1,2,2,1,1,1,7,6,5,3,1,2,1,3,NA,1,NA,3,F,Muslim,2,1,1,2,1,2,2,4,5,3,NA,4,1,7,1,2,1,3,1,1,1,5,4,5,7,4,7,1,0,B6
1065,B0661,6,B,6B,Muslim,Enemies,Enemy1,2,53,F,61,1,2,7,7,3,7,7,6,5,5,2,6,7,NA,2,1,1,1,1,1,1,2,4,1,1,1,2,1,4,2,7,2,1,1,1,1,NA,1,1,NA,F,NA,NA,NA,NA,NA,NA,NA,NA,NA,NA,NA,NA,NA,NA,NA,NA,NA,NA,NA,NA,NA,NA,NA,NA,NA,NA,NA,NA,1,NA,B6
1066,B0663,6,B,6B,Muslim,Enemies,Enemy1,2,27,F,63,4,5,7,6,4,7,6,6,4,6,4,4,NA,SUNEE,2,2,1,1,2,1,2,2,2,4,5,3,2,NA,4,1,7,1,2,1,3,1,1,1,5,4,M,NA,NA,NA,NA,NA,NA,NA,NA,NA,NA,NA,NA,NA,NA,NA,NA,NA,NA,NA,NA,NA,NA,NA,NA,NA,NA,NA,NA,0,NA,B6
1067,B0663,6,B,6B,Muslim,Enemies,Enemy2,2,53,F,63,4,5,7,6,4,7,6,6,4,6,4,4,NA,SUNEE,2,2,1,1,2,1,2,2,2,4,5,3,2,NA,4,1,7,1,2,1,3,1,1,1,5,4,F,NA,NA,NA,NA,NA,NA,NA,NA,NA,NA,NA,NA,NA,NA,NA,NA,NA,NA,NA,NA,NA,NA,NA,NA,NA,NA,NA,NA,1,NA,B6
1068,B0665,6,B,6B,Hindu,Enemies,Enemy1,2,44,F,65,1,1,7,7,7,1,7,7,6,6,2,4,1,NA,2,1,1,3,1,2,1,4,3,1,2,3,1,3,3,2,1,2,1,1,1,3,5,1,5,1,F,Muslim,1,1,2,2,1,1,3,1,1,3,1,4,2,3,2,1,1,4,1,5,1,5,1,1,7,5,6,1,0,B6
1069,B0665,6,B,6B,Hindu,Enemies,Enemy2,2,59,F,65,1,1,7,7,7,1,7,7,6,6,2,4,1,NA,2,1,1,3,1,2,1,4,3,1,2,3,1,3,3,2,1,2,1,1,1,3,5,1,5,1,F,Hindu,1,1,1,2,1,2,4,1,1,1,1,4,4,7,3,1,2,2,3,2,2,5,5,6,7,7,1,1,1,B6
1070,C0601,6,C,6C,Muslim,Enemies,Enemy1,2,8,M,1,4,7,NA,3,4,NA,NA,3,4,4,3,NA,8,NA,1,1,1,1,1,1,1,2,5,1,1,2,2,1,4,1,3,3,4,1,1,3,4,1,4,2,M,Hindu,1,1,1,1,1,1,3,1,1,3,1,3,3,4,2,3,2,4,2,2,2,2,3,7,5,7,3,1,0,C6
1071,C0601,6,C,6C,Muslim,Enemies,Enemy2,2,9,M,1,4,7,NA,3,4,NA,NA,3,4,4,3,NA,8,NA,1,1,1,1,1,1,1,2,5,1,1,2,2,1,4,1,3,3,4,1,1,3,4,1,4,2,M,NA,NA,NA,NA,NA,NA,NA,NA,NA,NA,NA,NA,NA,NA,NA,NA,NA,NA,NA,NA,NA,NA,NA,NA,NA,NA,NA,NA,1,NA,C6
1072,C0601,6,C,6C,Muslim,Enemies,Enemy3,2,11,M,1,4,7,NA,3,4,NA,NA,3,4,4,3,NA,8,NA,1,1,1,1,1,1,1,2,5,1,1,2,2,1,4,1,3,3,4,1,1,3,4,1,4,2,M,Hindu,2,NA,1,1,1,1,2,1,1,2,1,3,1,1,3,1,3,1,2,5,1,5,3,7,1,7,6,1,0,C6
1073,C0601,6,C,6C,Muslim,Enemies,Enemy4,2,12,M,1,4,7,NA,3,4,NA,NA,3,4,4,3,NA,8,NA,1,1,1,1,1,1,1,2,5,1,1,2,2,1,4,1,3,3,4,1,1,3,4,1,4,2,M,NA,NA,NA,NA,NA,NA,NA,NA,NA,NA,NA,NA,NA,NA,NA,NA,NA,NA,NA,NA,NA,NA,NA,NA,NA,NA,NA,NA,1,NA,C6
1074,C0601,6,C,6C,Muslim,Enemies,Enemy5,2,22,M,1,4,7,NA,3,4,NA,NA,3,4,4,3,NA,8,NA,1,1,1,1,1,1,1,2,5,1,1,2,2,1,4,1,3,3,4,1,1,3,4,1,4,2,M,NA,NA,NA,NA,NA,NA,NA,NA,NA,NA,NA,NA,NA,NA,NA,NA,NA,NA,NA,NA,NA,NA,NA,NA,NA,NA,NA,NA,1,NA,C6
1075,C0601,6,C,6C,Muslim,Enemies,Enemy6,2,29,M,1,4,7,NA,3,4,NA,NA,3,4,4,3,NA,8,NA,1,1,1,1,1,1,1,2,5,1,1,2,2,1,4,1,3,3,4,1,1,3,4,1,4,2,M,Hindu,3,2,1,1,1,1,3,1,2,2,1,4,6,7,1,1,1,2,1,5,5,5,4,7,6,7,5,1,0,C6
1076,C0601,6,C,6C,Muslim,Enemies,Enemy7,2,32,M,1,4,7,NA,3,4,NA,NA,3,4,4,3,NA,8,NA,1,1,1,1,1,1,1,2,5,1,1,2,2,1,4,1,3,3,4,1,1,3,4,1,4,2,M,Hindu,1,2,2,1,3,1,1,1,3,2,1,3,3,3,1,1,2,2,4,1,1,5,3,NA,7,5,5,1,0,C6
1077,C0602,6,C,6C,Hindu,Enemies,Enemy1,2,1,M,2,5,7,3,7,7,4,6,7,6,6,7,4,2,NA,1,1,1,2,1,2,1,1,4,1,2,1,1,1,6,4,4,2,1,1,1,1,2,1,5,2,M,Muslim,1,1,1,1,1,1,5,1,1,2,1,4,1,3,3,4,1,1,3,4,1,4,2,7,NA,4,NA,1,0,C6
1078,C0602,6,C,6C,Hindu,Enemies,Enemy2,2,3,M,2,5,7,3,7,7,4,6,7,6,6,7,4,2,NA,1,1,1,2,1,2,1,1,4,1,2,1,1,1,6,4,4,2,1,1,1,1,2,1,5,2,M,Muslim,3,2,2,1,3,1,4,2,1,3,1,3,2,2,1,1,2,2,4,1,1,3,3,7,6,5,7,1,0,C6
1079,C0602,6,C,6C,Hindu,Enemies,Enemy3,2,5,M,2,5,7,3,7,7,4,6,7,6,6,7,4,2,NA,1,1,1,2,1,2,1,1,4,1,2,1,1,1,6,4,4,2,1,1,1,1,2,1,5,2,M,Hindu,2,1,2,1,2,1,4,1,1,2,1,4,1,1,4,2,1,1,1,3,1,2,4,6,4,6,4,1,1,C6
1080,C0602,6,C,6C,Hindu,Enemies,Enemy4,2,13,M,2,5,7,3,7,7,4,6,7,6,6,7,4,2,NA,1,1,1,2,1,2,1,1,4,1,2,1,1,1,6,4,4,2,1,1,1,1,2,1,5,2,M,Muslim,2,1,1,2,1,1,3,1,5,1,1,4,1,7,2,1,1,1,3,1,1,5,3,7,1,4,7,1,0,C6
1081,C0602,6,C,6C,Hindu,Enemies,Enemy5,2,20,M,2,5,7,3,7,7,4,6,7,6,6,7,4,2,NA,1,1,1,2,1,2,1,1,4,1,2,1,1,1,6,4,4,2,1,1,1,1,2,1,5,2,M,Hindu,2,2,1,1,1,1,4,1,2,1,1,5,6,2,1,2,2,1,3,1,1,1,2,7,5,7,1,1,1,C6
1082,C0602,6,C,6C,Hindu,Enemies,Enemy6,2,32,M,2,5,7,3,7,7,4,6,7,6,6,7,4,2,NA,1,1,1,2,1,2,1,1,4,1,2,1,1,1,6,4,4,2,1,1,1,1,2,1,5,2,M,Hindu,1,2,2,1,3,1,1,1,3,2,1,3,3,3,1,1,2,2,4,1,1,5,3,NA,7,5,5,1,1,C6
1083,C0602,6,C,6C,Hindu,Enemies,Enemy7,2,33,M,2,5,7,3,7,7,4,6,7,6,6,7,4,2,NA,1,1,1,2,1,2,1,1,4,1,2,1,1,1,6,4,4,2,1,1,1,1,2,1,5,2,M,NA,NA,NA,NA,NA,NA,NA,NA,NA,NA,NA,NA,NA,NA,NA,NA,NA,NA,NA,NA,NA,NA,NA,NA,NA,NA,NA,NA,1,NA,C6
1084,C0604,6,C,6C,Hindu,Enemies,Enemy1,2,1,M,4,1,7,1,7,7,1,1,7,1,1,1,7,1,NA,1,1,1,1,1,1,1,1,5,4,5,1,1,1,2,7,7,1,1,1,1,1,1,1,1,5,M,Muslim,1,1,1,1,1,1,5,1,1,2,1,4,1,3,3,4,1,1,3,4,1,4,2,7,NA,4,NA,1,0,C6
1085,C0604,6,C,6C,Hindu,Enemies,Enemy2,2,3,M,4,1,7,1,7,7,1,1,7,1,1,1,7,1,NA,1,1,1,1,1,1,1,1,5,4,5,1,1,1,2,7,7,1,1,1,1,1,1,1,1,5,M,Muslim,3,2,2,1,3,1,4,2,1,3,1,3,2,2,1,1,2,2,4,1,1,3,3,7,6,5,7,1,0,C6
1086,C0604,6,C,6C,Hindu,Enemies,Enemy3,2,6,M,4,1,7,1,7,7,1,1,7,1,1,1,7,1,NA,1,1,1,1,1,1,1,1,5,4,5,1,1,1,2,7,7,1,1,1,1,1,1,1,1,5,M,Hindu,3,2,2,1,3,1,4,2,5,3,1,3,2,2,1,1,2,2,4,1,1,3,3,7,6,7,5,1,1,C6
1087,C0604,6,C,6C,Hindu,Enemies,Enemy4,2,8,M,4,1,7,1,7,7,1,1,7,1,1,1,7,1,NA,1,1,1,1,1,1,1,1,5,4,5,1,1,1,2,7,7,1,1,1,1,1,1,1,1,5,M,Hindu,1,1,1,1,1,1,3,1,1,3,1,3,3,4,2,3,2,4,2,2,2,2,3,7,5,7,3,1,1,C6
1088,C0604,6,C,6C,Hindu,Enemies,Enemy5,2,10,M,4,1,7,1,7,7,1,1,7,1,1,1,7,1,NA,1,1,1,1,1,1,1,1,5,4,5,1,1,1,2,7,7,1,1,1,1,1,1,1,1,5,M,Muslim,1,1,1,1,1,2,4,1,1,1,1,4,1,7,5,5,5,1,1,1,1,5,2,7,7,1,7,1,0,C6
1089,C0604,6,C,6C,Hindu,Enemies,Enemy6,2,15,M,4,1,7,1,7,7,1,1,7,1,1,1,7,1,NA,1,1,1,1,1,1,1,1,5,4,5,1,1,1,2,7,7,1,1,1,1,1,1,1,1,5,M,NA,NA,NA,NA,NA,NA,NA,NA,NA,NA,NA,NA,NA,NA,NA,NA,NA,NA,NA,NA,NA,NA,NA,NA,NA,NA,NA,NA,1,NA,C6
1090,C0604,6,C,6C,Hindu,Enemies,Enemy7,2,32,M,4,1,7,1,7,7,1,1,7,1,1,1,7,1,NA,1,1,1,1,1,1,1,1,5,4,5,1,1,1,2,7,7,1,1,1,1,1,1,1,1,5,M,Hindu,1,2,2,1,3,1,1,1,3,2,1,3,3,3,1,1,2,2,4,1,1,5,3,NA,7,5,5,1,1,C6
1091,C0605,6,C,6C,Hindu,Enemies,Enemy1,2,1,M,5,4,6,4,7,6,4,6,7,6,6,4,5,1,NA,1,2,1,2,1,2,1,2,4,1,1,2,1,1,4,1,1,4,2,1,1,1,3,1,2,4,M,Muslim,1,1,1,1,1,1,5,1,1,2,1,4,1,3,3,4,1,1,3,4,1,4,2,7,NA,4,NA,1,0,C6
1092,C0605,6,C,6C,Hindu,Enemies,Enemy2,2,3,M,5,4,6,4,7,6,4,6,7,6,6,4,5,1,NA,1,2,1,2,1,2,1,2,4,1,1,2,1,1,4,1,1,4,2,1,1,1,3,1,2,4,M,Muslim,3,2,2,1,3,1,4,2,1,3,1,3,2,2,1,1,2,2,4,1,1,3,3,7,6,5,7,1,0,C6
1093,C0605,6,C,6C,Hindu,Enemies,Enemy3,2,11,M,5,4,6,4,7,6,4,6,7,6,6,4,5,1,NA,1,2,1,2,1,2,1,2,4,1,1,2,1,1,4,1,1,4,2,1,1,1,3,1,2,4,M,Hindu,2,NA,1,1,1,1,2,1,1,2,1,3,1,1,3,1,3,1,2,5,1,5,3,7,1,7,6,1,1,C6
1094,C0605,6,C,6C,Hindu,Enemies,Enemy4,2,12,M,5,4,6,4,7,6,4,6,7,6,6,4,5,1,NA,1,2,1,2,1,2,1,2,4,1,1,2,1,1,4,1,1,4,2,1,1,1,3,1,2,4,M,NA,NA,NA,NA,NA,NA,NA,NA,NA,NA,NA,NA,NA,NA,NA,NA,NA,NA,NA,NA,NA,NA,NA,NA,NA,NA,NA,NA,1,NA,C6
1095,C0605,6,C,6C,Hindu,Enemies,Enemy5,2,15,M,5,4,6,4,7,6,4,6,7,6,6,4,5,1,NA,1,2,1,2,1,2,1,2,4,1,1,2,1,1,4,1,1,4,2,1,1,1,3,1,2,4,M,NA,NA,NA,NA,NA,NA,NA,NA,NA,NA,NA,NA,NA,NA,NA,NA,NA,NA,NA,NA,NA,NA,NA,NA,NA,NA,NA,NA,1,NA,C6
1096,C0605,6,C,6C,Hindu,Enemies,Enemy6,2,26,M,5,4,6,4,7,6,4,6,7,6,6,4,5,1,NA,1,2,1,2,1,2,1,2,4,1,1,2,1,1,4,1,1,4,2,1,1,1,3,1,2,4,M,Hindu,2,1,1,1,1,2,3,1,2,2,1,2,1,1,4,5,4,4,4,4,5,5,2,7,1,7,6,1,1,C6
1097,C0605,6,C,6C,Hindu,Enemies,Enemy7,2,30,M,5,4,6,4,7,6,4,6,7,6,6,4,5,1,NA,1,2,1,2,1,2,1,2,4,1,1,2,1,1,4,1,1,4,2,1,1,1,3,1,2,4,M,Muslim,2,1,1,2,2,1,3,1,3,1,1,NA,4,4,4,2,4,1,4,4,2,5,2,7,5,2,7,1,0,C6
1098,C0607,6,C,6C,Hindu,Enemies,Enemy1,2,1,M,7,2,7,4,6,7,2,7,7,5,6,6,6,8,NA,1,1,2,1,1,2,1,1,NA,1,NA,1,1,1,4,3,3,4,2,1,3,5,5,3,5,3,M,Muslim,1,1,1,1,1,1,5,1,1,2,1,4,1,3,3,4,1,1,3,4,1,4,2,7,NA,4,NA,1,0,C6
1099,C0607,6,C,6C,Hindu,Enemies,Enemy2,2,8,M,7,2,7,4,6,7,2,7,7,5,6,6,6,8,NA,1,1,2,1,1,2,1,1,NA,1,NA,1,1,1,4,3,3,4,2,1,3,5,5,3,5,3,M,Hindu,1,1,1,1,1,1,3,1,1,3,1,3,3,4,2,3,2,4,2,2,2,2,3,7,5,7,3,1,1,C6
1100,C0607,6,C,6C,Hindu,Enemies,Enemy3,2,10,M,7,2,7,4,6,7,2,7,7,5,6,6,6,8,NA,1,1,2,1,1,2,1,1,NA,1,NA,1,1,1,4,3,3,4,2,1,3,5,5,3,5,3,M,Muslim,1,1,1,1,1,2,4,1,1,1,1,4,1,7,5,5,5,1,1,1,1,5,2,7,7,1,7,1,0,C6
1101,C0607,6,C,6C,Hindu,Enemies,Enemy4,2,11,M,7,2,7,4,6,7,2,7,7,5,6,6,6,8,NA,1,1,2,1,1,2,1,1,NA,1,NA,1,1,1,4,3,3,4,2,1,3,5,5,3,5,3,M,Hindu,2,NA,1,1,1,1,2,1,1,2,1,3,1,1,3,1,3,1,2,5,1,5,3,7,1,7,6,1,1,C6
1102,C0607,6,C,6C,Hindu,Enemies,Enemy5,2,12,M,7,2,7,4,6,7,2,7,7,5,6,6,6,8,NA,1,1,2,1,1,2,1,1,NA,1,NA,1,1,1,4,3,3,4,2,1,3,5,5,3,5,3,M,NA,NA,NA,NA,NA,NA,NA,NA,NA,NA,NA,NA,NA,NA,NA,NA,NA,NA,NA,NA,NA,NA,NA,NA,NA,NA,NA,NA,1,NA,C6
1103,C0607,6,C,6C,Hindu,Enemies,Enemy6,2,15,M,7,2,7,4,6,7,2,7,7,5,6,6,6,8,NA,1,1,2,1,1,2,1,1,NA,1,NA,1,1,1,4,3,3,4,2,1,3,5,5,3,5,3,M,NA,NA,NA,NA,NA,NA,NA,NA,NA,NA,NA,NA,NA,NA,NA,NA,NA,NA,NA,NA,NA,NA,NA,NA,NA,NA,NA,NA,1,NA,C6
1104,C0607,6,C,6C,Hindu,Enemies,Enemy7,2,20,M,7,2,7,4,6,7,2,7,7,5,6,6,6,8,NA,1,1,2,1,1,2,1,1,NA,1,NA,1,1,1,4,3,3,4,2,1,3,5,5,3,5,3,M,Hindu,2,2,1,1,1,1,4,1,2,1,1,5,6,2,1,2,2,1,3,1,1,1,2,7,5,7,1,1,1,C6
1105,C0608,6,C,6C,Hindu,Enemies,Enemy1,2,27,M,8,5,7,5,7,7,3,7,7,6,6,5,5,8,Jadhar,1,1,1,1,1,1,1,2,3,1,1,3,1,1,3,3,4,2,3,2,4,2,2,2,2,3,M,Hindu,4,3,5,2,2,1,4,1,2,3,1,7,7,7,1,2,4,3,5,1,3,2,5,7,1,7,1,1,1,C6
1106,C0608,6,C,6C,Hindu,Enemies,Enemy2,2,38,M,8,5,7,5,7,7,3,7,7,6,6,5,5,8,Jadhar,1,1,1,1,1,1,1,2,3,1,1,3,1,1,3,3,4,2,3,2,4,2,2,2,2,3,M,Hindu,2,1,1,1,2,1,2,1,1,1,1,4,3,3,1,1,2,2,1,4,1,5,1,7,5,7,3,1,1,C6
1107,C0610,6,C,6C,Muslim,Enemies,Enemy1,2,4,M,10,1,7,7,7,1,7,7,NA,1,7,7,3,8,NA,1,1,1,1,1,1,2,4,4,1,1,1,2,1,4,1,7,5,5,5,1,1,1,1,5,2,M,Hindu,1,1,1,1,1,1,5,4,5,1,1,2,7,7,1,1,1,1,1,1,1,1,5,7,1,7,1,1,0,C6
1108,C0610,6,C,6C,Muslim,Enemies,Enemy2,2,8,M,10,1,7,7,7,1,7,7,NA,1,7,7,3,8,NA,1,1,1,1,1,1,2,4,4,1,1,1,2,1,4,1,7,5,5,5,1,1,1,1,5,2,M,Hindu,1,1,1,1,1,1,3,1,1,3,1,3,3,4,2,3,2,4,2,2,2,2,3,7,5,7,3,1,0,C6
1109,C0610,6,C,6C,Muslim,Enemies,Enemy3,2,19,M,10,1,7,7,7,1,7,7,NA,1,7,7,3,8,NA,1,1,1,1,1,1,2,4,4,1,1,1,2,1,4,1,7,5,5,5,1,1,1,1,5,2,M,Hindu,2,2,1,1,2,1,4,1,1,1,1,4,4,2,2,1,3,1,5,1,1,2,2,6,5,7,5,1,0,C6
1110,C0610,6,C,6C,Muslim,Enemies,Enemy4,2,2,M,10,1,7,7,7,1,7,7,NA,1,7,7,3,8,NA,1,1,1,1,1,1,2,4,4,1,1,1,2,1,4,1,7,5,5,5,1,1,1,1,5,2,M,Hindu,1,1,2,1,2,1,4,1,2,1,1,6,4,4,2,1,1,1,1,2,1,5,2,7,3,7,4,1,0,C6
1111,C0610,6,C,6C,Muslim,Enemies,Enemy5,2,26,M,10,1,7,7,7,1,7,7,NA,1,7,7,3,8,NA,1,1,1,1,1,1,2,4,4,1,1,1,2,1,4,1,7,5,5,5,1,1,1,1,5,2,M,Hindu,2,1,1,1,1,2,3,1,2,2,1,2,1,1,4,5,4,4,4,4,5,5,2,7,1,7,6,1,0,C6
1112,C0610,6,C,6C,Muslim,Enemies,Enemy6,2,34,M,10,1,7,7,7,1,7,7,NA,1,7,7,3,8,NA,1,1,1,1,1,1,2,4,4,1,1,1,2,1,4,1,7,5,5,5,1,1,1,1,5,2,M,Muslim,1,1,2,1,1,1,3,1,1,3,1,4,6,5,1,1,1,1,1,1,1,5,3,7,6,7,7,1,1,C6
1113,C0610,6,C,6C,Muslim,Enemies,Enemy7,2,39,M,10,1,7,7,7,1,7,7,NA,1,7,7,3,8,NA,1,1,1,1,1,1,2,4,4,1,1,1,2,1,4,1,7,5,5,5,1,1,1,1,5,2,M,NA,NA,NA,NA,NA,NA,NA,NA,NA,NA,NA,NA,NA,NA,NA,NA,NA,NA,NA,NA,NA,NA,NA,NA,NA,NA,NA,NA,1,NA,C6
1114,C0613,6,C,6C,Muslim,Enemies,Enemy1,2,1,M,13,2,7,1,7,4,7,6,7,1,5,3,3,6,Sunni,1,2,1,1,2,1,1,2,3,1,5,1,2,1,4,1,7,2,1,1,1,3,1,1,5,3,M,Muslim,1,1,1,1,1,1,5,1,1,2,1,4,1,3,3,4,1,1,3,4,1,4,2,7,NA,4,NA,1,1,C6
1115,C0613,6,C,6C,Muslim,Enemies,Enemy2,2,3,M,13,2,7,1,7,4,7,6,7,1,5,3,3,6,Sunni,1,2,1,1,2,1,1,2,3,1,5,1,2,1,4,1,7,2,1,1,1,3,1,1,5,3,M,Muslim,3,2,2,1,3,1,4,2,1,3,1,3,2,2,1,1,2,2,4,1,1,3,3,7,6,5,7,1,1,C6
1116,C0613,6,C,6C,Muslim,Enemies,Enemy3,2,5,M,13,2,7,1,7,4,7,6,7,1,5,3,3,6,Sunni,1,2,1,1,2,1,1,2,3,1,5,1,2,1,4,1,7,2,1,1,1,3,1,1,5,3,M,Hindu,2,1,2,1,2,1,4,1,1,2,1,4,1,1,4,2,1,1,1,3,1,2,4,6,4,6,4,1,0,C6
1117,C0613,6,C,6C,Muslim,Enemies,Enemy4,2,6,M,13,2,7,1,7,4,7,6,7,1,5,3,3,6,Sunni,1,2,1,1,2,1,1,2,3,1,5,1,2,1,4,1,7,2,1,1,1,3,1,1,5,3,M,Hindu,3,2,2,1,3,1,4,2,5,3,1,3,2,2,1,1,2,2,4,1,1,3,3,7,6,7,5,1,0,C6
1118,C0613,6,C,6C,Muslim,Enemies,Enemy5,2,11,M,13,2,7,1,7,4,7,6,7,1,5,3,3,6,Sunni,1,2,1,1,2,1,1,2,3,1,5,1,2,1,4,1,7,2,1,1,1,3,1,1,5,3,M,Hindu,2,NA,1,1,1,1,2,1,1,2,1,3,1,1,3,1,3,1,2,5,1,5,3,7,1,7,6,1,0,C6
1119,C0613,6,C,6C,Muslim,Enemies,Enemy6,2,21,M,13,2,7,1,7,4,7,6,7,1,5,3,3,6,Sunni,1,2,1,1,2,1,1,2,3,1,5,1,2,1,4,1,7,2,1,1,1,3,1,1,5,3,M,Hindu,1,2,2,1,1,1,4,1,1,1,1,4,4,4,1,1,2,1,3,1,1,5,2,6,4,7,4,1,0,C6
1120,C0613,6,C,6C,Muslim,Enemies,Enemy7,2,32,M,13,2,7,1,7,4,7,6,7,1,5,3,3,6,Sunni,1,2,1,1,2,1,1,2,3,1,5,1,2,1,4,1,7,2,1,1,1,3,1,1,5,3,M,Hindu,1,2,2,1,3,1,1,1,3,2,1,3,3,3,1,1,2,2,4,1,1,5,3,NA,7,5,5,1,0,C6
1121,C0616,6,C,6C,Hindu,Enemies,Enemy1,2,1,M,16,2,7,6,4,7,4,4,6,5,5,4,5,2,NA,1,1,2,1,1,2,1,4,4,1,5,5,1,1,4,3,2,1,2,1,1,1,5,1,5,2,M,Muslim,1,1,1,1,1,1,5,1,1,2,1,4,1,3,3,4,1,1,3,4,1,4,2,7,NA,4,NA,1,0,C6
1122,C0616,6,C,6C,Hindu,Enemies,Enemy2,2,49,M,16,2,7,6,4,7,4,4,6,5,5,4,5,2,NA,1,1,2,1,1,2,1,4,4,1,5,5,1,1,4,3,2,1,2,1,1,1,5,1,5,2,F,Hindu,1,3,1,1,1,2,3,1,1,1,2,4,4,4,3,1,2,2,1,2,1,3,3,4,4,4,4,0,1,C6
1123,C0617,6,C,6C,Hindu,Enemies,Enemy1,2,20,M,17,4,7,6,7,7,6,7,7,6,5,6,5,8,NA,1,2,2,1,1,2,1,1,2,1,5,4,1,1,4,3,2,1,2,3,2,2,1,2,2,2,M,Hindu,2,2,1,1,1,1,4,1,2,1,1,5,6,2,1,2,2,1,3,1,1,1,2,7,5,7,1,1,1,C6
1124,C0617,6,C,6C,Hindu,Enemies,Enemy2,2,36,M,17,4,7,6,7,7,6,7,7,6,5,6,5,8,NA,1,2,2,1,1,2,1,1,2,1,5,4,1,1,4,3,2,1,2,3,2,2,1,2,2,2,M,Muslim,2,2,1,1,1,2,4,1,5,5,2,4,4,4,2,1,4,1,3,5,3,2,1,6,5,6,7,1,0,C6
1125,C0618,6,C,6C,Hindu,Enemies,Enemy1,2,1,M,18,1,7,1,7,7,4,7,6,5,5,2,6,7,NA,1,1,2,2,1,2,1,1,4,1,5,1,1,3,4,2,3,2,1,1,3,1,5,1,5,3,M,Muslim,1,1,1,1,1,1,5,1,1,2,1,4,1,3,3,4,1,1,3,4,1,4,2,7,NA,4,NA,1,0,C6
1126,C0618,6,C,6C,Hindu,Enemies,Enemy2,2,10,M,18,1,7,1,7,7,4,7,6,5,5,2,6,7,NA,1,1,2,2,1,2,1,1,4,1,5,1,1,3,4,2,3,2,1,1,3,1,5,1,5,3,M,Muslim,1,1,1,1,1,2,4,1,1,1,1,4,1,7,5,5,5,1,1,1,1,5,2,7,7,1,7,1,0,C6
1127,C0618,6,C,6C,Hindu,Enemies,Enemy3,2,12,M,18,1,7,1,7,7,4,7,6,5,5,2,6,7,NA,1,1,2,2,1,2,1,1,4,1,5,1,1,3,4,2,3,2,1,1,3,1,5,1,5,3,M,NA,NA,NA,NA,NA,NA,NA,NA,NA,NA,NA,NA,NA,NA,NA,NA,NA,NA,NA,NA,NA,NA,NA,NA,NA,NA,NA,NA,1,NA,C6
1128,C0618,6,C,6C,Hindu,Enemies,Enemy4,2,15,M,18,1,7,1,7,7,4,7,6,5,5,2,6,7,NA,1,1,2,2,1,2,1,1,4,1,5,1,1,3,4,2,3,2,1,1,3,1,5,1,5,3,M,NA,NA,NA,NA,NA,NA,NA,NA,NA,NA,NA,NA,NA,NA,NA,NA,NA,NA,NA,NA,NA,NA,NA,NA,NA,NA,NA,NA,1,NA,C6
1129,C0618,6,C,6C,Hindu,Enemies,Enemy5,2,20,M,18,1,7,1,7,7,4,7,6,5,5,2,6,7,NA,1,1,2,2,1,2,1,1,4,1,5,1,1,3,4,2,3,2,1,1,3,1,5,1,5,3,M,Hindu,2,2,1,1,1,1,4,1,2,1,1,5,6,2,1,2,2,1,3,1,1,1,2,7,5,7,1,1,1,C6
1130,C0618,6,C,6C,Hindu,Enemies,Enemy6,2,23,M,18,1,7,1,7,7,4,7,6,5,5,2,6,7,NA,1,1,2,2,1,2,1,1,4,1,5,1,1,3,4,2,3,2,1,1,3,1,5,1,5,3,M,NA,NA,NA,NA,NA,NA,NA,NA,NA,NA,NA,NA,NA,NA,NA,NA,NA,NA,NA,NA,NA,NA,NA,NA,NA,NA,NA,NA,1,NA,C6
1131,C0618,6,C,6C,Hindu,Enemies,Enemy7,2,32,M,18,1,7,1,7,7,4,7,6,5,5,2,6,7,NA,1,1,2,2,1,2,1,1,4,1,5,1,1,3,4,2,3,2,1,1,3,1,5,1,5,3,M,Hindu,1,2,2,1,3,1,1,1,3,2,1,3,3,3,1,1,2,2,4,1,1,5,3,NA,7,5,5,1,1,C6
1132,C0619,6,C,6C,Hindu,Enemies,Enemy1,2,1,M,19,5,6,5,7,7,5,7,6,6,6,5,5,2,NA,1,2,2,1,1,2,1,1,4,1,1,1,1,1,4,4,2,2,1,3,1,5,1,1,2,2,M,Muslim,1,1,1,1,1,1,5,1,1,2,1,4,1,3,3,4,1,1,3,4,1,4,2,7,NA,4,NA,1,0,C6
1133,C0620,6,C,6C,Hindu,Enemies,Enemy1,2,1,M,20,1,7,5,6,7,1,2,7,3,6,1,6,2,NA,1,2,2,1,1,1,1,1,4,1,2,1,1,1,5,6,2,1,2,2,1,3,1,1,1,2,M,Muslim,1,1,1,1,1,1,5,1,1,2,1,4,1,3,3,4,1,1,3,4,1,4,2,7,NA,4,NA,1,0,C6
1134,C0620,6,C,6C,Hindu,Enemies,Enemy2,2,35,M,20,1,7,5,6,7,1,2,7,3,6,1,6,2,NA,1,2,2,1,1,1,1,1,4,1,2,1,1,1,5,6,2,1,2,2,1,3,1,1,1,2,M,Muslim,2,1,1,2,2,1,3,1,4,1,1,2,2,2,4,2,4,4,4,4,2,5,2,7,2,2,7,1,0,C6
1135,C0621,6,C,6C,Hindu,Enemies,Enemy1,2,1,M,21,2,6,4,7,7,4,7,6,6,6,4,1,2,NA,1,1,2,2,1,1,1,1,4,1,1,1,1,1,4,4,4,1,1,2,1,3,1,1,5,2,M,Muslim,1,1,1,1,1,1,5,1,1,2,1,4,1,3,3,4,1,1,3,4,1,4,2,7,NA,4,NA,1,0,C6
1136,C0621,6,C,6C,Hindu,Enemies,Enemy2,2,3,M,21,2,6,4,7,7,4,7,6,6,6,4,1,2,NA,1,1,2,2,1,1,1,1,4,1,1,1,1,1,4,4,4,1,1,2,1,3,1,1,5,2,M,Muslim,3,2,2,1,3,1,4,2,1,3,1,3,2,2,1,1,2,2,4,1,1,3,3,7,6,5,7,1,0,C6
1137,C0621,6,C,6C,Hindu,Enemies,Enemy3,2,6,M,21,2,6,4,7,7,4,7,6,6,6,4,1,2,NA,1,1,2,2,1,1,1,1,4,1,1,1,1,1,4,4,4,1,1,2,1,3,1,1,5,2,M,Hindu,3,2,2,1,3,1,4,2,5,3,1,3,2,2,1,1,2,2,4,1,1,3,3,7,6,7,5,1,1,C6
1138,C0621,6,C,6C,Hindu,Enemies,Enemy4,2,7,M,21,2,6,4,7,7,4,7,6,6,6,4,1,2,NA,1,1,2,2,1,1,1,1,4,1,1,1,1,1,4,4,4,1,1,2,1,3,1,1,5,2,M,Hindu,1,2,1,1,2,1,NA,1,NA,1,1,4,3,3,4,2,1,3,5,5,3,5,3,7,4,7,2,1,1,C6
1139,C0621,6,C,6C,Hindu,Enemies,Enemy5,2,8,M,21,2,6,4,7,7,4,7,6,6,6,4,1,2,NA,1,1,2,2,1,1,1,1,4,1,1,1,1,1,4,4,4,1,1,2,1,3,1,1,5,2,M,Hindu,1,1,1,1,1,1,3,1,1,3,1,3,3,4,2,3,2,4,2,2,2,2,3,7,5,7,3,1,1,C6
1140,C0621,6,C,6C,Hindu,Enemies,Enemy6,2,9,M,21,2,6,4,7,7,4,7,6,6,6,4,1,2,NA,1,1,2,2,1,1,1,1,4,1,1,1,1,1,4,4,4,1,1,2,1,3,1,1,5,2,M,NA,NA,NA,NA,NA,NA,NA,NA,NA,NA,NA,NA,NA,NA,NA,NA,NA,NA,NA,NA,NA,NA,NA,NA,NA,NA,NA,NA,1,NA,C6
1141,C0621,6,C,6C,Hindu,Enemies,Enemy7,2,10,M,21,2,6,4,7,7,4,7,6,6,6,4,1,2,NA,1,1,2,2,1,1,1,1,4,1,1,1,1,1,4,4,4,1,1,2,1,3,1,1,5,2,M,Muslim,1,1,1,1,1,2,4,1,1,1,1,4,1,7,5,5,5,1,1,1,1,5,2,7,7,1,7,1,0,C6
1142,C0625,6,C,6C,Muslim,Enemies,Enemy1,2,3,M,25,2,4,1,5,1,7,7,7,4,2,3,2,8,Pathan,1,2,1,3,1,3,2,2,4,3,4,5,2,3,4,2,6,3,1,2,2,4,2,2,5,4,M,Muslim,3,2,2,1,3,1,4,2,1,3,1,3,2,2,1,1,2,2,4,1,1,3,3,7,6,5,7,1,1,C6
1143,C0625,6,C,6C,Muslim,Enemies,Enemy2,2,4,M,25,2,4,1,5,1,7,7,7,4,2,3,2,8,Pathan,1,2,1,3,1,3,2,2,4,3,4,5,2,3,4,2,6,3,1,2,2,4,2,2,5,4,M,Hindu,1,1,1,1,1,1,5,4,5,1,1,2,7,7,1,1,1,1,1,1,1,1,5,7,1,7,1,1,0,C6
1144,C0625,6,C,6C,Muslim,Enemies,Enemy3,2,10,M,25,2,4,1,5,1,7,7,7,4,2,3,2,8,Pathan,1,2,1,3,1,3,2,2,4,3,4,5,2,3,4,2,6,3,1,2,2,4,2,2,5,4,M,Muslim,1,1,1,1,1,2,4,1,1,1,1,4,1,7,5,5,5,1,1,1,1,5,2,7,7,1,7,1,1,C6
1145,C0625,6,C,6C,Muslim,Enemies,Enemy4,2,2,M,25,2,4,1,5,1,7,7,7,4,2,3,2,8,Pathan,1,2,1,3,1,3,2,2,4,3,4,5,2,3,4,2,6,3,1,2,2,4,2,2,5,4,M,Hindu,1,1,2,1,2,1,4,1,2,1,1,6,4,4,2,1,1,1,1,2,1,5,2,7,3,7,4,1,0,C6
1146,C0625,6,C,6C,Muslim,Enemies,Enemy5,2,15,M,25,2,4,1,5,1,7,7,7,4,2,3,2,8,Pathan,1,2,1,3,1,3,2,2,4,3,4,5,2,3,4,2,6,3,1,2,2,4,2,2,5,4,M,NA,NA,NA,NA,NA,NA,NA,NA,NA,NA,NA,NA,NA,NA,NA,NA,NA,NA,NA,NA,NA,NA,NA,NA,NA,NA,NA,NA,1,NA,C6
1147,C0625,6,C,6C,Muslim,Enemies,Enemy6,2,19,M,25,2,4,1,5,1,7,7,7,4,2,3,2,8,Pathan,1,2,1,3,1,3,2,2,4,3,4,5,2,3,4,2,6,3,1,2,2,4,2,2,5,4,M,Hindu,2,2,1,1,2,1,4,1,1,1,1,4,4,2,2,1,3,1,5,1,1,2,2,6,5,7,5,1,0,C6
1148,C0625,6,C,6C,Muslim,Enemies,Enemy7,2,33,M,25,2,4,1,5,1,7,7,7,4,2,3,2,8,Pathan,1,2,1,3,1,3,2,2,4,3,4,5,2,3,4,2,6,3,1,2,2,4,2,2,5,4,M,NA,NA,NA,NA,NA,NA,NA,NA,NA,NA,NA,NA,NA,NA,NA,NA,NA,NA,NA,NA,NA,NA,NA,NA,NA,NA,NA,NA,1,NA,C6
1149,C0626,6,C,6C,Hindu,Enemies,Enemy1,2,1,M,26,2,7,1,1,7,6,7,7,5,7,1,7,7,Marathi,1,2,1,1,1,1,2,4,3,1,2,2,1,1,2,1,1,4,5,4,4,4,4,5,5,2,M,Muslim,1,1,1,1,1,1,5,1,1,2,1,4,1,3,3,4,1,1,3,4,1,4,2,7,NA,4,NA,1,0,C6
1150,C0626,6,C,6C,Hindu,Enemies,Enemy2,2,8,M,26,2,7,1,1,7,6,7,7,5,7,1,7,7,Marathi,1,2,1,1,1,1,2,4,3,1,2,2,1,1,2,1,1,4,5,4,4,4,4,5,5,2,M,Hindu,1,1,1,1,1,1,3,1,1,3,1,3,3,4,2,3,2,4,2,2,2,2,3,7,5,7,3,1,1,C6
1151,C0627,6,C,6C,Hindu,Enemies,Enemy1,2,4,M,27,1,7,1,6,7,1,NA,6,3,2,4,5,4,NA,1,4,3,5,2,2,1,1,4,1,2,3,1,1,7,7,7,1,2,4,3,5,1,3,2,5,M,Hindu,1,1,1,1,1,1,5,4,5,1,1,2,7,7,1,1,1,1,1,1,1,1,5,7,1,7,1,1,1,C6
1152,C0627,6,C,6C,Hindu,Enemies,Enemy2,2,7,M,27,1,7,1,6,7,1,NA,6,3,2,4,5,4,NA,1,4,3,5,2,2,1,1,4,1,2,3,1,1,7,7,7,1,2,4,3,5,1,3,2,5,M,Hindu,1,2,1,1,2,1,NA,1,NA,1,1,4,3,3,4,2,1,3,5,5,3,5,3,7,4,7,2,1,1,C6
1153,C0627,6,C,6C,Hindu,Enemies,Enemy3,2,11,M,27,1,7,1,6,7,1,NA,6,3,2,4,5,4,NA,1,4,3,5,2,2,1,1,4,1,2,3,1,1,7,7,7,1,2,4,3,5,1,3,2,5,M,Hindu,2,NA,1,1,1,1,2,1,1,2,1,3,1,1,3,1,3,1,2,5,1,5,3,7,1,7,6,1,1,C6
1154,C0627,6,C,6C,Hindu,Enemies,Enemy4,2,15,M,27,1,7,1,6,7,1,NA,6,3,2,4,5,4,NA,1,4,3,5,2,2,1,1,4,1,2,3,1,1,7,7,7,1,2,4,3,5,1,3,2,5,M,NA,NA,NA,NA,NA,NA,NA,NA,NA,NA,NA,NA,NA,NA,NA,NA,NA,NA,NA,NA,NA,NA,NA,NA,NA,NA,NA,NA,1,NA,C6
1155,C0627,6,C,6C,Hindu,Enemies,Enemy5,2,18,M,27,1,7,1,6,7,1,NA,6,3,2,4,5,4,NA,1,4,3,5,2,2,1,1,4,1,2,3,1,1,7,7,7,1,2,4,3,5,1,3,2,5,M,Hindu,1,2,2,1,2,1,4,1,5,1,3,4,2,3,2,1,1,3,1,5,1,5,3,7,1,7,4,1,1,C6
1156,C0627,6,C,6C,Hindu,Enemies,Enemy6,2,23,M,27,1,7,1,6,7,1,NA,6,3,2,4,5,4,NA,1,4,3,5,2,2,1,1,4,1,2,3,1,1,7,7,7,1,2,4,3,5,1,3,2,5,M,NA,NA,NA,NA,NA,NA,NA,NA,NA,NA,NA,NA,NA,NA,NA,NA,NA,NA,NA,NA,NA,NA,NA,NA,NA,NA,NA,NA,1,NA,C6
1157,C0627,6,C,6C,Hindu,Enemies,Enemy7,2,26,M,27,1,7,1,6,7,1,NA,6,3,2,4,5,4,NA,1,4,3,5,2,2,1,1,4,1,2,3,1,1,7,7,7,1,2,4,3,5,1,3,2,5,M,Hindu,2,1,1,1,1,2,3,1,2,2,1,2,1,1,4,5,4,4,4,4,5,5,2,7,1,7,6,1,1,C6
1158,C0628,6,C,6C,Hindu,Enemies,Enemy1,2,1,M,28,4,7,6,4,7,3,7,6,5,4,7,1,7,NA,1,1,1,2,1,1,1,1,1,1,1,2,1,1,7,4,4,2,1,1,1,1,1,1,3,3,M,Muslim,1,1,1,1,1,1,5,1,1,2,1,4,1,3,3,4,1,1,3,4,1,4,2,7,NA,4,NA,1,0,C6
1159,C0628,6,C,6C,Hindu,Enemies,Enemy2,2,3,M,28,4,7,6,4,7,3,7,6,5,4,7,1,7,NA,1,1,1,2,1,1,1,1,1,1,1,2,1,1,7,4,4,2,1,1,1,1,1,1,3,3,M,Muslim,3,2,2,1,3,1,4,2,1,3,1,3,2,2,1,1,2,2,4,1,1,3,3,7,6,5,7,1,0,C6
1160,C0628,6,C,6C,Hindu,Enemies,Enemy3,2,10,M,28,4,7,6,4,7,3,7,6,5,4,7,1,7,NA,1,1,1,2,1,1,1,1,1,1,1,2,1,1,7,4,4,2,1,1,1,1,1,1,3,3,M,Muslim,1,1,1,1,1,2,4,1,1,1,1,4,1,7,5,5,5,1,1,1,1,5,2,7,7,1,7,1,0,C6
1161,C0628,6,C,6C,Hindu,Enemies,Enemy4,2,18,M,28,4,7,6,4,7,3,7,6,5,4,7,1,7,NA,1,1,1,2,1,1,1,1,1,1,1,2,1,1,7,4,4,2,1,1,1,1,1,1,3,3,M,Hindu,1,2,2,1,2,1,4,1,5,1,3,4,2,3,2,1,1,3,1,5,1,5,3,7,1,7,4,1,1,C6
1162,C0628,6,C,6C,Hindu,Enemies,Enemy5,2,20,M,28,4,7,6,4,7,3,7,6,5,4,7,1,7,NA,1,1,1,2,1,1,1,1,1,1,1,2,1,1,7,4,4,2,1,1,1,1,1,1,3,3,M,Hindu,2,2,1,1,1,1,4,1,2,1,1,5,6,2,1,2,2,1,3,1,1,1,2,7,5,7,1,1,1,C6
1163,C0628,6,C,6C,Hindu,Enemies,Enemy6,2,23,M,28,4,7,6,4,7,3,7,6,5,4,7,1,7,NA,1,1,1,2,1,1,1,1,1,1,1,2,1,1,7,4,4,2,1,1,1,1,1,1,3,3,M,NA,NA,NA,NA,NA,NA,NA,NA,NA,NA,NA,NA,NA,NA,NA,NA,NA,NA,NA,NA,NA,NA,NA,NA,NA,NA,NA,NA,1,NA,C6
1164,C0628,6,C,6C,Hindu,Enemies,Enemy7,2,34,M,28,4,7,6,4,7,3,7,6,5,4,7,1,7,NA,1,1,1,2,1,1,1,1,1,1,1,2,1,1,7,4,4,2,1,1,1,1,1,1,3,3,M,Muslim,1,1,2,1,1,1,3,1,1,3,1,4,6,5,1,1,1,1,1,1,1,5,3,7,6,7,7,1,0,C6
1165,C0629,6,C,6C,Hindu,Enemies,Enemy1,2,1,M,29,3,7,6,6,7,5,7,1,5,4,6,3,3,NA,1,3,2,1,1,1,1,1,3,1,2,2,1,1,4,6,7,1,1,1,2,1,5,5,5,4,M,Muslim,1,1,1,1,1,1,5,1,1,2,1,4,1,3,3,4,1,1,3,4,1,4,2,7,NA,4,NA,1,0,C6
1166,C0629,6,C,6C,Hindu,Enemies,Enemy2,2,2,M,29,3,7,6,6,7,5,7,1,5,4,6,3,3,NA,1,3,2,1,1,1,1,1,3,1,2,2,1,1,4,6,7,1,1,1,2,1,5,5,5,4,M,Hindu,1,1,2,1,2,1,4,1,2,1,1,6,4,4,2,1,1,1,1,2,1,5,2,7,3,7,4,1,1,C6
1167,C0629,6,C,6C,Hindu,Enemies,Enemy3,2,3,M,29,3,7,6,6,7,5,7,1,5,4,6,3,3,NA,1,3,2,1,1,1,1,1,3,1,2,2,1,1,4,6,7,1,1,1,2,1,5,5,5,4,M,Muslim,3,2,2,1,3,1,4,2,1,3,1,3,2,2,1,1,2,2,4,1,1,3,3,7,6,5,7,1,0,C6
1168,C0629,6,C,6C,Hindu,Enemies,Enemy4,2,6,M,29,3,7,6,6,7,5,7,1,5,4,6,3,3,NA,1,3,2,1,1,1,1,1,3,1,2,2,1,1,4,6,7,1,1,1,2,1,5,5,5,4,M,Hindu,3,2,2,1,3,1,4,2,5,3,1,3,2,2,1,1,2,2,4,1,1,3,3,7,6,7,5,1,1,C6
1169,C0629,6,C,6C,Hindu,Enemies,Enemy5,2,12,M,29,3,7,6,6,7,5,7,1,5,4,6,3,3,NA,1,3,2,1,1,1,1,1,3,1,2,2,1,1,4,6,7,1,1,1,2,1,5,5,5,4,M,NA,NA,NA,NA,NA,NA,NA,NA,NA,NA,NA,NA,NA,NA,NA,NA,NA,NA,NA,NA,NA,NA,NA,NA,NA,NA,NA,NA,1,NA,C6
1170,C0631,6,C,6C,Muslim,Enemies,Enemy1,2,1,M,31,2,6,NA,1,NA,1,5,NA,6,2,3,NA,6,NA,1,3,2,1,2,1,1,2,1,1,5,4,2,1,5,7,1,5,4,1,2,1,2,4,5,4,M,Muslim,1,1,1,1,1,1,5,1,1,2,1,4,1,3,3,4,1,1,3,4,1,4,2,7,NA,4,NA,1,1,C6
1171,C0631,6,C,6C,Muslim,Enemies,Enemy2,2,12,M,31,2,6,NA,1,NA,1,5,NA,6,2,3,NA,6,NA,1,3,2,1,2,1,1,2,1,1,5,4,2,1,5,7,1,5,4,1,2,1,2,4,5,4,M,NA,NA,NA,NA,NA,NA,NA,NA,NA,NA,NA,NA,NA,NA,NA,NA,NA,NA,NA,NA,NA,NA,NA,NA,NA,NA,NA,NA,1,NA,C6
1172,C0631,6,C,6C,Muslim,Enemies,Enemy3,2,30,M,31,2,6,NA,1,NA,1,5,NA,6,2,3,NA,6,NA,1,3,2,1,2,1,1,2,1,1,5,4,2,1,5,7,1,5,4,1,2,1,2,4,5,4,M,Muslim,2,1,1,2,2,1,3,1,3,1,1,NA,4,4,4,2,4,1,4,4,2,5,2,7,5,2,7,1,1,C6
1173,C0631,6,C,6C,Muslim,Enemies,Enemy4,2,32,M,31,2,6,NA,1,NA,1,5,NA,6,2,3,NA,6,NA,1,3,2,1,2,1,1,2,1,1,5,4,2,1,5,7,1,5,4,1,2,1,2,4,5,4,M,Hindu,1,2,2,1,3,1,1,1,3,2,1,3,3,3,1,1,2,2,4,1,1,5,3,NA,7,5,5,1,0,C6
1174,C0631,6,C,6C,Muslim,Enemies,Enemy5,2,33,M,31,2,6,NA,1,NA,1,5,NA,6,2,3,NA,6,NA,1,3,2,1,2,1,1,2,1,1,5,4,2,1,5,7,1,5,4,1,2,1,2,4,5,4,M,NA,NA,NA,NA,NA,NA,NA,NA,NA,NA,NA,NA,NA,NA,NA,NA,NA,NA,NA,NA,NA,NA,NA,NA,NA,NA,NA,NA,1,NA,C6
1175,C0631,6,C,6C,Muslim,Enemies,Enemy6,2,34,M,31,2,6,NA,1,NA,1,5,NA,6,2,3,NA,6,NA,1,3,2,1,2,1,1,2,1,1,5,4,2,1,5,7,1,5,4,1,2,1,2,4,5,4,M,Muslim,1,1,2,1,1,1,3,1,1,3,1,4,6,5,1,1,1,1,1,1,1,5,3,7,6,7,7,1,1,C6
1176,C0631,6,C,6C,Muslim,Enemies,Enemy7,2,35,M,31,2,6,NA,1,NA,1,5,NA,6,2,3,NA,6,NA,1,3,2,1,2,1,1,2,1,1,5,4,2,1,5,7,1,5,4,1,2,1,2,4,5,4,M,Muslim,2,1,1,2,2,1,3,1,4,1,1,2,2,2,4,2,4,4,4,4,2,5,2,7,2,2,7,1,1,C6
1177,C0634,6,C,6C,Muslim,Enemies,Enemy1,2,49,M,34,7,7,6,6,7,7,6,7,7,6,7,6,7,Muslim,1,1,1,2,1,1,1,2,3,1,1,3,2,1,4,6,5,1,1,1,1,1,1,1,5,3,F,Hindu,1,3,1,1,1,2,3,1,1,1,2,4,4,4,3,1,2,2,1,2,1,3,3,4,4,4,4,0,0,C6
1178,C0634,6,C,6C,Muslim,Enemies,Enemy2,2,54,M,34,7,7,6,6,7,7,6,7,7,6,7,6,7,Muslim,1,1,1,2,1,1,1,2,3,1,1,3,2,1,4,6,5,1,1,1,1,1,1,1,5,3,F,NA,NA,NA,NA,NA,NA,NA,NA,NA,NA,NA,NA,NA,NA,NA,NA,NA,NA,NA,NA,NA,NA,NA,NA,NA,NA,NA,NA,0,NA,C6
1179,C0634,6,C,6C,Muslim,Enemies,Enemy3,2,59,M,34,7,7,6,6,7,7,6,7,7,6,7,6,7,Muslim,1,1,1,2,1,1,1,2,3,1,1,3,2,1,4,6,5,1,1,1,1,1,1,1,5,3,F,Hindu,2,2,2,1,2,1,1,1,2,2,2,4,3,3,2,1,1,2,2,2,1,3,2,5,7,7,4,0,0,C6
1180,C0634,6,C,6C,Muslim,Enemies,Enemy4,2,62,M,34,7,7,6,6,7,7,6,7,7,6,7,6,7,Muslim,1,1,1,2,1,1,1,2,3,1,1,3,2,1,4,6,5,1,1,1,1,1,1,1,5,3,F,Hindu,4,NA,5,1,3,2,4,1,3,2,1,4,4,5,5,2,1,4,3,1,2,5,4,5,NA,NA,4,0,0,C6
1181,C0634,6,C,6C,Muslim,Enemies,Enemy5,2,64,M,34,7,7,6,6,7,7,6,7,7,6,7,6,7,Muslim,1,1,1,2,1,1,1,2,3,1,1,3,2,1,4,6,5,1,1,1,1,1,1,1,5,3,F,Muslim,NA,2,1,1,2,1,NA,1,1,NA,2,4,4,4,2,1,2,2,1,2,1,3,3,4,4,4,NA,0,1,C6
1182,C0635,6,C,6C,Muslim,Enemies,Enemy1,2,11,M,35,2,7,2,7,2,7,1,7,2,2,2,3,7,NA,1,2,1,1,2,2,1,2,3,1,4,1,2,1,2,2,2,4,2,4,4,4,4,2,5,2,M,Hindu,2,NA,1,1,1,1,2,1,1,2,1,3,1,1,3,1,3,1,2,5,1,5,3,7,1,7,6,1,0,C6
1183,C0635,6,C,6C,Muslim,Enemies,Enemy2,2,20,M,35,2,7,2,7,2,7,1,7,2,2,2,3,7,NA,1,2,1,1,2,2,1,2,3,1,4,1,2,1,2,2,2,4,2,4,4,4,4,2,5,2,M,Hindu,2,2,1,1,1,1,4,1,2,1,1,5,6,2,1,2,2,1,3,1,1,1,2,7,5,7,1,1,0,C6
1184,C0636,6,C,6C,Muslim,Enemies,Enemy1,2,7,M,36,7,6,5,7,6,7,4,7,5,2,1,4,NA,Muslim,1,2,2,1,1,1,2,1,4,1,5,5,2,2,4,4,4,2,1,4,1,3,5,3,2,1,M,Hindu,1,2,1,1,2,1,NA,1,NA,1,1,4,3,3,4,2,1,3,5,5,3,5,3,7,4,7,2,1,0,C6
1185,C0636,6,C,6C,Muslim,Enemies,Enemy2,2,11,M,36,7,6,5,7,6,7,4,7,5,2,1,4,NA,Muslim,1,2,2,1,1,1,2,1,4,1,5,5,2,2,4,4,4,2,1,4,1,3,5,3,2,1,M,Hindu,2,NA,1,1,1,1,2,1,1,2,1,3,1,1,3,1,3,1,2,5,1,5,3,7,1,7,6,1,0,C6
1186,C0636,6,C,6C,Muslim,Enemies,Enemy3,2,19,M,36,7,6,5,7,6,7,4,7,5,2,1,4,NA,Muslim,1,2,2,1,1,1,2,1,4,1,5,5,2,2,4,4,4,2,1,4,1,3,5,3,2,1,M,Hindu,2,2,1,1,2,1,4,1,1,1,1,4,4,2,2,1,3,1,5,1,1,2,2,6,5,7,5,1,0,C6
1187,C0636,6,C,6C,Muslim,Enemies,Enemy4,2,20,M,36,7,6,5,7,6,7,4,7,5,2,1,4,NA,Muslim,1,2,2,1,1,1,2,1,4,1,5,5,2,2,4,4,4,2,1,4,1,3,5,3,2,1,M,Hindu,2,2,1,1,1,1,4,1,2,1,1,5,6,2,1,2,2,1,3,1,1,1,2,7,5,7,1,1,0,C6
1188,C0636,6,C,6C,Muslim,Enemies,Enemy5,2,21,M,36,7,6,5,7,6,7,4,7,5,2,1,4,NA,Muslim,1,2,2,1,1,1,2,1,4,1,5,5,2,2,4,4,4,2,1,4,1,3,5,3,2,1,M,Hindu,1,2,2,1,1,1,4,1,1,1,1,4,4,4,1,1,2,1,3,1,1,5,2,6,4,7,4,1,0,C6
1189,C0636,6,C,6C,Muslim,Enemies,Enemy6,2,25,M,36,7,6,5,7,6,7,4,7,5,2,1,4,NA,Muslim,1,2,2,1,1,1,2,1,4,1,5,5,2,2,4,4,4,2,1,4,1,3,5,3,2,1,M,Muslim,2,1,3,1,3,2,4,3,4,5,3,4,2,6,3,1,2,2,4,2,2,5,4,4,1,1,7,1,1,C6
1190,C0636,6,C,6C,Muslim,Enemies,Enemy7,2,2,M,36,7,6,5,7,6,7,4,7,5,2,1,4,NA,Muslim,1,2,2,1,1,1,2,1,4,1,5,5,2,2,4,4,4,2,1,4,1,3,5,3,2,1,M,Hindu,1,1,2,1,2,1,4,1,2,1,1,6,4,4,2,1,1,1,1,2,1,5,2,7,3,7,4,1,0,C6
1191,C0638,6,C,6C,Hindu,Enemies,Enemy1,2,1,M,38,1,7,5,7,7,3,2,7,3,5,1,3,7,NA,1,2,1,1,1,2,1,1,2,1,1,1,1,1,4,3,3,1,1,2,2,1,4,1,5,1,M,Muslim,1,1,1,1,1,1,5,1,1,2,1,4,1,3,3,4,1,1,3,4,1,4,2,7,NA,4,NA,1,0,C6
1192,C0638,6,C,6C,Hindu,Enemies,Enemy2,2,3,M,38,1,7,5,7,7,3,2,7,3,5,1,3,7,NA,1,2,1,1,1,2,1,1,2,1,1,1,1,1,4,3,3,1,1,2,2,1,4,1,5,1,M,Muslim,3,2,2,1,3,1,4,2,1,3,1,3,2,2,1,1,2,2,4,1,1,3,3,7,6,5,7,1,0,C6
1193,C0638,6,C,6C,Hindu,Enemies,Enemy3,2,7,M,38,1,7,5,7,7,3,2,7,3,5,1,3,7,NA,1,2,1,1,1,2,1,1,2,1,1,1,1,1,4,3,3,1,1,2,2,1,4,1,5,1,M,Hindu,1,2,1,1,2,1,NA,1,NA,1,1,4,3,3,4,2,1,3,5,5,3,5,3,7,4,7,2,1,1,C6
1194,C0638,6,C,6C,Hindu,Enemies,Enemy4,2,9,M,38,1,7,5,7,7,3,2,7,3,5,1,3,7,NA,1,2,1,1,1,2,1,1,2,1,1,1,1,1,4,3,3,1,1,2,2,1,4,1,5,1,M,NA,NA,NA,NA,NA,NA,NA,NA,NA,NA,NA,NA,NA,NA,NA,NA,NA,NA,NA,NA,NA,NA,NA,NA,NA,NA,NA,NA,1,NA,C6
1195,C0638,6,C,6C,Hindu,Enemies,Enemy5,2,14,M,38,1,7,5,7,7,3,2,7,3,5,1,3,7,NA,1,2,1,1,1,2,1,1,2,1,1,1,1,1,4,3,3,1,1,2,2,1,4,1,5,1,M,Muslim,1,2,1,1,2,1,5,1,2,3,2,3,4,5,1,2,1,2,2,1,1,1,2,7,7,3,7,1,0,C6
1196,C0638,6,C,6C,Hindu,Enemies,Enemy6,2,15,M,38,1,7,5,7,7,3,2,7,3,5,1,3,7,NA,1,2,1,1,1,2,1,1,2,1,1,1,1,1,4,3,3,1,1,2,2,1,4,1,5,1,M,NA,NA,NA,NA,NA,NA,NA,NA,NA,NA,NA,NA,NA,NA,NA,NA,NA,NA,NA,NA,NA,NA,NA,NA,NA,NA,NA,NA,1,NA,C6
1197,C0638,6,C,6C,Hindu,Enemies,Enemy7,2,16,M,38,1,7,5,7,7,3,2,7,3,5,1,3,7,NA,1,2,1,1,1,2,1,1,2,1,1,1,1,1,4,3,3,1,1,2,2,1,4,1,5,1,M,Hindu,1,2,1,1,2,1,4,1,5,5,1,4,3,2,1,2,1,1,1,5,1,5,2,7,6,7,4,1,1,C6
1198,C0638,6,C,6C,Hindu,Enemies,Enemy8,2,19,M,38,1,7,5,7,7,3,2,7,3,5,1,3,7,NA,1,2,1,1,1,2,1,1,2,1,1,1,1,1,4,3,3,1,1,2,2,1,4,1,5,1,M,Hindu,2,2,1,1,2,1,4,1,1,1,1,4,4,2,2,1,3,1,5,1,1,2,2,6,5,7,5,1,1,C6
1199,C0638,6,C,6C,Hindu,Enemies,Enemy9,2,23,M,38,1,7,5,7,7,3,2,7,3,5,1,3,7,NA,1,2,1,1,1,2,1,1,2,1,1,1,1,1,4,3,3,1,1,2,2,1,4,1,5,1,M,NA,NA,NA,NA,NA,NA,NA,NA,NA,NA,NA,NA,NA,NA,NA,NA,NA,NA,NA,NA,NA,NA,NA,NA,NA,NA,NA,NA,1,NA,C6
1200,C0638,6,C,6C,Hindu,Enemies,Enemy10,2,24,M,38,1,7,5,7,7,3,2,7,3,5,1,3,7,NA,1,2,1,1,1,2,1,1,2,1,1,1,1,1,4,3,3,1,1,2,2,1,4,1,5,1,M,Muslim,2,1,NA,1,3,2,1,1,1,2,2,4,3,3,2,1,2,3,1,5,1,3,4,7,4,5,7,1,0,C6
1201,C0638,6,C,6C,Hindu,Enemies,Enemy11,2,25,M,38,1,7,5,7,7,3,2,7,3,5,1,3,7,NA,1,2,1,1,1,2,1,1,2,1,1,1,1,1,4,3,3,1,1,2,2,1,4,1,5,1,M,Muslim,2,1,3,1,3,2,4,3,4,5,3,4,2,6,3,1,2,2,4,2,2,5,4,4,1,1,7,1,0,C6
1202,C0640,6,C,6C,Hindu,Enemies,Enemy1,2,25,M,40,1,7,6,7,7,5,6,7,6,6,3,4,2,NA,1,1,2,1,1,1,1,2,1,1,1,2,1,2,4,5,3,1,1,1,2,1,2,1,4,3,M,Muslim,2,1,3,1,3,2,4,3,4,5,3,4,2,6,3,1,2,2,4,2,2,5,4,4,1,1,7,1,0,C6
1203,C0640,6,C,6C,Hindu,Enemies,Enemy2,2,30,M,40,1,7,6,7,7,5,6,7,6,6,3,4,2,NA,1,1,2,1,1,1,1,2,1,1,1,2,1,2,4,5,3,1,1,1,2,1,2,1,4,3,M,Muslim,2,1,1,2,2,1,3,1,3,1,1,NA,4,4,4,2,4,1,4,4,2,5,2,7,5,2,7,1,0,C6
1204,C0640,6,C,6C,Hindu,Enemies,Enemy3,2,31,M,40,1,7,6,7,7,5,6,7,6,6,3,4,2,NA,1,1,2,1,1,1,1,2,1,1,1,2,1,2,4,5,3,1,1,1,2,1,2,1,4,3,M,Muslim,3,2,1,2,1,1,1,1,5,4,1,5,7,1,5,4,1,2,1,2,4,5,4,6,NA,NA,1,1,0,C6
1205,C0640,6,C,6C,Hindu,Enemies,Enemy4,2,32,M,40,1,7,6,7,7,5,6,7,6,6,3,4,2,NA,1,1,2,1,1,1,1,2,1,1,1,2,1,2,4,5,3,1,1,1,2,1,2,1,4,3,M,Hindu,1,2,2,1,3,1,1,1,3,2,1,3,3,3,1,1,2,2,4,1,1,5,3,NA,7,5,5,1,1,C6
1206,C0640,6,C,6C,Hindu,Enemies,Enemy5,2,34,M,40,1,7,6,7,7,5,6,7,6,6,3,4,2,NA,1,1,2,1,1,1,1,2,1,1,1,2,1,2,4,5,3,1,1,1,2,1,2,1,4,3,M,Muslim,1,1,2,1,1,1,3,1,1,3,1,4,6,5,1,1,1,1,1,1,1,5,3,7,6,7,7,1,0,C6
1207,C0640,6,C,6C,Hindu,Enemies,Enemy6,2,35,M,40,1,7,6,7,7,5,6,7,6,6,3,4,2,NA,1,1,2,1,1,1,1,2,1,1,1,2,1,2,4,5,3,1,1,1,2,1,2,1,4,3,M,Muslim,2,1,1,2,2,1,3,1,4,1,1,2,2,2,4,2,4,4,4,4,2,5,2,7,2,2,7,1,0,C6
1208,C0643,6,C,6C,Muslim,Enemies,Enemy1,2,48,F,43,7,2,6,7,3,7,7,7,7,7,7,7,7,NA,2,1,1,1,1,1,1,2,2,1,1,1,2,1,7,7,7,3,1,1,1,1,1,1,4,1,F,Muslim,1,1,4,3,1,1,3,1,1,3,4,2,1,1,1,1,1,3,1,2,1,2,3,1,7,3,4,1,1,C6
1209,C0643,6,C,6C,Muslim,Enemies,Enemy2,2,52,F,43,7,2,6,7,3,7,7,7,7,7,7,7,7,NA,2,1,1,1,1,1,1,2,2,1,1,1,2,1,7,7,7,3,1,1,1,1,1,1,4,1,F,Hindu,2,1,2,2,3,1,5,1,1,1,4,4,5,3,3,4,1,2,3,2,3,4,5,4,7,7,7,1,0,C6
1210,C0643,6,C,6C,Muslim,Enemies,Enemy3,2,57,F,43,7,2,6,7,3,7,7,7,7,7,7,7,7,NA,2,1,1,1,1,1,1,2,2,1,1,1,2,1,7,7,7,3,1,1,1,1,1,1,4,1,F,Muslim,2,1,1,1,1,1,3,1,1,1,1,4,6,7,1,1,1,3,1,1,1,5,2,1,7,4,7,1,1,C6
1211,C0644,6,C,6C,Muslim,Enemies,Enemy1,2,33,F,44,1,6,6,7,2,7,7,7,2,2,1,1,6,Islam,2,1,1,1,1,1,1,2,4,1,1,3,2,1,NA,3,4,5,1,1,2,1,4,2,5,3,M,NA,NA,NA,NA,NA,NA,NA,NA,NA,NA,NA,NA,NA,NA,NA,NA,NA,NA,NA,NA,NA,NA,NA,NA,NA,NA,NA,NA,0,NA,C6
1212,C0644,6,C,6C,Muslim,Enemies,Enemy2,2,35,F,44,1,6,6,7,2,7,7,7,2,2,1,1,6,Islam,2,1,1,1,1,1,1,2,4,1,1,3,2,1,NA,3,4,5,1,1,2,1,4,2,5,3,M,Muslim,2,1,1,2,2,1,3,1,4,1,1,2,2,2,4,2,4,4,4,4,2,5,2,7,2,2,7,0,1,C6
1213,C0644,6,C,6C,Muslim,Enemies,Enemy3,2,38,F,44,1,6,6,7,2,7,7,7,2,2,1,1,6,Islam,2,1,1,1,1,1,1,2,4,1,1,3,2,1,NA,3,4,5,1,1,2,1,4,2,5,3,M,Hindu,2,1,1,1,2,1,2,1,1,1,1,4,3,3,1,1,2,2,1,4,1,5,1,7,5,7,3,0,0,C6
1214,C0644,6,C,6C,Muslim,Enemies,Enemy4,2,40,F,44,1,6,6,7,2,7,7,7,2,2,1,1,6,Islam,2,1,1,1,1,1,1,2,4,1,1,3,2,1,NA,3,4,5,1,1,2,1,4,2,5,3,M,Hindu,1,2,1,1,1,1,1,1,1,2,2,4,5,3,1,1,1,2,1,2,1,4,3,7,6,7,5,0,0,C6
1215,C0644,6,C,6C,Muslim,Enemies,Enemy5,2,45,F,44,1,6,6,7,2,7,7,7,2,2,1,1,6,Islam,2,1,1,1,1,1,1,2,4,1,1,3,2,1,NA,3,4,5,1,1,2,1,4,2,5,3,F,NA,NA,NA,NA,NA,NA,NA,NA,NA,NA,NA,NA,NA,NA,NA,NA,NA,NA,NA,NA,NA,NA,NA,NA,NA,NA,NA,NA,1,NA,C6
1216,C0644,6,C,6C,Muslim,Enemies,Enemy6,2,49,F,44,1,6,6,7,2,7,7,7,2,2,1,1,6,Islam,2,1,1,1,1,1,1,2,4,1,1,3,2,1,NA,3,4,5,1,1,2,1,4,2,5,3,F,Hindu,1,3,1,1,1,2,3,1,1,1,2,4,4,4,3,1,2,2,1,2,1,3,3,4,4,4,4,1,0,C6
1217,C0644,6,C,6C,Muslim,Enemies,Enemy7,2,53,F,44,1,6,6,7,2,7,7,7,2,2,1,1,6,Islam,2,1,1,1,1,1,1,2,4,1,1,3,2,1,NA,3,4,5,1,1,2,1,4,2,5,3,F,Hindu,2,3,1,1,2,1,2,4,1,1,4,4,5,3,3,1,1,2,3,1,1,5,5,1,7,7,4,1,0,C6
1218,C0644,6,C,6C,Muslim,Enemies,Enemy8,2,59,F,44,1,6,6,7,2,7,7,7,2,2,1,1,6,Islam,2,1,1,1,1,1,1,2,4,1,1,3,2,1,NA,3,4,5,1,1,2,1,4,2,5,3,F,Hindu,2,2,2,1,2,1,1,1,2,2,2,4,3,3,2,1,1,2,2,2,1,3,2,5,7,7,4,1,0,C6
1219,C0646,6,C,6C,Muslim,Enemies,Enemy1,2,33,F,46,1,2,7,7,2,7,5,6,4,6,7,5,7,NA,2,2,2,1,1,2,1,2,1,2,2,5,2,1,7,7,7,4,5,3,5,5,4,5,2,1,M,NA,NA,NA,NA,NA,NA,NA,NA,NA,NA,NA,NA,NA,NA,NA,NA,NA,NA,NA,NA,NA,NA,NA,NA,NA,NA,NA,NA,0,NA,C6
1220,C0646,6,C,6C,Muslim,Enemies,Enemy2,2,49,F,46,1,2,7,7,2,7,5,6,4,6,7,5,7,NA,2,2,2,1,1,2,1,2,1,2,2,5,2,1,7,7,7,4,5,3,5,5,4,5,2,1,F,Hindu,1,3,1,1,1,2,3,1,1,1,2,4,4,4,3,1,2,2,1,2,1,3,3,4,4,4,4,1,0,C6
1221,C0646,6,C,6C,Muslim,Enemies,Enemy3,2,50,F,46,1,2,7,7,2,7,5,6,4,6,7,5,7,NA,2,2,2,1,1,2,1,2,1,2,2,5,2,1,7,7,7,4,5,3,5,5,4,5,2,1,F,Muslim,1,1,NA,2,2,1,4,4,4,4,3,4,4,3,1,1,1,2,2,5,1,5,3,6,7,1,7,1,1,C6
1222,C0646,6,C,6C,Muslim,Enemies,Enemy4,2,51,F,46,1,2,7,7,2,7,5,6,4,6,7,5,7,NA,2,2,2,1,1,2,1,2,1,2,2,5,2,1,7,7,7,4,5,3,5,5,4,5,2,1,F,Muslim,4,5,1,1,2,1,5,5,5,1,1,5,4,4,1,1,1,3,3,1,1,1,5,7,1,NA,7,1,1,C6
1223,C0646,6,C,6C,Muslim,Enemies,Enemy5,2,52,F,46,1,2,7,7,2,7,5,6,4,6,7,5,7,NA,2,2,2,1,1,2,1,2,1,2,2,5,2,1,7,7,7,4,5,3,5,5,4,5,2,1,F,Hindu,2,1,2,2,3,1,5,1,1,1,4,4,5,3,3,4,1,2,3,2,3,4,5,4,7,7,7,1,0,C6
1224,C0646,6,C,6C,Muslim,Enemies,Enemy6,2,60,F,46,1,2,7,7,2,7,5,6,4,6,7,5,7,NA,2,2,2,1,1,2,1,2,1,2,2,5,2,1,7,7,7,4,5,3,5,5,4,5,2,1,F,Muslim,1,4,3,1,2,1,4,1,1,2,1,4,7,7,2,1,4,1,1,1,1,5,3,2,7,2,7,1,1,C6
1225,C0646,6,C,6C,Muslim,Enemies,Enemy7,2,64,F,46,1,2,7,7,2,7,5,6,4,6,7,5,7,NA,2,2,2,1,1,2,1,2,1,2,2,5,2,1,7,7,7,4,5,3,5,5,4,5,2,1,F,Muslim,NA,2,1,1,2,1,NA,1,1,NA,2,4,4,4,2,1,2,2,1,2,1,3,3,4,4,4,NA,1,1,C6
1226,C0647,6,C,6C,Muslim,Enemies,Enemy1,2,1,F,47,4,4,7,7,4,7,7,5,3,5,5,6,8,NA,2,1,1,2,1,1,1,4,1,1,1,1,2,1,4,4,4,5,1,1,3,1,1,2,4,4,M,Muslim,1,1,1,1,1,1,5,1,1,2,1,4,1,3,3,4,1,1,3,4,1,4,2,7,NA,4,NA,0,1,C6
1227,C0647,6,C,6C,Muslim,Enemies,Enemy2,2,6,F,47,4,4,7,7,4,7,7,5,3,5,5,6,8,NA,2,1,1,2,1,1,1,4,1,1,1,1,2,1,4,4,4,5,1,1,3,1,1,2,4,4,M,Hindu,3,2,2,1,3,1,4,2,5,3,1,3,2,2,1,1,2,2,4,1,1,3,3,7,6,7,5,0,0,C6
1228,C0647,6,C,6C,Muslim,Enemies,Enemy3,2,9,F,47,4,4,7,7,4,7,7,5,3,5,5,6,8,NA,2,1,1,2,1,1,1,4,1,1,1,1,2,1,4,4,4,5,1,1,3,1,1,2,4,4,M,NA,NA,NA,NA,NA,NA,NA,NA,NA,NA,NA,NA,NA,NA,NA,NA,NA,NA,NA,NA,NA,NA,NA,NA,NA,NA,NA,NA,0,NA,C6
1229,C0647,6,C,6C,Muslim,Enemies,Enemy4,2,13,F,47,4,4,7,7,4,7,7,5,3,5,5,6,8,NA,2,1,1,2,1,1,1,4,1,1,1,1,2,1,4,4,4,5,1,1,3,1,1,2,4,4,M,Muslim,2,1,1,2,1,1,3,1,5,1,1,4,1,7,2,1,1,1,3,1,1,5,3,7,1,4,7,0,1,C6
1230,C0647,6,C,6C,Muslim,Enemies,Enemy5,2,19,F,47,4,4,7,7,4,7,7,5,3,5,5,6,8,NA,2,1,1,2,1,1,1,4,1,1,1,1,2,1,4,4,4,5,1,1,3,1,1,2,4,4,M,Hindu,2,2,1,1,2,1,4,1,1,1,1,4,4,2,2,1,3,1,5,1,1,2,2,6,5,7,5,0,0,C6
1231,C0647,6,C,6C,Muslim,Enemies,Enemy6,2,32,F,47,4,4,7,7,4,7,7,5,3,5,5,6,8,NA,2,1,1,2,1,1,1,4,1,1,1,1,2,1,4,4,4,5,1,1,3,1,1,2,4,4,M,Hindu,1,2,2,1,3,1,1,1,3,2,1,3,3,3,1,1,2,2,4,1,1,5,3,NA,7,5,5,0,0,C6
1232,C0647,6,C,6C,Muslim,Enemies,Enemy7,2,35,F,47,4,4,7,7,4,7,7,5,3,5,5,6,8,NA,2,1,1,2,1,1,1,4,1,1,1,1,2,1,4,4,4,5,1,1,3,1,1,2,4,4,M,Muslim,2,1,1,2,2,1,3,1,4,1,1,2,2,2,4,2,4,4,4,4,2,5,2,7,2,2,7,0,1,C6
1233,C0648,6,C,6C,Muslim,Enemies,Enemy1,2,51,F,48,1,1,7,4,3,4,7,5,6,3,2,3,8,NA,2,1,1,4,3,1,1,1,3,1,1,3,2,4,2,1,1,1,1,1,3,1,2,1,2,3,F,Muslim,4,5,1,1,2,1,5,5,5,1,1,5,4,4,1,1,1,3,3,1,1,1,5,7,1,NA,7,1,1,C6
1234,C0648,6,C,6C,Muslim,Enemies,Enemy2,2,55,F,48,1,1,7,4,3,4,7,5,6,3,2,3,8,NA,2,1,1,4,3,1,1,1,3,1,1,3,2,4,2,1,1,1,1,1,3,1,2,1,2,3,F,Muslim,2,1,3,1,1,1,3,1,1,1,1,4,6,7,1,1,1,3,1,5,1,3,5,6,7,4,7,1,1,C6
1235,C0650,6,C,6C,Muslim,Enemies,Enemy1,2,1,F,50,2,6,7,7,1,7,4,6,3,5,6,3,7,NA,2,1,1,NA,2,2,1,2,4,4,4,4,2,3,4,4,3,1,1,1,2,2,5,1,5,3,M,Muslim,1,1,1,1,1,1,5,1,1,2,1,4,1,3,3,4,1,1,3,4,1,4,2,7,NA,4,NA,0,1,C6
1236,C0650,6,C,6C,Muslim,Enemies,Enemy2,2,32,F,50,2,6,7,7,1,7,4,6,3,5,6,3,7,NA,2,1,1,NA,2,2,1,2,4,4,4,4,2,3,4,4,3,1,1,1,2,2,5,1,5,3,M,Hindu,1,2,2,1,3,1,1,1,3,2,1,3,3,3,1,1,2,2,4,1,1,5,3,NA,7,5,5,0,0,C6
1237,C0650,6,C,6C,Muslim,Enemies,Enemy3,2,33,F,50,2,6,7,7,1,7,4,6,3,5,6,3,7,NA,2,1,1,NA,2,2,1,2,4,4,4,4,2,3,4,4,3,1,1,1,2,2,5,1,5,3,M,NA,NA,NA,NA,NA,NA,NA,NA,NA,NA,NA,NA,NA,NA,NA,NA,NA,NA,NA,NA,NA,NA,NA,NA,NA,NA,NA,NA,0,NA,C6
1238,C0650,6,C,6C,Muslim,Enemies,Enemy4,2,49,F,50,2,6,7,7,1,7,4,6,3,5,6,3,7,NA,2,1,1,NA,2,2,1,2,4,4,4,4,2,3,4,4,3,1,1,1,2,2,5,1,5,3,F,Hindu,1,3,1,1,1,2,3,1,1,1,2,4,4,4,3,1,2,2,1,2,1,3,3,4,4,4,4,1,0,C6
1239,C0650,6,C,6C,Muslim,Enemies,Enemy5,2,51,F,50,2,6,7,7,1,7,4,6,3,5,6,3,7,NA,2,1,1,NA,2,2,1,2,4,4,4,4,2,3,4,4,3,1,1,1,2,2,5,1,5,3,F,Muslim,4,5,1,1,2,1,5,5,5,1,1,5,4,4,1,1,1,3,3,1,1,1,5,7,1,NA,7,1,1,C6
1240,C0650,6,C,6C,Muslim,Enemies,Enemy6,2,58,F,50,2,6,7,7,1,7,4,6,3,5,6,3,7,NA,2,1,1,NA,2,2,1,2,4,4,4,4,2,3,4,4,3,1,1,1,2,2,5,1,5,3,F,NA,NA,NA,NA,NA,NA,NA,NA,NA,NA,NA,NA,NA,NA,NA,NA,NA,NA,NA,NA,NA,NA,NA,NA,NA,NA,NA,NA,1,NA,C6
1241,C0650,6,C,6C,Muslim,Enemies,Enemy7,2,62,F,50,2,6,7,7,1,7,4,6,3,5,6,3,7,NA,2,1,1,NA,2,2,1,2,4,4,4,4,2,3,4,4,3,1,1,1,2,2,5,1,5,3,F,Hindu,4,NA,5,1,3,2,4,1,3,2,1,4,4,5,5,2,1,4,3,1,2,5,4,5,NA,NA,4,1,0,C6
1242,C0651,6,C,6C,Muslim,Enemies,Enemy1,2,33,F,51,1,7,1,7,NA,7,1,7,7,7,1,4,1,NA,NA,4,5,1,1,2,1,2,5,5,5,1,2,1,5,4,4,1,1,1,3,3,1,1,1,5,M,NA,NA,NA,NA,NA,NA,NA,NA,NA,NA,NA,NA,NA,NA,NA,NA,NA,NA,NA,NA,NA,NA,NA,NA,NA,NA,NA,NA,0,NA,C6
1243,C0651,6,C,6C,Muslim,Enemies,Enemy2,2,53,F,51,1,7,1,7,NA,7,1,7,7,7,1,4,1,NA,NA,4,5,1,1,2,1,2,5,5,5,1,2,1,5,4,4,1,1,1,3,3,1,1,1,5,F,Hindu,2,3,1,1,2,1,2,4,1,1,4,4,5,3,3,1,1,2,3,1,1,5,5,1,7,7,4,1,0,C6
1244,C0651,6,C,6C,Muslim,Enemies,Enemy3,2,54,F,51,1,7,1,7,NA,7,1,7,7,7,1,4,1,NA,NA,4,5,1,1,2,1,2,5,5,5,1,2,1,5,4,4,1,1,1,3,3,1,1,1,5,F,NA,NA,NA,NA,NA,NA,NA,NA,NA,NA,NA,NA,NA,NA,NA,NA,NA,NA,NA,NA,NA,NA,NA,NA,NA,NA,NA,NA,1,NA,C6
1245,C0651,6,C,6C,Muslim,Enemies,Enemy4,2,55,F,51,1,7,1,7,NA,7,1,7,7,7,1,4,1,NA,NA,4,5,1,1,2,1,2,5,5,5,1,2,1,5,4,4,1,1,1,3,3,1,1,1,5,F,Muslim,2,1,3,1,1,1,3,1,1,1,1,4,6,7,1,1,1,3,1,5,1,3,5,6,7,4,7,1,1,C6
1246,C0651,6,C,6C,Muslim,Enemies,Enemy5,2,57,F,51,1,7,1,7,NA,7,1,7,7,7,1,4,1,NA,NA,4,5,1,1,2,1,2,5,5,5,1,2,1,5,4,4,1,1,1,3,3,1,1,1,5,F,Muslim,2,1,1,1,1,1,3,1,1,1,1,4,6,7,1,1,1,3,1,1,1,5,2,1,7,4,7,1,1,C6
1247,C0651,6,C,6C,Muslim,Enemies,Enemy6,2,58,F,51,1,7,1,7,NA,7,1,7,7,7,1,4,1,NA,NA,4,5,1,1,2,1,2,5,5,5,1,2,1,5,4,4,1,1,1,3,3,1,1,1,5,F,NA,NA,NA,NA,NA,NA,NA,NA,NA,NA,NA,NA,NA,NA,NA,NA,NA,NA,NA,NA,NA,NA,NA,NA,NA,NA,NA,NA,1,NA,C6
1248,C0651,6,C,6C,Muslim,Enemies,Enemy7,2,62,F,51,1,7,1,7,NA,7,1,7,7,7,1,4,1,NA,NA,4,5,1,1,2,1,2,5,5,5,1,2,1,5,4,4,1,1,1,3,3,1,1,1,5,F,Hindu,4,NA,5,1,3,2,4,1,3,2,1,4,4,5,5,2,1,4,3,1,2,5,4,5,NA,NA,4,1,0,C6
1249,C0652,6,C,6C,Hindu,Enemies,Enemy1,2,1,F,52,4,4,7,7,7,7,1,4,4,1,6,6,8,NA,2,2,1,2,2,3,1,2,5,1,1,1,1,4,4,5,3,3,4,1,2,3,2,3,4,5,M,Muslim,1,1,1,1,1,1,5,1,1,2,1,4,1,3,3,4,1,1,3,4,1,4,2,7,NA,4,NA,0,0,C6
1250,C0652,6,C,6C,Hindu,Enemies,Enemy2,2,2,F,52,4,4,7,7,7,7,1,4,4,1,6,6,8,NA,2,2,1,2,2,3,1,2,5,1,1,1,1,4,4,5,3,3,4,1,2,3,2,3,4,5,M,Hindu,1,1,2,1,2,1,4,1,2,1,1,6,4,4,2,1,1,1,1,2,1,5,2,7,3,7,4,0,1,C6
1251,C0652,6,C,6C,Hindu,Enemies,Enemy3,2,3,F,52,4,4,7,7,7,7,1,4,4,1,6,6,8,NA,2,2,1,2,2,3,1,2,5,1,1,1,1,4,4,5,3,3,4,1,2,3,2,3,4,5,M,Muslim,3,2,2,1,3,1,4,2,1,3,1,3,2,2,1,1,2,2,4,1,1,3,3,7,6,5,7,0,0,C6
1252,C0652,6,C,6C,Hindu,Enemies,Enemy4,2,4,F,52,4,4,7,7,7,7,1,4,4,1,6,6,8,NA,2,2,1,2,2,3,1,2,5,1,1,1,1,4,4,5,3,3,4,1,2,3,2,3,4,5,M,Hindu,1,1,1,1,1,1,5,4,5,1,1,2,7,7,1,1,1,1,1,1,1,1,5,7,1,7,1,0,1,C6
1253,C0652,6,C,6C,Hindu,Enemies,Enemy5,2,32,F,52,4,4,7,7,7,7,1,4,4,1,6,6,8,NA,2,2,1,2,2,3,1,2,5,1,1,1,1,4,4,5,3,3,4,1,2,3,2,3,4,5,M,Hindu,1,2,2,1,3,1,1,1,3,2,1,3,3,3,1,1,2,2,4,1,1,5,3,NA,7,5,5,0,1,C6
1254,C0652,6,C,6C,Hindu,Enemies,Enemy6,2,33,F,52,4,4,7,7,7,7,1,4,4,1,6,6,8,NA,2,2,1,2,2,3,1,2,5,1,1,1,1,4,4,5,3,3,4,1,2,3,2,3,4,5,M,NA,NA,NA,NA,NA,NA,NA,NA,NA,NA,NA,NA,NA,NA,NA,NA,NA,NA,NA,NA,NA,NA,NA,NA,NA,NA,NA,NA,0,NA,C6
1255,C0652,6,C,6C,Hindu,Enemies,Enemy7,2,59,F,52,4,4,7,7,7,7,1,4,4,1,6,6,8,NA,2,2,1,2,2,3,1,2,5,1,1,1,1,4,4,5,3,3,4,1,2,3,2,3,4,5,F,Hindu,2,2,2,1,2,1,1,1,2,2,2,4,3,3,2,1,1,2,2,2,1,3,2,5,7,7,4,1,1,C6
1256,C0653,6,C,6C,Hindu,Enemies,Enemy1,2,51,F,53,1,1,7,4,7,4,7,7,4,4,4,1,1,NA,2,2,3,1,1,2,1,2,2,4,1,1,1,4,4,5,3,3,1,1,2,3,1,1,5,5,F,Muslim,4,5,1,1,2,1,5,5,5,1,1,5,4,4,1,1,1,3,3,1,1,1,5,7,1,NA,7,1,0,C6
1257,C0653,6,C,6C,Hindu,Enemies,Enemy2,2,52,F,53,1,1,7,4,7,4,7,7,4,4,4,1,1,NA,2,2,3,1,1,2,1,2,2,4,1,1,1,4,4,5,3,3,1,1,2,3,1,1,5,5,F,Hindu,2,1,2,2,3,1,5,1,1,1,4,4,5,3,3,4,1,2,3,2,3,4,5,4,7,7,7,1,1,C6
1258,C0653,6,C,6C,Hindu,Enemies,Enemy3,2,54,F,53,1,1,7,4,7,4,7,7,4,4,4,1,1,NA,2,2,3,1,1,2,1,2,2,4,1,1,1,4,4,5,3,3,1,1,2,3,1,1,5,5,F,NA,NA,NA,NA,NA,NA,NA,NA,NA,NA,NA,NA,NA,NA,NA,NA,NA,NA,NA,NA,NA,NA,NA,NA,NA,NA,NA,NA,1,NA,C6
1259,C0653,6,C,6C,Hindu,Enemies,Enemy4,2,56,F,53,1,1,7,4,7,4,7,7,4,4,4,1,1,NA,2,2,3,1,1,2,1,2,2,4,1,1,1,4,4,5,3,3,1,1,2,3,1,1,5,5,F,NA,NA,NA,NA,NA,NA,NA,NA,NA,NA,NA,NA,NA,NA,NA,NA,NA,NA,NA,NA,NA,NA,NA,NA,NA,NA,NA,NA,1,NA,C6
1260,C0653,6,C,6C,Hindu,Enemies,Enemy5,2,57,F,53,1,1,7,4,7,4,7,7,4,4,4,1,1,NA,2,2,3,1,1,2,1,2,2,4,1,1,1,4,4,5,3,3,1,1,2,3,1,1,5,5,F,Muslim,2,1,1,1,1,1,3,1,1,1,1,4,6,7,1,1,1,3,1,1,1,5,2,1,7,4,7,1,0,C6
1261,C0655,6,C,6C,Muslim,Enemies,Enemy1,2,1,F,55,4,6,7,4,4,7,6,6,7,7,7,5,8,NA,2,2,1,3,1,1,1,1,3,1,1,1,2,1,4,6,7,1,1,1,3,1,5,1,3,5,M,Muslim,1,1,1,1,1,1,5,1,1,2,1,4,1,3,3,4,1,1,3,4,1,4,2,7,NA,4,NA,0,1,C6
1262,C0655,6,C,6C,Muslim,Enemies,Enemy2,2,3,F,55,4,6,7,4,4,7,6,6,7,7,7,5,8,NA,2,2,1,3,1,1,1,1,3,1,1,1,2,1,4,6,7,1,1,1,3,1,5,1,3,5,M,Muslim,3,2,2,1,3,1,4,2,1,3,1,3,2,2,1,1,2,2,4,1,1,3,3,7,6,5,7,0,1,C6
1263,C0655,6,C,6C,Muslim,Enemies,Enemy3,2,5,F,55,4,6,7,4,4,7,6,6,7,7,7,5,8,NA,2,2,1,3,1,1,1,1,3,1,1,1,2,1,4,6,7,1,1,1,3,1,5,1,3,5,M,Hindu,2,1,2,1,2,1,4,1,1,2,1,4,1,1,4,2,1,1,1,3,1,2,4,6,4,6,4,0,0,C6
1264,C0655,6,C,6C,Muslim,Enemies,Enemy4,2,21,F,55,4,6,7,4,4,7,6,6,7,7,7,5,8,NA,2,2,1,3,1,1,1,1,3,1,1,1,2,1,4,6,7,1,1,1,3,1,5,1,3,5,M,Hindu,1,2,2,1,1,1,4,1,1,1,1,4,4,4,1,1,2,1,3,1,1,5,2,6,4,7,4,0,0,C6
1265,C0655,6,C,6C,Muslim,Enemies,Enemy5,2,32,F,55,4,6,7,4,4,7,6,6,7,7,7,5,8,NA,2,2,1,3,1,1,1,1,3,1,1,1,2,1,4,6,7,1,1,1,3,1,5,1,3,5,M,Hindu,1,2,2,1,3,1,1,1,3,2,1,3,3,3,1,1,2,2,4,1,1,5,3,NA,7,5,5,0,0,C6
1266,C0655,6,C,6C,Muslim,Enemies,Enemy6,2,53,F,55,4,6,7,4,4,7,6,6,7,7,7,5,8,NA,2,2,1,3,1,1,1,1,3,1,1,1,2,1,4,6,7,1,1,1,3,1,5,1,3,5,F,Hindu,2,3,1,1,2,1,2,4,1,1,4,4,5,3,3,1,1,2,3,1,1,5,5,1,7,7,4,1,0,C6
1267,C0655,6,C,6C,Muslim,Enemies,Enemy7,2,59,F,55,4,6,7,4,4,7,6,6,7,7,7,5,8,NA,2,2,1,3,1,1,1,1,3,1,1,1,2,1,4,6,7,1,1,1,3,1,5,1,3,5,F,Hindu,2,2,2,1,2,1,1,1,2,2,2,4,3,3,2,1,1,2,2,2,1,3,2,5,7,7,4,1,0,C6
1268,C0657,6,C,6C,Muslim,Enemies,Enemy1,2,1,F,57,4,1,7,7,4,7,7,7,7,4,6,5,7,NA,2,2,1,1,1,1,1,2,3,1,1,1,2,1,4,6,7,1,1,1,3,1,1,1,5,2,M,Muslim,1,1,1,1,1,1,5,1,1,2,1,4,1,3,3,4,1,1,3,4,1,4,2,7,NA,4,NA,0,1,C6
1269,C0657,6,C,6C,Muslim,Enemies,Enemy2,2,9,F,57,4,1,7,7,4,7,7,7,7,4,6,5,7,NA,2,2,1,1,1,1,1,2,3,1,1,1,2,1,4,6,7,1,1,1,3,1,1,1,5,2,M,NA,NA,NA,NA,NA,NA,NA,NA,NA,NA,NA,NA,NA,NA,NA,NA,NA,NA,NA,NA,NA,NA,NA,NA,NA,NA,NA,NA,0,NA,C6
1270,C0657,6,C,6C,Muslim,Enemies,Enemy3,2,13,F,57,4,1,7,7,4,7,7,7,7,4,6,5,7,NA,2,2,1,1,1,1,1,2,3,1,1,1,2,1,4,6,7,1,1,1,3,1,1,1,5,2,M,Muslim,2,1,1,2,1,1,3,1,5,1,1,4,1,7,2,1,1,1,3,1,1,5,3,7,1,4,7,0,1,C6
1271,C0657,6,C,6C,Muslim,Enemies,Enemy4,2,21,F,57,4,1,7,7,4,7,7,7,7,4,6,5,7,NA,2,2,1,1,1,1,1,2,3,1,1,1,2,1,4,6,7,1,1,1,3,1,1,1,5,2,M,Hindu,1,2,2,1,1,1,4,1,1,1,1,4,4,4,1,1,2,1,3,1,1,5,2,6,4,7,4,0,0,C6
1272,C0657,6,C,6C,Muslim,Enemies,Enemy5,2,27,F,57,4,1,7,7,4,7,7,7,7,4,6,5,7,NA,2,2,1,1,1,1,1,2,3,1,1,1,2,1,4,6,7,1,1,1,3,1,1,1,5,2,M,Hindu,4,3,5,2,2,1,4,1,2,3,1,7,7,7,1,2,4,3,5,1,3,2,5,7,1,7,1,0,0,C6
1273,C0657,6,C,6C,Muslim,Enemies,Enemy6,2,32,F,57,4,1,7,7,4,7,7,7,7,4,6,5,7,NA,2,2,1,1,1,1,1,2,3,1,1,1,2,1,4,6,7,1,1,1,3,1,1,1,5,2,M,Hindu,1,2,2,1,3,1,1,1,3,2,1,3,3,3,1,1,2,2,4,1,1,5,3,NA,7,5,5,0,0,C6
1274,C0657,6,C,6C,Muslim,Enemies,Enemy7,2,33,F,57,4,1,7,7,4,7,7,7,7,4,6,5,7,NA,2,2,1,1,1,1,1,2,3,1,1,1,2,1,4,6,7,1,1,1,3,1,1,1,5,2,M,NA,NA,NA,NA,NA,NA,NA,NA,NA,NA,NA,NA,NA,NA,NA,NA,NA,NA,NA,NA,NA,NA,NA,NA,NA,NA,NA,NA,0,NA,C6
1275,C0659,6,C,6C,Hindu,Enemies,Enemy1,2,8,F,59,3,5,7,7,7,4,6,5,5,5,4,4,8,NA,2,2,2,2,1,2,1,4,1,1,2,2,1,2,4,3,3,2,1,1,2,2,2,1,3,2,M,Hindu,1,1,1,1,1,1,3,1,1,3,1,3,3,4,2,3,2,4,2,2,2,2,3,7,5,7,3,0,1,C6
1276,C0659,6,C,6C,Hindu,Enemies,Enemy2,2,13,F,59,3,5,7,7,7,4,6,5,5,5,4,4,8,NA,2,2,2,2,1,2,1,4,1,1,2,2,1,2,4,3,3,2,1,1,2,2,2,1,3,2,M,Muslim,2,1,1,2,1,1,3,1,5,1,1,4,1,7,2,1,1,1,3,1,1,5,3,7,1,4,7,0,0,C6
1277,C0659,6,C,6C,Hindu,Enemies,Enemy3,2,17,F,59,3,5,7,7,7,4,6,5,5,5,4,4,8,NA,2,2,2,2,1,2,1,4,1,1,2,2,1,2,4,3,3,2,1,1,2,2,2,1,3,2,M,Hindu,2,2,1,1,2,1,2,1,5,4,1,4,3,2,1,2,3,2,2,1,2,2,2,7,6,7,6,0,1,C6
1278,C0659,6,C,6C,Hindu,Enemies,Enemy4,2,43,F,59,3,5,7,7,7,4,6,5,5,5,4,4,8,NA,2,2,2,2,1,2,1,4,1,1,2,2,1,2,4,3,3,2,1,1,2,2,2,1,3,2,F,Muslim,1,1,1,1,1,1,2,1,1,1,1,7,7,7,3,1,1,1,1,1,1,4,1,2,6,3,7,1,0,C6
1279,C0659,6,C,6C,Hindu,Enemies,Enemy5,2,45,F,59,3,5,7,7,7,4,6,5,5,5,4,4,8,NA,2,2,2,2,1,2,1,4,1,1,2,2,1,2,4,3,3,2,1,1,2,2,2,1,3,2,F,NA,NA,NA,NA,NA,NA,NA,NA,NA,NA,NA,NA,NA,NA,NA,NA,NA,NA,NA,NA,NA,NA,NA,NA,NA,NA,NA,NA,1,NA,C6
1280,C0659,6,C,6C,Hindu,Enemies,Enemy6,2,51,F,59,3,5,7,7,7,4,6,5,5,5,4,4,8,NA,2,2,2,2,1,2,1,4,1,1,2,2,1,2,4,3,3,2,1,1,2,2,2,1,3,2,F,Muslim,4,5,1,1,2,1,5,5,5,1,1,5,4,4,1,1,1,3,3,1,1,1,5,7,1,NA,7,1,0,C6
1281,C0659,6,C,6C,Hindu,Enemies,Enemy7,2,55,F,59,3,5,7,7,7,4,6,5,5,5,4,4,8,NA,2,2,2,2,1,2,1,4,1,1,2,2,1,2,4,3,3,2,1,1,2,2,2,1,3,2,F,Muslim,2,1,3,1,1,1,3,1,1,1,1,4,6,7,1,1,1,3,1,5,1,3,5,6,7,4,7,1,0,C6
1282,C0660,6,C,6C,Muslim,Enemies,Enemy1,2,33,F,60,1,2,7,7,2,7,NA,1,NA,NA,5,4,8,NA,2,1,4,3,1,2,1,2,4,1,1,2,2,1,4,7,7,2,1,4,1,1,1,1,5,3,M,NA,NA,NA,NA,NA,NA,NA,NA,NA,NA,NA,NA,NA,NA,NA,NA,NA,NA,NA,NA,NA,NA,NA,NA,NA,NA,NA,NA,0,NA,C6
1283,C0660,6,C,6C,Muslim,Enemies,Enemy2,2,34,F,60,1,2,7,7,2,7,NA,1,NA,NA,5,4,8,NA,2,1,4,3,1,2,1,2,4,1,1,2,2,1,4,7,7,2,1,4,1,1,1,1,5,3,M,Muslim,1,1,2,1,1,1,3,1,1,3,1,4,6,5,1,1,1,1,1,1,1,5,3,7,6,7,7,0,1,C6
1284,C0660,6,C,6C,Muslim,Enemies,Enemy3,2,55,F,60,1,2,7,7,2,7,NA,1,NA,NA,5,4,8,NA,2,1,4,3,1,2,1,2,4,1,1,2,2,1,4,7,7,2,1,4,1,1,1,1,5,3,F,Muslim,2,1,3,1,1,1,3,1,1,1,1,4,6,7,1,1,1,3,1,5,1,3,5,6,7,4,7,1,1,C6
1285,C0661,6,C,6C,Muslim,Enemies,Enemy1,2,43,F,61,1,3,7,7,3,7,7,7,6,6,5,6,7,NA,2,1,2,1,1,1,1,2,2,1,1,1,2,1,2,3,NA,3,1,2,1,2,2,1,4,5,F,Muslim,1,1,1,1,1,1,2,1,1,1,1,7,7,7,3,1,1,1,1,1,1,4,1,2,6,3,7,1,1,C6
1286,C0661,6,C,6C,Muslim,Enemies,Enemy2,2,46,F,61,1,3,7,7,3,7,7,7,6,6,5,6,7,NA,2,1,2,1,1,1,1,2,2,1,1,1,2,1,2,3,NA,3,1,2,1,2,2,1,4,5,F,Muslim,2,2,1,1,2,1,1,2,2,5,1,7,7,7,4,5,3,5,5,4,5,2,1,2,7,2,7,1,1,C6
1287,C0661,6,C,6C,Muslim,Enemies,Enemy3,2,49,F,61,1,3,7,7,3,7,7,7,6,6,5,6,7,NA,2,1,2,1,1,1,1,2,2,1,1,1,2,1,2,3,NA,3,1,2,1,2,2,1,4,5,F,Hindu,1,3,1,1,1,2,3,1,1,1,2,4,4,4,3,1,2,2,1,2,1,3,3,4,4,4,4,1,0,C6
1288,C0661,6,C,6C,Muslim,Enemies,Enemy4,2,53,F,61,1,3,7,7,3,7,7,7,6,6,5,6,7,NA,2,1,2,1,1,1,1,2,2,1,1,1,2,1,2,3,NA,3,1,2,1,2,2,1,4,5,F,Hindu,2,3,1,1,2,1,2,4,1,1,4,4,5,3,3,1,1,2,3,1,1,5,5,1,7,7,4,1,0,C6
1289,C0661,6,C,6C,Muslim,Enemies,Enemy5,2,54,F,61,1,3,7,7,3,7,7,7,6,6,5,6,7,NA,2,1,2,1,1,1,1,2,2,1,1,1,2,1,2,3,NA,3,1,2,1,2,2,1,4,5,F,NA,NA,NA,NA,NA,NA,NA,NA,NA,NA,NA,NA,NA,NA,NA,NA,NA,NA,NA,NA,NA,NA,NA,NA,NA,NA,NA,NA,1,NA,C6
1290,C0661,6,C,6C,Muslim,Enemies,Enemy6,2,56,F,61,1,3,7,7,3,7,7,7,6,6,5,6,7,NA,2,1,2,1,1,1,1,2,2,1,1,1,2,1,2,3,NA,3,1,2,1,2,2,1,4,5,F,NA,NA,NA,NA,NA,NA,NA,NA,NA,NA,NA,NA,NA,NA,NA,NA,NA,NA,NA,NA,NA,NA,NA,NA,NA,NA,NA,NA,1,NA,C6
1291,C0661,6,C,6C,Muslim,Enemies,Enemy7,2,63,F,61,1,3,7,7,3,7,7,7,6,6,5,6,7,NA,2,1,2,1,1,1,1,2,2,1,1,1,2,1,2,3,NA,3,1,2,1,2,2,1,4,5,F,Hindu,5,4,4,1,2,1,5,5,5,5,4,4,3,4,1,1,1,1,1,5,1,3,1,7,7,7,7,1,0,C6
1292,C0662,6,C,6C,Hindu,Enemies,Enemy1,2,43,F,62,1,5,NA,NA,NA,4,NA,NA,2,NA,NA,NA,2,NA,2,4,NA,5,1,3,2,2,4,1,3,2,1,1,4,4,5,5,2,1,4,3,1,2,5,4,F,Muslim,1,1,1,1,1,1,2,1,1,1,1,7,7,7,3,1,1,1,1,1,1,4,1,2,6,3,7,1,0,C6
1293,C0662,6,C,6C,Hindu,Enemies,Enemy2,2,45,F,62,1,5,NA,NA,NA,4,NA,NA,2,NA,NA,NA,2,NA,2,4,NA,5,1,3,2,2,4,1,3,2,1,1,4,4,5,5,2,1,4,3,1,2,5,4,F,NA,NA,NA,NA,NA,NA,NA,NA,NA,NA,NA,NA,NA,NA,NA,NA,NA,NA,NA,NA,NA,NA,NA,NA,NA,NA,NA,NA,1,NA,C6
1294,C0662,6,C,6C,Hindu,Enemies,Enemy3,2,46,F,62,1,5,NA,NA,NA,4,NA,NA,2,NA,NA,NA,2,NA,2,4,NA,5,1,3,2,2,4,1,3,2,1,1,4,4,5,5,2,1,4,3,1,2,5,4,F,Muslim,2,2,1,1,2,1,1,2,2,5,1,7,7,7,4,5,3,5,5,4,5,2,1,2,7,2,7,1,0,C6
1295,C0662,6,C,6C,Hindu,Enemies,Enemy4,2,47,F,62,1,5,NA,NA,NA,4,NA,NA,2,NA,NA,NA,2,NA,2,4,NA,5,1,3,2,2,4,1,3,2,1,1,4,4,5,5,2,1,4,3,1,2,5,4,F,Muslim,1,1,2,1,1,1,1,1,1,1,1,4,4,4,5,1,1,3,1,1,2,4,4,4,7,4,7,1,0,C6
1296,C0662,6,C,6C,Hindu,Enemies,Enemy5,2,48,F,62,1,5,NA,NA,NA,4,NA,NA,2,NA,NA,NA,2,NA,2,4,NA,5,1,3,2,2,4,1,3,2,1,1,4,4,5,5,2,1,4,3,1,2,5,4,F,Muslim,1,1,4,3,1,1,3,1,1,3,4,2,1,1,1,1,1,3,1,2,1,2,3,1,7,3,4,1,0,C6
1297,C0662,6,C,6C,Hindu,Enemies,Enemy6,2,49,F,62,1,5,NA,NA,NA,4,NA,NA,2,NA,NA,NA,2,NA,2,4,NA,5,1,3,2,2,4,1,3,2,1,1,4,4,5,5,2,1,4,3,1,2,5,4,F,Hindu,1,3,1,1,1,2,3,1,1,1,2,4,4,4,3,1,2,2,1,2,1,3,3,4,4,4,4,1,1,C6
1298,C0662,6,C,6C,Hindu,Enemies,Enemy7,2,50,F,62,1,5,NA,NA,NA,4,NA,NA,2,NA,NA,NA,2,NA,2,4,NA,5,1,3,2,2,4,1,3,2,1,1,4,4,5,5,2,1,4,3,1,2,5,4,F,Muslim,1,1,NA,2,2,1,4,4,4,4,3,4,4,3,1,1,1,2,2,5,1,5,3,6,7,1,7,1,0,C6
1299,C0663,6,C,6C,Hindu,Enemies,Enemy1,2,57,F,63,4,7,7,6,7,7,6,7,7,4,7,4,2,NA,2,5,4,4,1,2,1,2,5,5,5,5,1,4,4,3,4,1,1,1,1,1,5,1,3,1,F,Muslim,2,1,1,1,1,1,3,1,1,1,1,4,6,7,1,1,1,3,1,1,1,5,2,1,7,4,7,1,0,C6
1300,A0704,7,A,7A,Hindu,Enemies,Enemy1,2,9,M,4,6,7,1,6,7,5,7,7,5,6,6,4,3,NA,1,1,1,2,1,2,1,1,3,1,4,2,1,1,4,3,3,1,1,1,2,1,3,1,5,2,M,Hindu,3,5,4,1,4,5,3,2,5,2,3,4,4,5,1,1,1,2,1,1,2,5,2,4,6,7,7,1,1,A7
1301,A0704,7,A,7A,Hindu,Enemies,Enemy2,2,27,M,4,6,7,1,6,7,5,7,7,5,6,6,4,3,NA,1,1,1,2,1,2,1,1,3,1,4,2,1,1,4,3,3,1,1,1,2,1,3,1,5,2,M,Muslim,1,5,3,1,2,2,4,2,1,2,2,4,4,4,1,1,1,1,1,2,1,5,1,7,4,5,7,1,0,A7
1302,A0704,7,A,7A,Hindu,Enemies,Enemy3,2,28,M,4,6,7,1,6,7,5,7,7,5,6,6,4,3,NA,1,1,1,2,1,2,1,1,3,1,4,2,1,1,4,3,3,1,1,1,2,1,3,1,5,2,M,Hindu,1,1,2,1,2,1,3,2,5,2,2,4,4,3,1,1,1,2,1,1,2,4,3,6,4,7,6,1,1,A7
1303,A0704,7,A,7A,Hindu,Enemies,Enemy4,2,34,M,4,6,7,1,6,7,5,7,7,5,6,6,4,3,NA,1,1,1,2,1,2,1,1,3,1,4,2,1,1,4,3,3,1,1,1,2,1,3,1,5,2,M,Muslim,1,2,3,1,1,2,4,2,1,2,2,3,1,2,3,2,1,1,1,1,1,5,2,7,4,4,6,1,0,A7
1304,A0708,7,A,7A,Muslim,Enemies,Enemy1,2,9,M,8,5,6,3,6,5,6,6,6,5,5,5,6,7,Tai,1,2,1,2,1,1,1,2,4,2,1,2,2,1,4,4,4,1,1,1,2,1,2,2,5,2,M,Hindu,3,5,4,1,4,5,3,2,5,2,3,4,4,5,1,1,1,2,1,1,2,5,2,4,6,7,7,1,0,A7
1305,A0708,7,A,7A,Muslim,Enemies,Enemy2,2,14,M,8,5,6,3,6,5,6,6,6,5,5,5,6,7,Tai,1,2,1,2,1,1,1,2,4,2,1,2,2,1,4,4,4,1,1,1,2,1,2,2,5,2,M,other,1,1,2,2,1,1,4,2,5,2,2,4,4,4,1,1,1,2,3,1,1,5,2,7,4,7,6,1,0,A7
1306,A0708,7,A,7A,Muslim,Enemies,Enemy3,2,20,M,8,5,6,3,6,5,6,6,6,5,5,5,6,7,Tai,1,2,1,2,1,1,1,2,4,2,1,2,2,1,4,4,4,1,1,1,2,1,2,2,5,2,M,Hindu,1,1,1,1,2,1,3,1,3,2,3,4,3,3,2,1,1,2,1,1,1,5,3,7,4,7,7,1,0,A7
1307,A0708,7,A,7A,Muslim,Enemies,Enemy4,2,30,M,8,5,6,3,6,5,6,6,6,5,5,5,6,7,Tai,1,2,1,2,1,1,1,2,4,2,1,2,2,1,4,4,4,1,1,1,2,1,2,2,5,2,M,Jain,4,5,4,2,4,2,1,1,3,1,3,3,2,2,2,1,1,2,1,1,1,5,4,4,4,4,3,1,0,A7
1308,A0708,7,A,7A,Muslim,Enemies,Enemy5,2,31,M,8,5,6,3,6,5,6,6,6,5,5,5,6,7,Tai,1,2,1,2,1,1,1,2,4,2,1,2,2,1,4,4,4,1,1,1,2,1,2,2,5,2,M,Hindu,3,1,2,1,3,1,3,2,4,2,3,4,3,1,2,1,1,1,1,1,1,5,2,6,4,6,5,1,0,A7
1309,A0708,7,A,7A,Muslim,Enemies,Enemy6,2,35,M,8,5,6,3,6,5,6,6,6,5,5,5,6,7,Tai,1,2,1,2,1,1,1,2,4,2,1,2,2,1,4,4,4,1,1,1,2,1,2,2,5,2,M,Muslim,1,1,1,1,1,1,3,1,1,1,2,4,1,5,3,1,1,2,1,1,1,5,3,4,3,5,7,1,1,A7
1310,A0708,7,A,7A,Muslim,Enemies,Enemy7,2,46,M,8,5,6,3,6,5,6,6,6,5,5,5,6,7,Tai,1,2,1,2,1,1,1,2,4,2,1,2,2,1,4,4,4,1,1,1,2,1,2,2,5,2,F,Hindu,2,1,1,2,1,1,3,1,4,1,2,4,3,2,3,2,1,2,2,1,3,1,3,1,7,7,6,0,0,A7
1311,A0709,7,A,7A,Hindu,Enemies,Enemy1,2,8,M,9,6,4,6,4,7,7,4,4,6,4,6,4,2,NA,1,3,5,4,1,4,5,4,3,2,5,2,1,3,4,4,5,1,1,1,2,1,1,2,5,2,M,Muslim,2,1,2,1,1,1,4,2,1,2,1,4,4,4,1,1,1,2,1,2,2,5,2,6,3,5,6,1,0,A7
1312,A0713,7,A,7A,Hindu,Enemies,Enemy1,2,37,M,13,6,5,5,6,6,5,6,6,6,6,5,4,2,NA,1,2,1,2,2,2,1,4,3,1,2,1,1,2,4,1,1,1,1,1,1,1,1,1,5,4,M,Hindu,3,2,2,1,3,1,4,1,2,2,3,4,4,4,1,2,2,1,3,1,1,5,5,7,1,6,6,1,1,A7
1313,A0715,7,A,7A,Jain,Enemies,Enemy1,2,9,M,15,7,7,4,7,7,6,7,6,6,7,5,7,3,NA,1,2,1,2,1,2,1,1,3,NA,5,NA,3,2,4,4,4,1,1,1,1,1,1,1,5,4,M,Hindu,3,5,4,1,4,5,3,2,5,2,3,4,4,5,1,1,1,2,1,1,2,5,2,4,6,7,7,1,0,A7
1314,A0715,7,A,7A,Jain,Enemies,Enemy2,2,50,M,15,7,7,4,7,7,6,7,6,6,7,5,7,3,NA,1,2,1,2,1,2,1,1,3,NA,5,NA,3,2,4,4,4,1,1,1,1,1,1,1,5,4,F,Muslim,1,1,2,2,1,1,3,1,1,1,2,4,4,4,2,1,1,2,1,1,1,5,4,3,7,6,7,0,0,A7
1315,A0715,7,A,7A,Jain,Enemies,Enemy3,2,57,M,15,7,7,4,7,7,6,7,6,6,7,5,7,3,NA,1,2,1,2,1,2,1,1,3,NA,5,NA,3,2,4,4,4,1,1,1,1,1,1,1,5,4,F,Hindu,1,1,1,1,1,1,1,1,1,1,1,6,6,6,1,1,1,1,1,1,1,5,2,5,7,7,6,0,0,A7
1316,A0719,7,A,7A,Hindu,Enemies,Enemy1,2,9,M,19,1,6,2,7,6,3,7,7,6,7,4,4,1,NA,1,3,1,1,1,4,1,4,1,2,4,1,1,2,3,3,1,2,1,1,2,1,1,1,5,3,M,Hindu,3,5,4,1,4,5,3,2,5,2,3,4,4,5,1,1,1,2,1,1,2,5,2,4,6,7,7,1,1,A7
1317,A0719,7,A,7A,Hindu,Enemies,Enemy2,2,14,M,19,1,6,2,7,6,3,7,7,6,7,4,4,1,NA,1,3,1,1,1,4,1,4,1,2,4,1,1,2,3,3,1,2,1,1,2,1,1,1,5,3,M,other,1,1,2,2,1,1,4,2,5,2,2,4,4,4,1,1,1,2,3,1,1,5,2,7,4,7,6,1,0,A7
1318,A0719,7,A,7A,Hindu,Enemies,Enemy3,2,20,M,19,1,6,2,7,6,3,7,7,6,7,4,4,1,NA,1,3,1,1,1,4,1,4,1,2,4,1,1,2,3,3,1,2,1,1,2,1,1,1,5,3,M,Hindu,1,1,1,1,2,1,3,1,3,2,3,4,3,3,2,1,1,2,1,1,1,5,3,7,4,7,7,1,1,A7
1319,A0719,7,A,7A,Hindu,Enemies,Enemy4,2,29,M,19,1,6,2,7,6,3,7,7,6,7,4,4,1,NA,1,3,1,1,1,4,1,4,1,2,4,1,1,2,3,3,1,2,1,1,2,1,1,1,5,3,M,Hindu,3,1,2,1,3,1,3,1,4,2,3,1,1,1,2,2,2,1,1,1,1,5,3,4,4,7,7,1,1,A7
1320,A0719,7,A,7A,Hindu,Enemies,Enemy5,2,30,M,19,1,6,2,7,6,3,7,7,6,7,4,4,1,NA,1,3,1,1,1,4,1,4,1,2,4,1,1,2,3,3,1,2,1,1,2,1,1,1,5,3,M,Jain,4,5,4,2,4,2,1,1,3,1,3,3,2,2,2,1,1,2,1,1,1,5,4,4,4,4,3,1,0,A7
1321,A0719,7,A,7A,Hindu,Enemies,Enemy6,2,36,M,19,1,6,2,7,6,3,7,7,6,7,4,4,1,NA,1,3,1,1,1,4,1,4,1,2,4,1,1,2,3,3,1,2,1,1,2,1,1,1,5,3,M,Muslim,1,1,2,4,1,1,4,5,5,5,3,4,1,1,1,1,1,1,1,3,3,3,NA,6,2,5,6,1,0,A7
1322,A0719,7,A,7A,Hindu,Enemies,Enemy7,2,49,M,19,1,6,2,7,6,3,7,7,6,7,4,4,1,NA,1,3,1,1,1,4,1,4,1,2,4,1,1,2,3,3,1,2,1,1,2,1,1,1,5,3,F,NA,NA,NA,NA,NA,NA,NA,NA,NA,NA,NA,NA,NA,NA,NA,NA,NA,NA,NA,NA,NA,NA,NA,NA,NA,NA,NA,NA,0,NA,A7
1323,A0727,7,A,7A,Muslim,Enemies,Enemy1,2,8,M,27,3,7,4,3,5,7,4,7,4,4,4,6,8,NA,1,1,5,3,1,2,2,2,4,2,1,2,2,2,4,4,4,1,1,1,1,1,2,1,5,1,M,Muslim,2,1,2,1,1,1,4,2,1,2,1,4,4,4,1,1,1,2,1,2,2,5,2,6,3,5,6,1,1,A7
1324,A0727,7,A,7A,Muslim,Enemies,Enemy2,2,16,M,27,3,7,4,3,5,7,4,7,4,4,4,6,8,NA,1,1,5,3,1,2,2,2,4,2,1,2,2,2,4,4,4,1,1,1,1,1,2,1,5,1,M,NA,NA,NA,NA,NA,NA,NA,NA,NA,NA,NA,NA,NA,NA,NA,NA,NA,NA,NA,NA,NA,NA,NA,NA,NA,NA,NA,NA,1,NA,A7
1325,A0727,7,A,7A,Muslim,Enemies,Enemy3,2,23,M,27,3,7,4,3,5,7,4,7,4,4,4,6,8,NA,1,1,5,3,1,2,2,2,4,2,1,2,2,2,4,4,4,1,1,1,1,1,2,1,5,1,M,NA,NA,NA,NA,NA,NA,NA,NA,NA,NA,NA,NA,NA,NA,NA,NA,NA,NA,NA,NA,NA,NA,NA,NA,NA,NA,NA,NA,1,NA,A7
1326,A0728,7,A,7A,Hindu,Enemies,Enemy1,2,8,M,28,4,6,4,6,7,6,7,7,6,6,6,6,8,NA,1,1,1,2,1,2,1,1,3,2,5,2,1,2,4,4,3,1,1,1,2,1,1,2,4,3,M,Muslim,2,1,2,1,1,1,4,2,1,2,1,4,4,4,1,1,1,2,1,2,2,5,2,6,3,5,6,1,0,A7
1327,A0728,7,A,7A,Hindu,Enemies,Enemy2,2,40,M,28,4,6,4,6,7,6,7,7,6,6,6,6,8,NA,1,1,1,2,1,2,1,1,3,2,5,2,1,2,4,4,3,1,1,1,2,1,1,2,4,3,F,NA,NA,NA,NA,NA,NA,NA,NA,NA,NA,NA,NA,NA,NA,NA,NA,NA,NA,NA,NA,NA,NA,NA,NA,NA,NA,NA,NA,0,NA,A7
1328,A0728,7,A,7A,Hindu,Enemies,Enemy3,2,48,M,28,4,6,4,6,7,6,7,7,6,6,6,6,8,NA,1,1,1,2,1,2,1,1,3,2,5,2,1,2,4,4,3,1,1,1,2,1,1,2,4,3,F,Hindu,2,5,3,1,1,1,4,1,2,3,2,4,2,1,2,1,1,3,5,1,1,5,2,4,4,7,1,0,1,A7
1329,A0728,7,A,7A,Hindu,Enemies,Enemy4,2,49,M,28,4,6,4,6,7,6,7,7,6,6,6,6,8,NA,1,1,1,2,1,2,1,1,3,2,5,2,1,2,4,4,3,1,1,1,2,1,1,2,4,3,F,NA,NA,NA,NA,NA,NA,NA,NA,NA,NA,NA,NA,NA,NA,NA,NA,NA,NA,NA,NA,NA,NA,NA,NA,NA,NA,NA,NA,0,NA,A7
1330,A0728,7,A,7A,Hindu,Enemies,Enemy5,2,50,M,28,4,6,4,6,7,6,7,7,6,6,6,6,8,NA,1,1,1,2,1,2,1,1,3,2,5,2,1,2,4,4,3,1,1,1,2,1,1,2,4,3,F,Muslim,1,1,2,2,1,1,3,1,1,1,2,4,4,4,2,1,1,2,1,1,1,5,4,3,7,6,7,0,0,A7
1331,A0728,7,A,7A,Hindu,Enemies,Enemy6,2,53,M,28,4,6,4,6,7,6,7,7,6,6,6,6,8,NA,1,1,1,2,1,2,1,1,3,2,5,2,1,2,4,4,3,1,1,1,2,1,1,2,4,3,F,Muslim,1,3,1,1,1,2,3,1,1,1,1,4,2,2,4,1,1,1,1,1,1,5,2,1,7,3,7,0,0,A7
1332,A0728,7,A,7A,Hindu,Enemies,Enemy7,2,57,M,28,4,6,4,6,7,6,7,7,6,6,6,6,8,NA,1,1,1,2,1,2,1,1,3,2,5,2,1,2,4,4,3,1,1,1,2,1,1,2,4,3,F,Hindu,1,1,1,1,1,1,1,1,1,1,1,6,6,6,1,1,1,1,1,1,1,5,2,5,7,7,6,0,1,A7
1333,A0729,7,A,7A,Hindu,Enemies,Enemy1,2,9,M,29,1,4,4,7,7,7,4,6,4,5,4,4,3,NA,1,3,1,2,1,3,1,1,3,1,4,2,1,3,1,1,1,2,2,2,1,1,1,1,5,3,M,Hindu,3,5,4,1,4,5,3,2,5,2,3,4,4,5,1,1,1,2,1,1,2,5,2,4,6,7,7,1,1,A7
1334,A0729,7,A,7A,Hindu,Enemies,Enemy2,2,13,M,29,1,4,4,7,7,7,4,6,4,5,4,4,3,NA,1,3,1,2,1,3,1,1,3,1,4,2,1,3,1,1,1,2,2,2,1,1,1,1,5,3,M,Hindu,2,1,2,2,2,1,3,1,2,1,2,4,1,1,1,1,1,1,1,1,1,5,4,5,5,6,5,1,1,A7
1335,A0731,7,A,7A,Hindu,Enemies,Enemy1,2,9,M,31,2,6,4,5,6,5,7,6,7,5,4,4,1,1,1,3,1,2,1,3,1,2,3,2,4,2,1,3,4,3,1,2,1,1,1,1,1,1,5,2,M,Hindu,3,5,4,1,4,5,3,2,5,2,3,4,4,5,1,1,1,2,1,1,2,5,2,4,6,7,7,1,1,A7
1336,A0731,7,A,7A,Hindu,Enemies,Enemy2,2,27,M,31,2,6,4,5,6,5,7,6,7,5,4,4,1,1,1,3,1,2,1,3,1,2,3,2,4,2,1,3,4,3,1,2,1,1,1,1,1,1,5,2,M,Muslim,1,5,3,1,2,2,4,2,1,2,2,4,4,4,1,1,1,1,1,2,1,5,1,7,4,5,7,1,0,A7
1337,A0731,7,A,7A,Hindu,Enemies,Enemy3,2,28,M,31,2,6,4,5,6,5,7,6,7,5,4,4,1,1,1,3,1,2,1,3,1,2,3,2,4,2,1,3,4,3,1,2,1,1,1,1,1,1,5,2,M,Hindu,1,1,2,1,2,1,3,2,5,2,2,4,4,3,1,1,1,2,1,1,2,4,3,6,4,7,6,1,1,A7
1338,A0731,7,A,7A,Hindu,Enemies,Enemy4,2,30,M,31,2,6,4,5,6,5,7,6,7,5,4,4,1,1,1,3,1,2,1,3,1,2,3,2,4,2,1,3,4,3,1,2,1,1,1,1,1,1,5,2,M,Jain,4,5,4,2,4,2,1,1,3,1,3,3,2,2,2,1,1,2,1,1,1,5,4,4,4,4,3,1,0,A7
1339,A0731,7,A,7A,Hindu,Enemies,Enemy5,2,49,M,31,2,6,4,5,6,5,7,6,7,5,4,4,1,1,1,3,1,2,1,3,1,2,3,2,4,2,1,3,4,3,1,2,1,1,1,1,1,1,5,2,F,NA,NA,NA,NA,NA,NA,NA,NA,NA,NA,NA,NA,NA,NA,NA,NA,NA,NA,NA,NA,NA,NA,NA,NA,NA,NA,NA,NA,0,NA,A7
1340,A0732,7,A,7A,Hindu,Enemies,Enemy1,2,8,M,32,6,4,4,6,7,4,4,6,4,6,4,4,3,NA,1,2,2,3,1,2,1,1,2,2,3,1,1,2,4,4,4,1,1,1,1,1,1,1,5,5,M,Muslim,2,1,2,1,1,1,4,2,1,2,1,4,4,4,1,1,1,2,1,2,2,5,2,6,3,5,6,1,0,A7
1341,A0732,7,A,7A,Hindu,Enemies,Enemy2,2,9,M,32,6,4,4,6,7,4,4,6,4,6,4,4,3,NA,1,2,2,3,1,2,1,1,2,2,3,1,1,2,4,4,4,1,1,1,1,1,1,1,5,5,M,Hindu,3,5,4,1,4,5,3,2,5,2,3,4,4,5,1,1,1,2,1,1,2,5,2,4,6,7,7,1,1,A7
1342,A0732,7,A,7A,Hindu,Enemies,Enemy3,2,27,M,32,6,4,4,6,7,4,4,6,4,6,4,4,3,NA,1,2,2,3,1,2,1,1,2,2,3,1,1,2,4,4,4,1,1,1,1,1,1,1,5,5,M,Muslim,1,5,3,1,2,2,4,2,1,2,2,4,4,4,1,1,1,1,1,2,1,5,1,7,4,5,7,1,0,A7
1343,A0732,7,A,7A,Hindu,Enemies,Enemy4,2,28,M,32,6,4,4,6,7,4,4,6,4,6,4,4,3,NA,1,2,2,3,1,2,1,1,2,2,3,1,1,2,4,4,4,1,1,1,1,1,1,1,5,5,M,Hindu,1,1,2,1,2,1,3,2,5,2,2,4,4,3,1,1,1,2,1,1,2,4,3,6,4,7,6,1,1,A7
1344,A0732,7,A,7A,Hindu,Enemies,Enemy5,2,30,M,32,6,4,4,6,7,4,4,6,4,6,4,4,3,NA,1,2,2,3,1,2,1,1,2,2,3,1,1,2,4,4,4,1,1,1,1,1,1,1,5,5,M,Jain,4,5,4,2,4,2,1,1,3,1,3,3,2,2,2,1,1,2,1,1,1,5,4,4,4,4,3,1,0,A7
1345,A0736,7,A,7A,Muslim,Enemies,Enemy1,2,9,M,36,5,6,2,6,5,6,2,6,2,2,1,4,7,Vohra,1,1,1,2,4,1,1,1,4,5,5,5,2,3,4,1,1,1,1,1,1,1,3,3,3,NA,M,Hindu,3,5,4,1,4,5,3,2,5,2,3,4,4,5,1,1,1,2,1,1,2,5,2,4,6,7,7,1,0,A7
1346,A0736,7,A,7A,Muslim,Enemies,Enemy2,2,14,M,36,5,6,2,6,5,6,2,6,2,2,1,4,7,Vohra,1,1,1,2,4,1,1,1,4,5,5,5,2,3,4,1,1,1,1,1,1,1,3,3,3,NA,M,other,1,1,2,2,1,1,4,2,5,2,2,4,4,4,1,1,1,2,3,1,1,5,2,7,4,7,6,1,0,A7
1347,A0736,7,A,7A,Muslim,Enemies,Enemy3,2,46,M,36,5,6,2,6,5,6,2,6,2,2,1,4,7,Vohra,1,1,1,2,4,1,1,1,4,5,5,5,2,3,4,1,1,1,1,1,1,1,3,3,3,NA,F,Hindu,2,1,1,2,1,1,3,1,4,1,2,4,3,2,3,2,1,2,2,1,3,1,3,1,7,7,6,0,0,A7
1348,A0746,7,A,7A,Hindu,Enemies,Enemy1,2,40,F,46,4,1,7,6,7,6,7,7,5,6,4,5,7,Lingayat,2,2,1,1,2,1,1,4,3,1,4,1,1,2,4,3,2,3,2,1,2,2,1,3,1,3,F,NA,NA,NA,NA,NA,NA,NA,NA,NA,NA,NA,NA,NA,NA,NA,NA,NA,NA,NA,NA,NA,NA,NA,NA,NA,NA,NA,NA,1,NA,A7
1349,A0746,7,A,7A,Hindu,Enemies,Enemy2,2,49,F,46,4,1,7,6,7,6,7,7,5,6,4,5,7,Lingayat,2,2,1,1,2,1,1,4,3,1,4,1,1,2,4,3,2,3,2,1,2,2,1,3,1,3,F,NA,NA,NA,NA,NA,NA,NA,NA,NA,NA,NA,NA,NA,NA,NA,NA,NA,NA,NA,NA,NA,NA,NA,NA,NA,NA,NA,NA,1,NA,A7
1350,A0746,7,A,7A,Hindu,Enemies,Enemy3,2,53,F,46,4,1,7,6,7,6,7,7,5,6,4,5,7,Lingayat,2,2,1,1,2,1,1,4,3,1,4,1,1,2,4,3,2,3,2,1,2,2,1,3,1,3,F,Muslim,1,3,1,1,1,2,3,1,1,1,1,4,2,2,4,1,1,1,1,1,1,5,2,1,7,3,7,1,0,A7
1351,A0746,7,A,7A,Hindu,Enemies,Enemy4,2,57,F,46,4,1,7,6,7,6,7,7,5,6,4,5,7,Lingayat,2,2,1,1,2,1,1,4,3,1,4,1,1,2,4,3,2,3,2,1,2,2,1,3,1,3,F,Hindu,1,1,1,1,1,1,1,1,1,1,1,6,6,6,1,1,1,1,1,1,1,5,2,5,7,7,6,1,1,A7
1352,A0746,7,A,7A,Hindu,Enemies,Enemy5,2,59,F,46,4,1,7,6,7,6,7,7,5,6,4,5,7,Lingayat,2,2,1,1,2,1,1,4,3,1,4,1,1,2,4,3,2,3,2,1,2,2,1,3,1,3,F,Muslim,1,1,2,2,1,1,3,1,1,5,1,4,3,5,1,1,1,2,1,1,1,2,4,2,7,3,7,1,0,A7
1353,A0746,7,A,7A,Hindu,Enemies,Enemy6,2,61,F,46,4,1,7,6,7,6,7,7,5,6,4,5,7,Lingayat,2,2,1,1,2,1,1,4,3,1,4,1,1,2,4,3,2,3,2,1,2,2,1,3,1,3,F,Hindu,2,1,3,2,2,2,2,3,5,3,2,4,4,3,1,1,1,2,1,1,2,5,3,4,4,7,6,1,1,A7
1354,A0746,7,A,7A,Hindu,Enemies,Enemy7,2,63,F,46,4,1,7,6,7,6,7,7,5,6,4,5,7,Lingayat,2,2,1,1,2,1,1,4,3,1,4,1,1,2,4,3,2,3,2,1,2,2,1,3,1,3,F,Hindu,4,2,2,1,4,1,3,2,5,3,3,NA,3,4,3,1,1,3,1,NA,1,5,NA,1,7,6,6,1,1,A7
1355,A0747,7,A,7A,Hindu,Enemies,Enemy1,2,4,F,47,1,1,7,7,7,1,4,4,4,5,6,4,1,NA,2,2,1,4,1,3,1,4,3,1,4,3,1,2,7,5,4,1,2,1,4,1,1,3,5,2,M,Hindu,1,1,2,1,2,1,3,1,4,2,1,4,3,3,1,1,1,2,1,3,1,5,2,7,1,7,5,0,1,A7
1356,A0747,7,A,7A,Hindu,Enemies,Enemy2,2,12,F,47,1,1,7,7,7,1,4,4,4,5,6,4,1,NA,2,2,1,4,1,3,1,4,3,1,4,3,1,2,7,5,4,1,2,1,4,1,1,3,5,2,M,Hindu,3,1,3,1,5,1,4,5,5,5,4,4,4,2,1,1,1,1,1,1,1,5,5,7,1,7,7,0,1,A7
1357,A0747,7,A,7A,Hindu,Enemies,Enemy3,2,28,F,47,1,1,7,7,7,1,4,4,4,5,6,4,1,NA,2,2,1,4,1,3,1,4,3,1,4,3,1,2,7,5,4,1,2,1,4,1,1,3,5,2,M,Hindu,1,1,2,1,2,1,3,2,5,2,2,4,4,3,1,1,1,2,1,1,2,4,3,6,4,7,6,0,1,A7
1358,A0747,7,A,7A,Hindu,Enemies,Enemy4,2,33,F,47,1,1,7,7,7,1,4,4,4,5,6,4,1,NA,2,2,1,4,1,3,1,4,3,1,4,3,1,2,7,5,4,1,2,1,4,1,1,3,5,2,M,Muslim,2,1,1,1,2,1,1,2,1,3,2,4,2,2,2,1,1,2,1,1,2,4,2,7,4,5,7,0,0,A7
1359,A0747,7,A,7A,Hindu,Enemies,Enemy5,2,41,F,47,1,1,7,7,7,1,4,4,4,5,6,4,1,NA,2,2,1,4,1,3,1,4,3,1,4,3,1,2,7,5,4,1,2,1,4,1,1,3,5,2,F,Muslim,2,1,2,1,2,2,3,1,1,5,2,4,1,2,2,2,4,2,1,1,2,4,4,4,6,4,6,1,0,A7
1360,A0747,7,A,7A,Hindu,Enemies,Enemy6,2,43,F,47,1,1,7,7,7,1,4,4,4,5,6,4,1,NA,2,2,1,4,1,3,1,4,3,1,4,3,1,2,7,5,4,1,2,1,4,1,1,3,5,2,F,Muslim,2,2,3,1,3,1,2,1,3,2,2,4,4,4,3,1,1,1,1,2,2,5,3,2,5,6,6,1,0,A7
1361,A0747,7,A,7A,Hindu,Enemies,Enemy7,2,48,F,47,1,1,7,7,7,1,4,4,4,5,6,4,1,NA,2,2,1,4,1,3,1,4,3,1,4,3,1,2,7,5,4,1,2,1,4,1,1,3,5,2,F,Hindu,2,5,3,1,1,1,4,1,2,3,2,4,2,1,2,1,1,3,5,1,1,5,2,4,4,7,1,1,1,A7
1362,A0748,7,A,7A,Hindu,Enemies,Enemy1,2,14,F,48,1,4,4,7,7,1,7,7,3,7,4,6,3,NA,2,2,5,3,1,1,1,1,4,1,2,3,1,2,4,2,1,2,1,1,3,5,1,1,5,2,M,other,1,1,2,2,1,1,4,2,5,2,2,4,4,4,1,1,1,2,3,1,1,5,2,7,4,7,6,0,0,A7
1363,A0748,7,A,7A,Hindu,Enemies,Enemy2,2,30,F,48,1,4,4,7,7,1,7,7,3,7,4,6,3,NA,2,2,5,3,1,1,1,1,4,1,2,3,1,2,4,2,1,2,1,1,3,5,1,1,5,2,M,Jain,4,5,4,2,4,2,1,1,3,1,3,3,2,2,2,1,1,2,1,1,1,5,4,4,4,4,3,0,0,A7
1364,A0748,7,A,7A,Hindu,Enemies,Enemy3,2,49,F,48,1,4,4,7,7,1,7,7,3,7,4,6,3,NA,2,2,5,3,1,1,1,1,4,1,2,3,1,2,4,2,1,2,1,1,3,5,1,1,5,2,F,NA,NA,NA,NA,NA,NA,NA,NA,NA,NA,NA,NA,NA,NA,NA,NA,NA,NA,NA,NA,NA,NA,NA,NA,NA,NA,NA,NA,1,NA,A7
1365,A0748,7,A,7A,Hindu,Enemies,Enemy4,2,58,F,48,1,4,4,7,7,1,7,7,3,7,4,6,3,NA,2,2,5,3,1,1,1,1,4,1,2,3,1,2,4,2,1,2,1,1,3,5,1,1,5,2,F,Hindu,4,2,2,1,5,1,4,1,2,1,2,4,4,4,2,1,1,1,1,1,1,5,5,5,6,7,6,1,1,A7
1366,A0753,7,A,7A,Muslim,Enemies,Enemy1,2,9,F,53,4,1,7,4,3,7,7,4,4,4,6,4,NA,Mahedaviya or Mehdvi,2,1,3,1,1,1,2,2,3,1,1,1,2,1,4,2,2,4,1,1,1,1,1,1,5,2,M,Hindu,3,5,4,1,4,5,3,2,5,2,3,4,4,5,1,1,1,2,1,1,2,5,2,4,6,7,7,0,0,A7
1367,A0753,7,A,7A,Muslim,Enemies,Enemy2,2,23,F,53,4,1,7,4,3,7,7,4,4,4,6,4,NA,Mahedaviya or Mehdvi,2,1,3,1,1,1,2,2,3,1,1,1,2,1,4,2,2,4,1,1,1,1,1,1,5,2,M,NA,NA,NA,NA,NA,NA,NA,NA,NA,NA,NA,NA,NA,NA,NA,NA,NA,NA,NA,NA,NA,NA,NA,NA,NA,NA,NA,NA,0,NA,A7
1368,A0757,7,A,7A,Hindu,Enemies,Enemy1,2,53,F,57,6,5,7,6,7,6,7,7,6,7,7,4,1,NA,2,1,1,1,1,1,1,2,1,1,1,1,1,1,6,6,6,1,1,1,1,1,1,1,5,2,F,Muslim,1,3,1,1,1,2,3,1,1,1,1,4,2,2,4,1,1,1,1,1,1,5,2,1,7,3,7,1,0,A7
1369,A0757,7,A,7A,Hindu,Enemies,Enemy2,2,58,F,57,6,5,7,6,7,6,7,7,6,7,7,4,1,NA,2,1,1,1,1,1,1,2,1,1,1,1,1,1,6,6,6,1,1,1,1,1,1,1,5,2,F,Hindu,4,2,2,1,5,1,4,1,2,1,2,4,4,4,2,1,1,1,1,1,1,5,5,5,6,7,6,1,1,A7
1370,A0759,7,A,7A,Muslim,Enemies,Enemy1,2,41,F,59,5,2,7,7,3,7,7,7,5,6,4,5,7,Sunni,2,1,1,2,2,1,1,2,3,1,1,5,2,1,4,3,5,1,1,1,2,1,1,1,2,4,F,Muslim,2,1,2,1,2,2,3,1,1,5,2,4,1,2,2,2,4,2,1,1,2,4,4,4,6,4,6,1,1,A7
1371,A0759,7,A,7A,Muslim,Enemies,Enemy2,2,43,F,59,5,2,7,7,3,7,7,7,5,6,4,5,7,Sunni,2,1,1,2,2,1,1,2,3,1,1,5,2,1,4,3,5,1,1,1,2,1,1,1,2,4,F,Muslim,2,2,3,1,3,1,2,1,3,2,2,4,4,4,3,1,1,1,1,2,2,5,3,2,5,6,6,1,1,A7
1372,A0759,7,A,7A,Muslim,Enemies,Enemy3,2,49,F,59,5,2,7,7,3,7,7,7,5,6,4,5,7,Sunni,2,1,1,2,2,1,1,2,3,1,1,5,2,1,4,3,5,1,1,1,2,1,1,1,2,4,F,NA,NA,NA,NA,NA,NA,NA,NA,NA,NA,NA,NA,NA,NA,NA,NA,NA,NA,NA,NA,NA,NA,NA,NA,NA,NA,NA,NA,1,NA,A7
1373,A0761,7,A,7A,Hindu,Enemies,Enemy1,2,26,F,61,5,4,4,6,7,6,7,6,6,4,4,5,8,NA,2,2,1,3,2,2,2,1,2,3,5,3,1,2,4,4,3,1,1,1,2,1,1,2,5,3,M,Hindu,2,2,2,1,2,1,3,1,3,1,2,4,3,3,1,1,1,1,1,1,1,4,3,7,6,7,6,0,1,A7
1374,A0761,7,A,7A,Hindu,Enemies,Enemy2,2,40,F,61,5,4,4,6,7,6,7,6,6,4,4,5,8,NA,2,2,1,3,2,2,2,1,2,3,5,3,1,2,4,4,3,1,1,1,2,1,1,2,5,3,F,NA,NA,NA,NA,NA,NA,NA,NA,NA,NA,NA,NA,NA,NA,NA,NA,NA,NA,NA,NA,NA,NA,NA,NA,NA,NA,NA,NA,1,NA,A7
1375,A0761,7,A,7A,Hindu,Enemies,Enemy3,2,45,F,61,5,4,4,6,7,6,7,6,6,4,4,5,8,NA,2,2,1,3,2,2,2,1,2,3,5,3,1,2,4,4,3,1,1,1,2,1,1,2,5,3,F,Hindu,2,1,1,1,2,1,3,1,5,2,2,4,3,3,1,1,1,2,1,1,2,2,3,6,7,7,6,1,1,A7
1376,A0761,7,A,7A,Hindu,Enemies,Enemy4,2,54,F,61,5,4,4,6,7,6,7,6,6,4,4,5,8,NA,2,2,1,3,2,2,2,1,2,3,5,3,1,2,4,4,3,1,1,1,2,1,1,2,5,3,F,Hindu,4,1,2,1,3,1,4,2,5,3,2,3,2,2,2,1,1,1,1,1,1,4,3,5,6,6,6,1,1,A7
1377,A0761,7,A,7A,Hindu,Enemies,Enemy5,2,58,F,61,5,4,4,6,7,6,7,6,6,4,4,5,8,NA,2,2,1,3,2,2,2,1,2,3,5,3,1,2,4,4,3,1,1,1,2,1,1,2,5,3,F,Hindu,4,2,2,1,5,1,4,1,2,1,2,4,4,4,2,1,1,1,1,1,1,5,5,5,6,7,6,1,1,A7
1378,A0761,7,A,7A,Hindu,Enemies,Enemy6,2,60,F,61,5,4,4,6,7,6,7,6,6,4,4,5,8,NA,2,2,1,3,2,2,2,1,2,3,5,3,1,2,4,4,3,1,1,1,2,1,1,2,5,3,F,Hindu,2,1,2,2,2,1,4,1,4,4,2,4,1,1,1,1,1,1,1,1,1,5,5,6,6,7,7,1,1,A7
1379,A0761,7,A,7A,Hindu,Enemies,Enemy7,2,62,F,61,5,4,4,6,7,6,7,6,6,4,4,5,8,NA,2,2,1,3,2,2,2,1,2,3,5,3,1,2,4,4,3,1,1,1,2,1,1,2,5,3,F,Hindu,2,1,3,1,2,1,3,1,4,3,2,1,2,1,3,1,3,5,2,5,1,5,3,4,7,6,4,1,1,A7
1380,A0763,7,A,7A,Hindu,Enemies,Enemy1,2,49,F,63,4,1,7,7,6,6,6,5,6,5,2,2,3,NA,2,4,2,2,1,4,1,4,3,2,5,3,1,3,NA,3,4,3,1,1,3,1,NA,1,5,NA,F,NA,NA,NA,NA,NA,NA,NA,NA,NA,NA,NA,NA,NA,NA,NA,NA,NA,NA,NA,NA,NA,NA,NA,NA,NA,NA,NA,NA,1,NA,A7
1381,A0763,7,A,7A,Hindu,Enemies,Enemy2,2,58,F,63,4,1,7,7,6,6,6,5,6,5,2,2,3,NA,2,4,2,2,1,4,1,4,3,2,5,3,1,3,NA,3,4,3,1,1,3,1,NA,1,5,NA,F,Hindu,4,2,2,1,5,1,4,1,2,1,2,4,4,4,2,1,1,1,1,1,1,5,5,5,6,7,6,1,1,A7
1382,B0701,7,B,7B,Muslim,Enemies,Enemy1,2,11,M,1,6,6,3,6,6,7,7,6,7,6,5,5,7,Mansuri,1,3,3,4,2,2,2,2,3,1,1,1,2,2,7,7,7,1,1,1,2,1,2,2,3,3,M,Muslim,1,2,3,1,1,1,3,2,1,1,2,7,4,7,1,1,3,2,2,2,1,3,4,7,5,6,7,1,1,B7
1383,B0701,7,B,7B,Muslim,Enemies,Enemy2,2,31,M,1,6,6,3,6,6,7,7,6,7,6,5,5,7,Mansuri,1,3,3,4,2,2,2,2,3,1,1,1,2,2,7,7,7,1,1,1,2,1,2,2,3,3,M,Muslim,2,1,1,1,1,2,4,1,1,2,1,4,3,6,2,1,1,5,1,5,1,5,5,6,1,6,7,1,1,B7
1384,B0701,7,B,7B,Muslim,Enemies,Enemy3,2,32,M,1,6,6,3,6,6,7,7,6,7,6,5,5,7,Mansuri,1,3,3,4,2,2,2,2,3,1,1,1,2,2,7,7,7,1,1,1,2,1,2,2,3,3,M,Muslim,1,1,1,1,1,1,1,1,1,2,2,4,2,4,1,1,3,1,1,1,1,4,1,6,5,6,6,1,1,B7
1385,B0701,7,B,7B,Muslim,Enemies,Enemy4,2,34,M,1,6,6,3,6,6,7,7,6,7,6,5,5,7,Mansuri,1,3,3,4,2,2,2,2,3,1,1,1,2,2,7,7,7,1,1,1,2,1,2,2,3,3,M,Muslim,3,2,1,1,1,1,4,1,1,1,1,4,1,6,2,5,4,3,1,5,4,2,3,7,4,6,7,1,1,B7
1386,B0702,7,B,7B,Hindu,Enemies,Enemy1,2,7,M,2,3,7,6,7,7,6,7,6,6,5,4,5,2,NA,1,1,2,2,1,1,1,1,3,1,2,2,1,2,4,3,3,1,1,2,2,3,1,2,4,3,M,Hindu,2,1,2,1,2,1,4,1,1,3,1,7,7,7,1,2,1,3,1,1,1,5,3,7,5,7,2,1,1,B7
1387,B0702,7,B,7B,Hindu,Enemies,Enemy2,2,31,M,2,3,7,6,7,7,6,7,6,6,5,4,5,2,NA,1,1,2,2,1,1,1,1,3,1,2,2,1,2,4,3,3,1,1,2,2,3,1,2,4,3,M,Muslim,2,1,1,1,1,2,4,1,1,2,1,4,3,6,2,1,1,5,1,5,1,5,5,6,1,6,7,1,0,B7
1388,B0702,7,B,7B,Hindu,Enemies,Enemy3,2,32,M,2,3,7,6,7,7,6,7,6,6,5,4,5,2,NA,1,1,2,2,1,1,1,1,3,1,2,2,1,2,4,3,3,1,1,2,2,3,1,2,4,3,M,Muslim,1,1,1,1,1,1,1,1,1,2,2,4,2,4,1,1,3,1,1,1,1,4,1,6,5,6,6,1,0,B7
1389,B0705,7,B,7B,Muslim,Enemies,Enemy1,2,2,M,5,4,7,1,6,2,7,7,7,4,1,4,1,7,Saiyyad,1,1,1,2,1,2,1,1,NA,1,1,NA,2,1,3,1,7,2,1,2,3,1,1,1,5,1,M,Hindu,1,2,2,1,1,1,3,1,2,2,2,4,3,3,1,1,2,2,3,1,2,4,3,7,6,7,6,1,0,B7
1390,B0705,7,B,7B,Muslim,Enemies,Enemy2,2,3,M,5,4,7,1,6,2,7,7,7,4,1,4,1,7,Saiyyad,1,1,1,2,1,2,1,1,NA,1,1,NA,2,1,3,1,7,2,1,2,3,1,1,1,5,1,M,Hindu,4,1,1,2,3,1,4,1,4,1,1,4,4,3,1,1,1,2,1,1,1,5,3,7,4,7,4,1,0,B7
1391,B0705,7,B,7B,Muslim,Enemies,Enemy3,2,6,M,5,4,7,1,6,2,7,7,7,4,1,4,1,7,Saiyyad,1,1,1,2,1,2,1,1,NA,1,1,NA,2,1,3,1,7,2,1,2,3,1,1,1,5,1,M,Muslim,1,1,3,2,NA,1,4,1,1,2,1,4,5,5,2,1,1,2,1,1,1,3,2,6,2,6,7,1,1,B7
1392,B0705,7,B,7B,Muslim,Enemies,Enemy4,2,34,M,5,4,7,1,6,2,7,7,7,4,1,4,1,7,Saiyyad,1,1,1,2,1,2,1,1,NA,1,1,NA,2,1,3,1,7,2,1,2,3,1,1,1,5,1,M,Muslim,3,2,1,1,1,1,4,1,1,1,1,4,1,6,2,5,4,3,1,5,4,2,3,7,4,6,7,1,1,B7
1393,B0705,7,B,7B,Muslim,Enemies,Enemy5,2,35,M,5,4,7,1,6,2,7,7,7,4,1,4,1,7,Saiyyad,1,1,1,2,1,2,1,1,NA,1,1,NA,2,1,3,1,7,2,1,2,3,1,1,1,5,1,M,Muslim,NA,2,1,1,1,1,4,1,1,1,1,4,1,4,2,2,2,2,2,5,4,5,2,1,2,3,7,1,1,B7
1394,B0705,7,B,7B,Muslim,Enemies,Enemy6,2,63,M,5,4,7,1,6,2,7,7,7,4,1,4,1,7,Saiyyad,1,1,1,2,1,2,1,1,NA,1,1,NA,2,1,3,1,7,2,1,2,3,1,1,1,5,1,F,Muslim,1,1,1,1,1,1,4,1,1,1,1,2,2,4,2,1,1,2,1,1,1,3,3,1,7,6,7,0,1,B7
1395,B0705,7,B,7B,Muslim,Enemies,Enemy7,2,64,M,5,4,7,1,6,2,7,7,7,4,1,4,1,7,Saiyyad,1,1,1,2,1,2,1,1,NA,1,1,NA,2,1,3,1,7,2,1,2,3,1,1,1,5,1,F,Muslim,1,2,3,1,2,1,3,1,1,1,2,4,4,4,3,1,1,1,2,2,2,3,1,1,6,5,7,0,1,B7
1396,B0705,7,B,7B,Muslim,Enemies,Enemy8,2,65,M,5,4,7,1,6,2,7,7,7,4,1,4,1,7,Saiyyad,1,1,1,2,1,2,1,1,NA,1,1,NA,2,1,3,1,7,2,1,2,3,1,1,1,5,1,F,Hindu,1,1,1,1,1,1,1,1,1,1,1,4,4,2,2,1,1,1,1,1,1,3,3,1,7,7,5,0,0,B7
1397,B0707,7,B,7B,Hindu,Enemies,Enemy1,2,6,M,7,5,7,5,5,7,2,7,7,3,1,NA,5,1,NA,1,2,1,2,1,2,1,2,4,1,1,3,1,1,7,7,7,1,2,1,3,1,1,1,5,3,M,Muslim,1,1,3,2,NA,1,4,1,1,2,1,4,5,5,2,1,1,2,1,1,1,3,2,6,2,6,7,1,0,B7
1398,B0707,7,B,7B,Hindu,Enemies,Enemy2,2,14,M,7,5,7,5,5,7,2,7,7,3,1,NA,5,1,NA,1,2,1,2,1,2,1,2,4,1,1,3,1,1,7,7,7,1,2,1,3,1,1,1,5,3,M,Hindu,1,1,1,1,2,1,3,1,1,2,2,4,4,4,2,2,1,1,2,2,2,3,3,6,4,7,4,1,1,B7
1399,B0707,7,B,7B,Hindu,Enemies,Enemy3,2,32,M,7,5,7,5,5,7,2,7,7,3,1,NA,5,1,NA,1,2,1,2,1,2,1,2,4,1,1,3,1,1,7,7,7,1,2,1,3,1,1,1,5,3,M,Muslim,1,1,1,1,1,1,1,1,1,2,2,4,2,4,1,1,3,1,1,1,1,4,1,6,5,6,6,1,0,B7
1400,B0707,7,B,7B,Hindu,Enemies,Enemy4,2,33,M,7,5,7,5,5,7,2,7,7,3,1,NA,5,1,NA,1,2,1,2,1,2,1,2,4,1,1,3,1,1,7,7,7,1,2,1,3,1,1,1,5,3,M,Muslim,1,2,1,1,1,1,3,1,1,1,1,4,3,3,2,2,2,2,2,1,1,5,3,7,7,4,7,1,0,B7
1401,B0707,7,B,7B,Hindu,Enemies,Enemy5,2,34,M,7,5,7,5,5,7,2,7,7,3,1,NA,5,1,NA,1,2,1,2,1,2,1,2,4,1,1,3,1,1,7,7,7,1,2,1,3,1,1,1,5,3,M,Muslim,3,2,1,1,1,1,4,1,1,1,1,4,1,6,2,5,4,3,1,5,4,2,3,7,4,6,7,1,0,B7
1402,B0707,7,B,7B,Hindu,Enemies,Enemy6,2,35,M,7,5,7,5,5,7,2,7,7,3,1,NA,5,1,NA,1,2,1,2,1,2,1,2,4,1,1,3,1,1,7,7,7,1,2,1,3,1,1,1,5,3,M,Muslim,NA,2,1,1,1,1,4,1,1,1,1,4,1,4,2,2,2,2,2,5,4,5,2,1,2,3,7,1,0,B7
1403,B0708,7,B,7B,Muslim,Enemies,Enemy1,2,5,M,8,4,4,4,5,4,7,4,6,4,3,4,4,7,Arab,1,4,1,2,2,1,1,2,4,1,1,1,2,1,2,2,3,2,1,1,3,1,1,1,3,2,M,Muslim,1,1,2,1,2,1,NA,1,1,NA,1,3,1,7,2,1,2,3,1,1,1,5,1,7,1,2,7,1,1,B7
1404,B0711,7,B,7B,Muslim,Enemies,Enemy1,2,1,M,11,1,7,5,7,6,7,5,3,4,5,NA,3,7,Jamati,1,1,2,3,1,1,1,2,3,2,1,1,2,2,7,4,7,1,1,3,2,2,2,1,3,4,M,Muslim,3,3,4,2,2,2,3,1,1,1,2,7,7,7,1,1,1,2,1,2,2,3,3,6,3,6,7,1,1,B7
1405,B0711,7,B,7B,Muslim,Enemies,Enemy2,2,7,M,11,1,7,5,7,6,7,5,3,4,5,NA,3,7,Jamati,1,1,2,3,1,1,1,2,3,2,1,1,2,2,7,4,7,1,1,3,2,2,2,1,3,4,M,Hindu,2,1,2,1,2,1,4,1,1,3,1,7,7,7,1,2,1,3,1,1,1,5,3,7,5,7,2,1,0,B7
1406,B0711,7,B,7B,Muslim,Enemies,Enemy3,2,14,M,11,1,7,5,7,6,7,5,3,4,5,NA,3,7,Jamati,1,1,2,3,1,1,1,2,3,2,1,1,2,2,7,4,7,1,1,3,2,2,2,1,3,4,M,Hindu,1,1,1,1,2,1,3,1,1,2,2,4,4,4,2,2,1,1,2,2,2,3,3,6,4,7,4,1,0,B7
1407,B0711,7,B,7B,Muslim,Enemies,Enemy4,2,17,M,11,1,7,5,7,6,7,5,3,4,5,NA,3,7,Jamati,1,1,2,3,1,1,1,2,3,2,1,1,2,2,7,4,7,1,1,3,2,2,2,1,3,4,M,Hindu,1,1,1,1,1,1,1,1,4,2,1,4,3,1,5,5,5,5,5,1,1,5,2,7,4,7,6,1,0,B7
1408,B0711,7,B,7B,Muslim,Enemies,Enemy5,2,20,M,11,1,7,5,7,6,7,5,3,4,5,NA,3,7,Jamati,1,1,2,3,1,1,1,2,3,2,1,1,2,2,7,4,7,1,1,3,2,2,2,1,3,4,M,Hindu,2,1,1,1,2,1,4,1,4,2,1,4,4,4,2,1,2,1,1,1,2,5,5,7,7,6,5,1,0,B7
1409,B0711,7,B,7B,Muslim,Enemies,Enemy6,2,21,M,11,1,7,5,7,6,7,5,3,4,5,NA,3,7,Jamati,1,1,2,3,1,1,1,2,3,2,1,1,2,2,7,4,7,1,1,3,2,2,2,1,3,4,M,Hindu,1,1,NA,1,1,1,3,1,2,2,1,4,4,4,1,1,2,2,2,1,2,5,3,7,6,7,5,1,0,B7
1410,B0711,7,B,7B,Muslim,Enemies,Enemy7,2,37,M,11,1,7,5,7,6,7,5,3,4,5,NA,3,7,Jamati,1,1,2,3,1,1,1,2,3,2,1,1,2,2,7,4,7,1,1,3,2,2,2,1,3,4,M,NA,NA,NA,NA,NA,NA,NA,NA,NA,NA,NA,NA,NA,NA,NA,NA,NA,NA,NA,NA,NA,NA,NA,NA,NA,NA,NA,NA,1,NA,B7
1411,B0716,7,B,7B,Hindu,Enemies,Enemy1,2,1,M,16,3,7,4,6,7,5,7,6,6,6,7,3,1,NA,1,1,1,1,1,1,1,4,3,1,4,2,1,2,4,4,3,2,1,1,3,1,2,1,5,4,M,Muslim,3,3,4,2,2,2,3,1,1,1,2,7,7,7,1,1,1,2,1,2,2,3,3,6,3,6,7,1,0,B7
1412,B0716,7,B,7B,Hindu,Enemies,Enemy2,2,5,M,16,3,7,4,6,7,5,7,6,6,6,7,3,1,NA,1,1,1,1,1,1,1,4,3,1,4,2,1,2,4,4,3,2,1,1,3,1,2,1,5,4,M,Muslim,1,1,2,1,2,1,NA,1,1,NA,1,3,1,7,2,1,2,3,1,1,1,5,1,7,1,2,7,1,0,B7
1413,B0716,7,B,7B,Hindu,Enemies,Enemy3,2,11,M,16,3,7,4,6,7,5,7,6,6,6,7,3,1,NA,1,1,1,1,1,1,1,4,3,1,4,2,1,2,4,4,3,2,1,1,3,1,2,1,5,4,M,Muslim,1,2,3,1,1,1,3,2,1,1,2,7,4,7,1,1,3,2,2,2,1,3,4,7,5,6,7,1,0,B7
1414,B0716,7,B,7B,Hindu,Enemies,Enemy4,2,25,M,16,3,7,4,6,7,5,7,6,6,6,7,3,1,NA,1,1,1,1,1,1,1,4,3,1,4,2,1,2,4,4,3,2,1,1,3,1,2,1,5,4,M,Hindu,1,2,1,1,2,1,1,1,1,1,1,5,6,6,2,2,1,2,1,2,1,3,3,6,4,7,5,1,1,B7
1415,B0716,7,B,7B,Hindu,Enemies,Enemy5,2,28,M,16,3,7,4,6,7,5,7,6,6,6,7,3,1,NA,1,1,1,1,1,1,1,4,3,1,4,2,1,2,4,4,3,2,1,1,3,1,2,1,5,4,M,Hindu,1,1,1,2,1,1,1,1,5,2,2,6,4,4,2,1,1,2,1,1,1,5,3,7,1,7,1,1,1,B7
1416,B0716,7,B,7B,Hindu,Enemies,Enemy6,2,30,M,16,3,7,4,6,7,5,7,6,6,6,7,3,1,NA,1,1,1,1,1,1,1,4,3,1,4,2,1,2,4,4,3,2,1,1,3,1,2,1,5,4,M,Jain,1,1,1,1,1,1,3,1,1,2,1,4,4,4,1,1,1,1,1,1,3,5,3,7,4,7,7,1,0,B7
1417,B0716,7,B,7B,Hindu,Enemies,Enemy7,2,31,M,16,3,7,4,6,7,5,7,6,6,6,7,3,1,NA,1,1,1,1,1,1,1,4,3,1,4,2,1,2,4,4,3,2,1,1,3,1,2,1,5,4,M,Muslim,2,1,1,1,1,2,4,1,1,2,1,4,3,6,2,1,1,5,1,5,1,5,5,6,1,6,7,1,0,B7
1418,B0718,7,B,7B,Hindu,Enemies,Enemy1,2,37,M,18,4,4,4,6,6,6,6,6,6,5,6,6,2,NA,1,2,2,2,2,2,1,1,4,1,5,2,1,2,4,4,4,2,1,1,1,1,1,2,3,2,M,NA,NA,NA,NA,NA,NA,NA,NA,NA,NA,NA,NA,NA,NA,NA,NA,NA,NA,NA,NA,NA,NA,NA,NA,NA,NA,NA,NA,1,NA,B7
1419,B0719,7,B,7B,Hindu,Enemies,Enemy1,2,40,M,19,7,7,7,7,7,6,7,7,7,7,7,7,2,NA,1,1,1,1,1,1,1,1,4,1,5,3,1,3,4,4,4,1,1,1,1,1,1,1,5,5,M,NA,NA,NA,NA,NA,NA,NA,NA,NA,NA,NA,NA,NA,NA,NA,NA,NA,NA,NA,NA,NA,NA,NA,NA,NA,NA,NA,NA,1,NA,B7
1420,B0720,7,B,7B,Hindu,Enemies,Enemy1,2,5,M,20,1,7,7,5,6,5,6,5,5,1,7,4,8,NA,1,2,1,1,1,2,1,1,4,1,4,2,1,1,4,4,4,2,1,2,1,1,1,2,5,5,M,Muslim,1,1,2,1,2,1,NA,1,1,NA,1,3,1,7,2,1,2,3,1,1,1,5,1,7,1,2,7,1,0,B7
1421,B0720,7,B,7B,Hindu,Enemies,Enemy2,2,31,M,20,1,7,7,5,6,5,6,5,5,1,7,4,8,NA,1,2,1,1,1,2,1,1,4,1,4,2,1,1,4,4,4,2,1,2,1,1,1,2,5,5,M,Muslim,2,1,1,1,1,2,4,1,1,2,1,4,3,6,2,1,1,5,1,5,1,5,5,6,1,6,7,1,0,B7
1422,B0720,7,B,7B,Hindu,Enemies,Enemy3,2,32,M,20,1,7,7,5,6,5,6,5,5,1,7,4,8,NA,1,2,1,1,1,2,1,1,4,1,4,2,1,1,4,4,4,2,1,2,1,1,1,2,5,5,M,Muslim,1,1,1,1,1,1,1,1,1,2,2,4,2,4,1,1,3,1,1,1,1,4,1,6,5,6,6,1,0,B7
1423,B0720,7,B,7B,Hindu,Enemies,Enemy4,2,34,M,20,1,7,7,5,6,5,6,5,5,1,7,4,8,NA,1,2,1,1,1,2,1,1,4,1,4,2,1,1,4,4,4,2,1,2,1,1,1,2,5,5,M,Muslim,3,2,1,1,1,1,4,1,1,1,1,4,1,6,2,5,4,3,1,5,4,2,3,7,4,6,7,1,0,B7
1424,B0721,7,B,7B,Hindu,Enemies,Enemy1,2,5,M,21,5,7,6,7,7,5,7,7,6,6,6,6,8,NA,1,1,1,NA,1,1,1,1,3,1,2,2,1,1,4,4,4,1,1,2,2,2,1,2,5,3,M,Muslim,1,1,2,1,2,1,NA,1,1,NA,1,3,1,7,2,1,2,3,1,1,1,5,1,7,1,2,7,1,0,B7
1425,B0721,7,B,7B,Hindu,Enemies,Enemy2,2,31,M,21,5,7,6,7,7,5,7,7,6,6,6,6,8,NA,1,1,1,NA,1,1,1,1,3,1,2,2,1,1,4,4,4,1,1,2,2,2,1,2,5,3,M,Muslim,2,1,1,1,1,2,4,1,1,2,1,4,3,6,2,1,1,5,1,5,1,5,5,6,1,6,7,1,0,B7
1426,B0721,7,B,7B,Hindu,Enemies,Enemy3,2,32,M,21,5,7,6,7,7,5,7,7,6,6,6,6,8,NA,1,1,1,NA,1,1,1,1,3,1,2,2,1,1,4,4,4,1,1,2,2,2,1,2,5,3,M,Muslim,1,1,1,1,1,1,1,1,1,2,2,4,2,4,1,1,3,1,1,1,1,4,1,6,5,6,6,1,0,B7
1427,B0721,7,B,7B,Hindu,Enemies,Enemy4,2,34,M,21,5,7,6,7,7,5,7,7,6,6,6,6,8,NA,1,1,1,NA,1,1,1,1,3,1,2,2,1,1,4,4,4,1,1,2,2,2,1,2,5,3,M,Muslim,3,2,1,1,1,1,4,1,1,1,1,4,1,6,2,5,4,3,1,5,4,2,3,7,4,6,7,1,0,B7
1428,B0722,7,B,7B,Muslim,Enemies,Enemy1,2,7,M,22,3,7,4,7,5,7,7,7,6,5,5,4,7,Sunni,1,1,4,1,2,1,2,1,3,1,1,1,2,2,4,4,4,3,2,2,2,1,3,1,2,2,M,Hindu,2,1,2,1,2,1,4,1,1,3,1,7,7,7,1,2,1,3,1,1,1,5,3,7,5,7,2,1,0,B7
1429,B0722,7,B,7B,Muslim,Enemies,Enemy2,2,14,M,22,3,7,4,7,5,7,7,7,6,5,5,4,7,Sunni,1,1,4,1,2,1,2,1,3,1,1,1,2,2,4,4,4,3,2,2,2,1,3,1,2,2,M,Hindu,1,1,1,1,2,1,3,1,1,2,2,4,4,4,2,2,1,1,2,2,2,3,3,6,4,7,4,1,0,B7
1430,B0722,7,B,7B,Muslim,Enemies,Enemy3,2,15,M,22,3,7,4,7,5,7,7,7,6,5,5,4,7,Sunni,1,1,4,1,2,1,2,1,3,1,1,1,2,2,4,4,4,3,2,2,2,1,3,1,2,2,M,Hindu,2,1,1,1,2,1,4,1,3,2,2,4,2,3,2,2,1,3,2,1,1,3,3,7,5,7,4,1,0,B7
1431,B0722,7,B,7B,Muslim,Enemies,Enemy4,2,30,M,22,3,7,4,7,5,7,7,7,6,5,5,4,7,Sunni,1,1,4,1,2,1,2,1,3,1,1,1,2,2,4,4,4,3,2,2,2,1,3,1,2,2,M,Jain,1,1,1,1,1,1,3,1,1,2,1,4,4,4,1,1,1,1,1,1,3,5,3,7,4,7,7,1,0,B7
1432,B0723,7,B,7B,Hindu,Enemies,Enemy1,2,5,M,23,1,6,NA,7,6,2,6,6,2,6,6,6,8,NA,1,1,1,1,1,1,1,2,3,1,5,2,1,1,4,3,1,1,1,1,5,1,1,1,5,5,M,Muslim,1,1,2,1,2,1,NA,1,1,NA,1,3,1,7,2,1,2,3,1,1,1,5,1,7,1,2,7,1,0,B7
1433,B0723,7,B,7B,Hindu,Enemies,Enemy2,2,7,M,23,1,6,NA,7,6,2,6,6,2,6,6,6,8,NA,1,1,1,1,1,1,1,2,3,1,5,2,1,1,4,3,1,1,1,1,5,1,1,1,5,5,M,Hindu,2,1,2,1,2,1,4,1,1,3,1,7,7,7,1,2,1,3,1,1,1,5,3,7,5,7,2,1,1,B7
1434,B0723,7,B,7B,Hindu,Enemies,Enemy3,2,17,M,23,1,6,NA,7,6,2,6,6,2,6,6,6,8,NA,1,1,1,1,1,1,1,2,3,1,5,2,1,1,4,3,1,1,1,1,5,1,1,1,5,5,M,Hindu,1,1,1,1,1,1,1,1,4,2,1,4,3,1,5,5,5,5,5,1,1,5,2,7,4,7,6,1,1,B7
1435,B0723,7,B,7B,Hindu,Enemies,Enemy4,2,31,M,23,1,6,NA,7,6,2,6,6,2,6,6,6,8,NA,1,1,1,1,1,1,1,2,3,1,5,2,1,1,4,3,1,1,1,1,5,1,1,1,5,5,M,Muslim,2,1,1,1,1,2,4,1,1,2,1,4,3,6,2,1,1,5,1,5,1,5,5,6,1,6,7,1,0,B7
1436,B0723,7,B,7B,Hindu,Enemies,Enemy5,2,32,M,23,1,6,NA,7,6,2,6,6,2,6,6,6,8,NA,1,1,1,1,1,1,1,2,3,1,5,2,1,1,4,3,1,1,1,1,5,1,1,1,5,5,M,Muslim,1,1,1,1,1,1,1,1,1,2,2,4,2,4,1,1,3,1,1,1,1,4,1,6,5,6,6,1,0,B7
1437,B0723,7,B,7B,Hindu,Enemies,Enemy6,2,34,M,23,1,6,NA,7,6,2,6,6,2,6,6,6,8,NA,1,1,1,1,1,1,1,2,3,1,5,2,1,1,4,3,1,1,1,1,5,1,1,1,5,5,M,Muslim,3,2,1,1,1,1,4,1,1,1,1,4,1,6,2,5,4,3,1,5,4,2,3,7,4,6,7,1,0,B7
1438,B0723,7,B,7B,Hindu,Enemies,Enemy7,2,59,M,23,1,6,NA,7,6,2,6,6,2,6,6,6,8,NA,1,1,1,1,1,1,1,2,3,1,5,2,1,1,4,3,1,1,1,1,5,1,1,1,5,5,F,Muslim,1,1,1,1,1,1,4,1,1,1,2,3,4,4,1,1,1,1,1,1,2,1,5,4,7,4,7,0,0,B7
1439,B0728,7,B,7B,Hindu,Enemies,Enemy1,2,29,M,28,4,7,1,6,7,1,7,7,4,5,6,5,8,NA,1,1,1,1,2,1,1,1,1,1,5,2,1,2,6,4,4,2,1,1,2,1,1,1,5,3,M,Muslim,1,1,2,1,1,3,3,1,1,1,1,4,5,5,2,1,1,3,1,1,1,5,3,7,1,4,7,1,0,B7
1440,B0728,7,B,7B,Hindu,Enemies,Enemy2,2,31,M,28,4,7,1,6,7,1,7,7,4,5,6,5,8,NA,1,1,1,1,2,1,1,1,1,1,5,2,1,2,6,4,4,2,1,1,2,1,1,1,5,3,M,Muslim,2,1,1,1,1,2,4,1,1,2,1,4,3,6,2,1,1,5,1,5,1,5,5,6,1,6,7,1,0,B7
1441,B0728,7,B,7B,Hindu,Enemies,Enemy3,2,32,M,28,4,7,1,6,7,1,7,7,4,5,6,5,8,NA,1,1,1,1,2,1,1,1,1,1,5,2,1,2,6,4,4,2,1,1,2,1,1,1,5,3,M,Muslim,1,1,1,1,1,1,1,1,1,2,2,4,2,4,1,1,3,1,1,1,1,4,1,6,5,6,6,1,0,B7
1442,B0728,7,B,7B,Hindu,Enemies,Enemy4,2,34,M,28,4,7,1,6,7,1,7,7,4,5,6,5,8,NA,1,1,1,1,2,1,1,1,1,1,5,2,1,2,6,4,4,2,1,1,2,1,1,1,5,3,M,Muslim,3,2,1,1,1,1,4,1,1,1,1,4,1,6,2,5,4,3,1,5,4,2,3,7,4,6,7,1,0,B7
1443,B0728,7,B,7B,Hindu,Enemies,Enemy5,2,35,M,28,4,7,1,6,7,1,7,7,4,5,6,5,8,NA,1,1,1,1,2,1,1,1,1,1,5,2,1,2,6,4,4,2,1,1,2,1,1,1,5,3,M,Muslim,NA,2,1,1,1,1,4,1,1,1,1,4,1,4,2,2,2,2,2,5,4,5,2,1,2,3,7,1,0,B7
1444,B0728,7,B,7B,Hindu,Enemies,Enemy6,2,36,M,28,4,7,1,6,7,1,7,7,4,5,6,5,8,NA,1,1,1,1,2,1,1,1,1,1,5,2,1,2,6,4,4,2,1,1,2,1,1,1,5,3,M,Muslim,2,1,2,1,2,2,3,1,1,1,2,4,4,4,3,1,1,3,2,1,1,3,3,4,4,4,7,1,0,B7
1445,B0728,7,B,7B,Hindu,Enemies,Enemy7,2,40,M,28,4,7,1,6,7,1,7,7,4,5,6,5,8,NA,1,1,1,1,2,1,1,1,1,1,5,2,1,2,6,4,4,2,1,1,2,1,1,1,5,3,M,NA,NA,NA,NA,NA,NA,NA,NA,NA,NA,NA,NA,NA,NA,NA,NA,NA,NA,NA,NA,NA,NA,NA,NA,NA,NA,NA,NA,1,NA,B7
1446,B0730,7,B,7B,Jain,Enemies,Enemy1,2,5,M,30,4,7,4,7,7,7,7,7,7,6,7,7,6,NA,1,1,1,1,1,1,1,1,3,1,1,2,3,1,4,4,4,1,1,1,1,1,1,3,5,3,M,Muslim,1,1,2,1,2,1,NA,1,1,NA,1,3,1,7,2,1,2,3,1,1,1,5,1,7,1,2,7,1,0,B7
1447,B0730,7,B,7B,Jain,Enemies,Enemy2,2,6,M,30,4,7,4,7,7,7,7,7,7,6,7,7,6,NA,1,1,1,1,1,1,1,1,3,1,1,2,3,1,4,4,4,1,1,1,1,1,1,3,5,3,M,Muslim,1,1,3,2,NA,1,4,1,1,2,1,4,5,5,2,1,1,2,1,1,1,3,2,6,2,6,7,1,0,B7
1448,B0730,7,B,7B,Jain,Enemies,Enemy3,2,22,M,30,4,7,4,7,7,7,7,7,7,6,7,7,6,NA,1,1,1,1,1,1,1,1,3,1,1,2,3,1,4,4,4,1,1,1,1,1,1,3,5,3,M,Muslim,1,4,1,2,1,2,3,1,1,1,2,4,4,4,3,2,2,2,1,3,1,2,2,7,4,5,7,1,0,B7
1449,B0730,7,B,7B,Jain,Enemies,Enemy4,2,31,M,30,4,7,4,7,7,7,7,7,7,6,7,7,6,NA,1,1,1,1,1,1,1,1,3,1,1,2,3,1,4,4,4,1,1,1,1,1,1,3,5,3,M,Muslim,2,1,1,1,1,2,4,1,1,2,1,4,3,6,2,1,1,5,1,5,1,5,5,6,1,6,7,1,0,B7
1450,B0730,7,B,7B,Jain,Enemies,Enemy5,2,32,M,30,4,7,4,7,7,7,7,7,7,6,7,7,6,NA,1,1,1,1,1,1,1,1,3,1,1,2,3,1,4,4,4,1,1,1,1,1,1,3,5,3,M,Muslim,1,1,1,1,1,1,1,1,1,2,2,4,2,4,1,1,3,1,1,1,1,4,1,6,5,6,6,1,0,B7
1451,B0732,7,B,7B,Muslim,Enemies,Enemy1,2,55,M,32,6,6,5,7,6,6,6,6,6,6,7,5,7,Sunni,1,1,1,1,1,1,1,2,1,1,1,2,2,2,4,2,4,1,1,3,1,1,1,1,4,1,F,Hindu,1,2,3,1,2,1,4,1,2,2,2,4,3,4,4,1,1,1,4,NA,2,3,1,1,7,7,7,0,0,B7
1452,B0741,7,B,7B,Christian,Enemies,Enemy1,2,51,F,41,5,4,7,6,6,6,6,6,6,6,6,6,8,NA,2,2,1,2,1,1,1,2,4,3,5,3,NA,1,4,4,4,2,2,2,2,2,2,2,5,2,F,Muslim,1,1,1,2,2,1,4,1,1,5,1,4,2,3,2,1,1,2,1,NA,1,NA,2,1,6,2,6,1,0,B7
1453,B0743,7,B,7B,Hindu,Enemies,Enemy1,2,32,F,43,2,3,7,6,7,3,6,6,5,6,4,6,1,NA,2,2,1,1,1,2,1,1,3,1,3,1,1,1,3,3,3,2,2,2,2,1,2,1,3,3,M,Muslim,1,1,1,1,1,1,1,1,1,2,2,4,2,4,1,1,3,1,1,1,1,4,1,6,5,6,6,0,0,B7
1454,B0743,7,B,7B,Hindu,Enemies,Enemy2,2,34,F,43,2,3,7,6,7,3,6,6,5,6,4,6,1,NA,2,2,1,1,1,2,1,1,3,1,3,1,1,1,3,3,3,2,2,2,2,1,2,1,3,3,M,Muslim,3,2,1,1,1,1,4,1,1,1,1,4,1,6,2,5,4,3,1,5,4,2,3,7,4,6,7,0,0,B7
1455,B0743,7,B,7B,Hindu,Enemies,Enemy3,2,37,F,43,2,3,7,6,7,3,6,6,5,6,4,6,1,NA,2,2,1,1,1,2,1,1,3,1,3,1,1,1,3,3,3,2,2,2,2,1,2,1,3,3,M,NA,NA,NA,NA,NA,NA,NA,NA,NA,NA,NA,NA,NA,NA,NA,NA,NA,NA,NA,NA,NA,NA,NA,NA,NA,NA,NA,NA,0,NA,B7
1456,B0745,7,B,7B,other,Enemies,Enemy1,2,41,F,45,7,5,7,7,7,6,6,5,6,5,5,5,6,NA,2,2,1,2,1,2,1,1,3,2,4,2,3,2,4,3,3,1,1,1,2,1,1,2,3,2,F,Christian,2,1,2,1,1,1,4,3,5,3,1,4,4,4,2,2,2,2,2,2,2,5,2,4,7,6,6,1,0,B7
1457,B0750,7,B,7B,Hindu,Enemies,Enemy1,2,49,F,50,4,3,6,6,6,3,6,6,5,4,4,4,2,NA,2,2,1,1,1,2,1,1,1,1,3,2,1,2,4,2,2,3,2,2,1,2,1,1,5,3,F,Muslim,2,2,1,1,1,1,1,1,1,2,1,4,1,1,2,1,2,1,3,1,1,5,2,4,6,6,7,1,0,B7
1458,B0751,7,B,7B,Muslim,Enemies,Enemy1,2,41,F,51,2,1,6,6,2,6,7,6,2,2,2,7,7,Sunni,2,1,1,1,2,2,1,2,4,1,1,5,2,1,4,2,3,2,1,1,2,1,NA,1,NA,2,F,Christian,2,1,2,1,1,1,4,3,5,3,1,4,4,4,2,2,2,2,2,2,2,5,2,4,7,6,6,1,0,B7
1459,B0753,7,B,7B,Muslim,Enemies,Enemy1,2,6,F,53,4,3,6,7,5,6,5,6,4,4,4,NA,7,Sunni,2,2,3,4,1,2,1,2,3,2,1,3,2,2,4,5,5,2,1,1,2,2,1,1,5,3,M,Muslim,1,1,3,2,NA,1,4,1,1,2,1,4,5,5,2,1,1,2,1,1,1,3,2,6,2,6,7,0,1,B7
1460,B0753,7,B,7B,Muslim,Enemies,Enemy2,2,23,F,53,4,3,6,7,5,6,5,6,4,4,4,NA,7,Sunni,2,2,3,4,1,2,1,2,3,2,1,3,2,2,4,5,5,2,1,1,2,2,1,1,5,3,M,Hindu,1,1,1,1,1,1,3,1,5,2,1,4,3,1,1,1,1,5,1,1,1,5,5,6,NA,6,2,0,0,B7
1461,B0753,7,B,7B,Muslim,Enemies,Enemy3,2,34,F,53,4,3,6,7,5,6,5,6,4,4,4,NA,7,Sunni,2,2,3,4,1,2,1,2,3,2,1,3,2,2,4,5,5,2,1,1,2,2,1,1,5,3,M,Muslim,3,2,1,1,1,1,4,1,1,1,1,4,1,6,2,5,4,3,1,5,4,2,3,7,4,6,7,0,1,B7
1462,B0753,7,B,7B,Muslim,Enemies,Enemy4,2,40,F,53,4,3,6,7,5,6,5,6,4,4,4,NA,7,Sunni,2,2,3,4,1,2,1,2,3,2,1,3,2,2,4,5,5,2,1,1,2,2,1,1,5,3,M,NA,NA,NA,NA,NA,NA,NA,NA,NA,NA,NA,NA,NA,NA,NA,NA,NA,NA,NA,NA,NA,NA,NA,NA,NA,NA,NA,NA,0,NA,B7
1463,B0753,7,B,7B,Muslim,Enemies,Enemy5,2,46,F,53,4,3,6,7,5,6,5,6,4,4,4,NA,7,Sunni,2,2,3,4,1,2,1,2,3,2,1,3,2,2,4,5,5,2,1,1,2,2,1,1,5,3,F,NA,NA,NA,NA,NA,NA,NA,NA,NA,NA,NA,NA,NA,NA,NA,NA,NA,NA,NA,NA,NA,NA,NA,NA,NA,NA,NA,NA,1,NA,B7
1464,B0753,7,B,7B,Muslim,Enemies,Enemy6,2,51,F,53,4,3,6,7,5,6,5,6,4,4,4,NA,7,Sunni,2,2,3,4,1,2,1,2,3,2,1,3,2,2,4,5,5,2,1,1,2,2,1,1,5,3,F,Muslim,1,1,1,2,2,1,4,1,1,5,1,4,2,3,2,1,1,2,1,NA,1,NA,2,1,6,2,6,1,1,B7
1465,B0753,7,B,7B,Muslim,Enemies,Enemy7,2,58,F,53,4,3,6,7,5,6,5,6,4,4,4,NA,7,Sunni,2,2,3,4,1,2,1,2,3,2,1,3,2,2,4,5,5,2,1,1,2,2,1,1,5,3,F,Jain,1,1,1,1,1,1,1,1,4,3,1,4,4,3,1,1,1,1,1,1,1,5,5,1,7,7,1,1,0,B7
1466,B0757,7,B,7B,Hindu,Enemies,Enemy1,2,6,F,57,4,7,7,6,7,6,6,6,6,5,6,6,2,NA,2,1,2,2,2,1,1,2,3,1,2,3,1,2,2,1,1,1,1,1,2,1,1,2,3,2,M,Muslim,1,1,3,2,NA,1,4,1,1,2,1,4,5,5,2,1,1,2,1,1,1,3,2,6,2,6,7,0,0,B7
1467,B0757,7,B,7B,Hindu,Enemies,Enemy2,2,14,F,57,4,7,7,6,7,6,6,6,6,5,6,6,2,NA,2,1,2,2,2,1,1,2,3,1,2,3,1,2,2,1,1,1,1,1,2,1,1,2,3,2,M,Hindu,1,1,1,1,2,1,3,1,1,2,2,4,4,4,2,2,1,1,2,2,2,3,3,6,4,7,4,0,1,B7
1468,B0757,7,B,7B,Hindu,Enemies,Enemy3,2,22,F,57,4,7,7,6,7,6,6,6,6,5,6,6,2,NA,2,1,2,2,2,1,1,2,3,1,2,3,1,2,2,1,1,1,1,1,2,1,1,2,3,2,M,Muslim,1,4,1,2,1,2,3,1,1,1,2,4,4,4,3,2,2,2,1,3,1,2,2,7,4,5,7,0,0,B7
1469,B0757,7,B,7B,Hindu,Enemies,Enemy4,2,51,F,57,4,7,7,6,7,6,6,6,6,5,6,6,2,NA,2,1,2,2,2,1,1,2,3,1,2,3,1,2,2,1,1,1,1,1,2,1,1,2,3,2,F,Muslim,1,1,1,2,2,1,4,1,1,5,1,4,2,3,2,1,1,2,1,NA,1,NA,2,1,6,2,6,1,0,B7
1470,B0758,7,B,7B,Jain,Enemies,Enemy1,2,61,F,58,1,1,7,7,7,1,7,6,4,7,1,7,8,NA,2,1,1,1,1,1,1,1,1,1,4,3,3,1,4,4,3,1,1,1,1,1,1,1,5,5,F,Hindu,3,1,2,1,2,1,4,2,5,3,2,4,4,4,1,1,1,1,2,1,2,3,2,6,6,6,6,1,0,B7
1471,B0760,7,B,7B,Muslim,Enemies,Enemy1,2,57,F,60,4,1,7,6,5,7,6,6,5,5,4,4,7,Sunni,2,1,1,2,1,1,1,2,2,1,1,3,2,2,4,3,2,4,2,2,2,4,1,3,4,3,F,Hindu,1,2,2,2,1,1,3,1,2,3,2,2,1,1,1,1,1,2,1,1,2,3,2,7,7,7,6,1,0,B7
1472,B0764,7,B,7B,Muslim,Enemies,Enemy1,2,60,F,64,2,1,6,3,5,7,3,6,5,7,3,5,8,NA,2,1,2,3,1,2,1,2,3,1,1,1,2,2,4,4,4,3,1,1,1,2,2,2,3,1,F,Muslim,1,1,2,1,1,1,2,1,1,3,2,4,3,2,4,2,2,2,4,1,3,4,3,1,7,5,7,1,1,B7
1473,C0702,7,C,7C,Hindu,Enemies,Enemy1,2,30,M,2,7,7,7,6,7,6,7,4,6,6,4,5,1,NA,1,1,1,3,3,2,1,1,4,1,5,1,1,3,4,4,4,1,1,1,3,1,1,1,5,1,M,Muslim,1,1,1,2,1,3,2,2,1,1,1,3,3,4,5,4,2,2,3,2,3,1,5,6,2,5,6,1,0,C7
1474,C0708,7,C,7C,Muslim,Enemies,Enemy1,2,17,M,8,4,6,4,7,6,5,7,6,5,4,7,6,NA,Vohra,1,2,2,1,1,1,1,1,2,1,3,1,2,1,4,3,4,2,1,2,1,3,1,1,3,3,M,Muslim,1,1,1,1,1,1,1,1,3,1,2,3,2,3,2,2,1,2,5,3,2,1,4,6,6,5,6,1,1,C7
1475,C0708,7,C,7C,Muslim,Enemies,Enemy2,2,25,M,8,4,6,4,7,6,5,7,6,5,4,7,6,NA,Vohra,1,2,2,1,1,1,1,1,2,1,3,1,2,1,4,3,4,2,1,2,1,3,1,1,3,3,M,Muslim,1,1,3,NA,1,2,4,1,1,2,1,4,2,2,3,2,2,2,2,2,2,3,5,7,1,5,7,1,1,C7
1476,C0708,7,C,7C,Muslim,Enemies,Enemy3,2,30,M,8,4,6,4,7,6,5,7,6,5,4,7,6,NA,Vohra,1,2,2,1,1,1,1,1,2,1,3,1,2,1,4,3,4,2,1,2,1,3,1,1,3,3,M,Muslim,1,1,1,2,1,3,2,2,1,1,1,3,3,4,5,4,2,2,3,2,3,1,5,6,2,5,6,1,1,C7
1477,C0708,7,C,7C,Muslim,Enemies,Enemy4,2,34,M,8,4,6,4,7,6,5,7,6,5,4,7,6,NA,Vohra,1,2,2,1,1,1,1,1,2,1,3,1,2,1,4,3,4,2,1,2,1,3,1,1,3,3,M,Muslim,1,1,1,1,1,1,3,1,1,2,1,4,1,7,1,1,2,3,1,1,1,2,5,7,7,4,7,1,1,C7
1478,C0708,7,C,7C,Muslim,Enemies,Enemy5,2,37,M,8,4,6,4,7,6,5,7,6,5,4,7,6,NA,Vohra,1,2,2,1,1,1,1,1,2,1,3,1,2,1,4,3,4,2,1,2,1,3,1,1,3,3,M,Hindu,1,1,1,2,1,1,1,5,5,1,1,4,4,1,1,1,1,3,1,5,1,5,5,7,5,7,1,1,0,C7
1479,C0710,7,C,7C,Muslim,Enemies,Enemy1,2,11,M,10,5,7,2,7,5,7,7,7,NA,5,5,6,7,Muslim (Sunni),1,1,1,1,2,1,2,2,2,2,1,1,2,1,3,3,4,5,2,2,2,3,2,3,2,4,M,other,3,2,2,2,2,1,3,1,4,4,1,4,3,6,3,1,2,3,1,1,1,3,5,7,7,7,3,1,0,C7
1480,C0710,7,C,7C,Muslim,Enemies,Enemy2,2,47,M,10,5,7,2,7,5,7,7,7,NA,5,5,6,7,Muslim (Sunni),1,1,1,1,2,1,2,2,2,2,1,1,2,1,3,3,4,5,2,2,2,3,2,3,2,4,F,Christian,1,NA,2,1,1,1,3,2,3,2,1,4,4,4,1,1,1,1,1,1,1,5,3,6,7,5,5,0,0,C7
1481,C0710,7,C,7C,Muslim,Enemies,Enemy3,2,55,M,10,5,7,2,7,5,7,7,7,NA,5,5,6,7,Muslim (Sunni),1,1,1,1,2,1,2,2,2,2,1,1,2,1,3,3,4,5,2,2,2,3,2,3,2,4,F,Hindu,3,4,1,1,2,1,3,1,1,1,2,4,3,3,3,5,3,1,1,3,3,5,3,1,7,7,4,0,0,C7
1482,C0710,7,C,7C,Muslim,Enemies,Enemy4,2,58,M,10,5,7,2,7,5,7,7,7,NA,5,5,6,7,Muslim (Sunni),1,1,1,1,2,1,2,2,2,2,1,1,2,1,3,3,4,5,2,2,2,3,2,3,2,4,F,Hindu,1,2,1,1,1,1,4,1,1,5,1,4,4,3,2,3,2,3,2,2,1,1,5,1,7,7,5,0,0,C7
1483,C0711,7,C,7C,other,Enemies,Enemy1,2,16,M,11,1,7,7,7,7,3,7,7,5,6,5,3,7,Sindhi,1,3,2,2,2,2,1,4,3,1,4,4,3,1,4,3,6,3,1,2,3,1,1,1,3,5,M,Muslim,1,1,1,1,1,1,4,1,1,1,1,4,4,4,2,2,2,2,1,1,2,5,3,7,4,5,7,1,0,C7
1484,C0711,7,C,7C,other,Enemies,Enemy2,2,17,M,11,1,7,7,7,7,3,7,7,5,6,5,3,7,Sindhi,1,3,2,2,2,2,1,4,3,1,4,4,3,1,4,3,6,3,1,2,3,1,1,1,3,5,M,Muslim,1,1,1,1,1,1,1,1,3,1,2,3,2,3,2,2,1,2,5,3,2,1,4,6,6,5,6,1,0,C7
1485,C0711,7,C,7C,other,Enemies,Enemy3,2,23,M,11,1,7,7,7,7,3,7,7,5,6,5,3,7,Sindhi,1,3,2,2,2,2,1,4,3,1,4,4,3,1,4,3,6,3,1,2,3,1,1,1,3,5,M,Muslim,1,1,1,1,1,1,4,1,1,1,1,4,4,4,2,2,2,2,1,1,2,3,5,7,4,5,7,1,0,C7
1486,C0711,7,C,7C,other,Enemies,Enemy4,2,25,M,11,1,7,7,7,7,3,7,7,5,6,5,3,7,Sindhi,1,3,2,2,2,2,1,4,3,1,4,4,3,1,4,3,6,3,1,2,3,1,1,1,3,5,M,Muslim,1,1,3,NA,1,2,4,1,1,2,1,4,2,2,3,2,2,2,2,2,2,3,5,7,1,5,7,1,0,C7
1487,C0711,7,C,7C,other,Enemies,Enemy5,2,30,M,11,1,7,7,7,7,3,7,7,5,6,5,3,7,Sindhi,1,3,2,2,2,2,1,4,3,1,4,4,3,1,4,3,6,3,1,2,3,1,1,1,3,5,M,Muslim,1,1,1,2,1,3,2,2,1,1,1,3,3,4,5,4,2,2,3,2,3,1,5,6,2,5,6,1,0,C7
1488,C0711,7,C,7C,other,Enemies,Enemy6,2,55,M,11,1,7,7,7,7,3,7,7,5,6,5,3,7,Sindhi,1,3,2,2,2,2,1,4,3,1,4,4,3,1,4,3,6,3,1,2,3,1,1,1,3,5,F,Hindu,3,4,1,1,2,1,3,1,1,1,2,4,3,3,3,5,3,1,1,3,3,5,3,1,7,7,4,0,0,C7
1489,C0711,7,C,7C,other,Enemies,Enemy7,2,61,M,11,1,7,7,7,7,3,7,7,5,6,5,3,7,Sindhi,1,3,2,2,2,2,1,4,3,1,4,4,3,1,4,3,6,3,1,2,3,1,1,1,3,5,F,Muslim,1,2,2,1,1,1,4,2,1,5,1,4,4,4,3,3,3,1,1,1,1,5,5,5,7,5,7,0,0,C7
1490,C0711,7,C,7C,other,Enemies,Enemy8,2,62,M,11,1,7,7,7,7,3,7,7,5,6,5,3,7,Sindhi,1,3,2,2,2,2,1,4,3,1,4,4,3,1,4,3,6,3,1,2,3,1,1,1,3,5,F,Hindu,1,1,1,1,1,1,4,1,2,3,2,4,3,3,1,1,1,1,1,1,1,5,3,4,7,6,6,0,0,C7
1491,C0715,7,C,7C,Hindu,Enemies,Enemy1,2,12,M,15,5,7,4,5,6,6,7,6,7,5,5,5,8,NA,1,3,2,1,1,2,2,2,3,1,3,4,1,2,3,3,3,2,1,1,2,2,1,2,2,3,M,Hindu,1,1,5,1,1,1,4,1,2,1,2,4,4,4,1,1,1,1,1,1,1,5,3,4,4,7,7,1,1,C7
1492,C0715,7,C,7C,Hindu,Enemies,Enemy2,2,25,M,15,5,7,4,5,6,6,7,6,7,5,5,5,8,NA,1,3,2,1,1,2,2,2,3,1,3,4,1,2,3,3,3,2,1,1,2,2,1,2,2,3,M,Muslim,1,1,3,NA,1,2,4,1,1,2,1,4,2,2,3,2,2,2,2,2,2,3,5,7,1,5,7,1,0,C7
1493,C0715,7,C,7C,Hindu,Enemies,Enemy3,2,30,M,15,5,7,4,5,6,6,7,6,7,5,5,5,8,NA,1,3,2,1,1,2,2,2,3,1,3,4,1,2,3,3,3,2,1,1,2,2,1,2,2,3,M,Muslim,1,1,1,2,1,3,2,2,1,1,1,3,3,4,5,4,2,2,3,2,3,1,5,6,2,5,6,1,0,C7
1494,C0716,7,C,7C,Muslim,Enemies,Enemy1,2,49,M,16,2,7,4,7,5,7,7,7,4,4,7,4,7,Jamati,1,1,1,1,1,1,1,4,4,1,1,1,2,1,4,4,4,2,2,2,2,1,1,2,5,3,F,Hindu,3,2,2,1,2,1,1,1,4,2,1,4,2,2,2,1,1,2,1,1,1,3,3,1,7,7,6,0,0,C7
1495,C0716,7,C,7C,Muslim,Enemies,Enemy2,2,55,M,16,2,7,4,7,5,7,7,7,4,4,7,4,7,Jamati,1,1,1,1,1,1,1,4,4,1,1,1,2,1,4,4,4,2,2,2,2,1,1,2,5,3,F,Hindu,3,4,1,1,2,1,3,1,1,1,2,4,3,3,3,5,3,1,1,3,3,5,3,1,7,7,4,0,0,C7
1496,C0716,7,C,7C,Muslim,Enemies,Enemy3,2,58,M,16,2,7,4,7,5,7,7,7,4,4,7,4,7,Jamati,1,1,1,1,1,1,1,4,4,1,1,1,2,1,4,4,4,2,2,2,2,1,1,2,5,3,F,Hindu,1,2,1,1,1,1,4,1,1,5,1,4,4,3,2,3,2,3,2,2,1,1,5,1,7,7,5,0,0,C7
1497,C0717,7,C,7C,Muslim,Enemies,Enemy1,2,32,M,17,1,6,6,7,5,6,6,1,5,1,3,3,7,Sunni,1,1,1,1,1,1,1,2,1,1,3,1,2,2,3,2,3,2,2,1,2,5,3,2,1,4,M,Hindu,1,4,1,1,1,1,3,1,2,1,1,4,3,3,2,2,2,2,2,3,3,3,5,6,4,6,6,1,0,C7
1498,C0717,7,C,7C,Muslim,Enemies,Enemy2,2,50,M,17,1,6,6,7,5,6,6,1,5,1,3,3,7,Sunni,1,1,1,1,1,1,1,2,1,1,3,1,2,2,3,2,3,2,2,1,2,5,3,2,1,4,F,Muslim,1,1,1,1,1,1,3,1,1,1,1,4,5,5,2,1,1,2,1,1,2,4,5,6,7,5,7,0,1,C7
1499,C0717,7,C,7C,Muslim,Enemies,Enemy3,2,51,M,17,1,6,6,7,5,6,6,1,5,1,3,3,7,Sunni,1,1,1,1,1,1,1,2,1,1,3,1,2,2,3,2,3,2,2,1,2,5,3,2,1,4,F,Muslim,1,1,1,2,1,1,3,1,1,1,1,4,2,6,1,1,1,2,1,1,4,5,3,6,7,6,7,0,1,C7
1500,C0718,7,C,7C,Hindu,Enemies,Enemy1,2,17,M,18,1,7,6,7,7,1,7,2,7,7,6,6,8,NA,1,1,1,1,3,1,1,2,1,5,5,1,1,1,4,4,1,1,1,1,3,1,5,1,5,5,M,Muslim,1,1,1,1,1,1,1,1,3,1,2,3,2,3,2,2,1,2,5,3,2,1,4,6,6,5,6,1,0,C7
1501,C0718,7,C,7C,Hindu,Enemies,Enemy2,2,23,M,18,1,7,6,7,7,1,7,2,7,7,6,6,8,NA,1,1,1,1,3,1,1,2,1,5,5,1,1,1,4,4,1,1,1,1,3,1,5,1,5,5,M,Muslim,1,1,1,1,1,1,4,1,1,1,1,4,4,4,2,2,2,2,1,1,2,3,5,7,4,5,7,1,0,C7
1502,C0718,7,C,7C,Hindu,Enemies,Enemy3,2,25,M,18,1,7,6,7,7,1,7,2,7,7,6,6,8,NA,1,1,1,1,3,1,1,2,1,5,5,1,1,1,4,4,1,1,1,1,3,1,5,1,5,5,M,Muslim,1,1,3,NA,1,2,4,1,1,2,1,4,2,2,3,2,2,2,2,2,2,3,5,7,1,5,7,1,0,C7
1503,C0718,7,C,7C,Hindu,Enemies,Enemy4,2,28,M,18,1,7,6,7,7,1,7,2,7,7,6,6,8,NA,1,1,1,1,3,1,1,2,1,5,5,1,1,1,4,4,1,1,1,1,3,1,5,1,5,5,M,Muslim,1,1,1,1,1,1,2,1,1,1,1,4,4,7,5,NA,1,1,1,1,1,1,1,7,1,4,7,1,0,C7
1504,C0718,7,C,7C,Hindu,Enemies,Enemy5,2,34,M,18,1,7,6,7,7,1,7,2,7,7,6,6,8,NA,1,1,1,1,3,1,1,2,1,5,5,1,1,1,4,4,1,1,1,1,3,1,5,1,5,5,M,Muslim,1,1,1,1,1,1,3,1,1,2,1,4,1,7,1,1,2,3,1,1,1,2,5,7,7,4,7,1,0,C7
1505,C0718,7,C,7C,Hindu,Enemies,Enemy6,2,35,M,18,1,7,6,7,7,1,7,2,7,7,6,6,8,NA,1,1,1,1,3,1,1,2,1,5,5,1,1,1,4,4,1,1,1,1,3,1,5,1,5,5,M,Muslim,1,1,1,1,1,1,3,1,1,1,1,4,3,3,2,1,1,1,2,1,1,5,3,7,4,6,7,1,0,C7
1506,C0718,7,C,7C,Hindu,Enemies,Enemy7,2,57,M,18,1,7,6,7,7,1,7,2,7,7,6,6,8,NA,1,1,1,1,3,1,1,2,1,5,5,1,1,1,4,4,1,1,1,1,3,1,5,1,5,5,F,Muslim,1,1,2,2,1,2,4,1,1,2,1,4,3,2,1,1,1,1,1,2,1,5,3,2,7,5,7,0,0,C7
1507,C0720,7,C,7C,Hindu,Enemies,Enemy1,2,9,M,20,5,6,6,7,6,5,7,6,6,6,7,4,8,NA,1,1,2,3,2,2,1,1,3,1,2,2,1,2,4,3,3,1,1,1,2,1,1,1,3,2,M,Muslim,1,1,1,1,1,1,4,1,1,1,1,4,4,7,1,1,1,1,1,2,1,3,2,7,6,6,7,1,0,C7
1508,C0720,7,C,7C,Hindu,Enemies,Enemy2,2,11,M,20,5,6,6,7,6,5,7,6,6,6,7,4,8,NA,1,1,2,3,2,2,1,1,3,1,2,2,1,2,4,3,3,1,1,1,2,1,1,1,3,2,M,other,3,2,2,2,2,1,3,1,4,4,1,4,3,6,3,1,2,3,1,1,1,3,5,7,7,7,3,1,0,C7
1509,C0720,7,C,7C,Hindu,Enemies,Enemy3,2,23,M,20,5,6,6,7,6,5,7,6,6,6,7,4,8,NA,1,1,2,3,2,2,1,1,3,1,2,2,1,2,4,3,3,1,1,1,2,1,1,1,3,2,M,Muslim,1,1,1,1,1,1,4,1,1,1,1,4,4,4,2,2,2,2,1,1,2,3,5,7,4,5,7,1,0,C7
1510,C0721,7,C,7C,Hindu,Enemies,Enemy1,2,1,M,21,2,5,3,6,NA,2,6,6,6,2,NA,NA,1,NA,1,3,1,2,1,3,1,1,2,1,2,3,1,2,4,4,4,5,1,1,1,5,1,1,3,5,M,Muslim,1,1,1,1,1,1,4,1,1,2,1,4,3,4,1,1,1,1,1,1,1,5,2,6,7,6,6,1,0,C7
1511,C0721,7,C,7C,Hindu,Enemies,Enemy2,2,16,M,21,2,5,3,6,NA,2,6,6,6,2,NA,NA,1,NA,1,3,1,2,1,3,1,1,2,1,2,3,1,2,4,4,4,5,1,1,1,5,1,1,3,5,M,Muslim,1,1,1,1,1,1,4,1,1,1,1,4,4,4,2,2,2,2,1,1,2,5,3,7,4,5,7,1,0,C7
1512,C0721,7,C,7C,Hindu,Enemies,Enemy3,2,44,M,21,2,5,3,6,NA,2,6,6,6,2,NA,NA,1,NA,1,3,1,2,1,3,1,1,2,1,2,3,1,2,4,4,4,5,1,1,1,5,1,1,3,5,M,Hindu,1,1,1,1,1,1,3,1,2,1,1,4,4,3,1,1,1,1,2,1,1,5,3,7,4,7,6,1,1,C7
1513,C0721,7,C,7C,Hindu,Enemies,Enemy4,2,45,M,21,2,5,3,6,NA,2,6,6,6,2,NA,NA,1,NA,1,3,1,2,1,3,1,1,2,1,2,3,1,2,4,4,4,5,1,1,1,5,1,1,3,5,M,Muslim,1,1,1,1,1,1,3,1,1,2,1,4,1,2,1,1,1,2,1,1,1,3,5,4,4,4,3,1,0,C7
1514,C0723,7,C,7C,Muslim,Enemies,Enemy1,2,49,M,23,2,7,4,7,5,7,7,7,4,4,7,7,7,Jamati,1,1,1,1,1,1,1,2,4,1,1,1,2,1,4,4,4,2,2,2,2,1,1,2,3,5,F,Hindu,3,2,2,1,2,1,1,1,4,2,1,4,2,2,2,1,1,2,1,1,1,3,3,1,7,7,6,0,0,C7
1515,C0723,7,C,7C,Muslim,Enemies,Enemy2,2,55,M,23,2,7,4,7,5,7,7,7,4,4,7,7,7,Jamati,1,1,1,1,1,1,1,2,4,1,1,1,2,1,4,4,4,2,2,2,2,1,1,2,3,5,F,Hindu,3,4,1,1,2,1,3,1,1,1,2,4,3,3,3,5,3,1,1,3,3,5,3,1,7,7,4,0,0,C7
1516,C0723,7,C,7C,Muslim,Enemies,Enemy3,2,58,M,23,2,7,4,7,5,7,7,7,4,4,7,7,7,Jamati,1,1,1,1,1,1,1,2,4,1,1,1,2,1,4,4,4,2,2,2,2,1,1,2,3,5,F,Hindu,1,2,1,1,1,1,4,1,1,5,1,4,4,3,2,3,2,3,2,2,1,1,5,1,7,7,5,0,0,C7
1517,C0728,7,C,7C,Muslim,Enemies,Enemy1,2,1,M,28,4,7,1,7,4,7,7,7,5,7,7,1,7,Jamati,1,1,1,1,1,1,1,4,2,1,1,1,2,1,4,4,7,5,NA,1,1,1,1,1,1,1,M,Muslim,1,1,1,1,1,1,4,1,1,2,1,4,3,4,1,1,1,1,1,1,1,5,2,6,7,6,6,1,1,C7
1518,C0728,7,C,7C,Muslim,Enemies,Enemy2,2,7,M,28,4,7,1,7,4,7,7,7,5,7,7,1,7,Jamati,1,1,1,1,1,1,1,4,2,1,1,1,2,1,4,4,7,5,NA,1,1,1,1,1,1,1,M,Muslim,1,1,1,2,1,1,3,1,1,1,1,4,3,4,1,1,1,1,2,1,1,5,1,7,1,6,7,1,1,C7
1519,C0728,7,C,7C,Muslim,Enemies,Enemy3,2,11,M,28,4,7,1,7,4,7,7,7,5,7,7,1,7,Jamati,1,1,1,1,1,1,1,4,2,1,1,1,2,1,4,4,7,5,NA,1,1,1,1,1,1,1,M,other,3,2,2,2,2,1,3,1,4,4,1,4,3,6,3,1,2,3,1,1,1,3,5,7,7,7,3,1,0,C7
1520,C0728,7,C,7C,Muslim,Enemies,Enemy4,2,19,M,28,4,7,1,7,4,7,7,7,5,7,7,1,7,Jamati,1,1,1,1,1,1,1,4,2,1,1,1,2,1,4,4,7,5,NA,1,1,1,1,1,1,1,M,Hindu,1,1,1,1,1,1,4,1,4,4,1,4,2,1,1,1,1,1,1,1,1,5,5,7,7,7,5,1,0,C7
1521,C0728,7,C,7C,Muslim,Enemies,Enemy5,2,23,M,28,4,7,1,7,4,7,7,7,5,7,7,1,7,Jamati,1,1,1,1,1,1,1,4,2,1,1,1,2,1,4,4,7,5,NA,1,1,1,1,1,1,1,M,Muslim,1,1,1,1,1,1,4,1,1,1,1,4,4,4,2,2,2,2,1,1,2,3,5,7,4,5,7,1,1,C7
1522,C0728,7,C,7C,Muslim,Enemies,Enemy6,2,32,M,28,4,7,1,7,4,7,7,7,5,7,7,1,7,Jamati,1,1,1,1,1,1,1,4,2,1,1,1,2,1,4,4,7,5,NA,1,1,1,1,1,1,1,M,Hindu,1,4,1,1,1,1,3,1,2,1,1,4,3,3,2,2,2,2,2,3,3,3,5,6,4,6,6,1,0,C7
1523,C0728,7,C,7C,Muslim,Enemies,Enemy7,2,33,M,28,4,7,1,7,4,7,7,7,5,7,7,1,7,Jamati,1,1,1,1,1,1,1,4,2,1,1,1,2,1,4,4,7,5,NA,1,1,1,1,1,1,1,M,Muslim,1,2,1,1,1,1,NA,1,1,NA,1,4,3,3,2,1,1,2,1,1,2,3,4,7,6,6,7,1,1,C7
1524,C0729,7,C,7C,Hindu,Enemies,Enemy1,2,55,M,29,4,7,1,6,7,2,7,7,6,6,4,4,8,NA,1,1,1,1,2,1,2,4,4,1,5,2,1,1,4,4,2,3,3,2,1,2,1,1,5,1,F,Hindu,3,4,1,1,2,1,3,1,1,1,2,4,3,3,3,5,3,1,1,3,3,5,3,1,7,7,4,0,1,C7
1525,C0729,7,C,7C,Hindu,Enemies,Enemy2,2,58,M,29,4,7,1,6,7,2,7,7,6,6,4,4,8,NA,1,1,1,1,2,1,2,4,4,1,5,2,1,1,4,4,2,3,3,2,1,2,1,1,5,1,F,Hindu,1,2,1,1,1,1,4,1,1,5,1,4,4,3,2,3,2,3,2,2,1,1,5,1,7,7,5,0,1,C7
1526,C0730,7,C,7C,Muslim,Enemies,Enemy1,2,11,M,30,5,6,2,6,5,6,6,7,4,5,6,7,7,Muslim (Sunni),1,1,1,1,2,1,3,2,2,2,1,1,2,1,3,3,4,5,4,2,2,3,2,3,1,5,M,other,3,2,2,2,2,1,3,1,4,4,1,4,3,6,3,1,2,3,1,1,1,3,5,7,7,7,3,1,0,C7
1527,C0730,7,C,7C,Muslim,Enemies,Enemy2,2,13,M,30,5,6,2,6,5,6,6,7,4,5,6,7,7,Muslim (Sunni),1,1,1,1,2,1,3,2,2,2,1,1,2,1,3,3,4,5,4,2,2,3,2,3,1,5,M,Hindu,1,1,1,1,1,1,4,1,4,2,1,NA,2,4,3,3,2,2,2,1,1,5,1,7,1,7,4,1,0,C7
1528,C0730,7,C,7C,Muslim,Enemies,Enemy3,2,47,M,30,5,6,2,6,5,6,6,7,4,5,6,7,7,Muslim (Sunni),1,1,1,1,2,1,3,2,2,2,1,1,2,1,3,3,4,5,4,2,2,3,2,3,1,5,F,Christian,1,NA,2,1,1,1,3,2,3,2,1,4,4,4,1,1,1,1,1,1,1,5,3,6,7,5,5,0,0,C7
1529,C0730,7,C,7C,Muslim,Enemies,Enemy4,2,55,M,30,5,6,2,6,5,6,6,7,4,5,6,7,7,Muslim (Sunni),1,1,1,1,2,1,3,2,2,2,1,1,2,1,3,3,4,5,4,2,2,3,2,3,1,5,F,Hindu,3,4,1,1,2,1,3,1,1,1,2,4,3,3,3,5,3,1,1,3,3,5,3,1,7,7,4,0,0,C7
1530,C0730,7,C,7C,Muslim,Enemies,Enemy5,2,58,M,30,5,6,2,6,5,6,6,7,4,5,6,7,7,Muslim (Sunni),1,1,1,1,2,1,3,2,2,2,1,1,2,1,3,3,4,5,4,2,2,3,2,3,1,5,F,Hindu,1,2,1,1,1,1,4,1,1,5,1,4,4,3,2,3,2,3,2,2,1,1,5,1,7,7,5,0,0,C7
1531,C0731,7,C,7C,Hindu,Enemies,Enemy1,2,11,M,31,2,7,6,3,7,5,7,7,5,6,6,5,NA,NA,1,1,1,2,3,2,1,1,2,1,1,4,1,1,4,5,4,1,1,2,3,1,2,1,5,1,M,other,3,2,2,2,2,1,3,1,4,4,1,4,3,6,3,1,2,3,1,1,1,3,5,7,7,7,3,1,0,C7
1532,C0732,7,C,7C,Hindu,Enemies,Enemy1,2,1,M,32,2,6,4,7,6,6,6,6,6,6,6,6,7,Chamar,1,1,4,1,1,1,1,1,3,1,2,1,1,1,4,3,3,2,2,2,2,2,3,3,3,5,M,Muslim,1,1,1,1,1,1,4,1,1,2,1,4,3,4,1,1,1,1,1,1,1,5,2,6,7,6,6,1,0,C7
1533,C0732,7,C,7C,Hindu,Enemies,Enemy2,2,6,M,32,2,6,4,7,6,6,6,6,6,6,6,6,7,Chamar,1,1,4,1,1,1,1,1,3,1,2,1,1,1,4,3,3,2,2,2,2,2,3,3,3,5,M,Muslim,1,1,1,1,1,1,4,4,2,2,1,4,4,4,1,1,1,1,1,1,1,3,5,6,1,1,7,1,0,C7
1534,C0732,7,C,7C,Hindu,Enemies,Enemy3,2,9,M,32,2,6,4,7,6,6,6,6,6,6,6,6,7,Chamar,1,1,4,1,1,1,1,1,3,1,2,1,1,1,4,3,3,2,2,2,2,2,3,3,3,5,M,Muslim,1,1,1,1,1,1,4,1,1,1,1,4,4,7,1,1,1,1,1,2,1,3,2,7,6,6,7,1,0,C7
1535,C0732,7,C,7C,Hindu,Enemies,Enemy4,2,12,M,32,2,6,4,7,6,6,6,6,6,6,6,6,7,Chamar,1,1,4,1,1,1,1,1,3,1,2,1,1,1,4,3,3,2,2,2,2,2,3,3,3,5,M,Hindu,1,1,5,1,1,1,4,1,2,1,2,4,4,4,1,1,1,1,1,1,1,5,3,4,4,7,7,1,1,C7
1536,C0732,7,C,7C,Hindu,Enemies,Enemy5,2,16,M,32,2,6,4,7,6,6,6,6,6,6,6,6,7,Chamar,1,1,4,1,1,1,1,1,3,1,2,1,1,1,4,3,3,2,2,2,2,2,3,3,3,5,M,Muslim,1,1,1,1,1,1,4,1,1,1,1,4,4,4,2,2,2,2,1,1,2,5,3,7,4,5,7,1,0,C7
1537,C0732,7,C,7C,Hindu,Enemies,Enemy6,2,17,M,32,2,6,4,7,6,6,6,6,6,6,6,6,7,Chamar,1,1,4,1,1,1,1,1,3,1,2,1,1,1,4,3,3,2,2,2,2,2,3,3,3,5,M,Muslim,1,1,1,1,1,1,1,1,3,1,2,3,2,3,2,2,1,2,5,3,2,1,4,6,6,5,6,1,0,C7
1538,C0732,7,C,7C,Hindu,Enemies,Enemy7,2,25,M,32,2,6,4,7,6,6,6,6,6,6,6,6,7,Chamar,1,1,4,1,1,1,1,1,3,1,2,1,1,1,4,3,3,2,2,2,2,2,3,3,3,5,M,Muslim,1,1,3,NA,1,2,4,1,1,2,1,4,2,2,3,2,2,2,2,2,2,3,5,7,1,5,7,1,0,C7
1539,C0734,7,C,7C,Muslim,Enemies,Enemy1,2,47,M,34,6,7,7,1,4,7,7,6,6,1,6,1,7,Sunni,1,1,1,1,1,1,1,2,3,1,1,2,2,1,4,1,7,1,1,2,3,1,1,1,2,5,F,Christian,1,NA,2,1,1,1,3,2,3,2,1,4,4,4,1,1,1,1,1,1,1,5,3,6,7,5,5,0,0,C7
1540,C0734,7,C,7C,Muslim,Enemies,Enemy2,2,52,M,34,6,7,7,1,4,7,7,6,6,1,6,1,7,Sunni,1,1,1,1,1,1,1,2,3,1,1,2,2,1,4,1,7,1,1,2,3,1,1,1,2,5,F,Hindu,2,2,1,1,2,1,3,1,2,3,2,4,4,4,1,1,1,1,1,1,1,5,5,7,7,7,7,0,0,C7
1541,C0734,7,C,7C,Muslim,Enemies,Enemy3,2,55,M,34,6,7,7,1,4,7,7,6,6,1,6,1,7,Sunni,1,1,1,1,1,1,1,2,3,1,1,2,2,1,4,1,7,1,1,2,3,1,1,1,2,5,F,Hindu,3,4,1,1,2,1,3,1,1,1,2,4,3,3,3,5,3,1,1,3,3,5,3,1,7,7,4,0,0,C7
1542,C0737,7,C,7C,Hindu,Enemies,Enemy1,2,17,M,37,1,7,5,7,7,1,NA,2,7,7,6,7,8,NA,1,1,1,1,2,1,1,1,1,5,5,1,1,1,4,4,1,1,1,1,3,1,5,1,5,5,M,Muslim,1,1,1,1,1,1,1,1,3,1,2,3,2,3,2,2,1,2,5,3,2,1,4,6,6,5,6,1,0,C7
1543,C0737,7,C,7C,Hindu,Enemies,Enemy2,2,23,M,37,1,7,5,7,7,1,NA,2,7,7,6,7,8,NA,1,1,1,1,2,1,1,1,1,5,5,1,1,1,4,4,1,1,1,1,3,1,5,1,5,5,M,Muslim,1,1,1,1,1,1,4,1,1,1,1,4,4,4,2,2,2,2,1,1,2,3,5,7,4,5,7,1,0,C7
1544,C0737,7,C,7C,Hindu,Enemies,Enemy3,2,25,M,37,1,7,5,7,7,1,NA,2,7,7,6,7,8,NA,1,1,1,1,2,1,1,1,1,5,5,1,1,1,4,4,1,1,1,1,3,1,5,1,5,5,M,Muslim,1,1,3,NA,1,2,4,1,1,2,1,4,2,2,3,2,2,2,2,2,2,3,5,7,1,5,7,1,0,C7
1545,C0737,7,C,7C,Hindu,Enemies,Enemy4,2,28,M,37,1,7,5,7,7,1,NA,2,7,7,6,7,8,NA,1,1,1,1,2,1,1,1,1,5,5,1,1,1,4,4,1,1,1,1,3,1,5,1,5,5,M,Muslim,1,1,1,1,1,1,2,1,1,1,1,4,4,7,5,NA,1,1,1,1,1,1,1,7,1,4,7,1,0,C7
1546,C0737,7,C,7C,Hindu,Enemies,Enemy5,2,34,M,37,1,7,5,7,7,1,NA,2,7,7,6,7,8,NA,1,1,1,1,2,1,1,1,1,5,5,1,1,1,4,4,1,1,1,1,3,1,5,1,5,5,M,Muslim,1,1,1,1,1,1,3,1,1,2,1,4,1,7,1,1,2,3,1,1,1,2,5,7,7,4,7,1,0,C7
1547,C0737,7,C,7C,Hindu,Enemies,Enemy6,2,35,M,37,1,7,5,7,7,1,NA,2,7,7,6,7,8,NA,1,1,1,1,2,1,1,1,1,5,5,1,1,1,4,4,1,1,1,1,3,1,5,1,5,5,M,Muslim,1,1,1,1,1,1,3,1,1,1,1,4,3,3,2,1,1,1,2,1,1,5,3,7,4,6,7,1,0,C7
1548,C0737,7,C,7C,Hindu,Enemies,Enemy7,2,57,M,37,1,7,5,7,7,1,NA,2,7,7,6,7,8,NA,1,1,1,1,2,1,1,1,1,5,5,1,1,1,4,4,1,1,1,1,3,1,5,1,5,5,F,Muslim,1,1,2,2,1,2,4,1,1,2,1,4,3,2,1,1,1,1,1,2,1,5,3,2,7,5,7,0,0,C7
1549,C0738,7,C,7C,Hindu,Enemies,Enemy1,2,1,M,38,3,4,4,5,7,6,6,4,4,4,4,4,3,NA,1,1,1,1,1,1,1,1,4,1,4,3,1,2,2,2,2,2,1,1,1,1,1,1,5,3,M,Muslim,1,1,1,1,1,1,4,1,1,2,1,4,3,4,1,1,1,1,1,1,1,5,2,6,7,6,6,1,0,C7
1550,C0738,7,C,7C,Hindu,Enemies,Enemy2,2,25,M,38,3,4,4,5,7,6,6,4,4,4,4,4,3,NA,1,1,1,1,1,1,1,1,4,1,4,3,1,2,2,2,2,2,1,1,1,1,1,1,5,3,M,Muslim,1,1,3,NA,1,2,4,1,1,2,1,4,2,2,3,2,2,2,2,2,2,3,5,7,1,5,7,1,0,C7
1551,C0738,7,C,7C,Hindu,Enemies,Enemy3,2,30,M,38,3,4,4,5,7,6,6,4,4,4,4,4,3,NA,1,1,1,1,1,1,1,1,4,1,4,3,1,2,2,2,2,2,1,1,1,1,1,1,5,3,M,Muslim,1,1,1,2,1,3,2,2,1,1,1,3,3,4,5,4,2,2,3,2,3,1,5,6,2,5,6,1,0,C7
1552,C0740,7,C,7C,Muslim,Enemies,Enemy1,2,11,M,40,5,7,1,7,1,7,7,7,7,6,3,6,7,Sunni,1,1,1,1,1,1,1,2,3,1,1,1,2,1,4,1,7,1,1,1,1,1,1,1,5,1,M,other,3,2,2,2,2,1,3,1,4,4,1,4,3,6,3,1,2,3,1,1,1,3,5,7,7,7,3,1,0,C7
1553,C0740,7,C,7C,Muslim,Enemies,Enemy2,2,13,M,40,5,7,1,7,1,7,7,7,7,6,3,6,7,Sunni,1,1,1,1,1,1,1,2,3,1,1,1,2,1,4,1,7,1,1,1,1,1,1,1,5,1,M,Hindu,1,1,1,1,1,1,4,1,4,2,1,NA,2,4,3,3,2,2,2,1,1,5,1,7,1,7,4,1,0,C7
1554,C0740,7,C,7C,Muslim,Enemies,Enemy3,2,55,M,40,5,7,1,7,1,7,7,7,7,6,3,6,7,Sunni,1,1,1,1,1,1,1,2,3,1,1,1,2,1,4,1,7,1,1,1,1,1,1,1,5,1,F,Hindu,3,4,1,1,2,1,3,1,1,1,2,4,3,3,3,5,3,1,1,3,3,5,3,1,7,7,4,0,0,C7
1555,C0745,7,C,7C,Muslim,Enemies,Enemy1,2,9,M,45,1,4,4,7,4,3,7,6,4,4,7,1,7,Vohra,1,1,1,1,1,1,1,1,3,1,1,2,2,1,4,1,2,1,1,1,2,1,1,1,3,5,M,Muslim,1,1,1,1,1,1,4,1,1,1,1,4,4,7,1,1,1,1,1,2,1,3,2,7,6,6,7,1,1,C7
1556,C0745,7,C,7C,Muslim,Enemies,Enemy2,2,16,M,45,1,4,4,7,4,3,7,6,4,4,7,1,7,Vohra,1,1,1,1,1,1,1,1,3,1,1,2,2,1,4,1,2,1,1,1,2,1,1,1,3,5,M,Muslim,1,1,1,1,1,1,4,1,1,1,1,4,4,4,2,2,2,2,1,1,2,5,3,7,4,5,7,1,1,C7
1557,C0745,7,C,7C,Muslim,Enemies,Enemy3,2,17,M,45,1,4,4,7,4,3,7,6,4,4,7,1,7,Vohra,1,1,1,1,1,1,1,1,3,1,1,2,2,1,4,1,2,1,1,1,2,1,1,1,3,5,M,Muslim,1,1,1,1,1,1,1,1,3,1,2,3,2,3,2,2,1,2,5,3,2,1,4,6,6,5,6,1,1,C7
1558,C0745,7,C,7C,Muslim,Enemies,Enemy4,2,23,M,45,1,4,4,7,4,3,7,6,4,4,7,1,7,Vohra,1,1,1,1,1,1,1,1,3,1,1,2,2,1,4,1,2,1,1,1,2,1,1,1,3,5,M,Muslim,1,1,1,1,1,1,4,1,1,1,1,4,4,4,2,2,2,2,1,1,2,3,5,7,4,5,7,1,1,C7
1559,C0751,7,C,7C,Muslim,Enemies,Enemy1,2,18,F,51,2,6,7,6,6,7,6,7,6,6,6,6,7,Sunni,2,1,1,1,2,1,1,2,3,1,1,1,2,1,4,2,6,1,1,1,2,1,1,4,5,3,M,Hindu,1,1,1,3,1,1,1,5,5,1,1,4,4,1,1,1,1,3,1,5,1,5,5,7,6,7,1,0,0,C7
1560,C0751,7,C,7C,Muslim,Enemies,Enemy2,2,31,F,51,2,6,7,6,6,7,6,7,6,6,6,6,7,Sunni,2,1,1,1,2,1,1,2,3,1,1,1,2,1,4,2,6,1,1,1,2,1,1,4,5,3,M,Hindu,1,1,2,3,2,1,2,1,1,4,1,4,5,4,1,1,2,3,1,2,1,5,1,7,6,7,5,0,0,C7
1561,C0751,7,C,7C,Muslim,Enemies,Enemy3,2,37,F,51,2,6,7,6,6,7,6,7,6,6,6,6,7,Sunni,2,1,1,1,2,1,1,2,3,1,1,1,2,1,4,2,6,1,1,1,2,1,1,4,5,3,M,Hindu,1,1,1,2,1,1,1,5,5,1,1,4,4,1,1,1,1,3,1,5,1,5,5,7,5,7,1,0,0,C7
1562,C0751,7,C,7C,Muslim,Enemies,Enemy4,2,45,F,51,2,6,7,6,6,7,6,7,6,6,6,6,7,Sunni,2,1,1,1,2,1,1,2,3,1,1,1,2,1,4,2,6,1,1,1,2,1,1,4,5,3,M,Muslim,1,1,1,1,1,1,3,1,1,2,1,4,1,2,1,1,1,2,1,1,1,3,5,4,4,4,3,0,1,C7
1563,C0753,7,C,7C,Muslim,Enemies,Enemy1,2,55,F,53,1,7,7,7,4,7,7,4,4,4,4,4,7,Sunni + Jamati,2,1,1,1,1,1,1,1,1,1,1,1,2,1,4,5,7,1,1,1,1,1,1,1,1,4,F,Hindu,3,4,1,1,2,1,3,1,1,1,2,4,3,3,3,5,3,1,1,3,3,5,3,1,7,7,4,1,0,C7
1564,C0753,7,C,7C,Muslim,Enemies,Enemy2,2,64,F,53,1,7,7,7,4,7,7,4,4,4,4,4,7,Sunni + Jamati,2,1,1,1,1,1,1,1,1,1,1,1,2,1,4,5,7,1,1,1,1,1,1,1,1,4,F,Hindu,3,1,1,1,1,1,3,1,4,1,2,4,3,3,1,1,1,1,1,1,1,5,5,4,7,7,7,1,0,C7
1565,C0755,7,C,7C,Hindu,Enemies,Enemy1,2,6,F,55,1,1,7,6,7,4,4,7,6,4,5,6,2,NA,2,3,4,1,1,2,1,4,3,1,1,1,1,2,4,3,3,3,5,3,1,1,3,3,5,3,M,Muslim,1,1,1,1,1,1,4,4,2,2,1,4,4,4,1,1,1,1,1,1,1,3,5,6,1,1,7,0,0,C7
1566,C0755,7,C,7C,Hindu,Enemies,Enemy2,2,7,F,55,1,1,7,6,7,4,4,7,6,4,5,6,2,NA,2,3,4,1,1,2,1,4,3,1,1,1,1,2,4,3,3,3,5,3,1,1,3,3,5,3,M,Muslim,1,1,1,2,1,1,3,1,1,1,1,4,3,4,1,1,1,1,2,1,1,5,1,7,1,6,7,0,0,C7
1567,C0755,7,C,7C,Hindu,Enemies,Enemy3,2,9,F,55,1,1,7,6,7,4,4,7,6,4,5,6,2,NA,2,3,4,1,1,2,1,4,3,1,1,1,1,2,4,3,3,3,5,3,1,1,3,3,5,3,M,Muslim,1,1,1,1,1,1,4,1,1,1,1,4,4,7,1,1,1,1,1,2,1,3,2,7,6,6,7,0,0,C7
1568,C0755,7,C,7C,Hindu,Enemies,Enemy4,2,10,F,55,1,1,7,6,7,4,4,7,6,4,5,6,2,NA,2,3,4,1,1,2,1,4,3,1,1,1,1,2,4,3,3,3,5,3,1,1,3,3,5,3,M,Muslim,1,1,1,2,1,2,2,2,1,1,1,3,3,4,5,2,2,2,3,2,3,2,4,7,2,5,7,0,0,C7
1569,C0755,7,C,7C,Hindu,Enemies,Enemy5,2,16,F,55,1,1,7,6,7,4,4,7,6,4,5,6,2,NA,2,3,4,1,1,2,1,4,3,1,1,1,1,2,4,3,3,3,5,3,1,1,3,3,5,3,M,Muslim,1,1,1,1,1,1,4,1,1,1,1,4,4,4,2,2,2,2,1,1,2,5,3,7,4,5,7,0,0,C7
1570,C0755,7,C,7C,Hindu,Enemies,Enemy6,2,28,F,55,1,1,7,6,7,4,4,7,6,4,5,6,2,NA,2,3,4,1,1,2,1,4,3,1,1,1,1,2,4,3,3,3,5,3,1,1,3,3,5,3,M,Muslim,1,1,1,1,1,1,2,1,1,1,1,4,4,7,5,NA,1,1,1,1,1,1,1,7,1,4,7,0,0,C7
1571,C0755,7,C,7C,Hindu,Enemies,Enemy7,2,39,F,55,1,1,7,6,7,4,4,7,6,4,5,6,2,NA,2,3,4,1,1,2,1,4,3,1,1,1,1,2,4,3,3,3,5,3,1,1,3,3,5,3,M,Muslim,1,1,3,3,1,2,3,1,1,1,1,4,1,4,2,2,2,3,1,2,2,2,4,4,4,3,7,0,0,C7
1572,C0756,7,C,7C,Muslim,Enemies,Enemy1,2,8,F,56,1,2,7,7,1,7,7,5,2,5,7,3,7,saiyed,2,1,1,1,2,1,1,2,3,1,1,2,2,1,5,1,6,5,1,1,5,5,2,5,5,3,M,Muslim,2,2,1,1,1,1,2,1,3,1,1,4,3,4,2,1,2,1,3,1,1,3,3,6,4,6,5,0,1,C7
1573,C0756,7,C,7C,Muslim,Enemies,Enemy2,2,18,F,56,1,2,7,7,1,7,7,5,2,5,7,3,7,saiyed,2,1,1,1,2,1,1,2,3,1,1,2,2,1,5,1,6,5,1,1,5,5,2,5,5,3,M,Hindu,1,1,1,3,1,1,1,5,5,1,1,4,4,1,1,1,1,3,1,5,1,5,5,7,6,7,1,0,0,C7
1574,C0756,7,C,7C,Muslim,Enemies,Enemy3,2,36,F,56,1,2,7,7,1,7,7,5,2,5,7,3,7,saiyed,2,1,1,1,2,1,1,2,3,1,1,2,2,1,5,1,6,5,1,1,5,5,2,5,5,3,M,other,1,1,2,2,1,2,3,1,1,2,2,3,2,2,2,1,2,2,1,1,1,4,2,6,3,4,4,0,0,C7
1575,C0756,7,C,7C,Muslim,Enemies,Enemy4,2,37,F,56,1,2,7,7,1,7,7,5,2,5,7,3,7,saiyed,2,1,1,1,2,1,1,2,3,1,1,2,2,1,5,1,6,5,1,1,5,5,2,5,5,3,M,Hindu,1,1,1,2,1,1,1,5,5,1,1,4,4,1,1,1,1,3,1,5,1,5,5,7,5,7,1,0,0,C7
1576,C0756,7,C,7C,Muslim,Enemies,Enemy5,2,44,F,56,1,2,7,7,1,7,7,5,2,5,7,3,7,saiyed,2,1,1,1,2,1,1,2,3,1,1,2,2,1,5,1,6,5,1,1,5,5,2,5,5,3,M,Hindu,1,1,1,1,1,1,3,1,2,1,1,4,4,3,1,1,1,1,2,1,1,5,3,7,4,7,6,0,0,C7
1577,C0756,7,C,7C,Muslim,Enemies,Enemy6,2,64,F,56,1,2,7,7,1,7,7,5,2,5,7,3,7,saiyed,2,1,1,1,2,1,1,2,3,1,1,2,2,1,5,1,6,5,1,1,5,5,2,5,5,3,F,Hindu,3,1,1,1,1,1,3,1,4,1,2,4,3,3,1,1,1,1,1,1,1,5,5,4,7,7,7,1,0,C7
1578,C0756,7,C,7C,Muslim,Enemies,Enemy7,2,65,F,56,1,2,7,7,1,7,7,5,2,5,7,3,7,saiyed,2,1,1,1,2,1,1,2,3,1,1,2,2,1,5,1,6,5,1,1,5,5,2,5,5,3,F,NA,NA,NA,NA,NA,NA,NA,NA,NA,NA,NA,NA,NA,NA,NA,NA,NA,NA,NA,NA,NA,NA,NA,NA,NA,NA,NA,NA,1,NA,C7
1579,C0761,7,C,7C,Muslim,Enemies,Enemy1,2,9,F,61,2,5,7,6,5,7,7,7,5,6,4,3,7,Patni Sunni,2,1,2,2,1,1,1,1,4,2,1,5,2,1,4,4,4,3,3,3,1,1,1,1,5,5,M,Muslim,1,1,1,1,1,1,4,1,1,1,1,4,4,7,1,1,1,1,1,2,1,3,2,7,6,6,7,0,1,C7
1580,C0761,7,C,7C,Muslim,Enemies,Enemy2,2,42,F,61,2,5,7,6,5,7,7,7,5,6,4,3,7,Patni Sunni,2,1,2,2,1,1,1,1,4,2,1,5,2,1,4,4,4,3,3,3,1,1,1,1,5,5,M,Hindu,1,1,1,1,1,1,3,1,5,4,1,3,3,3,1,1,1,3,1,1,2,5,5,7,6,7,6,0,0,C7
1581,C0761,7,C,7C,Muslim,Enemies,Enemy3,2,59,F,61,2,5,7,6,5,7,7,7,5,6,4,3,7,Patni Sunni,2,1,2,2,1,1,1,1,4,2,1,5,2,1,4,4,4,3,3,3,1,1,1,1,5,5,F,Muslim,1,1,2,1,1,1,3,1,1,1,1,4,3,3,2,1,1,1,1,1,1,5,3,4,4,4,7,1,1,C7
1582,A0801,8,A,8A,Hindu,Enemies,Enemy1,2,6,M,1,3,5,7,4,4,6,4,5,6,5,3,4,1,NA,1,2,1,3,2,3,2,4,3,2,5,3,1,3,3,2,2,1,1,1,2,2,3,1,5,2,M,Hindu,4,2,4,2,2,1,3,1,5,2,1,NA,4,4,2,1,1,1,1,3,1,5,2,6,5,6,5,1,1,A8
1583,A0801,8,A,8A,Hindu,Enemies,Enemy2,2,8,M,1,3,5,7,4,4,6,4,5,6,5,3,4,1,NA,1,2,1,3,2,3,2,4,3,2,5,3,1,3,3,2,2,1,1,1,2,2,3,1,5,2,M,Muslim,2,1,3,1,2,2,1,1,1,2,2,4,3,3,2,1,1,2,1,2,2,5,3,6,4,6,7,1,0,A8
1584,A0801,8,A,8A,Hindu,Enemies,Enemy3,2,14,M,1,3,5,7,4,4,6,4,5,6,5,3,4,1,NA,1,2,1,3,2,3,2,4,3,2,5,3,1,3,3,2,2,1,1,1,2,2,3,1,5,2,M,Hindu,1,1,1,1,3,1,3,1,5,2,2,3,1,1,3,1,2,4,1,2,1,5,4,6,6,6,4,1,1,A8
1585,A0801,8,A,8A,Hindu,Enemies,Enemy4,2,15,M,1,3,5,7,4,4,6,4,5,6,5,3,4,1,NA,1,2,1,3,2,3,2,4,3,2,5,3,1,3,3,2,2,1,1,1,2,2,3,1,5,2,M,Hindu,3,1,2,1,3,1,3,1,4,2,1,4,4,4,2,1,1,3,1,2,1,5,4,7,4,7,6,1,1,A8
1586,A0801,8,A,8A,Hindu,Enemies,Enemy5,2,17,M,1,3,5,7,4,4,6,4,5,6,5,3,4,1,NA,1,2,1,3,2,3,2,4,3,2,5,3,1,3,3,2,2,1,1,1,2,2,3,1,5,2,M,NA,NA,NA,NA,NA,NA,NA,NA,NA,NA,NA,NA,NA,NA,NA,NA,NA,NA,NA,NA,NA,NA,NA,NA,NA,NA,NA,NA,1,NA,A8
1587,A0801,8,A,8A,Hindu,Enemies,Enemy6,2,18,M,1,3,5,7,4,4,6,4,5,6,5,3,4,1,NA,1,2,1,3,2,3,2,4,3,2,5,3,1,3,3,2,2,1,1,1,2,2,3,1,5,2,M,Hindu,1,1,2,2,1,1,4,1,4,3,2,4,1,1,2,2,2,3,2,1,1,5,2,7,5,6,6,1,1,A8
1588,A0802,8,A,8A,Muslim,Enemies,Enemy1,2,22,M,2,4,7,7,7,7,7,4,7,6,7,7,6,7,Alvi Vohra,1,4,1,2,1,2,1,1,1,1,1,1,2,2,4,2,2,1,1,1,1,1,4,1,5,3,M,Hindu,2,1,3,2,1,2,1,1,1,3,2,3,3,3,2,2,1,1,3,1,1,5,3,7,7,7,6,1,0,A8
1589,A0802,8,A,8A,Muslim,Enemies,Enemy2,2,33,M,2,4,7,7,7,7,7,4,7,6,7,7,6,7,Alvi Vohra,1,4,1,2,1,2,1,1,1,1,1,1,2,2,4,2,2,1,1,1,1,1,4,1,5,3,M,NA,NA,NA,NA,NA,NA,NA,NA,NA,NA,NA,NA,NA,NA,NA,NA,NA,NA,NA,NA,NA,NA,NA,NA,NA,NA,NA,NA,1,NA,A8
1590,A0803,8,A,8A,Muslim,Enemies,Enemy1,2,1,M,3,4,7,5,6,6,6,6,6,6,6,6,6,6,NA,1,1,1,1,1,1,1,1,3,1,1,1,2,1,4,4,4,2,1,1,2,1,1,1,5,5,M,Hindu,2,1,3,2,3,2,3,2,5,3,3,3,2,2,1,1,1,2,2,3,1,5,2,5,7,4,6,1,0,A8
1591,A0803,8,A,8A,Muslim,Enemies,Enemy2,2,5,M,3,4,7,5,6,6,6,6,6,6,6,6,6,6,NA,1,1,1,1,1,1,1,1,3,1,1,1,2,1,4,4,4,2,1,1,2,1,1,1,5,5,M,NA,NA,NA,NA,NA,NA,NA,NA,NA,NA,NA,NA,NA,NA,NA,NA,NA,NA,NA,NA,NA,NA,NA,NA,NA,NA,NA,NA,1,NA,A8
1592,A0803,8,A,8A,Muslim,Enemies,Enemy3,2,6,M,3,4,7,5,6,6,6,6,6,6,6,6,6,6,NA,1,1,1,1,1,1,1,1,3,1,1,1,2,1,4,4,4,2,1,1,2,1,1,1,5,5,M,Hindu,4,2,4,2,2,1,3,1,5,2,1,NA,4,4,2,1,1,1,1,3,1,5,2,6,5,6,5,1,0,A8
1593,A0803,8,A,8A,Muslim,Enemies,Enemy4,2,13,M,3,4,7,5,6,6,6,6,6,6,6,6,6,6,NA,1,1,1,1,1,1,1,1,3,1,1,1,2,1,4,4,4,2,1,1,2,1,1,1,5,5,M,Hindu,1,1,2,1,2,1,3,1,1,2,1,4,4,4,1,1,1,2,2,1,1,4,2,7,1,7,5,1,0,A8
1594,A0803,8,A,8A,Muslim,Enemies,Enemy5,2,35,M,3,4,7,5,6,6,6,6,6,6,6,6,6,6,NA,1,1,1,1,1,1,1,1,3,1,1,1,2,1,4,4,4,2,1,1,2,1,1,1,5,5,M,Hindu,1,1,1,2,1,1,3,1,2,1,1,4,4,4,5,1,1,2,2,2,1,4,4,7,1,7,5,1,0,A8
1595,A0803,8,A,8A,Muslim,Enemies,Enemy6,2,39,M,3,4,7,5,6,6,6,6,6,6,6,6,6,6,NA,1,1,1,1,1,1,1,1,3,1,1,1,2,1,4,4,4,2,1,1,2,1,1,1,5,5,M,Hindu,2,1,3,1,2,1,4,1,5,2,2,4,3,3,1,1,1,3,2,1,1,1,2,5,4,6,6,1,0,A8
1596,A0803,8,A,8A,Muslim,Enemies,Enemy7,2,31,M,3,4,7,5,6,6,6,6,6,6,6,6,6,6,NA,1,1,1,1,1,1,1,1,3,1,1,1,2,1,4,4,4,2,1,1,2,1,1,1,5,5,M,Hindu,1,1,1,1,1,1,3,2,4,3,2,4,4,3,2,2,1,1,1,1,1,5,5,6,6,7,4,1,0,A8
1597,A0804,8,A,8A,Hindu,Enemies,Enemy1,2,5,M,4,3,7,6,5,7,5,6,7,6,6,4,6,8,NA,1,1,1,2,1,2,1,1,3,2,3,2,1,1,4,3,3,1,1,1,2,1,3,1,5,4,M,NA,NA,NA,NA,NA,NA,NA,NA,NA,NA,NA,NA,NA,NA,NA,NA,NA,NA,NA,NA,NA,NA,NA,NA,NA,NA,NA,NA,1,NA,A8
1598,A0804,8,A,8A,Hindu,Enemies,Enemy2,2,13,M,4,3,7,6,5,7,5,6,7,6,6,4,6,8,NA,1,1,1,2,1,2,1,1,3,2,3,2,1,1,4,3,3,1,1,1,2,1,3,1,5,4,M,Hindu,1,1,2,1,2,1,3,1,1,2,1,4,4,4,1,1,1,2,2,1,1,4,2,7,1,7,5,1,1,A8
1599,A0806,8,A,8A,Hindu,Enemies,Enemy1,2,2,M,6,5,6,5,4,6,5,6,6,7,7,5,3,2,NA,1,4,2,4,2,2,1,1,3,1,5,2,1,1,NA,4,4,2,1,1,1,1,3,1,5,2,M,Muslim,4,1,2,1,2,1,1,1,1,1,2,4,2,2,1,1,1,1,1,4,1,5,3,7,7,7,7,1,0,A8
1600,A0806,8,A,8A,Hindu,Enemies,Enemy2,2,3,M,6,5,6,5,4,6,5,6,6,7,7,5,3,2,NA,1,4,2,4,2,2,1,1,3,1,5,2,1,1,NA,4,4,2,1,1,1,1,3,1,5,2,M,Muslim,1,1,1,1,1,1,3,1,1,1,1,4,4,4,2,1,1,2,1,1,1,5,5,7,5,6,6,1,0,A8
1601,A0806,8,A,8A,Hindu,Enemies,Enemy3,2,21,M,6,5,6,5,4,6,5,6,6,7,7,5,3,2,NA,1,4,2,4,2,2,1,1,3,1,5,2,1,1,NA,4,4,2,1,1,1,1,3,1,5,2,M,Hindu,2,2,3,4,3,1,3,2,5,3,3,4,2,2,1,1,1,3,1,1,1,5,3,7,7,6,6,1,1,A8
1602,A0806,8,A,8A,Hindu,Enemies,Enemy4,2,22,M,6,5,6,5,4,6,5,6,6,7,7,5,3,2,NA,1,4,2,4,2,2,1,1,3,1,5,2,1,1,NA,4,4,2,1,1,1,1,3,1,5,2,M,Hindu,2,1,3,2,1,2,1,1,1,3,2,3,3,3,2,2,1,1,3,1,1,5,3,7,7,7,6,1,1,A8
1603,A0806,8,A,8A,Hindu,Enemies,Enemy5,2,32,M,6,5,6,5,4,6,5,6,6,7,7,5,3,2,NA,1,4,2,4,2,2,1,1,3,1,5,2,1,1,NA,4,4,2,1,1,1,1,3,1,5,2,M,Hindu,1,1,1,1,1,2,4,1,4,3,1,5,5,5,2,1,1,4,1,1,1,5,4,7,4,7,7,1,1,A8
1604,A0806,8,A,8A,Hindu,Enemies,Enemy6,2,33,M,6,5,6,5,4,6,5,6,6,7,7,5,3,2,NA,1,4,2,4,2,2,1,1,3,1,5,2,1,1,NA,4,4,2,1,1,1,1,3,1,5,2,M,NA,NA,NA,NA,NA,NA,NA,NA,NA,NA,NA,NA,NA,NA,NA,NA,NA,NA,NA,NA,NA,NA,NA,NA,NA,NA,NA,NA,1,NA,A8
1605,A0806,8,A,8A,Hindu,Enemies,Enemy7,2,34,M,6,5,6,5,4,6,5,6,6,7,7,5,3,2,NA,1,4,2,4,2,2,1,1,3,1,5,2,1,1,NA,4,4,2,1,1,1,1,3,1,5,2,M,Muslim,1,1,2,1,1,1,1,1,1,1,1,4,3,4,2,1,1,3,1,1,1,5,3,7,1,5,7,1,0,A8
1606,A0807,8,A,8A,Hindu,Enemies,Enemy1,2,24,M,7,4,7,7,5,6,6,6,6,6,6,5,4,2,NA,1,5,1,2,1,4,1,4,1,1,3,2,1,1,3,2,2,1,1,1,2,1,2,1,5,2,M,Hindu,3,2,1,1,2,1,4,1,2,1,2,4,2,1,2,1,2,3,1,3,1,3,1,7,2,7,5,1,1,A8
1607,A0807,8,A,8A,Hindu,Enemies,Enemy2,2,33,M,7,4,7,7,5,6,6,6,6,6,6,5,4,2,NA,1,5,1,2,1,4,1,4,1,1,3,2,1,1,3,2,2,1,1,1,2,1,2,1,5,2,M,NA,NA,NA,NA,NA,NA,NA,NA,NA,NA,NA,NA,NA,NA,NA,NA,NA,NA,NA,NA,NA,NA,NA,NA,NA,NA,NA,NA,1,NA,A8
1608,A0807,8,A,8A,Hindu,Enemies,Enemy3,2,35,M,7,4,7,7,5,6,6,6,6,6,6,5,4,2,NA,1,5,1,2,1,4,1,4,1,1,3,2,1,1,3,2,2,1,1,1,2,1,2,1,5,2,M,Hindu,1,1,1,2,1,1,3,1,2,1,1,4,4,4,5,1,1,2,2,2,1,4,4,7,1,7,5,1,1,A8
1609,A0807,8,A,8A,Hindu,Enemies,Enemy4,2,43,M,7,4,7,7,5,6,6,6,6,6,6,5,4,2,NA,1,5,1,2,1,4,1,4,1,1,3,2,1,1,3,2,2,1,1,1,2,1,2,1,5,2,F,Muslim,2,1,2,2,2,1,3,1,1,5,2,4,3,3,2,2,1,2,1,3,1,5,4,4,6,6,6,0,0,A8
1610,A0807,8,A,8A,Hindu,Enemies,Enemy5,2,46,M,7,4,7,7,5,6,6,6,6,6,6,5,4,2,NA,1,5,1,2,1,4,1,4,1,1,3,2,1,1,3,2,2,1,1,1,2,1,2,1,5,2,F,Muslim,2,2,2,1,2,1,4,3,1,3,2,4,4,4,2,1,1,1,1,1,2,5,5,1,7,4,4,0,0,A8
1611,A0807,8,A,8A,Hindu,Enemies,Enemy6,2,48,M,7,4,7,7,5,6,6,6,6,6,6,5,4,2,NA,1,5,1,2,1,4,1,4,1,1,3,2,1,1,3,2,2,1,1,1,2,1,2,1,5,2,F,NA,NA,NA,NA,NA,NA,NA,NA,NA,NA,NA,NA,NA,NA,NA,NA,NA,NA,NA,NA,NA,NA,NA,NA,NA,NA,NA,NA,0,NA,A8
1612,A0807,8,A,8A,Hindu,Enemies,Enemy7,2,57,M,7,4,7,7,5,6,6,6,6,6,6,5,4,2,NA,1,5,1,2,1,4,1,4,1,1,3,2,1,1,3,2,2,1,1,1,2,1,2,1,5,2,F,Hindu,4,2,3,2,2,1,3,1,5,3,2,3,2,2,1,1,1,2,1,3,1,5,3,4,5,6,4,0,1,A8
1613,A0808,8,A,8A,Muslim,Enemies,Enemy1,2,13,M,8,4,6,4,4,6,7,6,6,6,7,5,5,8,NA,1,2,1,3,1,2,2,2,1,1,1,2,2,2,4,3,3,2,1,1,2,1,2,2,5,3,M,Hindu,1,1,2,1,2,1,3,1,1,2,1,4,4,4,1,1,1,2,2,1,1,4,2,7,1,7,5,1,0,A8
1614,A0808,8,A,8A,Muslim,Enemies,Enemy2,2,20,M,8,4,6,4,4,6,7,6,6,6,7,5,5,8,NA,1,2,1,3,1,2,2,2,1,1,1,2,2,2,4,3,3,2,1,1,2,1,2,2,5,3,M,Jain,2,2,1,1,1,1,4,1,1,1,1,4,4,4,2,1,1,2,1,2,1,5,2,7,4,7,6,1,0,A8
1615,A0808,8,A,8A,Muslim,Enemies,Enemy3,2,33,M,8,4,6,4,4,6,7,6,6,6,7,5,5,8,NA,1,2,1,3,1,2,2,2,1,1,1,2,2,2,4,3,3,2,1,1,2,1,2,2,5,3,M,NA,NA,NA,NA,NA,NA,NA,NA,NA,NA,NA,NA,NA,NA,NA,NA,NA,NA,NA,NA,NA,NA,NA,NA,NA,NA,NA,NA,1,NA,A8
1616,A0809,8,A,8A,Hindu,Enemies,Enemy1,2,16,M,9,3,6,6,7,7,7,7,7,5,6,4,4,2,NA,1,1,1,1,1,1,1,1,4,1,3,2,1,1,4,4,4,3,1,1,2,1,1,1,5,2,M,Muslim,1,2,1,2,1,1,3,1,1,1,1,4,6,7,1,1,2,2,2,1,1,5,2,7,6,4,7,1,0,A8
1617,A0809,8,A,8A,Hindu,Enemies,Enemy2,2,18,M,9,3,6,6,7,7,7,7,7,5,6,4,4,2,NA,1,1,1,1,1,1,1,1,4,1,3,2,1,1,4,4,4,3,1,1,2,1,1,1,5,2,M,Hindu,1,1,2,2,1,1,4,1,4,3,2,4,1,1,2,2,2,3,2,1,1,5,2,7,5,6,6,1,1,A8
1618,A0809,8,A,8A,Hindu,Enemies,Enemy3,2,21,M,9,3,6,6,7,7,7,7,7,5,6,4,4,2,NA,1,1,1,1,1,1,1,1,4,1,3,2,1,1,4,4,4,3,1,1,2,1,1,1,5,2,M,Hindu,2,2,3,4,3,1,3,2,5,3,3,4,2,2,1,1,1,3,1,1,1,5,3,7,7,6,6,1,1,A8
1619,A0809,8,A,8A,Hindu,Enemies,Enemy4,2,22,M,9,3,6,6,7,7,7,7,7,5,6,4,4,2,NA,1,1,1,1,1,1,1,1,4,1,3,2,1,1,4,4,4,3,1,1,2,1,1,1,5,2,M,Hindu,2,1,3,2,1,2,1,1,1,3,2,3,3,3,2,2,1,1,3,1,1,5,3,7,7,7,6,1,1,A8
1620,A0809,8,A,8A,Hindu,Enemies,Enemy5,2,7,M,9,3,6,6,7,7,7,7,7,5,6,4,4,2,NA,1,1,1,1,1,1,1,1,4,1,3,2,1,1,4,4,4,3,1,1,2,1,1,1,5,2,M,Hindu,5,1,2,1,4,1,1,1,3,2,1,3,2,2,1,1,1,2,1,2,1,5,2,7,7,6,6,1,1,A8
1621,A0809,8,A,8A,Hindu,Enemies,Enemy6,2,28,M,9,3,6,6,7,7,7,7,7,5,6,4,4,2,NA,1,1,1,1,1,1,1,1,4,1,3,2,1,1,4,4,4,3,1,1,2,1,1,1,5,2,M,Hindu,1,2,2,2,1,1,4,1,5,3,1,4,3,2,1,2,1,1,2,2,1,5,5,7,3,7,6,1,1,A8
1622,A0809,8,A,8A,Hindu,Enemies,Enemy7,2,37,M,9,3,6,6,7,7,7,7,7,5,6,4,4,2,NA,1,1,1,1,1,1,1,1,4,1,3,2,1,1,4,4,4,3,1,1,2,1,1,1,5,2,M,Hindu,2,1,2,1,2,1,4,2,5,3,3,4,3,3,1,1,1,2,1,2,1,5,3,6,6,6,6,1,1,A8
1623,A0810,8,A,8A,Jain,Enemies,Enemy1,2,6,M,10,4,5,7,5,5,6,5,7,4,6,6,5,1,NA,1,4,4,3,1,1,1,1,4,1,1,4,3,2,5,7,6,1,1,1,2,1,5,1,5,2,M,Hindu,4,2,4,2,2,1,3,1,5,2,1,NA,4,4,2,1,1,1,1,3,1,5,2,6,5,6,5,1,0,A8
1624,A0810,8,A,8A,Jain,Enemies,Enemy2,2,9,M,10,4,5,7,5,5,6,5,7,4,6,6,5,1,NA,1,4,4,3,1,1,1,1,4,1,1,4,3,2,5,7,6,1,1,1,2,1,5,1,5,2,M,Hindu,1,1,1,1,1,1,4,1,3,2,1,4,4,4,3,1,1,2,1,1,1,5,2,6,6,7,7,1,0,A8
1625,A0810,8,A,8A,Jain,Enemies,Enemy3,2,20,M,10,4,5,7,5,5,6,5,7,4,6,6,5,1,NA,1,4,4,3,1,1,1,1,4,1,1,4,3,2,5,7,6,1,1,1,2,1,5,1,5,2,M,Jain,2,2,1,1,1,1,4,1,1,1,1,4,4,4,2,1,1,2,1,2,1,5,2,7,4,7,6,1,1,A8
1626,A0810,8,A,8A,Jain,Enemies,Enemy4,2,24,M,10,4,5,7,5,5,6,5,7,4,6,6,5,1,NA,1,4,4,3,1,1,1,1,4,1,1,4,3,2,5,7,6,1,1,1,2,1,5,1,5,2,M,Hindu,3,2,1,1,2,1,4,1,2,1,2,4,2,1,2,1,2,3,1,3,1,3,1,7,2,7,5,1,0,A8
1627,A0812,8,A,8A,other,Enemies,Enemy1,2,33,M,12,3,7,4,5,5,6,7,6,4,4,4,4,8,NA,1,1,1,2,1,1,1,1,3,1,1,2,2,2,4,3,4,2,2,1,3,2,2,2,5,3,M,NA,NA,NA,NA,NA,NA,NA,NA,NA,NA,NA,NA,NA,NA,NA,NA,NA,NA,NA,NA,NA,NA,NA,NA,NA,NA,NA,NA,1,NA,A8
1628,A0815,8,A,8A,Hindu,Enemies,Enemy1,2,21,M,15,1,7,4,5,7,6,7,7,6,7,6,7,7,NA,1,3,1,2,1,3,1,4,3,1,4,2,1,1,4,4,4,2,1,1,3,1,2,1,5,4,M,Hindu,2,2,3,4,3,1,3,2,5,3,3,4,2,2,1,1,1,3,1,1,1,5,3,7,7,6,6,1,1,A8
1629,A0815,8,A,8A,Hindu,Enemies,Enemy2,2,40,M,15,1,7,4,5,7,6,7,7,6,7,6,7,7,NA,1,3,1,2,1,3,1,4,3,1,4,2,1,1,4,4,4,2,1,1,3,1,2,1,5,4,M,Muslim,1,3,1,1,1,2,3,1,1,1,1,4,3,3,2,1,1,2,1,1,1,5,2,7,4,5,7,1,0,A8
1630,A0816,8,A,8A,Muslim,Enemies,Enemy1,2,1,M,16,3,7,6,5,4,7,7,6,5,6,6,5,NA,Sulaimani,1,1,2,1,2,1,1,4,3,1,1,1,2,1,4,6,7,1,1,2,2,2,1,1,5,2,M,Hindu,2,1,3,2,3,2,3,2,5,3,3,3,2,2,1,1,1,2,2,3,1,5,2,5,7,4,6,1,0,A8
1631,A0816,8,A,8A,Muslim,Enemies,Enemy2,2,5,M,16,3,7,6,5,4,7,7,6,5,6,6,5,NA,Sulaimani,1,1,2,1,2,1,1,4,3,1,1,1,2,1,4,6,7,1,1,2,2,2,1,1,5,2,M,NA,NA,NA,NA,NA,NA,NA,NA,NA,NA,NA,NA,NA,NA,NA,NA,NA,NA,NA,NA,NA,NA,NA,NA,NA,NA,NA,NA,1,NA,A8
1632,A0816,8,A,8A,Muslim,Enemies,Enemy3,2,11,M,16,3,7,6,5,4,7,7,6,5,6,6,5,NA,Sulaimani,1,1,2,1,2,1,1,4,3,1,1,1,2,1,4,6,7,1,1,2,2,2,1,1,5,2,M,Hindu,1,1,3,1,1,1,3,1,4,2,3,6,4,4,3,1,2,2,3,1,2,5,2,6,4,7,5,1,0,A8
1633,A0816,8,A,8A,Muslim,Enemies,Enemy4,2,12,M,16,3,7,6,5,4,7,7,6,5,6,6,5,NA,Sulaimani,1,1,2,1,2,1,1,4,3,1,1,1,2,1,4,6,7,1,1,2,2,2,1,1,5,2,M,other,1,1,2,1,1,1,3,1,1,2,2,4,3,4,2,2,1,3,2,2,2,5,3,7,4,5,6,1,0,A8
1634,A0816,8,A,8A,Muslim,Enemies,Enemy5,2,32,M,16,3,7,6,5,4,7,7,6,5,6,6,5,NA,Sulaimani,1,1,2,1,2,1,1,4,3,1,1,1,2,1,4,6,7,1,1,2,2,2,1,1,5,2,M,Hindu,1,1,1,1,1,2,4,1,4,3,1,5,5,5,2,1,1,4,1,1,1,5,4,7,4,7,7,1,0,A8
1635,A0816,8,A,8A,Muslim,Enemies,Enemy6,2,33,M,16,3,7,6,5,4,7,7,6,5,6,6,5,NA,Sulaimani,1,1,2,1,2,1,1,4,3,1,1,1,2,1,4,6,7,1,1,2,2,2,1,1,5,2,M,NA,NA,NA,NA,NA,NA,NA,NA,NA,NA,NA,NA,NA,NA,NA,NA,NA,NA,NA,NA,NA,NA,NA,NA,NA,NA,NA,NA,1,NA,A8
1636,A0816,8,A,8A,Muslim,Enemies,Enemy7,2,40,M,16,3,7,6,5,4,7,7,6,5,6,6,5,NA,Sulaimani,1,1,2,1,2,1,1,4,3,1,1,1,2,1,4,6,7,1,1,2,2,2,1,1,5,2,M,Muslim,1,3,1,1,1,2,3,1,1,1,1,4,3,3,2,1,1,2,1,1,1,5,2,7,4,5,7,1,1,A8
1637,A0819,8,A,8A,Muslim,Enemies,Enemy1,2,32,M,19,4,7,1,6,6,7,7,6,6,5,7,4,8,NA,1,2,2,2,1,1,1,2,1,1,1,1,2,2,4,3,7,5,2,2,2,1,1,1,5,2,M,Hindu,1,1,1,1,1,2,4,1,4,3,1,5,5,5,2,1,1,4,1,1,1,5,4,7,4,7,7,1,0,A8
1638,A0819,8,A,8A,Muslim,Enemies,Enemy2,2,33,M,19,4,7,1,6,6,7,7,6,6,5,7,4,8,NA,1,2,2,2,1,1,1,2,1,1,1,1,2,2,4,3,7,5,2,2,2,1,1,1,5,2,M,NA,NA,NA,NA,NA,NA,NA,NA,NA,NA,NA,NA,NA,NA,NA,NA,NA,NA,NA,NA,NA,NA,NA,NA,NA,NA,NA,NA,1,NA,A8
1639,A0820,8,A,8A,Jain,Enemies,Enemy1,2,13,M,20,5,7,4,7,7,6,7,7,6,7,6,5,8,NA,1,2,2,1,1,1,1,1,4,1,1,1,3,1,4,4,4,2,1,1,2,1,2,1,5,2,M,Hindu,1,1,2,1,2,1,3,1,1,2,1,4,4,4,1,1,1,2,2,1,1,4,2,7,1,7,5,1,0,A8
1640,A0822,8,A,8A,Hindu,Enemies,Enemy1,2,13,M,22,3,7,7,7,7,6,7,7,5,6,5,5,7,NA,1,2,1,3,2,1,2,1,1,1,1,3,1,2,3,3,3,2,2,1,1,3,1,1,5,3,M,Hindu,1,1,2,1,2,1,3,1,1,2,1,4,4,4,1,1,1,2,2,1,1,4,2,7,1,7,5,1,1,A8
1641,A0824,8,A,8A,Hindu,Enemies,Enemy1,2,2,M,24,1,7,2,7,7,5,7,6,6,5,7,4,6,NA,1,3,2,1,1,2,1,1,4,1,2,1,1,2,4,2,1,2,1,2,3,1,3,1,3,1,M,Muslim,4,1,2,1,2,1,1,1,1,1,2,4,2,2,1,1,1,1,1,4,1,5,3,7,7,7,7,1,0,A8
1642,A0824,8,A,8A,Hindu,Enemies,Enemy2,2,3,M,24,1,7,2,7,7,5,7,6,6,5,7,4,6,NA,1,3,2,1,1,2,1,1,4,1,2,1,1,2,4,2,1,2,1,2,3,1,3,1,3,1,M,Muslim,1,1,1,1,1,1,3,1,1,1,1,4,4,4,2,1,1,2,1,1,1,5,5,7,5,6,6,1,0,A8
1643,A0824,8,A,8A,Hindu,Enemies,Enemy3,2,13,M,24,1,7,2,7,7,5,7,6,6,5,7,4,6,NA,1,3,2,1,1,2,1,1,4,1,2,1,1,2,4,2,1,2,1,2,3,1,3,1,3,1,M,Hindu,1,1,2,1,2,1,3,1,1,2,1,4,4,4,1,1,1,2,2,1,1,4,2,7,1,7,5,1,1,A8
1644,A0824,8,A,8A,Hindu,Enemies,Enemy4,2,19,M,24,1,7,2,7,7,5,7,6,6,5,7,4,6,NA,1,3,2,1,1,2,1,1,4,1,2,1,1,2,4,2,1,2,1,2,3,1,3,1,3,1,M,Muslim,2,2,2,1,1,1,1,1,1,1,2,4,3,7,5,2,2,2,1,1,1,5,2,7,1,6,7,1,0,A8
1645,A0824,8,A,8A,Hindu,Enemies,Enemy5,2,32,M,24,1,7,2,7,7,5,7,6,6,5,7,4,6,NA,1,3,2,1,1,2,1,1,4,1,2,1,1,2,4,2,1,2,1,2,3,1,3,1,3,1,M,Hindu,1,1,1,1,1,2,4,1,4,3,1,5,5,5,2,1,1,4,1,1,1,5,4,7,4,7,7,1,1,A8
1646,A0824,8,A,8A,Hindu,Enemies,Enemy6,2,40,M,24,1,7,2,7,7,5,7,6,6,5,7,4,6,NA,1,3,2,1,1,2,1,1,4,1,2,1,1,2,4,2,1,2,1,2,3,1,3,1,3,1,M,Muslim,1,3,1,1,1,2,3,1,1,1,1,4,3,3,2,1,1,2,1,1,1,5,2,7,4,5,7,1,0,A8
1647,A0826,8,A,8A,Hindu,Enemies,Enemy1,2,13,M,26,5,6,5,3,4,4,6,5,6,6,4,6,8,NA,1,5,2,4,1,3,1,1,3,3,5,3,1,3,5,3,3,2,1,1,2,1,2,1,5,5,M,Hindu,1,1,2,1,2,1,3,1,1,2,1,4,4,4,1,1,1,2,2,1,1,4,2,7,1,7,5,1,1,A8
1648,A0826,8,A,8A,Hindu,Enemies,Enemy2,2,20,M,26,5,6,5,3,4,4,6,5,6,6,4,6,8,NA,1,5,2,4,1,3,1,1,3,3,5,3,1,3,5,3,3,2,1,1,2,1,2,1,5,5,M,Jain,2,2,1,1,1,1,4,1,1,1,1,4,4,4,2,1,1,2,1,2,1,5,2,7,4,7,6,1,0,A8
1649,A0826,8,A,8A,Hindu,Enemies,Enemy3,2,24,M,26,5,6,5,3,4,4,6,5,6,6,4,6,8,NA,1,5,2,4,1,3,1,1,3,3,5,3,1,3,5,3,3,2,1,1,2,1,2,1,5,5,M,Hindu,3,2,1,1,2,1,4,1,2,1,2,4,2,1,2,1,2,3,1,3,1,3,1,7,2,7,5,1,1,A8
1650,A0826,8,A,8A,Hindu,Enemies,Enemy4,2,39,M,26,5,6,5,3,4,4,6,5,6,6,4,6,8,NA,1,5,2,4,1,3,1,1,3,3,5,3,1,3,5,3,3,2,1,1,2,1,2,1,5,5,M,Hindu,2,1,3,1,2,1,4,1,5,2,2,4,3,3,1,1,1,3,2,1,1,1,2,5,4,6,6,1,1,A8
1651,A0827,8,A,8A,Muslim,Enemies,Enemy1,2,5,M,27,6,5,5,4,4,7,7,5,6,6,7,5,7,Mehadaviyah,1,1,2,3,1,1,1,2,3,1,2,2,2,1,4,3,7,2,1,1,2,1,1,1,5,2,M,NA,NA,NA,NA,NA,NA,NA,NA,NA,NA,NA,NA,NA,NA,NA,NA,NA,NA,NA,NA,NA,NA,NA,NA,NA,NA,NA,NA,1,NA,A8
1652,A0827,8,A,8A,Muslim,Enemies,Enemy2,2,20,M,27,6,5,5,4,4,7,7,5,6,6,7,5,7,Mehadaviyah,1,1,2,3,1,1,1,2,3,1,2,2,2,1,4,3,7,2,1,1,2,1,1,1,5,2,M,Jain,2,2,1,1,1,1,4,1,1,1,1,4,4,4,2,1,1,2,1,2,1,5,2,7,4,7,6,1,0,A8
1653,A0828,8,A,8A,Hindu,Enemies,Enemy1,2,6,M,28,5,7,3,7,7,6,7,7,6,6,4,5,2,NA,1,1,2,2,2,1,1,1,4,1,5,3,1,1,4,3,2,1,2,1,1,2,2,1,5,5,M,Hindu,4,2,4,2,2,1,3,1,5,2,1,NA,4,4,2,1,1,1,1,3,1,5,2,6,5,6,5,1,1,A8
1654,A0828,8,A,8A,Hindu,Enemies,Enemy2,2,17,M,28,5,7,3,7,7,6,7,7,6,6,4,5,2,NA,1,1,2,2,2,1,1,1,4,1,5,3,1,1,4,3,2,1,2,1,1,2,2,1,5,5,M,NA,NA,NA,NA,NA,NA,NA,NA,NA,NA,NA,NA,NA,NA,NA,NA,NA,NA,NA,NA,NA,NA,NA,NA,NA,NA,NA,NA,1,NA,A8
1655,A0828,8,A,8A,Hindu,Enemies,Enemy3,2,19,M,28,5,7,3,7,7,6,7,7,6,6,4,5,2,NA,1,1,2,2,2,1,1,1,4,1,5,3,1,1,4,3,2,1,2,1,1,2,2,1,5,5,M,Muslim,2,2,2,1,1,1,1,1,1,1,2,4,3,7,5,2,2,2,1,1,1,5,2,7,1,6,7,1,0,A8
1656,A0828,8,A,8A,Hindu,Enemies,Enemy4,2,33,M,28,5,7,3,7,7,6,7,7,6,6,4,5,2,NA,1,1,2,2,2,1,1,1,4,1,5,3,1,1,4,3,2,1,2,1,1,2,2,1,5,5,M,NA,NA,NA,NA,NA,NA,NA,NA,NA,NA,NA,NA,NA,NA,NA,NA,NA,NA,NA,NA,NA,NA,NA,NA,NA,NA,NA,NA,1,NA,A8
1657,A0828,8,A,8A,Hindu,Enemies,Enemy5,2,39,M,28,5,7,3,7,7,6,7,7,6,6,4,5,2,NA,1,1,2,2,2,1,1,1,4,1,5,3,1,1,4,3,2,1,2,1,1,2,2,1,5,5,M,Hindu,2,1,3,1,2,1,4,1,5,2,2,4,3,3,1,1,1,3,2,1,1,1,2,5,4,6,6,1,1,A8
1658,A0829,8,A,8A,Hindu,Enemies,Enemy1,2,12,M,29,2,4,5,4,6,5,7,6,4,6,5,2,2,NA,1,2,3,2,1,2,1,4,4,2,5,3,1,2,4,3,3,1,1,1,3,1,1,2,3,4,M,other,1,1,2,1,1,1,3,1,1,2,2,4,3,4,2,2,1,3,2,2,2,5,3,7,4,5,6,1,0,A8
1659,A0829,8,A,8A,Hindu,Enemies,Enemy2,2,40,M,29,2,4,5,4,6,5,7,6,4,6,5,2,2,NA,1,2,3,2,1,2,1,4,4,2,5,3,1,2,4,3,3,1,1,1,3,1,1,2,3,4,M,Muslim,1,3,1,1,1,2,3,1,1,1,1,4,3,3,2,1,1,2,1,1,1,5,2,7,4,5,7,1,0,A8
1660,A0830,8,A,8A,Hindu,Enemies,Enemy1,2,24,M,30,6,5,4,6,7,6,6,5,5,5,4,4,3,NA,1,5,5,5,1,1,1,2,1,1,5,3,1,2,4,3,2,3,1,1,2,1,1,1,5,3,M,Hindu,3,2,1,1,2,1,4,1,2,1,2,4,2,1,2,1,2,3,1,3,1,3,1,7,2,7,5,1,1,A8
1661,A0831,8,A,8A,Hindu,Enemies,Enemy1,2,11,M,31,6,6,6,6,7,4,6,7,6,6,4,5,3,NA,1,1,1,1,1,1,1,1,3,2,4,3,1,2,4,4,3,2,2,1,1,1,1,1,5,5,M,Hindu,1,1,3,1,1,1,3,1,4,2,3,6,4,4,3,1,2,2,3,1,2,5,2,6,4,7,5,1,1,A8
1662,A0834,8,A,8A,Muslim,Enemies,Enemy1,2,39,M,34,4,7,1,4,5,7,7,6,6,5,4,NA,8,NA,1,1,1,2,1,1,1,2,1,1,1,1,2,1,4,3,4,2,1,1,3,1,1,1,5,3,M,Hindu,2,1,3,1,2,1,4,1,5,2,2,4,3,3,1,1,1,3,2,1,1,1,2,5,4,6,6,1,0,A8
1663,A0835,8,A,8A,Hindu,Enemies,Enemy1,2,11,M,35,2,7,1,3,7,5,6,6,5,4,6,3,2,NA,1,1,1,1,2,1,1,2,3,1,2,1,1,1,4,4,4,5,1,1,2,2,2,1,4,4,M,Hindu,1,1,3,1,1,1,3,1,4,2,3,6,4,4,3,1,2,2,3,1,2,5,2,6,4,7,5,1,1,A8
1664,A0835,8,A,8A,Hindu,Enemies,Enemy2,2,21,M,35,2,7,1,3,7,5,6,6,5,4,6,3,2,NA,1,1,1,1,2,1,1,2,3,1,2,1,1,1,4,4,4,5,1,1,2,2,2,1,4,4,M,Hindu,2,2,3,4,3,1,3,2,5,3,3,4,2,2,1,1,1,3,1,1,1,5,3,7,7,6,6,1,1,A8
1665,A0835,8,A,8A,Hindu,Enemies,Enemy3,2,22,M,35,2,7,1,3,7,5,6,6,5,4,6,3,2,NA,1,1,1,1,2,1,1,2,3,1,2,1,1,1,4,4,4,5,1,1,2,2,2,1,4,4,M,Hindu,2,1,3,2,1,2,1,1,1,3,2,3,3,3,2,2,1,1,3,1,1,5,3,7,7,7,6,1,1,A8
1666,A0835,8,A,8A,Hindu,Enemies,Enemy4,2,2,M,35,2,7,1,3,7,5,6,6,5,4,6,3,2,NA,1,1,1,1,2,1,1,2,3,1,2,1,1,1,4,4,4,5,1,1,2,2,2,1,4,4,M,Muslim,4,1,2,1,2,1,1,1,1,1,2,4,2,2,1,1,1,1,1,4,1,5,3,7,7,7,7,1,0,A8
1667,A0835,8,A,8A,Hindu,Enemies,Enemy5,2,33,M,35,2,7,1,3,7,5,6,6,5,4,6,3,2,NA,1,1,1,1,2,1,1,2,3,1,2,1,1,1,4,4,4,5,1,1,2,2,2,1,4,4,M,NA,NA,NA,NA,NA,NA,NA,NA,NA,NA,NA,NA,NA,NA,NA,NA,NA,NA,NA,NA,NA,NA,NA,NA,NA,NA,NA,NA,1,NA,A8
1668,A0835,8,A,8A,Hindu,Enemies,Enemy6,2,40,M,35,2,7,1,3,7,5,6,6,5,4,6,3,2,NA,1,1,1,1,2,1,1,2,3,1,2,1,1,1,4,4,4,5,1,1,2,2,2,1,4,4,M,Muslim,1,3,1,1,1,2,3,1,1,1,1,4,3,3,2,1,1,2,1,1,1,5,2,7,4,5,7,1,0,A8
1669,A0836,8,A,8A,Hindu,Enemies,Enemy1,2,3,M,36,2,7,2,6,7,NA,7,7,4,6,1,5,2,NA,1,1,1,1,1,1,1,4,2,1,4,1,1,1,6,4,2,3,1,1,1,1,1,1,5,3,M,Muslim,1,1,1,1,1,1,3,1,1,1,1,4,4,4,2,1,1,2,1,1,1,5,5,7,5,6,6,1,0,A8
1670,A0836,8,A,8A,Hindu,Enemies,Enemy2,2,11,M,36,2,7,2,6,7,NA,7,7,4,6,1,5,2,NA,1,1,1,1,1,1,1,4,2,1,4,1,1,1,6,4,2,3,1,1,1,1,1,1,5,3,M,Hindu,1,1,3,1,1,1,3,1,4,2,3,6,4,4,3,1,2,2,3,1,2,5,2,6,4,7,5,1,1,A8
1671,A0836,8,A,8A,Hindu,Enemies,Enemy3,2,16,M,36,2,7,2,6,7,NA,7,7,4,6,1,5,2,NA,1,1,1,1,1,1,1,4,2,1,4,1,1,1,6,4,2,3,1,1,1,1,1,1,5,3,M,Muslim,1,2,1,2,1,1,3,1,1,1,1,4,6,7,1,1,2,2,2,1,1,5,2,7,6,4,7,1,0,A8
1672,A0836,8,A,8A,Hindu,Enemies,Enemy4,2,22,M,36,2,7,2,6,7,NA,7,7,4,6,1,5,2,NA,1,1,1,1,1,1,1,4,2,1,4,1,1,1,6,4,2,3,1,1,1,1,1,1,5,3,M,Hindu,2,1,3,2,1,2,1,1,1,3,2,3,3,3,2,2,1,1,3,1,1,5,3,7,7,7,6,1,1,A8
1673,A0836,8,A,8A,Hindu,Enemies,Enemy5,2,31,M,36,2,7,2,6,7,NA,7,7,4,6,1,5,2,NA,1,1,1,1,1,1,1,4,2,1,4,1,1,1,6,4,2,3,1,1,1,1,1,1,5,3,M,Hindu,1,1,1,1,1,1,3,2,4,3,2,4,4,3,2,2,1,1,1,1,1,5,5,6,6,7,4,1,1,A8
1674,A0836,8,A,8A,Hindu,Enemies,Enemy6,2,32,M,36,2,7,2,6,7,NA,7,7,4,6,1,5,2,NA,1,1,1,1,1,1,1,4,2,1,4,1,1,1,6,4,2,3,1,1,1,1,1,1,5,3,M,Hindu,1,1,1,1,1,2,4,1,4,3,1,5,5,5,2,1,1,4,1,1,1,5,4,7,4,7,7,1,1,A8
1675,A0836,8,A,8A,Hindu,Enemies,Enemy7,2,40,M,36,2,7,2,6,7,NA,7,7,4,6,1,5,2,NA,1,1,1,1,1,1,1,4,2,1,4,1,1,1,6,4,2,3,1,1,1,1,1,1,5,3,M,Muslim,1,3,1,1,1,2,3,1,1,1,1,4,3,3,2,1,1,2,1,1,1,5,2,7,4,5,7,1,0,A8
1676,A0837,8,A,8A,Hindu,Enemies,Enemy1,2,35,M,37,4,6,6,7,6,6,6,7,6,5,4,4,8,NA,1,2,1,2,1,2,1,2,4,2,5,3,1,3,4,3,3,1,1,1,2,1,2,1,5,3,M,Hindu,1,1,1,2,1,1,3,1,2,1,1,4,4,4,5,1,1,2,2,2,1,4,4,7,1,7,5,1,1,A8
1677,A0839,8,A,8A,Hindu,Enemies,Enemy1,2,6,M,39,4,5,4,3,6,6,4,6,5,6,3,1,1,NA,1,2,1,3,1,2,1,4,4,1,5,2,1,2,4,3,3,1,1,1,3,2,1,1,1,2,M,Hindu,4,2,4,2,2,1,3,1,5,2,1,NA,4,4,2,1,1,1,1,3,1,5,2,6,5,6,5,1,1,A8
1678,A0839,8,A,8A,Hindu,Enemies,Enemy2,2,9,M,39,4,5,4,3,6,6,4,6,5,6,3,1,1,NA,1,2,1,3,1,2,1,4,4,1,5,2,1,2,4,3,3,1,1,1,3,2,1,1,1,2,M,Hindu,1,1,1,1,1,1,4,1,3,2,1,4,4,4,3,1,1,2,1,1,1,5,2,6,6,7,7,1,1,A8
1679,A0839,8,A,8A,Hindu,Enemies,Enemy3,2,32,M,39,4,5,4,3,6,6,4,6,5,6,3,1,1,NA,1,2,1,3,1,2,1,4,4,1,5,2,1,2,4,3,3,1,1,1,3,2,1,1,1,2,M,Hindu,1,1,1,1,1,2,4,1,4,3,1,5,5,5,2,1,1,4,1,1,1,5,4,7,4,7,7,1,1,A8
1680,A0839,8,A,8A,Hindu,Enemies,Enemy4,2,36,M,39,4,5,4,3,6,6,4,6,5,6,3,1,1,NA,1,2,1,3,1,2,1,4,4,1,5,2,1,2,4,3,3,1,1,1,3,2,1,1,1,2,M,Hindu,1,1,1,1,1,1,2,1,4,1,1,6,4,2,3,1,1,1,1,1,1,5,3,7,2,7,NA,1,1,A8
1681,A0841,8,A,8A,Hindu,Enemies,Enemy1,2,26,M,41,4,6,6,4,6,6,6,6,6,6,4,4,2,NA,1,2,2,1,1,2,1,1,4,1,5,3,1,1,4,4,3,2,1,1,4,1,5,1,5,3,M,Hindu,5,2,4,1,3,1,3,3,5,3,3,5,3,3,2,1,1,2,1,2,1,5,5,6,5,4,4,1,1,A8
1682,A0844,8,A,8A,Hindu,Enemies,Enemy1,2,49,F,44,5,5,6,6,6,6,6,6,6,6,5,5,2,Marwadi,2,1,1,2,1,1,1,4,4,2,5,3,1,2,4,1,1,1,1,1,3,1,1,1,5,1,F,Hindu,3,2,3,1,3,2,3,1,4,2,2,4,3,3,1,1,1,2,1,1,2,5,2,4,6,6,4,1,1,A8
1683,A0845,8,A,8A,Muslim,Enemies,Enemy1,2,60,F,45,4,2,7,7,6,7,7,7,6,6,5,6,8,NA,2,1,1,1,1,1,1,1,3,1,1,1,2,1,4,4,4,4,2,3,2,1,4,1,5,3,F,Muslim,1,1,1,1,1,1,3,1,1,2,2,4,4,4,1,1,1,3,1,4,2,4,4,4,6,7,7,1,1,A8
1684,A0846,8,A,8A,Muslim,Enemies,Enemy1,2,49,F,46,4,1,7,4,4,4,4,4,4,4,6,3,5,NA,2,2,2,2,1,2,1,2,4,3,1,3,2,2,4,4,4,2,1,1,1,1,1,2,5,5,F,Hindu,3,2,3,1,3,2,3,1,4,2,2,4,3,3,1,1,1,2,1,1,2,5,2,4,6,6,4,1,0,A8
1685,A0846,8,A,8A,Muslim,Enemies,Enemy2,2,55,F,46,4,1,7,4,4,4,4,4,4,4,6,3,5,NA,2,2,2,2,1,2,1,2,4,3,1,3,2,2,4,4,4,2,1,1,1,1,1,2,5,5,F,Hindu,1,1,1,1,1,1,3,1,4,1,2,4,6,6,1,1,1,1,1,4,1,5,2,7,7,7,6,1,0,A8
1686,A0850,8,A,8A,Hindu,Enemies,Enemy1,2,60,F,50,5,4,7,6,7,6,7,7,6,7,6,5,8,NA,2,2,5,4,1,1,1,1,2,1,4,2,1,2,4,3,3,3,1,1,2,1,5,1,5,2,F,Muslim,1,1,1,1,1,1,3,1,1,2,2,4,4,4,1,1,1,3,1,4,2,4,4,4,6,7,7,1,0,A8
1687,A0852,8,A,8A,Hindu,Enemies,Enemy1,2,50,F,52,NA,2,7,3,6,5,4,6,3,5,4,4,2,NA,2,3,2,3,1,2,1,1,3,1,5,2,1,2,4,1,1,4,1,1,2,1,5,1,5,4,F,Hindu,2,5,4,1,1,1,2,1,4,2,2,4,3,3,3,1,1,2,1,5,1,5,2,4,7,7,6,1,1,A8
1688,A0852,8,A,8A,Hindu,Enemies,Enemy2,2,55,F,52,NA,2,7,3,6,5,4,6,3,5,4,4,2,NA,2,3,2,3,1,2,1,1,3,1,5,2,1,2,4,1,1,4,1,1,2,1,5,1,5,4,F,Hindu,1,1,1,1,1,1,3,1,4,1,2,4,6,6,1,1,1,1,1,4,1,5,2,7,7,7,6,1,1,A8
1689,A0852,8,A,8A,Hindu,Enemies,Enemy3,2,56,F,52,NA,2,7,3,6,5,4,6,3,5,4,4,2,NA,2,3,2,3,1,2,1,1,3,1,5,2,1,2,4,1,1,4,1,1,2,1,5,1,5,4,F,NA,NA,NA,NA,NA,NA,NA,NA,NA,NA,NA,NA,NA,NA,NA,NA,NA,NA,NA,NA,NA,NA,NA,NA,NA,NA,NA,NA,1,NA,A8
1690,A0853,8,A,8A,Jain,Enemies,Enemy1,2,60,F,53,4,5,7,5,7,6,7,7,6,6,4,5,2,NA,2,2,1,1,2,2,1,1,2,1,3,2,3,2,4,3,3,4,2,1,2,2,2,2,4,2,F,Muslim,1,1,1,1,1,1,3,1,1,2,2,4,4,4,1,1,1,3,1,4,2,4,4,4,6,7,7,1,0,A8
1691,A0860,8,A,8A,Muslim,Enemies,Enemy1,2,49,F,60,6,4,6,6,7,7,7,7,7,7,7,4,NA,Alavi Vhora,2,1,1,1,1,1,1,1,3,1,1,2,2,2,4,4,4,1,1,1,3,1,4,2,4,4,F,Hindu,3,2,3,1,3,2,3,1,4,2,2,4,3,3,1,1,1,2,1,1,2,5,2,4,6,6,4,1,0,A8
1692,B0802,8,B,8B,Muslim,Enemies,Enemy1,2,11,M,2,1,7,1,7,6,7,7,7,5,7,6,6,7,NA,1,1,1,1,1,1,1,1,1,1,1,1,2,1,4,1,4,5,1,1,1,1,2,1,3,3,M,NA,NA,NA,NA,NA,NA,NA,NA,NA,NA,NA,NA,NA,NA,NA,NA,NA,NA,NA,NA,NA,NA,NA,NA,NA,NA,NA,NA,1,NA,B8
1693,B0804,8,B,8B,Hindu,Enemies,Enemy1,2,3,M,4,1,7,4,6,7,6,7,7,6,1,1,5,8,NA,1,1,1,1,1,1,1,1,2,1,2,1,1,1,4,4,4,1,1,1,1,1,1,1,5,5,M,NA,NA,NA,NA,NA,NA,NA,NA,NA,NA,NA,NA,NA,NA,NA,NA,NA,NA,NA,NA,NA,NA,NA,NA,NA,NA,NA,NA,1,NA,B8
1694,B0804,8,B,8B,Hindu,Enemies,Enemy2,2,9,M,4,1,7,4,6,7,6,7,7,6,1,1,5,8,NA,1,1,1,1,1,1,1,1,2,1,2,1,1,1,4,4,4,1,1,1,1,1,1,1,5,5,M,Hindu,2,4,3,1,3,2,4,1,3,2,2,4,6,7,2,1,2,2,2,2,1,4,4,6,5,6,3,1,1,B8
1695,B0804,8,B,8B,Hindu,Enemies,Enemy3,2,13,M,4,1,7,4,6,7,6,7,7,6,1,1,5,8,NA,1,1,1,1,1,1,1,1,2,1,2,1,1,1,4,4,4,1,1,1,1,1,1,1,5,5,M,Hindu,1,1,1,1,1,1,1,5,1,1,1,7,3,3,1,1,2,1,1,1,1,5,2,6,5,7,5,1,1,B8
1696,B0804,8,B,8B,Hindu,Enemies,Enemy4,2,15,M,4,1,7,4,6,7,6,7,7,6,1,1,5,8,NA,1,1,1,1,1,1,1,1,2,1,2,1,1,1,4,4,4,1,1,1,1,1,1,1,5,5,M,Hindu,3,5,3,1,1,1,5,1,2,4,3,7,2,2,1,1,1,2,1,1,1,5,1,7,5,7,7,1,1,B8
1697,B0804,8,B,8B,Hindu,Enemies,Enemy5,2,24,M,4,1,7,4,6,7,6,7,7,6,1,1,5,8,NA,1,1,1,1,1,1,1,1,2,1,2,1,1,1,4,4,4,1,1,1,1,1,1,1,5,5,M,NA,NA,NA,NA,NA,NA,NA,NA,NA,NA,NA,NA,NA,NA,NA,NA,NA,NA,NA,NA,NA,NA,NA,NA,NA,NA,NA,NA,1,NA,B8
1698,B0804,8,B,8B,Hindu,Enemies,Enemy6,2,25,M,4,1,7,4,6,7,6,7,7,6,1,1,5,8,NA,1,1,1,1,1,1,1,1,2,1,2,1,1,1,4,4,4,1,1,1,1,1,1,1,5,5,M,NA,NA,NA,NA,NA,NA,NA,NA,NA,NA,NA,NA,NA,NA,NA,NA,NA,NA,NA,NA,NA,NA,NA,NA,NA,NA,NA,NA,1,NA,B8
1699,B0804,8,B,8B,Hindu,Enemies,Enemy7,2,29,M,4,1,7,4,6,7,6,7,7,6,1,1,5,8,NA,1,1,1,1,1,1,1,1,2,1,2,1,1,1,4,4,4,1,1,1,1,1,1,1,5,5,M,Hindu,1,2,1,1,1,1,1,1,1,1,1,4,4,3,1,1,1,1,1,1,1,2,1,6,6,7,5,1,1,B8
1700,B0805,8,B,8B,Muslim,Enemies,Enemy1,2,16,M,5,4,7,4,5,4,7,5,5,4,4,4,4,6,NA,1,2,1,1,1,1,1,1,4,1,1,1,2,1,4,3,7,2,1,1,3,1,2,1,5,4,M,Hindu,4,1,2,1,3,1,3,1,5,2,2,4,4,4,1,1,3,2,5,1,3,5,5,6,1,6,3,1,0,B8
1701,B0806,8,B,8B,Hindu,Enemies,Enemy1,2,1,M,6,4,6,6,7,4,4,6,5,6,5,4,5,8,NA,1,5,4,4,2,5,1,4,2,1,1,2,1,3,4,4,4,1,1,1,1,1,1,1,5,4,M,NA,NA,NA,NA,NA,NA,NA,NA,NA,NA,NA,NA,NA,NA,NA,NA,NA,NA,NA,NA,NA,NA,NA,NA,NA,NA,NA,NA,1,NA,B8
1702,B0806,8,B,8B,Hindu,Enemies,Enemy2,2,37,M,6,4,6,6,7,4,4,6,5,6,5,4,5,8,NA,1,5,4,4,2,5,1,4,2,1,1,2,1,3,4,4,4,1,1,1,1,1,1,1,5,4,M,NA,NA,NA,NA,NA,NA,NA,NA,NA,NA,NA,NA,NA,NA,NA,NA,NA,NA,NA,NA,NA,NA,NA,NA,NA,NA,NA,NA,1,NA,B8
1703,B0806,8,B,8B,Hindu,Enemies,Enemy3,2,42,M,6,4,6,6,7,4,4,6,5,6,5,4,5,8,NA,1,5,4,4,2,5,1,4,2,1,1,2,1,3,4,4,4,1,1,1,1,1,1,1,5,4,M,Muslim,1,2,3,1,1,1,1,1,1,1,1,3,4,5,1,1,1,1,1,5,1,2,1,6,7,1,7,1,0,B8
1704,B0806,8,B,8B,Hindu,Enemies,Enemy4,2,45,M,6,4,6,6,7,4,4,6,5,6,5,4,5,8,NA,1,5,4,4,2,5,1,4,2,1,1,2,1,3,4,4,4,1,1,1,1,1,1,1,5,4,M,Hindu,1,1,2,3,2,1,1,1,1,1,2,3,1,1,1,1,1,1,1,3,1,5,5,7,1,6,6,1,1,B8
1705,B0806,8,B,8B,Hindu,Enemies,Enemy5,2,46,M,6,4,6,6,7,4,4,6,5,6,5,4,5,8,NA,1,5,4,4,2,5,1,4,2,1,1,2,1,3,4,4,4,1,1,1,1,1,1,1,5,4,M,NA,NA,NA,NA,NA,NA,NA,NA,NA,NA,NA,NA,NA,NA,NA,NA,NA,NA,NA,NA,NA,NA,NA,NA,NA,NA,NA,NA,1,NA,B8
1706,B0808,8,B,8B,Muslim,Enemies,Enemy1,2,1,M,8,5,7,4,6,3,7,7,6,5,3,4,5,NA,NONE,1,1,2,2,2,1,1,2,4,1,1,1,2,2,3,2,3,3,1,1,2,2,1,1,2,2,M,NA,NA,NA,NA,NA,NA,NA,NA,NA,NA,NA,NA,NA,NA,NA,NA,NA,NA,NA,NA,NA,NA,NA,NA,NA,NA,NA,NA,1,NA,B8
1707,B0808,8,B,8B,Muslim,Enemies,Enemy2,2,2,M,8,5,7,4,6,3,7,7,6,5,3,4,5,NA,NONE,1,1,2,2,2,1,1,2,4,1,1,1,2,2,3,2,3,3,1,1,2,2,1,1,2,2,M,Muslim,1,1,1,1,1,1,1,1,1,1,1,4,1,4,5,1,1,1,1,2,1,3,3,7,1,6,7,1,1,B8
1708,B0808,8,B,8B,Muslim,Enemies,Enemy3,2,7,M,8,5,7,4,6,3,7,7,6,5,3,4,5,NA,NONE,1,1,2,2,2,1,1,2,4,1,1,1,2,2,3,2,3,3,1,1,2,2,1,1,2,2,M,NA,NA,NA,NA,NA,NA,NA,NA,NA,NA,NA,NA,NA,NA,NA,NA,NA,NA,NA,NA,NA,NA,NA,NA,NA,NA,NA,NA,1,NA,B8
1709,B0808,8,B,8B,Muslim,Enemies,Enemy4,2,11,M,8,5,7,4,6,3,7,7,6,5,3,4,5,NA,NONE,1,1,2,2,2,1,1,2,4,1,1,1,2,2,3,2,3,3,1,1,2,2,1,1,2,2,M,NA,NA,NA,NA,NA,NA,NA,NA,NA,NA,NA,NA,NA,NA,NA,NA,NA,NA,NA,NA,NA,NA,NA,NA,NA,NA,NA,NA,1,NA,B8
1710,B0808,8,B,8B,Muslim,Enemies,Enemy5,2,19,M,8,5,7,4,6,3,7,7,6,5,3,4,5,NA,NONE,1,1,2,2,2,1,1,2,4,1,1,1,2,2,3,2,3,3,1,1,2,2,1,1,2,2,M,Muslim,3,1,2,1,1,1,1,1,1,1,1,4,3,6,1,1,1,1,1,1,1,4,1,7,1,6,7,1,1,B8
1711,B0808,8,B,8B,Muslim,Enemies,Enemy6,2,25,M,8,5,7,4,6,3,7,7,6,5,3,4,5,NA,NONE,1,1,2,2,2,1,1,2,4,1,1,1,2,2,3,2,3,3,1,1,2,2,1,1,2,2,M,NA,NA,NA,NA,NA,NA,NA,NA,NA,NA,NA,NA,NA,NA,NA,NA,NA,NA,NA,NA,NA,NA,NA,NA,NA,NA,NA,NA,1,NA,B8
1712,B0808,8,B,8B,Muslim,Enemies,Enemy7,2,37,M,8,5,7,4,6,3,7,7,6,5,3,4,5,NA,NONE,1,1,2,2,2,1,1,2,4,1,1,1,2,2,3,2,3,3,1,1,2,2,1,1,2,2,M,NA,NA,NA,NA,NA,NA,NA,NA,NA,NA,NA,NA,NA,NA,NA,NA,NA,NA,NA,NA,NA,NA,NA,NA,NA,NA,NA,NA,1,NA,B8
1713,B0809,8,B,8B,Hindu,Enemies,Enemy1,2,20,M,9,2,6,5,7,6,3,3,7,5,5,6,2,6,NA,1,2,4,3,1,3,2,1,4,1,3,2,1,2,4,6,7,2,1,2,2,2,2,1,4,4,M,Hindu,2,2,3,3,1,1,2,1,3,1,1,4,4,4,2,1,1,3,1,2,1,5,3,NA,4,7,6,1,1,B8
1714,B0809,8,B,8B,Hindu,Enemies,Enemy2,2,36,M,9,2,6,5,7,6,3,3,7,5,5,6,2,6,NA,1,2,4,3,1,3,2,1,4,1,3,2,1,2,4,6,7,2,1,2,2,2,2,1,4,4,M,NA,NA,NA,NA,NA,NA,NA,NA,NA,NA,NA,NA,NA,NA,NA,NA,NA,NA,NA,NA,NA,NA,NA,NA,NA,NA,NA,NA,1,NA,B8
1715,B0810,8,B,8B,Muslim,Enemies,Enemy1,2,3,M,10,3,7,5,6,3,7,7,7,3,7,3,7,8,NA,1,1,2,2,1,1,1,2,2,1,1,2,2,1,4,6,7,2,1,1,1,1,1,1,5,2,M,NA,NA,NA,NA,NA,NA,NA,NA,NA,NA,NA,NA,NA,NA,NA,NA,NA,NA,NA,NA,NA,NA,NA,NA,NA,NA,NA,NA,1,NA,B8
1716,B0810,8,B,8B,Muslim,Enemies,Enemy2,2,8,M,10,3,7,5,6,3,7,7,7,3,7,3,7,8,NA,1,1,2,2,1,1,1,2,2,1,1,2,2,1,4,6,7,2,1,1,1,1,1,1,5,2,M,Muslim,1,2,2,2,1,1,4,1,1,1,2,3,2,3,3,1,1,2,2,1,1,2,2,7,4,3,7,1,1,B8
1717,B0810,8,B,8B,Muslim,Enemies,Enemy3,2,16,M,10,3,7,5,6,3,7,7,7,3,7,3,7,8,NA,1,1,2,2,1,1,1,2,2,1,1,2,2,1,4,6,7,2,1,1,1,1,1,1,5,2,M,Hindu,4,1,2,1,3,1,3,1,5,2,2,4,4,4,1,1,3,2,5,1,3,5,5,6,1,6,3,1,0,B8
1718,B0810,8,B,8B,Muslim,Enemies,Enemy4,2,20,M,10,3,7,5,6,3,7,7,7,3,7,3,7,8,NA,1,1,2,2,1,1,1,2,2,1,1,2,2,1,4,6,7,2,1,1,1,1,1,1,5,2,M,Hindu,2,2,3,3,1,1,2,1,3,1,1,4,4,4,2,1,1,3,1,2,1,5,3,NA,4,7,6,1,0,B8
1719,B0810,8,B,8B,Muslim,Enemies,Enemy5,2,29,M,10,3,7,5,6,3,7,7,7,3,7,3,7,8,NA,1,1,2,2,1,1,1,2,2,1,1,2,2,1,4,6,7,2,1,1,1,1,1,1,5,2,M,Hindu,1,2,1,1,1,1,1,1,1,1,1,4,4,3,1,1,1,1,1,1,1,2,1,6,6,7,5,1,0,B8
1720,B0810,8,B,8B,Muslim,Enemies,Enemy6,2,33,M,10,3,7,5,6,3,7,7,7,3,7,3,7,8,NA,1,1,2,2,1,1,1,2,2,1,1,2,2,1,4,6,7,2,1,1,1,1,1,1,5,2,M,Hindu,2,2,2,1,1,1,3,1,2,2,1,6,6,6,1,1,1,3,1,1,1,5,5,7,4,7,7,1,0,B8
1721,B0810,8,B,8B,Muslim,Enemies,Enemy7,2,47,M,10,3,7,5,6,3,7,7,7,3,7,3,7,8,NA,1,1,2,2,1,1,1,2,2,1,1,2,2,1,4,6,7,2,1,1,1,1,1,1,5,2,M,NA,NA,NA,NA,NA,NA,NA,NA,NA,NA,NA,NA,NA,NA,NA,NA,NA,NA,NA,NA,NA,NA,NA,NA,NA,NA,NA,NA,1,NA,B8
1722,B0813,8,B,8B,Hindu,Enemies,Enemy1,2,1,M,13,2,6,5,7,7,5,7,7,4,6,2,6,7,NA,1,1,1,1,1,1,1,1,1,5,1,1,1,1,7,3,3,1,1,2,1,1,1,1,5,2,M,NA,NA,NA,NA,NA,NA,NA,NA,NA,NA,NA,NA,NA,NA,NA,NA,NA,NA,NA,NA,NA,NA,NA,NA,NA,NA,NA,NA,1,NA,B8
1723,B0813,8,B,8B,Hindu,Enemies,Enemy2,2,3,M,13,2,6,5,7,7,5,7,7,4,6,2,6,7,NA,1,1,1,1,1,1,1,1,1,5,1,1,1,1,7,3,3,1,1,2,1,1,1,1,5,2,M,NA,NA,NA,NA,NA,NA,NA,NA,NA,NA,NA,NA,NA,NA,NA,NA,NA,NA,NA,NA,NA,NA,NA,NA,NA,NA,NA,NA,1,NA,B8
1724,B0813,8,B,8B,Hindu,Enemies,Enemy3,2,10,M,13,2,6,5,7,7,5,7,7,4,6,2,6,7,NA,1,1,1,1,1,1,1,1,1,5,1,1,1,1,7,3,3,1,1,2,1,1,1,1,5,2,M,Muslim,1,2,2,1,1,1,2,1,1,2,1,4,6,7,2,1,1,1,1,1,1,5,2,7,5,3,7,1,0,B8
1725,B0813,8,B,8B,Hindu,Enemies,Enemy4,2,40,M,13,2,6,5,7,7,5,7,7,4,6,2,6,7,NA,1,1,1,1,1,1,1,1,1,5,1,1,1,1,7,3,3,1,1,2,1,1,1,1,5,2,M,NA,NA,NA,NA,NA,NA,NA,NA,NA,NA,NA,NA,NA,NA,NA,NA,NA,NA,NA,NA,NA,NA,NA,NA,NA,NA,NA,NA,1,NA,B8
1726,B0815,8,B,8B,Hindu,Enemies,Enemy1,2,2,M,15,6,7,5,7,7,7,7,7,6,5,6,6,2,NA,1,3,5,3,1,1,1,4,5,1,2,4,1,3,7,2,2,1,1,1,2,1,1,1,5,1,M,Muslim,1,1,1,1,1,1,1,1,1,1,1,4,1,4,5,1,1,1,1,2,1,3,3,7,1,6,7,1,0,B8
1727,B0815,8,B,8B,Hindu,Enemies,Enemy2,2,3,M,15,6,7,5,7,7,7,7,7,6,5,6,6,2,NA,1,3,5,3,1,1,1,4,5,1,2,4,1,3,7,2,2,1,1,1,2,1,1,1,5,1,M,NA,NA,NA,NA,NA,NA,NA,NA,NA,NA,NA,NA,NA,NA,NA,NA,NA,NA,NA,NA,NA,NA,NA,NA,NA,NA,NA,NA,1,NA,B8
1728,B0815,8,B,8B,Hindu,Enemies,Enemy3,2,8,M,15,6,7,5,7,7,7,7,7,6,5,6,6,2,NA,1,3,5,3,1,1,1,4,5,1,2,4,1,3,7,2,2,1,1,1,2,1,1,1,5,1,M,Muslim,1,2,2,2,1,1,4,1,1,1,2,3,2,3,3,1,1,2,2,1,1,2,2,7,4,3,7,1,0,B8
1729,B0815,8,B,8B,Hindu,Enemies,Enemy4,2,19,M,15,6,7,5,7,7,7,7,7,6,5,6,6,2,NA,1,3,5,3,1,1,1,4,5,1,2,4,1,3,7,2,2,1,1,1,2,1,1,1,5,1,M,Muslim,3,1,2,1,1,1,1,1,1,1,1,4,3,6,1,1,1,1,1,1,1,4,1,7,1,6,7,1,0,B8
1730,B0815,8,B,8B,Hindu,Enemies,Enemy5,2,24,M,15,6,7,5,7,7,7,7,7,6,5,6,6,2,NA,1,3,5,3,1,1,1,4,5,1,2,4,1,3,7,2,2,1,1,1,2,1,1,1,5,1,M,NA,NA,NA,NA,NA,NA,NA,NA,NA,NA,NA,NA,NA,NA,NA,NA,NA,NA,NA,NA,NA,NA,NA,NA,NA,NA,NA,NA,1,NA,B8
1731,B0815,8,B,8B,Hindu,Enemies,Enemy6,2,25,M,15,6,7,5,7,7,7,7,7,6,5,6,6,2,NA,1,3,5,3,1,1,1,4,5,1,2,4,1,3,7,2,2,1,1,1,2,1,1,1,5,1,M,NA,NA,NA,NA,NA,NA,NA,NA,NA,NA,NA,NA,NA,NA,NA,NA,NA,NA,NA,NA,NA,NA,NA,NA,NA,NA,NA,NA,1,NA,B8
1732,B0815,8,B,8B,Hindu,Enemies,Enemy7,2,37,M,15,6,7,5,7,7,7,7,7,6,5,6,6,2,NA,1,3,5,3,1,1,1,4,5,1,2,4,1,3,7,2,2,1,1,1,2,1,1,1,5,1,M,NA,NA,NA,NA,NA,NA,NA,NA,NA,NA,NA,NA,NA,NA,NA,NA,NA,NA,NA,NA,NA,NA,NA,NA,NA,NA,NA,NA,1,NA,B8
1733,B0816,8,B,8B,Hindu,Enemies,Enemy1,2,1,M,16,5,6,1,7,6,3,6,2,4,5,5,3,7,MARRATHA,1,4,1,2,1,3,1,4,3,1,5,2,1,2,4,4,4,1,1,3,2,5,1,3,5,5,M,NA,NA,NA,NA,NA,NA,NA,NA,NA,NA,NA,NA,NA,NA,NA,NA,NA,NA,NA,NA,NA,NA,NA,NA,NA,NA,NA,NA,1,NA,B8
1734,B0816,8,B,8B,Hindu,Enemies,Enemy2,2,3,M,16,5,6,1,7,6,3,6,2,4,5,5,3,7,MARRATHA,1,4,1,2,1,3,1,4,3,1,5,2,1,2,4,4,4,1,1,3,2,5,1,3,5,5,M,NA,NA,NA,NA,NA,NA,NA,NA,NA,NA,NA,NA,NA,NA,NA,NA,NA,NA,NA,NA,NA,NA,NA,NA,NA,NA,NA,NA,1,NA,B8
1735,B0816,8,B,8B,Hindu,Enemies,Enemy3,2,5,M,16,5,6,1,7,6,3,6,2,4,5,5,3,7,MARRATHA,1,4,1,2,1,3,1,4,3,1,5,2,1,2,4,4,4,1,1,3,2,5,1,3,5,5,M,Muslim,2,1,1,1,1,1,4,1,1,1,1,4,3,7,2,1,1,3,1,2,1,5,4,7,4,4,7,1,0,B8
1736,B0816,8,B,8B,Hindu,Enemies,Enemy4,2,11,M,16,5,6,1,7,6,3,6,2,4,5,5,3,7,MARRATHA,1,4,1,2,1,3,1,4,3,1,5,2,1,2,4,4,4,1,1,3,2,5,1,3,5,5,M,NA,NA,NA,NA,NA,NA,NA,NA,NA,NA,NA,NA,NA,NA,NA,NA,NA,NA,NA,NA,NA,NA,NA,NA,NA,NA,NA,NA,1,NA,B8
1737,B0816,8,B,8B,Hindu,Enemies,Enemy5,2,13,M,16,5,6,1,7,6,3,6,2,4,5,5,3,7,MARRATHA,1,4,1,2,1,3,1,4,3,1,5,2,1,2,4,4,4,1,1,3,2,5,1,3,5,5,M,Hindu,1,1,1,1,1,1,1,5,1,1,1,7,3,3,1,1,2,1,1,1,1,5,2,6,5,7,5,1,1,B8
1738,B0816,8,B,8B,Hindu,Enemies,Enemy6,2,14,M,16,5,6,1,7,6,3,6,2,4,5,5,3,7,MARRATHA,1,4,1,2,1,3,1,4,3,1,5,2,1,2,4,4,4,1,1,3,2,5,1,3,5,5,M,NA,NA,NA,NA,NA,NA,NA,NA,NA,NA,NA,NA,NA,NA,NA,NA,NA,NA,NA,NA,NA,NA,NA,NA,NA,NA,NA,NA,1,NA,B8
1739,B0816,8,B,8B,Hindu,Enemies,Enemy7,2,23,M,16,5,6,1,7,6,3,6,2,4,5,5,3,7,MARRATHA,1,4,1,2,1,3,1,4,3,1,5,2,1,2,4,4,4,1,1,3,2,5,1,3,5,5,M,NA,NA,NA,NA,NA,NA,NA,NA,NA,NA,NA,NA,NA,NA,NA,NA,NA,NA,NA,NA,NA,NA,NA,NA,NA,NA,NA,NA,1,NA,B8
1740,B0817,8,B,8B,Muslim,Enemies,Enemy1,2,16,M,17,3,6,4,4,6,6,6,7,6,7,4,4,7,NA,1,3,3,3,1,3,1,2,4,3,1,3,2,3,1,1,1,3,1,1,3,1,1,1,3,2,M,Hindu,4,1,2,1,3,1,3,1,5,2,2,4,4,4,1,1,3,2,5,1,3,5,5,6,1,6,3,1,0,B8
1741,B0817,8,B,8B,Muslim,Enemies,Enemy2,2,20,M,17,3,6,4,4,6,6,6,7,6,7,4,4,7,NA,1,3,3,3,1,3,1,2,4,3,1,3,2,3,1,1,1,3,1,1,3,1,1,1,3,2,M,Hindu,2,2,3,3,1,1,2,1,3,1,1,4,4,4,2,1,1,3,1,2,1,5,3,NA,4,7,6,1,0,B8
1742,B0817,8,B,8B,Muslim,Enemies,Enemy3,2,47,M,17,3,6,4,4,6,6,6,7,6,7,4,4,7,NA,1,3,3,3,1,3,1,2,4,3,1,3,2,3,1,1,1,3,1,1,3,1,1,1,3,2,M,NA,NA,NA,NA,NA,NA,NA,NA,NA,NA,NA,NA,NA,NA,NA,NA,NA,NA,NA,NA,NA,NA,NA,NA,NA,NA,NA,NA,1,NA,B8
1743,B0819,8,B,8B,Muslim,Enemies,Enemy1,2,3,M,19,7,7,1,6,6,7,7,7,6,7,6,2,6,NA,1,3,1,2,1,1,1,2,1,1,1,1,2,1,4,3,6,1,1,1,1,1,1,1,4,1,M,NA,NA,NA,NA,NA,NA,NA,NA,NA,NA,NA,NA,NA,NA,NA,NA,NA,NA,NA,NA,NA,NA,NA,NA,NA,NA,NA,NA,1,NA,B8
1744,B0819,8,B,8B,Muslim,Enemies,Enemy2,2,11,M,19,7,7,1,6,6,7,7,7,6,7,6,2,6,NA,1,3,1,2,1,1,1,2,1,1,1,1,2,1,4,3,6,1,1,1,1,1,1,1,4,1,M,NA,NA,NA,NA,NA,NA,NA,NA,NA,NA,NA,NA,NA,NA,NA,NA,NA,NA,NA,NA,NA,NA,NA,NA,NA,NA,NA,NA,1,NA,B8
1745,B0819,8,B,8B,Muslim,Enemies,Enemy3,2,25,M,19,7,7,1,6,6,7,7,7,6,7,6,2,6,NA,1,3,1,2,1,1,1,2,1,1,1,1,2,1,4,3,6,1,1,1,1,1,1,1,4,1,M,NA,NA,NA,NA,NA,NA,NA,NA,NA,NA,NA,NA,NA,NA,NA,NA,NA,NA,NA,NA,NA,NA,NA,NA,NA,NA,NA,NA,1,NA,B8
1746,B0819,8,B,8B,Muslim,Enemies,Enemy4,2,47,M,19,7,7,1,6,6,7,7,7,6,7,6,2,6,NA,1,3,1,2,1,1,1,2,1,1,1,1,2,1,4,3,6,1,1,1,1,1,1,1,4,1,M,NA,NA,NA,NA,NA,NA,NA,NA,NA,NA,NA,NA,NA,NA,NA,NA,NA,NA,NA,NA,NA,NA,NA,NA,NA,NA,NA,NA,1,NA,B8
1747,B0820,8,B,8B,Hindu,Enemies,Enemy1,2,1,M,20,2,NA,4,NA,7,6,1,NA,NA,NA,5,3,NA,NA,1,2,2,3,3,1,1,1,2,1,3,1,1,1,4,4,4,2,1,1,3,1,2,1,5,3,M,NA,NA,NA,NA,NA,NA,NA,NA,NA,NA,NA,NA,NA,NA,NA,NA,NA,NA,NA,NA,NA,NA,NA,NA,NA,NA,NA,NA,1,NA,B8
1748,B0820,8,B,8B,Hindu,Enemies,Enemy2,2,15,M,20,2,NA,4,NA,7,6,1,NA,NA,NA,5,3,NA,NA,1,2,2,3,3,1,1,1,2,1,3,1,1,1,4,4,4,2,1,1,3,1,2,1,5,3,M,Hindu,3,5,3,1,1,1,5,1,2,4,3,7,2,2,1,1,1,2,1,1,1,5,1,7,5,7,7,1,1,B8
1749,B0820,8,B,8B,Hindu,Enemies,Enemy3,2,33,M,20,2,NA,4,NA,7,6,1,NA,NA,NA,5,3,NA,NA,1,2,2,3,3,1,1,1,2,1,3,1,1,1,4,4,4,2,1,1,3,1,2,1,5,3,M,Hindu,2,2,2,1,1,1,3,1,2,2,1,6,6,6,1,1,1,3,1,1,1,5,5,7,4,7,7,1,1,B8
1750,B0820,8,B,8B,Hindu,Enemies,Enemy4,2,34,M,20,2,NA,4,NA,7,6,1,NA,NA,NA,5,3,NA,NA,1,2,2,3,3,1,1,1,2,1,3,1,1,1,4,4,4,2,1,1,3,1,2,1,5,3,M,Muslim,1,1,1,1,1,1,1,1,1,1,1,4,4,4,3,3,3,3,3,2,1,2,3,7,1,5,7,1,0,B8
1751,B0820,8,B,8B,Hindu,Enemies,Enemy5,2,36,M,20,2,NA,4,NA,7,6,1,NA,NA,NA,5,3,NA,NA,1,2,2,3,3,1,1,1,2,1,3,1,1,1,4,4,4,2,1,1,3,1,2,1,5,3,M,NA,NA,NA,NA,NA,NA,NA,NA,NA,NA,NA,NA,NA,NA,NA,NA,NA,NA,NA,NA,NA,NA,NA,NA,NA,NA,NA,NA,1,NA,B8
1752,B0820,8,B,8B,Hindu,Enemies,Enemy6,2,38,M,20,2,NA,4,NA,7,6,1,NA,NA,NA,5,3,NA,NA,1,2,2,3,3,1,1,1,2,1,3,1,1,1,4,4,4,2,1,1,3,1,2,1,5,3,M,Muslim,1,1,1,2,1,2,1,2,1,1,1,6,6,5,1,1,1,2,1,1,1,5,3,7,1,5,7,1,0,B8
1753,B0820,8,B,8B,Hindu,Enemies,Enemy7,2,39,M,20,2,NA,4,NA,7,6,1,NA,NA,NA,5,3,NA,NA,1,2,2,3,3,1,1,1,2,1,3,1,1,1,4,4,4,2,1,1,3,1,2,1,5,3,M,NA,NA,NA,NA,NA,NA,NA,NA,NA,NA,NA,NA,NA,NA,NA,NA,NA,NA,NA,NA,NA,NA,NA,NA,NA,NA,NA,NA,1,NA,B8
1754,B0821,8,B,8B,Hindu,Enemies,Enemy1,2,2,M,21,1,7,4,7,7,7,5,7,6,5,4,5,NA,NA,1,2,2,2,1,1,1,1,3,1,2,2,1,1,5,6,5,1,1,1,4,1,1,1,5,5,M,Muslim,1,1,1,1,1,1,1,1,1,1,1,4,1,4,5,1,1,1,1,2,1,3,3,7,1,6,7,1,0,B8
1755,B0821,8,B,8B,Hindu,Enemies,Enemy2,2,3,M,21,1,7,4,7,7,7,5,7,6,5,4,5,NA,NA,1,2,2,2,1,1,1,1,3,1,2,2,1,1,5,6,5,1,1,1,4,1,1,1,5,5,M,NA,NA,NA,NA,NA,NA,NA,NA,NA,NA,NA,NA,NA,NA,NA,NA,NA,NA,NA,NA,NA,NA,NA,NA,NA,NA,NA,NA,1,NA,B8
1756,B0821,8,B,8B,Hindu,Enemies,Enemy3,2,25,M,21,1,7,4,7,7,7,5,7,6,5,4,5,NA,NA,1,2,2,2,1,1,1,1,3,1,2,2,1,1,5,6,5,1,1,1,4,1,1,1,5,5,M,NA,NA,NA,NA,NA,NA,NA,NA,NA,NA,NA,NA,NA,NA,NA,NA,NA,NA,NA,NA,NA,NA,NA,NA,NA,NA,NA,NA,1,NA,B8
1757,B0821,8,B,8B,Hindu,Enemies,Enemy4,2,28,M,21,1,7,4,7,7,7,5,7,6,5,4,5,NA,NA,1,2,2,2,1,1,1,1,3,1,2,2,1,1,5,6,5,1,1,1,4,1,1,1,5,5,M,Muslim,1,1,1,1,1,1,4,1,1,1,1,3,3,3,3,1,1,1,1,4,2,4,1,6,4,5,7,1,0,B8
1758,B0821,8,B,8B,Hindu,Enemies,Enemy5,2,42,M,21,1,7,4,7,7,7,5,7,6,5,4,5,NA,NA,1,2,2,2,1,1,1,1,3,1,2,2,1,1,5,6,5,1,1,1,4,1,1,1,5,5,M,Muslim,1,2,3,1,1,1,1,1,1,1,1,3,4,5,1,1,1,1,1,5,1,2,1,6,7,1,7,1,0,B8
1759,B0821,8,B,8B,Hindu,Enemies,Enemy6,2,45,M,21,1,7,4,7,7,7,5,7,6,5,4,5,NA,NA,1,2,2,2,1,1,1,1,3,1,2,2,1,1,5,6,5,1,1,1,4,1,1,1,5,5,M,Hindu,1,1,2,3,2,1,1,1,1,1,2,3,1,1,1,1,1,1,1,3,1,5,5,7,1,6,6,1,1,B8
1760,B0822,8,B,8B,Hindu,Enemies,Enemy1,2,1,M,22,4,5,7,6,7,2,7,5,5,6,4,4,NA,MARATHE,1,1,2,1,2,2,1,4,4,1,3,4,1,1,4,4,4,1,1,2,3,3,1,3,1,3,M,NA,NA,NA,NA,NA,NA,NA,NA,NA,NA,NA,NA,NA,NA,NA,NA,NA,NA,NA,NA,NA,NA,NA,NA,NA,NA,NA,NA,1,NA,B8
1761,B0822,8,B,8B,Hindu,Enemies,Enemy2,2,3,M,22,4,5,7,6,7,2,7,5,5,6,4,4,NA,MARATHE,1,1,2,1,2,2,1,4,4,1,3,4,1,1,4,4,4,1,1,2,3,3,1,3,1,3,M,NA,NA,NA,NA,NA,NA,NA,NA,NA,NA,NA,NA,NA,NA,NA,NA,NA,NA,NA,NA,NA,NA,NA,NA,NA,NA,NA,NA,1,NA,B8
1762,B0822,8,B,8B,Hindu,Enemies,Enemy3,2,25,M,22,4,5,7,6,7,2,7,5,5,6,4,4,NA,MARATHE,1,1,2,1,2,2,1,4,4,1,3,4,1,1,4,4,4,1,1,2,3,3,1,3,1,3,M,NA,NA,NA,NA,NA,NA,NA,NA,NA,NA,NA,NA,NA,NA,NA,NA,NA,NA,NA,NA,NA,NA,NA,NA,NA,NA,NA,NA,1,NA,B8
1763,B0822,8,B,8B,Hindu,Enemies,Enemy4,2,40,M,22,4,5,7,6,7,2,7,5,5,6,4,4,NA,MARATHE,1,1,2,1,2,2,1,4,4,1,3,4,1,1,4,4,4,1,1,2,3,3,1,3,1,3,M,NA,NA,NA,NA,NA,NA,NA,NA,NA,NA,NA,NA,NA,NA,NA,NA,NA,NA,NA,NA,NA,NA,NA,NA,NA,NA,NA,NA,1,NA,B8
1764,B0822,8,B,8B,Hindu,Enemies,Enemy5,2,49,M,22,4,5,7,6,7,2,7,5,5,6,4,4,NA,MARATHE,1,1,2,1,2,2,1,4,4,1,3,4,1,1,4,4,4,1,1,2,3,3,1,3,1,3,M,Hindu,2,1,2,1,1,1,4,1,3,2,1,4,4,4,1,1,1,3,1,1,1,5,4,6,6,7,6,1,1,B8
1765,B0826,8,B,8B,Hindu,Enemies,Enemy1,2,3,M,26,4,6,4,5,6,3,4,4,3,4,4,4,3,NA,1,4,1,3,2,4,1,4,3,2,5,3,1,3,4,3,3,2,2,2,1,2,2,2,4,4,M,NA,NA,NA,NA,NA,NA,NA,NA,NA,NA,NA,NA,NA,NA,NA,NA,NA,NA,NA,NA,NA,NA,NA,NA,NA,NA,NA,NA,1,NA,B8
1766,B0826,8,B,8B,Hindu,Enemies,Enemy2,2,14,M,26,4,6,4,5,6,3,4,4,3,4,4,4,3,NA,1,4,1,3,2,4,1,4,3,2,5,3,1,3,4,3,3,2,2,2,1,2,2,2,4,4,M,NA,NA,NA,NA,NA,NA,NA,NA,NA,NA,NA,NA,NA,NA,NA,NA,NA,NA,NA,NA,NA,NA,NA,NA,NA,NA,NA,NA,1,NA,B8
1767,B0826,8,B,8B,Hindu,Enemies,Enemy3,2,19,M,26,4,6,4,5,6,3,4,4,3,4,4,4,3,NA,1,4,1,3,2,4,1,4,3,2,5,3,1,3,4,3,3,2,2,2,1,2,2,2,4,4,M,Muslim,3,1,2,1,1,1,1,1,1,1,1,4,3,6,1,1,1,1,1,1,1,4,1,7,1,6,7,1,0,B8
1768,B0826,8,B,8B,Hindu,Enemies,Enemy4,2,22,M,26,4,6,4,5,6,3,4,4,3,4,4,4,3,NA,1,4,1,3,2,4,1,4,3,2,5,3,1,3,4,3,3,2,2,2,1,2,2,2,4,4,M,Hindu,1,2,1,2,2,1,4,1,3,4,1,4,4,4,1,1,2,3,3,1,3,1,3,5,7,7,2,1,1,B8
1769,B0826,8,B,8B,Hindu,Enemies,Enemy5,2,25,M,26,4,6,4,5,6,3,4,4,3,4,4,4,3,NA,1,4,1,3,2,4,1,4,3,2,5,3,1,3,4,3,3,2,2,2,1,2,2,2,4,4,M,NA,NA,NA,NA,NA,NA,NA,NA,NA,NA,NA,NA,NA,NA,NA,NA,NA,NA,NA,NA,NA,NA,NA,NA,NA,NA,NA,NA,1,NA,B8
1770,B0826,8,B,8B,Hindu,Enemies,Enemy6,2,34,M,26,4,6,4,5,6,3,4,4,3,4,4,4,3,NA,1,4,1,3,2,4,1,4,3,2,5,3,1,3,4,3,3,2,2,2,1,2,2,2,4,4,M,Muslim,1,1,1,1,1,1,1,1,1,1,1,4,4,4,3,3,3,3,3,2,1,2,3,7,1,5,7,1,0,B8
1771,B0828,8,B,8B,Muslim,Enemies,Enemy1,2,20,M,28,6,6,4,6,5,7,7,6,6,5,6,6,7,NA,1,1,1,1,1,1,1,2,4,1,1,1,2,1,3,3,3,3,1,1,1,1,4,2,4,1,M,Hindu,2,2,3,3,1,1,2,1,3,1,1,4,4,4,2,1,1,3,1,2,1,5,3,NA,4,7,6,1,0,B8
1772,B0828,8,B,8B,Muslim,Enemies,Enemy2,2,47,M,28,6,6,4,6,5,7,7,6,6,5,6,6,7,NA,1,1,1,1,1,1,1,2,4,1,1,1,2,1,3,3,3,3,1,1,1,1,4,2,4,1,M,NA,NA,NA,NA,NA,NA,NA,NA,NA,NA,NA,NA,NA,NA,NA,NA,NA,NA,NA,NA,NA,NA,NA,NA,NA,NA,NA,NA,1,NA,B8
1773,B0829,8,B,8B,Hindu,Enemies,Enemy1,2,1,M,29,5,6,6,6,7,5,7,7,6,6,5,5,8,NA,1,1,2,1,1,1,1,1,1,1,1,1,1,1,4,4,3,1,1,1,1,1,1,1,2,1,M,NA,NA,NA,NA,NA,NA,NA,NA,NA,NA,NA,NA,NA,NA,NA,NA,NA,NA,NA,NA,NA,NA,NA,NA,NA,NA,NA,NA,1,NA,B8
1774,B0829,8,B,8B,Hindu,Enemies,Enemy2,2,44,M,29,5,6,6,6,7,5,7,7,6,6,5,5,8,NA,1,1,2,1,1,1,1,1,1,1,1,1,1,1,4,4,3,1,1,1,1,1,1,1,2,1,M,Hindu,2,4,1,1,3,1,4,1,4,2,2,6,4,7,1,1,1,1,1,4,1,5,3,7,7,7,7,1,1,B8
1775,B0832,8,B,8B,Muslim,Enemies,Enemy1,2,1,M,32,4,7,4,7,4,7,7,7,4,3,3,3,NA,NONE,1,1,3,1,2,1,1,2,4,1,1,1,2,2,4,1,4,1,1,1,3,1,1,1,1,5,M,NA,NA,NA,NA,NA,NA,NA,NA,NA,NA,NA,NA,NA,NA,NA,NA,NA,NA,NA,NA,NA,NA,NA,NA,NA,NA,NA,NA,1,NA,B8
1776,B0832,8,B,8B,Muslim,Enemies,Enemy2,2,15,M,32,4,7,4,7,4,7,7,7,4,3,3,3,NA,NONE,1,1,3,1,2,1,1,2,4,1,1,1,2,2,4,1,4,1,1,1,3,1,1,1,1,5,M,Hindu,3,5,3,1,1,1,5,1,2,4,3,7,2,2,1,1,1,2,1,1,1,5,1,7,5,7,7,1,0,B8
1777,B0832,8,B,8B,Muslim,Enemies,Enemy3,2,47,M,32,4,7,4,7,4,7,7,7,4,3,3,3,NA,NONE,1,1,3,1,2,1,1,2,4,1,1,1,2,2,4,1,4,1,1,1,3,1,1,1,1,5,M,NA,NA,NA,NA,NA,NA,NA,NA,NA,NA,NA,NA,NA,NA,NA,NA,NA,NA,NA,NA,NA,NA,NA,NA,NA,NA,NA,NA,1,NA,B8
1778,B0833,8,B,8B,Hindu,Enemies,Enemy1,2,2,M,33,1,7,4,7,7,7,7,6,7,2,3,4,8,NA,1,2,2,2,1,1,1,1,3,1,2,2,1,1,6,6,6,1,1,1,3,1,1,1,5,5,M,Muslim,1,1,1,1,1,1,1,1,1,1,1,4,1,4,5,1,1,1,1,2,1,3,3,7,1,6,7,1,0,B8
1779,B0833,8,B,8B,Hindu,Enemies,Enemy2,2,3,M,33,1,7,4,7,7,7,7,6,7,2,3,4,8,NA,1,2,2,2,1,1,1,1,3,1,2,2,1,1,6,6,6,1,1,1,3,1,1,1,5,5,M,NA,NA,NA,NA,NA,NA,NA,NA,NA,NA,NA,NA,NA,NA,NA,NA,NA,NA,NA,NA,NA,NA,NA,NA,NA,NA,NA,NA,1,NA,B8
1780,B0833,8,B,8B,Hindu,Enemies,Enemy3,2,8,M,33,1,7,4,7,7,7,7,6,7,2,3,4,8,NA,1,2,2,2,1,1,1,1,3,1,2,2,1,1,6,6,6,1,1,1,3,1,1,1,5,5,M,Muslim,1,2,2,2,1,1,4,1,1,1,2,3,2,3,3,1,1,2,2,1,1,2,2,7,4,3,7,1,0,B8
1781,B0833,8,B,8B,Hindu,Enemies,Enemy4,2,17,M,33,1,7,4,7,7,7,7,6,7,2,3,4,8,NA,1,2,2,2,1,1,1,1,3,1,2,2,1,1,6,6,6,1,1,1,3,1,1,1,5,5,M,Muslim,3,3,3,1,3,1,4,3,1,3,3,1,1,1,3,1,1,3,1,1,1,3,2,6,4,6,6,1,0,B8
1782,B0833,8,B,8B,Hindu,Enemies,Enemy5,2,18,M,33,1,7,4,7,7,7,7,6,7,2,3,4,8,NA,1,2,2,2,1,1,1,1,3,1,2,2,1,1,6,6,6,1,1,1,3,1,1,1,5,5,M,NA,NA,NA,NA,NA,NA,NA,NA,NA,NA,NA,NA,NA,NA,NA,NA,NA,NA,NA,NA,NA,NA,NA,NA,NA,NA,NA,NA,1,NA,B8
1783,B0833,8,B,8B,Hindu,Enemies,Enemy6,2,24,M,33,1,7,4,7,7,7,7,6,7,2,3,4,8,NA,1,2,2,2,1,1,1,1,3,1,2,2,1,1,6,6,6,1,1,1,3,1,1,1,5,5,M,NA,NA,NA,NA,NA,NA,NA,NA,NA,NA,NA,NA,NA,NA,NA,NA,NA,NA,NA,NA,NA,NA,NA,NA,NA,NA,NA,NA,1,NA,B8
1784,B0833,8,B,8B,Hindu,Enemies,Enemy7,2,25,M,33,1,7,4,7,7,7,7,6,7,2,3,4,8,NA,1,2,2,2,1,1,1,1,3,1,2,2,1,1,6,6,6,1,1,1,3,1,1,1,5,5,M,NA,NA,NA,NA,NA,NA,NA,NA,NA,NA,NA,NA,NA,NA,NA,NA,NA,NA,NA,NA,NA,NA,NA,NA,NA,NA,NA,NA,1,NA,B8
1785,B0834,8,B,8B,Muslim,Enemies,Enemy1,2,3,M,34,5,7,1,5,5,7,7,7,5,5,5,3,8,NA,1,1,1,1,1,1,1,1,1,1,1,1,2,1,4,4,4,3,3,3,3,3,2,1,2,3,M,NA,NA,NA,NA,NA,NA,NA,NA,NA,NA,NA,NA,NA,NA,NA,NA,NA,NA,NA,NA,NA,NA,NA,NA,NA,NA,NA,NA,1,NA,B8
1786,B0834,8,B,8B,Muslim,Enemies,Enemy2,2,11,M,34,5,7,1,5,5,7,7,7,5,5,5,3,8,NA,1,1,1,1,1,1,1,1,1,1,1,1,2,1,4,4,4,3,3,3,3,3,2,1,2,3,M,NA,NA,NA,NA,NA,NA,NA,NA,NA,NA,NA,NA,NA,NA,NA,NA,NA,NA,NA,NA,NA,NA,NA,NA,NA,NA,NA,NA,1,NA,B8
1787,B0834,8,B,8B,Muslim,Enemies,Enemy3,2,13,M,34,5,7,1,5,5,7,7,7,5,5,5,3,8,NA,1,1,1,1,1,1,1,1,1,1,1,1,2,1,4,4,4,3,3,3,3,3,2,1,2,3,M,Hindu,1,1,1,1,1,1,1,5,1,1,1,7,3,3,1,1,2,1,1,1,1,5,2,6,5,7,5,1,0,B8
1788,B0834,8,B,8B,Muslim,Enemies,Enemy4,2,14,M,34,5,7,1,5,5,7,7,7,5,5,5,3,8,NA,1,1,1,1,1,1,1,1,1,1,1,1,2,1,4,4,4,3,3,3,3,3,2,1,2,3,M,NA,NA,NA,NA,NA,NA,NA,NA,NA,NA,NA,NA,NA,NA,NA,NA,NA,NA,NA,NA,NA,NA,NA,NA,NA,NA,NA,NA,1,NA,B8
1789,B0834,8,B,8B,Muslim,Enemies,Enemy5,2,25,M,34,5,7,1,5,5,7,7,7,5,5,5,3,8,NA,1,1,1,1,1,1,1,1,1,1,1,1,2,1,4,4,4,3,3,3,3,3,2,1,2,3,M,NA,NA,NA,NA,NA,NA,NA,NA,NA,NA,NA,NA,NA,NA,NA,NA,NA,NA,NA,NA,NA,NA,NA,NA,NA,NA,NA,NA,1,NA,B8
1790,B0834,8,B,8B,Muslim,Enemies,Enemy6,2,29,M,34,5,7,1,5,5,7,7,7,5,5,5,3,8,NA,1,1,1,1,1,1,1,1,1,1,1,1,2,1,4,4,4,3,3,3,3,3,2,1,2,3,M,Hindu,1,2,1,1,1,1,1,1,1,1,1,4,4,3,1,1,1,1,1,1,1,2,1,6,6,7,5,1,0,B8
1791,B0834,8,B,8B,Muslim,Enemies,Enemy7,2,37,M,34,5,7,1,5,5,7,7,7,5,5,5,3,8,NA,1,1,1,1,1,1,1,1,1,1,1,1,2,1,4,4,4,3,3,3,3,3,2,1,2,3,M,NA,NA,NA,NA,NA,NA,NA,NA,NA,NA,NA,NA,NA,NA,NA,NA,NA,NA,NA,NA,NA,NA,NA,NA,NA,NA,NA,NA,1,NA,B8
1792,B0835,8,B,8B,Hindu,Enemies,Enemy1,2,1,M,35,1,6,5,6,6,5,7,6,5,5,3,7,NA,NA,1,1,2,1,1,2,1,2,3,1,1,2,1,1,4,4,4,3,2,1,2,2,1,1,5,2,M,NA,NA,NA,NA,NA,NA,NA,NA,NA,NA,NA,NA,NA,NA,NA,NA,NA,NA,NA,NA,NA,NA,NA,NA,NA,NA,NA,NA,1,NA,B8
1793,B0835,8,B,8B,Hindu,Enemies,Enemy2,2,13,M,35,1,6,5,6,6,5,7,6,5,5,3,7,NA,NA,1,1,2,1,1,2,1,2,3,1,1,2,1,1,4,4,4,3,2,1,2,2,1,1,5,2,M,Hindu,1,1,1,1,1,1,1,5,1,1,1,7,3,3,1,1,2,1,1,1,1,5,2,6,5,7,5,1,1,B8
1794,B0835,8,B,8B,Hindu,Enemies,Enemy3,2,18,M,35,1,6,5,6,6,5,7,6,5,5,3,7,NA,NA,1,1,2,1,1,2,1,2,3,1,1,2,1,1,4,4,4,3,2,1,2,2,1,1,5,2,M,NA,NA,NA,NA,NA,NA,NA,NA,NA,NA,NA,NA,NA,NA,NA,NA,NA,NA,NA,NA,NA,NA,NA,NA,NA,NA,NA,NA,1,NA,B8
1795,B0835,8,B,8B,Hindu,Enemies,Enemy4,2,27,M,35,1,6,5,6,6,5,7,6,5,5,3,7,NA,NA,1,1,2,1,1,2,1,2,3,1,1,2,1,1,4,4,4,3,2,1,2,2,1,1,5,2,M,NA,NA,NA,NA,NA,NA,NA,NA,NA,NA,NA,NA,NA,NA,NA,NA,NA,NA,NA,NA,NA,NA,NA,NA,NA,NA,NA,NA,1,NA,B8
1796,B0835,8,B,8B,Hindu,Enemies,Enemy5,2,38,M,35,1,6,5,6,6,5,7,6,5,5,3,7,NA,NA,1,1,2,1,1,2,1,2,3,1,1,2,1,1,4,4,4,3,2,1,2,2,1,1,5,2,M,Muslim,1,1,1,2,1,2,1,2,1,1,1,6,6,5,1,1,1,2,1,1,1,5,3,7,1,5,7,1,0,B8
1797,B0835,8,B,8B,Hindu,Enemies,Enemy6,2,44,M,35,1,6,5,6,6,5,7,6,5,5,3,7,NA,NA,1,1,2,1,1,2,1,2,3,1,1,2,1,1,4,4,4,3,2,1,2,2,1,1,5,2,M,Hindu,2,4,1,1,3,1,4,1,4,2,2,6,4,7,1,1,1,1,1,4,1,5,3,7,7,7,7,1,1,B8
1798,B0835,8,B,8B,Hindu,Enemies,Enemy7,2,47,M,35,1,6,5,6,6,5,7,6,5,5,3,7,NA,NA,1,1,2,1,1,2,1,2,3,1,1,2,1,1,4,4,4,3,2,1,2,2,1,1,5,2,M,NA,NA,NA,NA,NA,NA,NA,NA,NA,NA,NA,NA,NA,NA,NA,NA,NA,NA,NA,NA,NA,NA,NA,NA,NA,NA,NA,NA,1,NA,B8
1799,B0838,8,B,8B,Muslim,Enemies,Enemy1,2,1,M,38,5,7,1,6,5,7,5,4,5,5,5,3,8,NA,1,1,1,1,2,1,2,2,1,2,1,1,2,1,6,6,5,1,1,1,2,1,1,1,5,3,M,NA,NA,NA,NA,NA,NA,NA,NA,NA,NA,NA,NA,NA,NA,NA,NA,NA,NA,NA,NA,NA,NA,NA,NA,NA,NA,NA,NA,1,NA,B8
1800,B0838,8,B,8B,Muslim,Enemies,Enemy2,2,2,M,38,5,7,1,6,5,7,5,4,5,5,5,3,8,NA,1,1,1,1,2,1,2,2,1,2,1,1,2,1,6,6,5,1,1,1,2,1,1,1,5,3,M,Muslim,1,1,1,1,1,1,1,1,1,1,1,4,1,4,5,1,1,1,1,2,1,3,3,7,1,6,7,1,1,B8
1801,B0838,8,B,8B,Muslim,Enemies,Enemy3,2,3,M,38,5,7,1,6,5,7,5,4,5,5,5,3,8,NA,1,1,1,1,2,1,2,2,1,2,1,1,2,1,6,6,5,1,1,1,2,1,1,1,5,3,M,NA,NA,NA,NA,NA,NA,NA,NA,NA,NA,NA,NA,NA,NA,NA,NA,NA,NA,NA,NA,NA,NA,NA,NA,NA,NA,NA,NA,1,NA,B8
1802,B0838,8,B,8B,Muslim,Enemies,Enemy4,2,11,M,38,5,7,1,6,5,7,5,4,5,5,5,3,8,NA,1,1,1,1,2,1,2,2,1,2,1,1,2,1,6,6,5,1,1,1,2,1,1,1,5,3,M,NA,NA,NA,NA,NA,NA,NA,NA,NA,NA,NA,NA,NA,NA,NA,NA,NA,NA,NA,NA,NA,NA,NA,NA,NA,NA,NA,NA,1,NA,B8
1803,B0838,8,B,8B,Muslim,Enemies,Enemy5,2,13,M,38,5,7,1,6,5,7,5,4,5,5,5,3,8,NA,1,1,1,1,2,1,2,2,1,2,1,1,2,1,6,6,5,1,1,1,2,1,1,1,5,3,M,Hindu,1,1,1,1,1,1,1,5,1,1,1,7,3,3,1,1,2,1,1,1,1,5,2,6,5,7,5,1,0,B8
1804,B0838,8,B,8B,Muslim,Enemies,Enemy6,2,14,M,38,5,7,1,6,5,7,5,4,5,5,5,3,8,NA,1,1,1,1,2,1,2,2,1,2,1,1,2,1,6,6,5,1,1,1,2,1,1,1,5,3,M,NA,NA,NA,NA,NA,NA,NA,NA,NA,NA,NA,NA,NA,NA,NA,NA,NA,NA,NA,NA,NA,NA,NA,NA,NA,NA,NA,NA,1,NA,B8
1805,B0838,8,B,8B,Muslim,Enemies,Enemy7,2,25,M,38,5,7,1,6,5,7,5,4,5,5,5,3,8,NA,1,1,1,1,2,1,2,2,1,2,1,1,2,1,6,6,5,1,1,1,2,1,1,1,5,3,M,NA,NA,NA,NA,NA,NA,NA,NA,NA,NA,NA,NA,NA,NA,NA,NA,NA,NA,NA,NA,NA,NA,NA,NA,NA,NA,NA,NA,1,NA,B8
1806,B0842,8,B,8B,Muslim,Enemies,Enemy1,2,1,M,42,6,6,7,1,1,7,7,6,1,6,NA,5,7,NA,1,1,2,3,1,1,1,2,1,1,1,1,2,1,3,4,5,1,1,1,1,1,5,1,2,1,M,NA,NA,NA,NA,NA,NA,NA,NA,NA,NA,NA,NA,NA,NA,NA,NA,NA,NA,NA,NA,NA,NA,NA,NA,NA,NA,NA,NA,1,NA,B8
1807,B0842,8,B,8B,Muslim,Enemies,Enemy2,2,3,M,42,6,6,7,1,1,7,7,6,1,6,NA,5,7,NA,1,1,2,3,1,1,1,2,1,1,1,1,2,1,3,4,5,1,1,1,1,1,5,1,2,1,M,NA,NA,NA,NA,NA,NA,NA,NA,NA,NA,NA,NA,NA,NA,NA,NA,NA,NA,NA,NA,NA,NA,NA,NA,NA,NA,NA,NA,1,NA,B8
1808,B0842,8,B,8B,Muslim,Enemies,Enemy3,2,16,M,42,6,6,7,1,1,7,7,6,1,6,NA,5,7,NA,1,1,2,3,1,1,1,2,1,1,1,1,2,1,3,4,5,1,1,1,1,1,5,1,2,1,M,Hindu,4,1,2,1,3,1,3,1,5,2,2,4,4,4,1,1,3,2,5,1,3,5,5,6,1,6,3,1,0,B8
1809,B0842,8,B,8B,Muslim,Enemies,Enemy4,2,23,M,42,6,6,7,1,1,7,7,6,1,6,NA,5,7,NA,1,1,2,3,1,1,1,2,1,1,1,1,2,1,3,4,5,1,1,1,1,1,5,1,2,1,M,NA,NA,NA,NA,NA,NA,NA,NA,NA,NA,NA,NA,NA,NA,NA,NA,NA,NA,NA,NA,NA,NA,NA,NA,NA,NA,NA,NA,1,NA,B8
1810,B0842,8,B,8B,Muslim,Enemies,Enemy5,2,25,M,42,6,6,7,1,1,7,7,6,1,6,NA,5,7,NA,1,1,2,3,1,1,1,2,1,1,1,1,2,1,3,4,5,1,1,1,1,1,5,1,2,1,M,NA,NA,NA,NA,NA,NA,NA,NA,NA,NA,NA,NA,NA,NA,NA,NA,NA,NA,NA,NA,NA,NA,NA,NA,NA,NA,NA,NA,1,NA,B8
1811,B0842,8,B,8B,Muslim,Enemies,Enemy6,2,32,M,42,6,6,7,1,1,7,7,6,1,6,NA,5,7,NA,1,1,2,3,1,1,1,2,1,1,1,1,2,1,3,4,5,1,1,1,1,1,5,1,2,1,M,Muslim,1,3,1,2,1,1,4,1,1,1,2,4,1,4,1,1,1,3,1,1,1,1,5,7,4,4,7,1,1,B8
1812,B0842,8,B,8B,Muslim,Enemies,Enemy7,2,46,M,42,6,6,7,1,1,7,7,6,1,6,NA,5,7,NA,1,1,2,3,1,1,1,2,1,1,1,1,2,1,3,4,5,1,1,1,1,1,5,1,2,1,M,NA,NA,NA,NA,NA,NA,NA,NA,NA,NA,NA,NA,NA,NA,NA,NA,NA,NA,NA,NA,NA,NA,NA,NA,NA,NA,NA,NA,1,NA,B8
1813,B0844,8,B,8B,Hindu,Enemies,Enemy1,2,25,M,44,2,7,7,5,7,7,7,7,7,7,6,4,8,NA,1,2,4,1,1,3,1,4,4,1,4,2,1,2,6,4,7,1,1,1,1,1,4,1,5,3,M,NA,NA,NA,NA,NA,NA,NA,NA,NA,NA,NA,NA,NA,NA,NA,NA,NA,NA,NA,NA,NA,NA,NA,NA,NA,NA,NA,NA,1,NA,B8
1814,B0845,8,B,8B,Hindu,Enemies,Enemy1,2,3,M,45,7,7,1,1,6,6,6,1,4,7,7,7,1,GUJARATI,1,1,1,2,3,2,1,1,1,1,1,1,1,2,3,1,1,1,1,1,1,1,3,1,5,5,M,NA,NA,NA,NA,NA,NA,NA,NA,NA,NA,NA,NA,NA,NA,NA,NA,NA,NA,NA,NA,NA,NA,NA,NA,NA,NA,NA,NA,1,NA,B8
1815,B0845,8,B,8B,Hindu,Enemies,Enemy2,2,7,M,45,7,7,1,1,6,6,6,1,4,7,7,7,1,GUJARATI,1,1,1,2,3,2,1,1,1,1,1,1,1,2,3,1,1,1,1,1,1,1,3,1,5,5,M,NA,NA,NA,NA,NA,NA,NA,NA,NA,NA,NA,NA,NA,NA,NA,NA,NA,NA,NA,NA,NA,NA,NA,NA,NA,NA,NA,NA,1,NA,B8
1816,B0845,8,B,8B,Hindu,Enemies,Enemy3,2,11,M,45,7,7,1,1,6,6,6,1,4,7,7,7,1,GUJARATI,1,1,1,2,3,2,1,1,1,1,1,1,1,2,3,1,1,1,1,1,1,1,3,1,5,5,M,NA,NA,NA,NA,NA,NA,NA,NA,NA,NA,NA,NA,NA,NA,NA,NA,NA,NA,NA,NA,NA,NA,NA,NA,NA,NA,NA,NA,1,NA,B8
1817,B0845,8,B,8B,Hindu,Enemies,Enemy4,2,13,M,45,7,7,1,1,6,6,6,1,4,7,7,7,1,GUJARATI,1,1,1,2,3,2,1,1,1,1,1,1,1,2,3,1,1,1,1,1,1,1,3,1,5,5,M,Hindu,1,1,1,1,1,1,1,5,1,1,1,7,3,3,1,1,2,1,1,1,1,5,2,6,5,7,5,1,1,B8
1818,B0845,8,B,8B,Hindu,Enemies,Enemy5,2,18,M,45,7,7,1,1,6,6,6,1,4,7,7,7,1,GUJARATI,1,1,1,2,3,2,1,1,1,1,1,1,1,2,3,1,1,1,1,1,1,1,3,1,5,5,M,NA,NA,NA,NA,NA,NA,NA,NA,NA,NA,NA,NA,NA,NA,NA,NA,NA,NA,NA,NA,NA,NA,NA,NA,NA,NA,NA,NA,1,NA,B8
1819,B0845,8,B,8B,Hindu,Enemies,Enemy6,2,25,M,45,7,7,1,1,6,6,6,1,4,7,7,7,1,GUJARATI,1,1,1,2,3,2,1,1,1,1,1,1,1,2,3,1,1,1,1,1,1,1,3,1,5,5,M,NA,NA,NA,NA,NA,NA,NA,NA,NA,NA,NA,NA,NA,NA,NA,NA,NA,NA,NA,NA,NA,NA,NA,NA,NA,NA,NA,NA,1,NA,B8
1820,B0845,8,B,8B,Hindu,Enemies,Enemy7,2,30,M,45,7,7,1,1,6,6,6,1,4,7,7,7,1,GUJARATI,1,1,1,2,3,2,1,1,1,1,1,1,1,2,3,1,1,1,1,1,1,1,3,1,5,5,M,NA,NA,NA,NA,NA,NA,NA,NA,NA,NA,NA,NA,NA,NA,NA,NA,NA,NA,NA,NA,NA,NA,NA,NA,NA,NA,NA,NA,1,NA,B8
1821,B0849,8,B,8B,Hindu,Enemies,Enemy1,2,39,M,49,1,6,6,7,7,6,7,5,5,7,4,7,2,NA,1,2,1,2,1,1,1,2,4,1,3,2,1,1,4,4,4,1,1,1,3,1,1,1,5,4,M,NA,NA,NA,NA,NA,NA,NA,NA,NA,NA,NA,NA,NA,NA,NA,NA,NA,NA,NA,NA,NA,NA,NA,NA,NA,NA,NA,NA,1,NA,B8
1822,B0849,8,B,8B,Hindu,Enemies,Enemy2,2,46,M,49,1,6,6,7,7,6,7,5,5,7,4,7,2,NA,1,2,1,2,1,1,1,2,4,1,3,2,1,1,4,4,4,1,1,1,3,1,1,1,5,4,M,NA,NA,NA,NA,NA,NA,NA,NA,NA,NA,NA,NA,NA,NA,NA,NA,NA,NA,NA,NA,NA,NA,NA,NA,NA,NA,NA,NA,1,NA,B8
1823,B0849,8,B,8B,Hindu,Enemies,Enemy3,2,47,M,49,1,6,6,7,7,6,7,5,5,7,4,7,2,NA,1,2,1,2,1,1,1,2,4,1,3,2,1,1,4,4,4,1,1,1,3,1,1,1,5,4,M,NA,NA,NA,NA,NA,NA,NA,NA,NA,NA,NA,NA,NA,NA,NA,NA,NA,NA,NA,NA,NA,NA,NA,NA,NA,NA,NA,NA,1,NA,B8
1824,B0850,8,B,8B,Muslim,Enemies,Enemy1,2,55,F,50,4,3,6,4,4,7,6,6,6,5,6,3,8,MUSLIM,2,1,2,2,2,1,1,2,4,1,2,1,2,1,4,4,4,1,1,1,1,1,1,2,5,3,F,NA,NA,NA,NA,NA,NA,NA,NA,NA,NA,NA,NA,NA,NA,NA,NA,NA,NA,NA,NA,NA,NA,NA,NA,NA,NA,NA,NA,1,NA,B8
1825,B0850,8,B,8B,Muslim,Enemies,Enemy2,2,73,F,50,4,3,6,4,4,7,6,6,6,5,6,3,8,MUSLIM,2,1,2,2,2,1,1,2,4,1,2,1,2,1,4,4,4,1,1,1,1,1,1,2,5,3,F,Muslim,1,1,2,1,1,1,3,1,1,2,1,5,5,5,1,1,1,3,1,5,1,5,2,4,6,6,6,1,1,B8
1826,B0851,8,B,8B,Muslim,Enemies,Enemy1,2,21,F,51,1,6,5,5,7,4,4,5,4,6,1,7,NA,SULOMANI VAHRA,2,5,1,3,1,5,1,2,3,5,5,5,2,4,2,1,1,1,1,1,1,1,1,1,5,5,M,Hindu,2,2,2,1,1,1,3,1,2,2,1,5,6,5,1,1,1,4,1,1,1,5,5,7,4,7,7,0,0,B8
1827,B0851,8,B,8B,Muslim,Enemies,Enemy2,2,42,F,51,1,6,5,5,7,4,4,5,4,6,1,7,NA,SULOMANI VAHRA,2,5,1,3,1,5,1,2,3,5,5,5,2,4,2,1,1,1,1,1,1,1,1,1,5,5,M,Muslim,1,2,3,1,1,1,1,1,1,1,1,3,4,5,1,1,1,1,1,5,1,2,1,6,7,1,7,0,1,B8
1828,B0851,8,B,8B,Muslim,Enemies,Enemy3,2,53,F,51,1,6,5,5,7,4,4,5,4,6,1,7,NA,SULOMANI VAHRA,2,5,1,3,1,5,1,2,3,5,5,5,2,4,2,1,1,1,1,1,1,1,1,1,5,5,F,Hindu,4,3,2,3,3,1,3,5,5,4,2,4,4,4,3,2,1,3,2,2,2,3,5,4,7,7,6,1,0,B8
1829,B0851,8,B,8B,Muslim,Enemies,Enemy4,2,56,F,51,1,6,5,5,7,4,4,5,4,6,1,7,NA,SULOMANI VAHRA,2,5,1,3,1,5,1,2,3,5,5,5,2,4,2,1,1,1,1,1,1,1,1,1,5,5,F,NA,NA,NA,NA,NA,NA,NA,NA,NA,NA,NA,NA,NA,NA,NA,NA,NA,NA,NA,NA,NA,NA,NA,NA,NA,NA,NA,NA,1,NA,B8
1830,B0851,8,B,8B,Muslim,Enemies,Enemy5,2,62,F,51,1,6,5,5,7,4,4,5,4,6,1,7,NA,SULOMANI VAHRA,2,5,1,3,1,5,1,2,3,5,5,5,2,4,2,1,1,1,1,1,1,1,1,1,5,5,F,Hindu,3,2,2,1,1,1,3,1,5,1,1,7,4,4,1,1,2,3,1,2,3,3,1,1,6,7,5,1,0,B8
1831,B0853,8,B,8B,Hindu,Enemies,Enemy1,2,51,F,53,1,4,7,4,7,6,7,6,6,6,4,4,2,NA,2,4,3,2,3,3,1,4,3,5,5,4,1,2,4,4,4,3,2,1,3,2,2,2,3,5,F,Muslim,5,1,3,1,5,1,3,5,5,5,4,2,1,1,1,1,1,1,1,1,1,5,5,6,5,7,4,1,0,B8
1832,B0853,8,B,8B,Hindu,Enemies,Enemy2,2,60,F,53,1,4,7,4,7,6,7,6,6,6,4,4,2,NA,2,4,3,2,3,3,1,4,3,5,5,4,1,2,4,4,4,3,2,1,3,2,2,2,3,5,F,NA,NA,NA,NA,NA,NA,NA,NA,NA,NA,NA,NA,NA,NA,NA,NA,NA,NA,NA,NA,NA,NA,NA,NA,NA,NA,NA,NA,1,NA,B8
1833,B0853,8,B,8B,Hindu,Enemies,Enemy3,2,63,F,53,1,4,7,4,7,6,7,6,6,6,4,4,2,NA,2,4,3,2,3,3,1,4,3,5,5,4,1,2,4,4,4,3,2,1,3,2,2,2,3,5,F,NA,NA,NA,NA,NA,NA,NA,NA,NA,NA,NA,NA,NA,NA,NA,NA,NA,NA,NA,NA,NA,NA,NA,NA,NA,NA,NA,NA,1,NA,B8
1834,B0853,8,B,8B,Hindu,Enemies,Enemy4,2,65,F,53,1,4,7,4,7,6,7,6,6,6,4,4,2,NA,2,4,3,2,3,3,1,4,3,5,5,4,1,2,4,4,4,3,2,1,3,2,2,2,3,5,F,Muslim,1,1,1,1,1,1,4,1,1,1,1,4,7,7,1,1,1,2,1,1,1,5,2,7,7,6,7,1,0,B8
1835,B0853,8,B,8B,Hindu,Enemies,Enemy5,2,67,F,53,1,4,7,4,7,6,7,6,6,6,4,4,2,NA,2,4,3,2,3,3,1,4,3,5,5,4,1,2,4,4,4,3,2,1,3,2,2,2,3,5,F,NA,NA,NA,NA,NA,NA,NA,NA,NA,NA,NA,NA,NA,NA,NA,NA,NA,NA,NA,NA,NA,NA,NA,NA,NA,NA,NA,NA,1,NA,B8
1836,B0853,8,B,8B,Hindu,Enemies,Enemy6,2,72,F,53,1,4,7,4,7,6,7,6,6,6,4,4,2,NA,2,4,3,2,3,3,1,4,3,5,5,4,1,2,4,4,4,3,2,1,3,2,2,2,3,5,F,Muslim,1,1,1,1,1,1,4,1,1,2,1,4,1,7,1,1,1,3,1,1,1,5,2,4,7,4,6,1,0,B8
1837,B0853,8,B,8B,Hindu,Enemies,Enemy7,2,73,F,53,1,4,7,4,7,6,7,6,6,6,4,4,2,NA,2,4,3,2,3,3,1,4,3,5,5,4,1,2,4,4,4,3,2,1,3,2,2,2,3,5,F,Muslim,1,1,2,1,1,1,3,1,1,2,1,5,5,5,1,1,1,3,1,5,1,5,2,4,6,6,6,1,0,B8
1838,B0854,8,B,8B,Muslim,Enemies,Enemy1,2,58,F,54,2,1,7,7,4,7,4,6,3,5,4,4,NA,MUSLIM,2,1,1,2,1,3,1,2,3,1,1,2,2,1,4,4,4,1,2,1,1,1,5,1,5,3,F,Hindu,2,2,1,1,3,2,4,1,3,2,1,5,4,2,1,1,2,3,2,1,1,3,2,2,7,6,1,1,0,B8
1839,B0854,8,B,8B,Muslim,Enemies,Enemy2,2,59,F,54,2,1,7,7,4,7,4,6,3,5,4,4,NA,MUSLIM,2,1,1,2,1,3,1,2,3,1,1,2,2,1,4,4,4,1,2,1,1,1,5,1,5,3,F,NA,NA,NA,NA,NA,NA,NA,NA,NA,NA,NA,NA,NA,NA,NA,NA,NA,NA,NA,NA,NA,NA,NA,NA,NA,NA,NA,NA,1,NA,B8
1840,B0854,8,B,8B,Muslim,Enemies,Enemy3,2,60,F,54,2,1,7,7,4,7,4,6,3,5,4,4,NA,MUSLIM,2,1,1,2,1,3,1,2,3,1,1,2,2,1,4,4,4,1,2,1,1,1,5,1,5,3,F,NA,NA,NA,NA,NA,NA,NA,NA,NA,NA,NA,NA,NA,NA,NA,NA,NA,NA,NA,NA,NA,NA,NA,NA,NA,NA,NA,NA,1,NA,B8
1841,B0854,8,B,8B,Muslim,Enemies,Enemy4,2,65,F,54,2,1,7,7,4,7,4,6,3,5,4,4,NA,MUSLIM,2,1,1,2,1,3,1,2,3,1,1,2,2,1,4,4,4,1,2,1,1,1,5,1,5,3,F,Muslim,1,1,1,1,1,1,4,1,1,1,1,4,7,7,1,1,1,2,1,1,1,5,2,7,7,6,7,1,1,B8
1842,B0854,8,B,8B,Muslim,Enemies,Enemy5,2,67,F,54,2,1,7,7,4,7,4,6,3,5,4,4,NA,MUSLIM,2,1,1,2,1,3,1,2,3,1,1,2,2,1,4,4,4,1,2,1,1,1,5,1,5,3,F,NA,NA,NA,NA,NA,NA,NA,NA,NA,NA,NA,NA,NA,NA,NA,NA,NA,NA,NA,NA,NA,NA,NA,NA,NA,NA,NA,NA,1,NA,B8
1843,B0854,8,B,8B,Muslim,Enemies,Enemy6,2,68,F,54,2,1,7,7,4,7,4,6,3,5,4,4,NA,MUSLIM,2,1,1,2,1,3,1,2,3,1,1,2,2,1,4,4,4,1,2,1,1,1,5,1,5,3,F,Hindu,1,2,1,1,3,1,4,1,5,2,1,3,2,1,1,1,1,3,2,1,1,3,5,1,7,7,4,1,0,B8
1844,B0854,8,B,8B,Muslim,Enemies,Enemy7,2,71,F,54,2,1,7,7,4,7,4,6,3,5,4,4,NA,MUSLIM,2,1,1,2,1,3,1,2,3,1,1,2,2,1,4,4,4,1,2,1,1,1,5,1,5,3,F,NA,NA,NA,NA,NA,NA,NA,NA,NA,NA,NA,NA,NA,NA,NA,NA,NA,NA,NA,NA,NA,NA,NA,NA,NA,NA,NA,NA,1,NA,B8
1845,B0858,8,B,8B,Hindu,Enemies,Enemy1,2,51,F,58,1,2,7,7,6,1,6,7,2,2,7,6,8,NA,2,2,2,1,1,3,2,4,4,1,3,2,1,1,5,4,2,1,1,2,3,2,1,1,3,2,F,Muslim,5,1,3,1,5,1,3,5,5,5,4,2,1,1,1,1,1,1,1,1,1,5,5,6,5,7,4,1,0,B8
1846,B0858,8,B,8B,Hindu,Enemies,Enemy2,2,52,F,58,1,2,7,7,6,1,6,7,2,2,7,6,8,NA,2,2,2,1,1,3,2,4,4,1,3,2,1,1,5,4,2,1,1,2,3,2,1,1,3,2,F,NA,NA,NA,NA,NA,NA,NA,NA,NA,NA,NA,NA,NA,NA,NA,NA,NA,NA,NA,NA,NA,NA,NA,NA,NA,NA,NA,NA,1,NA,B8
1847,B0858,8,B,8B,Hindu,Enemies,Enemy3,2,57,F,58,1,2,7,7,6,1,6,7,2,2,7,6,8,NA,2,2,2,1,1,3,2,4,4,1,3,2,1,1,5,4,2,1,1,2,3,2,1,1,3,2,F,NA,NA,NA,NA,NA,NA,NA,NA,NA,NA,NA,NA,NA,NA,NA,NA,NA,NA,NA,NA,NA,NA,NA,NA,NA,NA,NA,NA,1,NA,B8
1848,B0858,8,B,8B,Hindu,Enemies,Enemy4,2,59,F,58,1,2,7,7,6,1,6,7,2,2,7,6,8,NA,2,2,2,1,1,3,2,4,4,1,3,2,1,1,5,4,2,1,1,2,3,2,1,1,3,2,F,NA,NA,NA,NA,NA,NA,NA,NA,NA,NA,NA,NA,NA,NA,NA,NA,NA,NA,NA,NA,NA,NA,NA,NA,NA,NA,NA,NA,1,NA,B8
1849,B0858,8,B,8B,Hindu,Enemies,Enemy5,2,60,F,58,1,2,7,7,6,1,6,7,2,2,7,6,8,NA,2,2,2,1,1,3,2,4,4,1,3,2,1,1,5,4,2,1,1,2,3,2,1,1,3,2,F,NA,NA,NA,NA,NA,NA,NA,NA,NA,NA,NA,NA,NA,NA,NA,NA,NA,NA,NA,NA,NA,NA,NA,NA,NA,NA,NA,NA,1,NA,B8
1850,B0858,8,B,8B,Hindu,Enemies,Enemy6,2,63,F,58,1,2,7,7,6,1,6,7,2,2,7,6,8,NA,2,2,2,1,1,3,2,4,4,1,3,2,1,1,5,4,2,1,1,2,3,2,1,1,3,2,F,NA,NA,NA,NA,NA,NA,NA,NA,NA,NA,NA,NA,NA,NA,NA,NA,NA,NA,NA,NA,NA,NA,NA,NA,NA,NA,NA,NA,1,NA,B8
1851,B0858,8,B,8B,Hindu,Enemies,Enemy7,2,65,F,58,1,2,7,7,6,1,6,7,2,2,7,6,8,NA,2,2,2,1,1,3,2,4,4,1,3,2,1,1,5,4,2,1,1,2,3,2,1,1,3,2,F,Muslim,1,1,1,1,1,1,4,1,1,1,1,4,7,7,1,1,1,2,1,1,1,5,2,7,7,6,7,1,0,B8
1852,B0861,8,B,8B,Hindu,Enemies,Enemy1,2,54,F,61,2,2,6,6,6,3,6,6,6,2,6,6,8,NA,2,1,1,1,1,1,1,1,4,1,1,1,1,1,6,6,6,1,1,1,1,1,5,1,5,5,F,Muslim,1,1,2,1,3,1,3,1,1,2,1,4,4,4,1,2,1,1,1,5,1,5,3,1,7,4,7,1,0,B8
1853,B0862,8,B,8B,Hindu,Enemies,Enemy1,2,52,F,62,2,1,6,3,7,5,7,7,3,5,4,5,1,NA,2,3,2,2,1,1,1,1,3,1,5,1,1,1,7,4,4,1,1,2,3,1,2,3,3,1,F,NA,NA,NA,NA,NA,NA,NA,NA,NA,NA,NA,NA,NA,NA,NA,NA,NA,NA,NA,NA,NA,NA,NA,NA,NA,NA,NA,NA,1,NA,B8
1854,B0862,8,B,8B,Hindu,Enemies,Enemy2,2,56,F,62,2,1,6,3,7,5,7,7,3,5,4,5,1,NA,2,3,2,2,1,1,1,1,3,1,5,1,1,1,7,4,4,1,1,2,3,1,2,3,3,1,F,NA,NA,NA,NA,NA,NA,NA,NA,NA,NA,NA,NA,NA,NA,NA,NA,NA,NA,NA,NA,NA,NA,NA,NA,NA,NA,NA,NA,1,NA,B8
1855,B0862,8,B,8B,Hindu,Enemies,Enemy3,2,58,F,62,2,1,6,3,7,5,7,7,3,5,4,5,1,NA,2,3,2,2,1,1,1,1,3,1,5,1,1,1,7,4,4,1,1,2,3,1,2,3,3,1,F,Hindu,2,2,1,1,3,2,4,1,3,2,1,5,4,2,1,1,2,3,2,1,1,3,2,2,7,6,1,1,1,B8
1856,B0862,8,B,8B,Hindu,Enemies,Enemy4,2,61,F,62,2,1,6,3,7,5,7,7,3,5,4,5,1,NA,2,3,2,2,1,1,1,1,3,1,5,1,1,1,7,4,4,1,1,2,3,1,2,3,3,1,F,Hindu,1,1,1,1,1,1,4,1,1,1,1,6,6,6,1,1,1,1,1,5,1,5,5,2,6,6,3,1,1,B8
1857,B0862,8,B,8B,Hindu,Enemies,Enemy5,2,63,F,62,2,1,6,3,7,5,7,7,3,5,4,5,1,NA,2,3,2,2,1,1,1,1,3,1,5,1,1,1,7,4,4,1,1,2,3,1,2,3,3,1,F,NA,NA,NA,NA,NA,NA,NA,NA,NA,NA,NA,NA,NA,NA,NA,NA,NA,NA,NA,NA,NA,NA,NA,NA,NA,NA,NA,NA,1,NA,B8
1858,B0862,8,B,8B,Hindu,Enemies,Enemy6,2,64,F,62,2,1,6,3,7,5,7,7,3,5,4,5,1,NA,2,3,2,2,1,1,1,1,3,1,5,1,1,1,7,4,4,1,1,2,3,1,2,3,3,1,F,Muslim,2,1,2,2,1,1,3,1,1,2,2,4,2,7,3,1,2,2,2,2,1,NA,NA,2,7,5,7,1,0,B8
1859,B0862,8,B,8B,Hindu,Enemies,Enemy7,2,70,F,62,2,1,6,3,7,5,7,7,3,5,4,5,1,NA,2,3,2,2,1,1,1,1,3,1,5,1,1,1,7,4,4,1,1,2,3,1,2,3,3,1,F,Hindu,2,1,2,1,1,1,3,1,4,2,2,4,4,4,1,1,1,1,1,3,1,5,3,4,6,7,7,1,1,B8
1860,B0864,8,B,8B,Muslim,Enemies,Enemy1,2,51,F,64,6,2,7,6,5,7,7,7,5,5,5,6,6,NA,2,2,1,2,2,1,1,2,3,1,1,2,2,2,4,2,7,3,1,2,2,2,2,1,NA,NA,F,Muslim,5,1,3,1,5,1,3,5,5,5,4,2,1,1,1,1,1,1,1,1,1,5,5,6,5,7,4,1,1,B8
1861,B0864,8,B,8B,Muslim,Enemies,Enemy2,2,52,F,64,6,2,7,6,5,7,7,7,5,5,5,6,6,NA,2,2,1,2,2,1,1,2,3,1,1,2,2,2,4,2,7,3,1,2,2,2,2,1,NA,NA,F,NA,NA,NA,NA,NA,NA,NA,NA,NA,NA,NA,NA,NA,NA,NA,NA,NA,NA,NA,NA,NA,NA,NA,NA,NA,NA,NA,NA,1,NA,B8
1862,B0864,8,B,8B,Muslim,Enemies,Enemy3,2,53,F,64,6,2,7,6,5,7,7,7,5,5,5,6,6,NA,2,2,1,2,2,1,1,2,3,1,1,2,2,2,4,2,7,3,1,2,2,2,2,1,NA,NA,F,Hindu,4,3,2,3,3,1,3,5,5,4,2,4,4,4,3,2,1,3,2,2,2,3,5,4,7,7,6,1,0,B8
1863,B0864,8,B,8B,Muslim,Enemies,Enemy4,2,56,F,64,6,2,7,6,5,7,7,7,5,5,5,6,6,NA,2,2,1,2,2,1,1,2,3,1,1,2,2,2,4,2,7,3,1,2,2,2,2,1,NA,NA,F,NA,NA,NA,NA,NA,NA,NA,NA,NA,NA,NA,NA,NA,NA,NA,NA,NA,NA,NA,NA,NA,NA,NA,NA,NA,NA,NA,NA,1,NA,B8
1864,B0864,8,B,8B,Muslim,Enemies,Enemy5,2,57,F,64,6,2,7,6,5,7,7,7,5,5,5,6,6,NA,2,2,1,2,2,1,1,2,3,1,1,2,2,2,4,2,7,3,1,2,2,2,2,1,NA,NA,F,NA,NA,NA,NA,NA,NA,NA,NA,NA,NA,NA,NA,NA,NA,NA,NA,NA,NA,NA,NA,NA,NA,NA,NA,NA,NA,NA,NA,1,NA,B8
1865,B0864,8,B,8B,Muslim,Enemies,Enemy6,2,62,F,64,6,2,7,6,5,7,7,7,5,5,5,6,6,NA,2,2,1,2,2,1,1,2,3,1,1,2,2,2,4,2,7,3,1,2,2,2,2,1,NA,NA,F,Hindu,3,2,2,1,1,1,3,1,5,1,1,7,4,4,1,1,2,3,1,2,3,3,1,1,6,7,5,1,0,B8
1866,B0864,8,B,8B,Muslim,Enemies,Enemy7,2,71,F,64,6,2,7,6,5,7,7,7,5,5,5,6,6,NA,2,2,1,2,2,1,1,2,3,1,1,2,2,2,4,2,7,3,1,2,2,2,2,1,NA,NA,F,NA,NA,NA,NA,NA,NA,NA,NA,NA,NA,NA,NA,NA,NA,NA,NA,NA,NA,NA,NA,NA,NA,NA,NA,NA,NA,NA,NA,1,NA,B8
1867,B0865,8,B,8B,Muslim,Enemies,Enemy1,2,3,F,65,6,7,7,7,6,7,7,7,5,6,7,7,6,NA,2,1,1,1,1,1,1,2,4,1,1,1,2,1,4,7,7,1,1,1,2,1,1,1,5,2,M,NA,NA,NA,NA,NA,NA,NA,NA,NA,NA,NA,NA,NA,NA,NA,NA,NA,NA,NA,NA,NA,NA,NA,NA,NA,NA,NA,NA,0,NA,B8
1868,B0865,8,B,8B,Muslim,Enemies,Enemy2,2,46,F,65,6,7,7,7,6,7,7,7,5,6,7,7,6,NA,2,1,1,1,1,1,1,2,4,1,1,1,2,1,4,7,7,1,1,1,2,1,1,1,5,2,M,NA,NA,NA,NA,NA,NA,NA,NA,NA,NA,NA,NA,NA,NA,NA,NA,NA,NA,NA,NA,NA,NA,NA,NA,NA,NA,NA,NA,0,NA,B8
1869,B0865,8,B,8B,Muslim,Enemies,Enemy3,2,56,F,65,6,7,7,7,6,7,7,7,5,6,7,7,6,NA,2,1,1,1,1,1,1,2,4,1,1,1,2,1,4,7,7,1,1,1,2,1,1,1,5,2,F,NA,NA,NA,NA,NA,NA,NA,NA,NA,NA,NA,NA,NA,NA,NA,NA,NA,NA,NA,NA,NA,NA,NA,NA,NA,NA,NA,NA,1,NA,B8
1870,B0865,8,B,8B,Muslim,Enemies,Enemy4,2,58,F,65,6,7,7,7,6,7,7,7,5,6,7,7,6,NA,2,1,1,1,1,1,1,2,4,1,1,1,2,1,4,7,7,1,1,1,2,1,1,1,5,2,F,Hindu,2,2,1,1,3,2,4,1,3,2,1,5,4,2,1,1,2,3,2,1,1,3,2,2,7,6,1,1,0,B8
1871,B0865,8,B,8B,Muslim,Enemies,Enemy5,2,63,F,65,6,7,7,7,6,7,7,7,5,6,7,7,6,NA,2,1,1,1,1,1,1,2,4,1,1,1,2,1,4,7,7,1,1,1,2,1,1,1,5,2,F,NA,NA,NA,NA,NA,NA,NA,NA,NA,NA,NA,NA,NA,NA,NA,NA,NA,NA,NA,NA,NA,NA,NA,NA,NA,NA,NA,NA,1,NA,B8
1872,B0865,8,B,8B,Muslim,Enemies,Enemy6,2,68,F,65,6,7,7,7,6,7,7,7,5,6,7,7,6,NA,2,1,1,1,1,1,1,2,4,1,1,1,2,1,4,7,7,1,1,1,2,1,1,1,5,2,F,Hindu,1,2,1,1,3,1,4,1,5,2,1,3,2,1,1,1,1,3,2,1,1,3,5,1,7,7,4,1,0,B8
1873,B0865,8,B,8B,Muslim,Enemies,Enemy7,2,71,F,65,6,7,7,7,6,7,7,7,5,6,7,7,6,NA,2,1,1,1,1,1,1,2,4,1,1,1,2,1,4,7,7,1,1,1,2,1,1,1,5,2,F,NA,NA,NA,NA,NA,NA,NA,NA,NA,NA,NA,NA,NA,NA,NA,NA,NA,NA,NA,NA,NA,NA,NA,NA,NA,NA,NA,NA,1,NA,B8
1874,B0866,8,B,8B,Hindu,Enemies,Enemy1,2,7,F,66,7,7,7,7,7,4,7,6,6,6,3,4,8,NA,2,1,1,1,2,1,1,1,4,1,4,2,1,1,4,7,3,1,1,1,1,1,1,1,4,2,M,NA,NA,NA,NA,NA,NA,NA,NA,NA,NA,NA,NA,NA,NA,NA,NA,NA,NA,NA,NA,NA,NA,NA,NA,NA,NA,NA,NA,0,NA,B8
1875,B0866,8,B,8B,Hindu,Enemies,Enemy2,2,50,F,66,7,7,7,7,7,4,7,6,6,6,3,4,8,NA,2,1,1,1,2,1,1,1,4,1,4,2,1,1,4,7,3,1,1,1,1,1,1,1,4,2,F,Muslim,1,2,2,2,1,1,4,1,2,1,1,4,4,4,1,1,1,1,1,1,2,5,3,3,6,4,7,1,0,B8
1876,B0866,8,B,8B,Hindu,Enemies,Enemy3,2,51,F,66,7,7,7,7,7,4,7,6,6,6,3,4,8,NA,2,1,1,1,2,1,1,1,4,1,4,2,1,1,4,7,3,1,1,1,1,1,1,1,4,2,F,Muslim,5,1,3,1,5,1,3,5,5,5,4,2,1,1,1,1,1,1,1,1,1,5,5,6,5,7,4,1,0,B8
1877,B0866,8,B,8B,Hindu,Enemies,Enemy4,2,54,F,66,7,7,7,7,7,4,7,6,6,6,3,4,8,NA,2,1,1,1,2,1,1,1,4,1,4,2,1,1,4,7,3,1,1,1,1,1,1,1,4,2,F,Muslim,1,1,2,1,3,1,3,1,1,2,1,4,4,4,1,2,1,1,1,5,1,5,3,1,7,4,7,1,0,B8
1878,B0866,8,B,8B,Hindu,Enemies,Enemy5,2,56,F,66,7,7,7,7,7,4,7,6,6,6,3,4,8,NA,2,1,1,1,2,1,1,1,4,1,4,2,1,1,4,7,3,1,1,1,1,1,1,1,4,2,F,NA,NA,NA,NA,NA,NA,NA,NA,NA,NA,NA,NA,NA,NA,NA,NA,NA,NA,NA,NA,NA,NA,NA,NA,NA,NA,NA,NA,1,NA,B8
1879,B0866,8,B,8B,Hindu,Enemies,Enemy6,2,58,F,66,7,7,7,7,7,4,7,6,6,6,3,4,8,NA,2,1,1,1,2,1,1,1,4,1,4,2,1,1,4,7,3,1,1,1,1,1,1,1,4,2,F,Hindu,2,2,1,1,3,2,4,1,3,2,1,5,4,2,1,1,2,3,2,1,1,3,2,2,7,6,1,1,1,B8
1880,B0866,8,B,8B,Hindu,Enemies,Enemy7,2,59,F,66,7,7,7,7,7,4,7,6,6,6,3,4,8,NA,2,1,1,1,2,1,1,1,4,1,4,2,1,1,4,7,3,1,1,1,1,1,1,1,4,2,F,NA,NA,NA,NA,NA,NA,NA,NA,NA,NA,NA,NA,NA,NA,NA,NA,NA,NA,NA,NA,NA,NA,NA,NA,NA,NA,NA,NA,1,NA,B8
1881,B0866,8,B,8B,Hindu,Enemies,Enemy8,2,69,F,66,7,7,7,7,7,4,7,6,6,6,3,4,8,NA,2,1,1,1,2,1,1,1,4,1,4,2,1,1,4,7,3,1,1,1,1,1,1,1,4,2,F,Muslim,4,1,2,1,3,1,4,1,3,3,2,7,4,4,1,1,1,1,1,3,1,5,5,4,7,7,7,1,0,B8
1882,B0868,8,B,8B,Hindu,Enemies,Enemy1,2,55,F,68,5,1,7,6,7,4,7,6,6,2,5,5,NA,KOKANI (MARATHI),2,1,2,1,1,3,1,4,4,1,5,2,1,1,3,2,1,1,1,1,3,2,1,1,3,5,F,NA,NA,NA,NA,NA,NA,NA,NA,NA,NA,NA,NA,NA,NA,NA,NA,NA,NA,NA,NA,NA,NA,NA,NA,NA,NA,NA,NA,1,NA,B8
1883,B0868,8,B,8B,Hindu,Enemies,Enemy2,2,59,F,68,5,1,7,6,7,4,7,6,6,2,5,5,NA,KOKANI (MARATHI),2,1,2,1,1,3,1,4,4,1,5,2,1,1,3,2,1,1,1,1,3,2,1,1,3,5,F,NA,NA,NA,NA,NA,NA,NA,NA,NA,NA,NA,NA,NA,NA,NA,NA,NA,NA,NA,NA,NA,NA,NA,NA,NA,NA,NA,NA,1,NA,B8
1884,B0868,8,B,8B,Hindu,Enemies,Enemy3,2,60,F,68,5,1,7,6,7,4,7,6,6,2,5,5,NA,KOKANI (MARATHI),2,1,2,1,1,3,1,4,4,1,5,2,1,1,3,2,1,1,1,1,3,2,1,1,3,5,F,NA,NA,NA,NA,NA,NA,NA,NA,NA,NA,NA,NA,NA,NA,NA,NA,NA,NA,NA,NA,NA,NA,NA,NA,NA,NA,NA,NA,1,NA,B8
1885,B0868,8,B,8B,Hindu,Enemies,Enemy4,2,63,F,68,5,1,7,6,7,4,7,6,6,2,5,5,NA,KOKANI (MARATHI),2,1,2,1,1,3,1,4,4,1,5,2,1,1,3,2,1,1,1,1,3,2,1,1,3,5,F,NA,NA,NA,NA,NA,NA,NA,NA,NA,NA,NA,NA,NA,NA,NA,NA,NA,NA,NA,NA,NA,NA,NA,NA,NA,NA,NA,NA,1,NA,B8
1886,B0868,8,B,8B,Hindu,Enemies,Enemy5,2,65,F,68,5,1,7,6,7,4,7,6,6,2,5,5,NA,KOKANI (MARATHI),2,1,2,1,1,3,1,4,4,1,5,2,1,1,3,2,1,1,1,1,3,2,1,1,3,5,F,Muslim,1,1,1,1,1,1,4,1,1,1,1,4,7,7,1,1,1,2,1,1,1,5,2,7,7,6,7,1,0,B8
1887,B0868,8,B,8B,Hindu,Enemies,Enemy6,2,67,F,68,5,1,7,6,7,4,7,6,6,2,5,5,NA,KOKANI (MARATHI),2,1,2,1,1,3,1,4,4,1,5,2,1,1,3,2,1,1,1,1,3,2,1,1,3,5,F,NA,NA,NA,NA,NA,NA,NA,NA,NA,NA,NA,NA,NA,NA,NA,NA,NA,NA,NA,NA,NA,NA,NA,NA,NA,NA,NA,NA,1,NA,B8
1888,B0868,8,B,8B,Hindu,Enemies,Enemy7,2,72,F,68,5,1,7,6,7,4,7,6,6,2,5,5,NA,KOKANI (MARATHI),2,1,2,1,1,3,1,4,4,1,5,2,1,1,3,2,1,1,1,1,3,2,1,1,3,5,F,Muslim,1,1,1,1,1,1,4,1,1,2,1,4,1,7,1,1,1,3,1,1,1,5,2,4,7,4,6,1,0,B8
1889,B0869,8,B,8B,Muslim,Enemies,Enemy1,2,32,F,69,4,4,7,4,7,7,6,7,6,7,5,4,8,NA,2,4,1,2,1,3,1,4,4,1,3,3,2,2,7,4,4,1,1,1,1,1,3,1,5,5,M,Muslim,1,3,1,2,1,1,4,1,1,1,2,4,1,4,1,1,1,3,1,1,1,1,5,7,4,4,7,0,1,B8
1890,B0869,8,B,8B,Muslim,Enemies,Enemy2,2,42,F,69,4,4,7,4,7,7,6,7,6,7,5,4,8,NA,2,4,1,2,1,3,1,4,4,1,3,3,2,2,7,4,4,1,1,1,1,1,3,1,5,5,M,Muslim,1,2,3,1,1,1,1,1,1,1,1,3,4,5,1,1,1,1,1,5,1,2,1,6,7,1,7,0,1,B8
1891,B0869,8,B,8B,Muslim,Enemies,Enemy3,2,50,F,69,4,4,7,4,7,7,6,7,6,7,5,4,8,NA,2,4,1,2,1,3,1,4,4,1,3,3,2,2,7,4,4,1,1,1,1,1,3,1,5,5,F,Muslim,1,2,2,2,1,1,4,1,2,1,1,4,4,4,1,1,1,1,1,1,2,5,3,3,6,4,7,1,1,B8
1892,B0869,8,B,8B,Muslim,Enemies,Enemy4,2,54,F,69,4,4,7,4,7,7,6,7,6,7,5,4,8,NA,2,4,1,2,1,3,1,4,4,1,3,3,2,2,7,4,4,1,1,1,1,1,3,1,5,5,F,Muslim,1,1,2,1,3,1,3,1,1,2,1,4,4,4,1,2,1,1,1,5,1,5,3,1,7,4,7,1,1,B8
1893,B0869,8,B,8B,Muslim,Enemies,Enemy5,2,58,F,69,4,4,7,4,7,7,6,7,6,7,5,4,8,NA,2,4,1,2,1,3,1,4,4,1,3,3,2,2,7,4,4,1,1,1,1,1,3,1,5,5,F,Hindu,2,2,1,1,3,2,4,1,3,2,1,5,4,2,1,1,2,3,2,1,1,3,2,2,7,6,1,1,0,B8
1894,B0869,8,B,8B,Muslim,Enemies,Enemy6,2,60,F,69,4,4,7,4,7,7,6,7,6,7,5,4,8,NA,2,4,1,2,1,3,1,4,4,1,3,3,2,2,7,4,4,1,1,1,1,1,3,1,5,5,F,NA,NA,NA,NA,NA,NA,NA,NA,NA,NA,NA,NA,NA,NA,NA,NA,NA,NA,NA,NA,NA,NA,NA,NA,NA,NA,NA,NA,1,NA,B8
1895,B0869,8,B,8B,Muslim,Enemies,Enemy7,2,65,F,69,4,4,7,4,7,7,6,7,6,7,5,4,8,NA,2,4,1,2,1,3,1,4,4,1,3,3,2,2,7,4,4,1,1,1,1,1,3,1,5,5,F,Muslim,1,1,1,1,1,1,4,1,1,1,1,4,7,7,1,1,1,2,1,1,1,5,2,7,7,6,7,1,1,B8
1896,B0870,8,B,8B,Hindu,Enemies,Enemy1,2,1,F,70,6,4,6,7,7,7,7,7,7,7,6,5,7,NA,2,2,1,2,1,1,1,1,3,1,4,2,1,2,4,4,4,1,1,1,1,1,3,1,5,3,M,NA,NA,NA,NA,NA,NA,NA,NA,NA,NA,NA,NA,NA,NA,NA,NA,NA,NA,NA,NA,NA,NA,NA,NA,NA,NA,NA,NA,0,NA,B8
1897,B0870,8,B,8B,Hindu,Enemies,Enemy2,2,3,F,70,6,4,6,7,7,7,7,7,7,7,6,5,7,NA,2,2,1,2,1,1,1,1,3,1,4,2,1,2,4,4,4,1,1,1,1,1,3,1,5,3,M,NA,NA,NA,NA,NA,NA,NA,NA,NA,NA,NA,NA,NA,NA,NA,NA,NA,NA,NA,NA,NA,NA,NA,NA,NA,NA,NA,NA,0,NA,B8
1898,B0870,8,B,8B,Hindu,Enemies,Enemy3,2,11,F,70,6,4,6,7,7,7,7,7,7,7,6,5,7,NA,2,2,1,2,1,1,1,1,3,1,4,2,1,2,4,4,4,1,1,1,1,1,3,1,5,3,M,NA,NA,NA,NA,NA,NA,NA,NA,NA,NA,NA,NA,NA,NA,NA,NA,NA,NA,NA,NA,NA,NA,NA,NA,NA,NA,NA,NA,0,NA,B8
1899,B0870,8,B,8B,Hindu,Enemies,Enemy4,2,12,F,70,6,4,6,7,7,7,7,7,7,7,6,5,7,NA,2,2,1,2,1,1,1,1,3,1,4,2,1,2,4,4,4,1,1,1,1,1,3,1,5,3,M,NA,NA,NA,NA,NA,NA,NA,NA,NA,NA,NA,NA,NA,NA,NA,NA,NA,NA,NA,NA,NA,NA,NA,NA,NA,NA,NA,NA,0,NA,B8
1900,B0870,8,B,8B,Hindu,Enemies,Enemy5,2,18,F,70,6,4,6,7,7,7,7,7,7,7,6,5,7,NA,2,2,1,2,1,1,1,1,3,1,4,2,1,2,4,4,4,1,1,1,1,1,3,1,5,3,M,NA,NA,NA,NA,NA,NA,NA,NA,NA,NA,NA,NA,NA,NA,NA,NA,NA,NA,NA,NA,NA,NA,NA,NA,NA,NA,NA,NA,0,NA,B8
1901,B0870,8,B,8B,Hindu,Enemies,Enemy6,2,34,F,70,6,4,6,7,7,7,7,7,7,7,6,5,7,NA,2,2,1,2,1,1,1,1,3,1,4,2,1,2,4,4,4,1,1,1,1,1,3,1,5,3,M,Muslim,1,1,1,1,1,1,1,1,1,1,1,4,4,4,3,3,3,3,3,2,1,2,3,7,1,5,7,0,0,B8
1902,B0870,8,B,8B,Hindu,Enemies,Enemy7,2,36,F,70,6,4,6,7,7,7,7,7,7,7,6,5,7,NA,2,2,1,2,1,1,1,1,3,1,4,2,1,2,4,4,4,1,1,1,1,1,3,1,5,3,M,NA,NA,NA,NA,NA,NA,NA,NA,NA,NA,NA,NA,NA,NA,NA,NA,NA,NA,NA,NA,NA,NA,NA,NA,NA,NA,NA,NA,0,NA,B8
1903,B0872,8,B,8B,Muslim,Enemies,Enemy1,2,54,F,72,3,4,7,7,4,6,7,7,4,6,5,4,6,NA,2,1,1,1,1,1,1,2,4,1,1,2,2,1,4,1,7,1,1,1,3,1,1,1,5,2,F,Muslim,1,1,2,1,3,1,3,1,1,2,1,4,4,4,1,2,1,1,1,5,1,5,3,1,7,4,7,1,1,B8
1904,B0872,8,B,8B,Muslim,Enemies,Enemy2,2,56,F,72,3,4,7,7,4,6,7,7,4,6,5,4,6,NA,2,1,1,1,1,1,1,2,4,1,1,2,2,1,4,1,7,1,1,1,3,1,1,1,5,2,F,NA,NA,NA,NA,NA,NA,NA,NA,NA,NA,NA,NA,NA,NA,NA,NA,NA,NA,NA,NA,NA,NA,NA,NA,NA,NA,NA,NA,1,NA,B8
1905,B0872,8,B,8B,Muslim,Enemies,Enemy3,2,58,F,72,3,4,7,7,4,6,7,7,4,6,5,4,6,NA,2,1,1,1,1,1,1,2,4,1,1,2,2,1,4,1,7,1,1,1,3,1,1,1,5,2,F,Hindu,2,2,1,1,3,2,4,1,3,2,1,5,4,2,1,1,2,3,2,1,1,3,2,2,7,6,1,1,0,B8
1906,B0872,8,B,8B,Muslim,Enemies,Enemy4,2,59,F,72,3,4,7,7,4,6,7,7,4,6,5,4,6,NA,2,1,1,1,1,1,1,2,4,1,1,2,2,1,4,1,7,1,1,1,3,1,1,1,5,2,F,NA,NA,NA,NA,NA,NA,NA,NA,NA,NA,NA,NA,NA,NA,NA,NA,NA,NA,NA,NA,NA,NA,NA,NA,NA,NA,NA,NA,1,NA,B8
1907,B0872,8,B,8B,Muslim,Enemies,Enemy5,2,69,F,72,3,4,7,7,4,6,7,7,4,6,5,4,6,NA,2,1,1,1,1,1,1,2,4,1,1,2,2,1,4,1,7,1,1,1,3,1,1,1,5,2,F,Muslim,4,1,2,1,3,1,4,1,3,3,2,7,4,4,1,1,1,1,1,3,1,5,5,4,7,7,7,1,1,B8
1908,B0872,8,B,8B,Muslim,Enemies,Enemy6,2,70,F,72,3,4,7,7,4,6,7,7,4,6,5,4,6,NA,2,1,1,1,1,1,1,2,4,1,1,2,2,1,4,1,7,1,1,1,3,1,1,1,5,2,F,Hindu,2,1,2,1,1,1,3,1,4,2,2,4,4,4,1,1,1,1,1,3,1,5,3,4,6,7,7,1,0,B8
1909,B0872,8,B,8B,Muslim,Enemies,Enemy7,2,71,F,72,3,4,7,7,4,6,7,7,4,6,5,4,6,NA,2,1,1,1,1,1,1,2,4,1,1,2,2,1,4,1,7,1,1,1,3,1,1,1,5,2,F,NA,NA,NA,NA,NA,NA,NA,NA,NA,NA,NA,NA,NA,NA,NA,NA,NA,NA,NA,NA,NA,NA,NA,NA,NA,NA,NA,NA,1,NA,B8
1910,C0804,8,C,8C,Muslim,Enemies,Enemy1,2,36,M,4,4,6,5,7,7,7,7,7,5,7,7,6,NA,Muslim Vohra,1,1,1,1,1,3,1,1,2,1,1,2,2,1,4,2,2,1,1,2,2,1,2,1,4,3,M,Hindu,3,1,1,1,2,1,4,1,4,3,2,6,4,4,2,1,1,3,1,2,1,5,5,7,3,6,6,1,0,C8
1911,C0805,8,C,8C,Hindu,Enemies,Enemy1,2,2,M,5,4,7,6,6,7,7,7,7,6,7,6,5,8,NA,1,1,1,2,2,3,1,1,3,3,4,2,1,2,4,1,1,1,1,1,1,1,2,1,5,3,M,NA,NA,NA,NA,NA,NA,NA,NA,NA,NA,NA,NA,NA,NA,NA,NA,NA,NA,NA,NA,NA,NA,NA,NA,NA,NA,NA,NA,1,NA,C8
1912,C0805,8,C,8C,Hindu,Enemies,Enemy2,2,9,M,5,4,7,6,6,7,7,7,7,6,7,6,5,8,NA,1,1,1,2,2,3,1,1,3,3,4,2,1,2,4,1,1,1,1,1,1,1,2,1,5,3,M,Hindu,2,1,2,1,2,1,3,2,4,1,2,4,4,4,2,1,1,3,1,1,1,4,3,7,1,7,4,1,1,C8
1913,C0805,8,C,8C,Hindu,Enemies,Enemy3,2,11,M,5,4,7,6,6,7,7,7,7,6,7,6,5,8,NA,1,1,1,2,2,3,1,1,3,3,4,2,1,2,4,1,1,1,1,1,1,1,2,1,5,3,M,Hindu,3,1,2,2,2,1,2,1,3,2,2,4,3,3,1,1,1,1,1,2,1,4,3,6,5,6,6,1,1,C8
1914,C0805,8,C,8C,Hindu,Enemies,Enemy4,2,15,M,5,4,7,6,6,7,7,7,7,6,7,6,5,8,NA,1,1,1,2,2,3,1,1,3,3,4,2,1,2,4,1,1,1,1,1,1,1,2,1,5,3,M,NA,NA,NA,NA,NA,NA,NA,NA,NA,NA,NA,NA,NA,NA,NA,NA,NA,NA,NA,NA,NA,NA,NA,NA,NA,NA,NA,NA,1,NA,C8
1915,C0805,8,C,8C,Hindu,Enemies,Enemy5,2,17,M,5,4,7,6,6,7,7,7,7,6,7,6,5,8,NA,1,1,1,2,2,3,1,1,3,3,4,2,1,2,4,1,1,1,1,1,1,1,2,1,5,3,M,Muslim,1,2,3,1,2,1,4,3,1,1,1,4,3,7,3,2,1,2,1,2,3,4,1,7,1,3,7,1,0,C8
1916,C0805,8,C,8C,Hindu,Enemies,Enemy6,2,19,M,5,4,7,6,6,7,7,7,7,6,7,6,5,8,NA,1,1,1,2,2,3,1,1,3,3,4,2,1,2,4,1,1,1,1,1,1,1,2,1,5,3,M,NA,NA,NA,NA,NA,NA,NA,NA,NA,NA,NA,NA,NA,NA,NA,NA,NA,NA,NA,NA,NA,NA,NA,NA,NA,NA,NA,NA,1,NA,C8
1917,C0805,8,C,8C,Hindu,Enemies,Enemy7,2,33,M,5,4,7,6,6,7,7,7,7,6,7,6,5,8,NA,1,1,1,2,2,3,1,1,3,3,4,2,1,2,4,1,1,1,1,1,1,1,2,1,5,3,M,NA,NA,NA,NA,NA,NA,NA,NA,NA,NA,NA,NA,NA,NA,NA,NA,NA,NA,NA,NA,NA,NA,NA,NA,NA,NA,NA,NA,1,NA,C8
1918,C0806,8,C,8C,Hindu,Enemies,Enemy1,2,29,M,6,2,6,5,6,7,4,7,6,4,5,6,5,1,Brahmin,1,1,1,1,1,2,1,2,4,1,3,2,1,1,7,7,6,3,2,1,2,1,1,1,5,3,M,Hindu,1,1,2,2,1,1,4,1,3,2,1,7,5,6,1,1,2,1,2,2,1,1,4,7,6,7,5,1,1,C8
1919,C0806,8,C,8C,Hindu,Enemies,Enemy2,2,35,M,6,2,6,5,6,7,4,7,6,4,5,6,5,1,Brahmin,1,1,1,1,1,2,1,2,4,1,3,2,1,1,7,7,6,3,2,1,2,1,1,1,5,3,M,NA,NA,NA,NA,NA,NA,NA,NA,NA,NA,NA,NA,NA,NA,NA,NA,NA,NA,NA,NA,NA,NA,NA,NA,NA,NA,NA,NA,1,NA,C8
1920,C0806,8,C,8C,Hindu,Enemies,Enemy3,2,40,M,6,2,6,5,6,7,4,7,6,4,5,6,5,1,Brahmin,1,1,1,1,1,2,1,2,4,1,3,2,1,1,7,7,6,3,2,1,2,1,1,1,5,3,M,Hindu,1,1,2,1,1,1,3,1,3,2,3,4,6,4,1,1,1,1,1,2,1,4,3,7,6,7,7,1,1,C8
1921,C0807,8,C,8C,Hindu,Enemies,Enemy1,2,1,M,7,6,7,6,7,7,5,6,7,5,5,5,6,2,Kshatirya,1,2,3,2,1,2,1,1,4,1,1,3,1,1,3,2,2,1,1,1,1,1,2,1,5,3,M,Muslim,1,2,1,1,2,1,4,1,1,1,1,5,4,4,1,1,1,1,2,3,1,5,4,7,7,4,7,1,0,C8
1922,C0807,8,C,8C,Hindu,Enemies,Enemy2,2,6,M,7,6,7,6,7,7,5,6,7,5,5,5,6,2,Kshatirya,1,2,3,2,1,2,1,1,4,1,1,3,1,1,3,2,2,1,1,1,1,1,2,1,5,3,M,Hindu,1,1,1,1,2,1,4,1,3,2,1,7,7,6,3,2,1,2,1,1,1,5,3,6,5,7,4,1,1,C8
1923,C0807,8,C,8C,Hindu,Enemies,Enemy3,2,15,M,7,6,7,6,7,7,5,6,7,5,5,5,6,2,Kshatirya,1,2,3,2,1,2,1,1,4,1,1,3,1,1,3,2,2,1,1,1,1,1,2,1,5,3,M,NA,NA,NA,NA,NA,NA,NA,NA,NA,NA,NA,NA,NA,NA,NA,NA,NA,NA,NA,NA,NA,NA,NA,NA,NA,NA,NA,NA,1,NA,C8
1924,C0807,8,C,8C,Hindu,Enemies,Enemy4,2,36,M,7,6,7,6,7,7,5,6,7,5,5,5,6,2,Kshatirya,1,2,3,2,1,2,1,1,4,1,1,3,1,1,3,2,2,1,1,1,1,1,2,1,5,3,M,Hindu,3,1,1,1,2,1,4,1,4,3,2,6,4,4,2,1,1,3,1,2,1,5,5,7,3,6,6,1,1,C8
1925,C0807,8,C,8C,Hindu,Enemies,Enemy5,2,71,M,7,6,7,6,7,7,5,6,7,5,5,5,6,2,Kshatirya,1,2,3,2,1,2,1,1,4,1,1,3,1,1,3,2,2,1,1,1,1,1,2,1,5,3,F,NA,NA,NA,NA,NA,NA,NA,NA,NA,NA,NA,NA,NA,NA,NA,NA,NA,NA,NA,NA,NA,NA,NA,NA,NA,NA,NA,NA,0,NA,C8
1926,C0808,8,C,8C,Hindu,Enemies,Enemy1,2,1,M,8,5,7,6,6,6,6,5,6,6,4,6,3,2,Kshatriya,1,4,1,3,1,1,1,NA,3,1,5,2,1,3,4,4,2,1,1,1,1,1,2,1,3,1,M,Muslim,1,2,1,1,2,1,4,1,1,1,1,5,4,4,1,1,1,1,2,3,1,5,4,7,7,4,7,1,0,C8
1927,C0808,8,C,8C,Hindu,Enemies,Enemy2,2,7,M,8,5,7,6,6,6,6,5,6,6,4,6,3,2,Kshatriya,1,4,1,3,1,1,1,NA,3,1,5,2,1,3,4,4,2,1,1,1,1,1,2,1,3,1,M,Hindu,2,3,2,1,2,1,4,1,1,3,1,3,2,2,1,1,1,1,1,2,1,5,3,7,6,7,5,1,1,C8
1928,C0808,8,C,8C,Hindu,Enemies,Enemy3,2,12,M,8,5,7,6,6,6,6,5,6,6,4,6,3,2,Kshatriya,1,4,1,3,1,1,1,NA,3,1,5,2,1,3,4,4,2,1,1,1,1,1,2,1,3,1,M,Muslim,2,1,2,1,1,1,4,1,1,1,1,4,4,4,5,5,4,3,4,4,5,5,4,7,4,4,7,1,0,C8
1929,C0808,8,C,8C,Hindu,Enemies,Enemy4,2,15,M,8,5,7,6,6,6,6,5,6,6,4,6,3,2,Kshatriya,1,4,1,3,1,1,1,NA,3,1,5,2,1,3,4,4,2,1,1,1,1,1,2,1,3,1,M,NA,NA,NA,NA,NA,NA,NA,NA,NA,NA,NA,NA,NA,NA,NA,NA,NA,NA,NA,NA,NA,NA,NA,NA,NA,NA,NA,NA,1,NA,C8
1930,C0808,8,C,8C,Hindu,Enemies,Enemy5,2,17,M,8,5,7,6,6,6,6,5,6,6,4,6,3,2,Kshatriya,1,4,1,3,1,1,1,NA,3,1,5,2,1,3,4,4,2,1,1,1,1,1,2,1,3,1,M,Muslim,1,2,3,1,2,1,4,3,1,1,1,4,3,7,3,2,1,2,1,2,3,4,1,7,1,3,7,1,0,C8
1931,C0808,8,C,8C,Hindu,Enemies,Enemy6,2,22,M,8,5,7,6,6,6,6,5,6,6,4,6,3,2,Kshatriya,1,4,1,3,1,1,1,NA,3,1,5,2,1,3,4,4,2,1,1,1,1,1,2,1,3,1,M,Hindu,2,1,3,1,3,1,3,1,4,2,2,7,4,4,1,1,1,1,1,1,1,5,3,4,4,4,4,1,1,C8
1932,C0808,8,C,8C,Hindu,Enemies,Enemy7,2,34,M,8,5,7,6,6,6,6,5,6,6,4,6,3,2,Kshatriya,1,4,1,3,1,1,1,NA,3,1,5,2,1,3,4,4,2,1,1,1,1,1,2,1,3,1,M,Muslim,2,2,1,1,1,2,4,2,1,1,1,4,1,4,3,1,1,2,2,1,2,1,2,6,4,1,7,1,0,C8
1933,C0809,8,C,8C,Hindu,Enemies,Enemy1,2,1,M,9,2,7,1,6,7,4,6,7,5,6,1,5,1,Brahmin,1,2,1,2,1,2,1,NA,3,2,4,1,1,2,4,4,4,2,1,1,3,1,1,1,4,3,M,Muslim,1,2,1,1,2,1,4,1,1,1,1,5,4,4,1,1,1,1,2,3,1,5,4,7,7,4,7,1,0,C8
1934,C0809,8,C,8C,Hindu,Enemies,Enemy2,2,2,M,9,2,7,1,6,7,4,6,7,5,6,1,5,1,Brahmin,1,2,1,2,1,2,1,NA,3,2,4,1,1,2,4,4,4,2,1,1,3,1,1,1,4,3,M,NA,NA,NA,NA,NA,NA,NA,NA,NA,NA,NA,NA,NA,NA,NA,NA,NA,NA,NA,NA,NA,NA,NA,NA,NA,NA,NA,NA,1,NA,C8
1935,C0809,8,C,8C,Hindu,Enemies,Enemy3,2,5,M,9,2,7,1,6,7,4,6,7,5,6,1,5,1,Brahmin,1,2,1,2,1,2,1,NA,3,2,4,1,1,2,4,4,4,2,1,1,3,1,1,1,4,3,M,Hindu,1,1,2,2,3,1,3,3,4,2,2,4,1,1,1,1,1,1,1,2,1,5,3,7,6,7,7,1,1,C8
1936,C0809,8,C,8C,Hindu,Enemies,Enemy4,2,7,M,9,2,7,1,6,7,4,6,7,5,6,1,5,1,Brahmin,1,2,1,2,1,2,1,NA,3,2,4,1,1,2,4,4,4,2,1,1,3,1,1,1,4,3,M,Hindu,2,3,2,1,2,1,4,1,1,3,1,3,2,2,1,1,1,1,1,2,1,5,3,7,6,7,5,1,1,C8
1937,C0809,8,C,8C,Hindu,Enemies,Enemy5,2,16,M,9,2,7,1,6,7,4,6,7,5,6,1,5,1,Brahmin,1,2,1,2,1,2,1,NA,3,2,4,1,1,2,4,4,4,2,1,1,3,1,1,1,4,3,M,NA,NA,NA,NA,NA,NA,NA,NA,NA,NA,NA,NA,NA,NA,NA,NA,NA,NA,NA,NA,NA,NA,NA,NA,NA,NA,NA,NA,1,NA,C8
1938,C0809,8,C,8C,Hindu,Enemies,Enemy6,2,25,M,9,2,7,1,6,7,4,6,7,5,6,1,5,1,Brahmin,1,2,1,2,1,2,1,NA,3,2,4,1,1,2,4,4,4,2,1,1,3,1,1,1,4,3,M,NA,NA,NA,NA,NA,NA,NA,NA,NA,NA,NA,NA,NA,NA,NA,NA,NA,NA,NA,NA,NA,NA,NA,NA,NA,NA,NA,NA,1,NA,C8
1939,C0809,8,C,8C,Hindu,Enemies,Enemy7,2,28,M,9,2,7,1,6,7,4,6,7,5,6,1,5,1,Brahmin,1,2,1,2,1,2,1,NA,3,2,4,1,1,2,4,4,4,2,1,1,3,1,1,1,4,3,M,Muslim,2,1,2,2,1,1,1,1,2,1,3,4,4,4,1,1,2,2,1,2,2,2,3,7,6,7,7,1,0,C8
1940,C0809,8,C,8C,Hindu,Enemies,Enemy8,2,33,M,9,2,7,1,6,7,4,6,7,5,6,1,5,1,Brahmin,1,2,1,2,1,2,1,NA,3,2,4,1,1,2,4,4,4,2,1,1,3,1,1,1,4,3,M,NA,NA,NA,NA,NA,NA,NA,NA,NA,NA,NA,NA,NA,NA,NA,NA,NA,NA,NA,NA,NA,NA,NA,NA,NA,NA,NA,NA,1,NA,C8
1941,C0811,8,C,8C,Hindu,Enemies,Enemy1,2,1,M,11,5,6,5,6,6,6,6,5,5,6,7,5,2,Vaishya,1,3,1,2,2,2,1,1,2,1,3,2,1,2,4,3,3,1,1,1,1,1,2,1,4,3,M,Muslim,1,2,1,1,2,1,4,1,1,1,1,5,4,4,1,1,1,1,2,3,1,5,4,7,7,4,7,1,0,C8
1942,C0811,8,C,8C,Hindu,Enemies,Enemy2,2,15,M,11,5,6,5,6,6,6,6,5,5,6,7,5,2,Vaishya,1,3,1,2,2,2,1,1,2,1,3,2,1,2,4,3,3,1,1,1,1,1,2,1,4,3,M,NA,NA,NA,NA,NA,NA,NA,NA,NA,NA,NA,NA,NA,NA,NA,NA,NA,NA,NA,NA,NA,NA,NA,NA,NA,NA,NA,NA,1,NA,C8
1943,C0811,8,C,8C,Hindu,Enemies,Enemy3,2,16,M,11,5,6,5,6,6,6,6,5,5,6,7,5,2,Vaishya,1,3,1,2,2,2,1,1,2,1,3,2,1,2,4,3,3,1,1,1,1,1,2,1,4,3,M,NA,NA,NA,NA,NA,NA,NA,NA,NA,NA,NA,NA,NA,NA,NA,NA,NA,NA,NA,NA,NA,NA,NA,NA,NA,NA,NA,NA,1,NA,C8
1944,C0811,8,C,8C,Hindu,Enemies,Enemy4,2,17,M,11,5,6,5,6,6,6,6,5,5,6,7,5,2,Vaishya,1,3,1,2,2,2,1,1,2,1,3,2,1,2,4,3,3,1,1,1,1,1,2,1,4,3,M,Muslim,1,2,3,1,2,1,4,3,1,1,1,4,3,7,3,2,1,2,1,2,3,4,1,7,1,3,7,1,0,C8
1945,C0811,8,C,8C,Hindu,Enemies,Enemy5,2,23,M,11,5,6,5,6,6,6,6,5,5,6,7,5,2,Vaishya,1,3,1,2,2,2,1,1,2,1,3,2,1,2,4,3,3,1,1,1,1,1,2,1,4,3,M,NA,NA,NA,NA,NA,NA,NA,NA,NA,NA,NA,NA,NA,NA,NA,NA,NA,NA,NA,NA,NA,NA,NA,NA,NA,NA,NA,NA,1,NA,C8
1946,C0811,8,C,8C,Hindu,Enemies,Enemy6,2,28,M,11,5,6,5,6,6,6,6,5,5,6,7,5,2,Vaishya,1,3,1,2,2,2,1,1,2,1,3,2,1,2,4,3,3,1,1,1,1,1,2,1,4,3,M,Muslim,2,1,2,2,1,1,1,1,2,1,3,4,4,4,1,1,2,2,1,2,2,2,3,7,6,7,7,1,0,C8
1947,C0811,8,C,8C,Hindu,Enemies,Enemy7,2,35,M,11,5,6,5,6,6,6,6,5,5,6,7,5,2,Vaishya,1,3,1,2,2,2,1,1,2,1,3,2,1,2,4,3,3,1,1,1,1,1,2,1,4,3,M,NA,NA,NA,NA,NA,NA,NA,NA,NA,NA,NA,NA,NA,NA,NA,NA,NA,NA,NA,NA,NA,NA,NA,NA,NA,NA,NA,NA,1,NA,C8
1948,C0818,8,C,8C,Muslim,Enemies,Enemy1,2,20,M,18,4,6,5,3,3,7,7,3,5,4,6,4,6,NA,1,1,2,3,3,1,2,2,4,1,1,1,2,1,4,4,6,3,1,1,2,1,2,1,4,3,M,Hindu,4,1,1,2,4,1,3,4,5,4,3,4,4,4,1,1,1,3,1,5,3,4,5,6,4,7,7,1,0,C8
1949,C0827,8,C,8C,Muslim,Enemies,Enemy1,2,35,M,27,6,7,6,7,6,7,7,7,6,6,5,6,NA,Vohra,1,1,1,2,1,1,1,1,4,1,1,1,2,1,4,3,6,1,1,1,2,1,3,1,5,3,M,NA,NA,NA,NA,NA,NA,NA,NA,NA,NA,NA,NA,NA,NA,NA,NA,NA,NA,NA,NA,NA,NA,NA,NA,NA,NA,NA,NA,1,NA,C8
1950,C0827,8,C,8C,Muslim,Enemies,Enemy2,2,66,M,27,6,7,6,7,6,7,7,7,6,6,5,6,NA,Vohra,1,1,1,2,1,1,1,1,4,1,1,1,2,1,4,3,6,1,1,1,2,1,3,1,5,3,F,NA,NA,NA,NA,NA,NA,NA,NA,NA,NA,NA,NA,NA,NA,NA,NA,NA,NA,NA,NA,NA,NA,NA,NA,NA,NA,NA,NA,0,NA,C8
1951,C0828,8,C,8C,Muslim,Enemies,Enemy1,2,1,M,28,5,7,6,6,7,7,7,5,6,5,NA,5,8,don't know,1,2,1,2,2,1,1,2,1,1,2,1,2,3,4,4,4,1,1,2,2,1,2,2,2,3,M,Muslim,1,2,1,1,2,1,4,1,1,1,1,5,4,4,1,1,1,1,2,3,1,5,4,7,7,4,7,1,1,C8
1952,C0828,8,C,8C,Muslim,Enemies,Enemy2,2,2,M,28,5,7,6,6,7,7,7,5,6,5,NA,5,8,don't know,1,2,1,2,2,1,1,2,1,1,2,1,2,3,4,4,4,1,1,2,2,1,2,2,2,3,M,NA,NA,NA,NA,NA,NA,NA,NA,NA,NA,NA,NA,NA,NA,NA,NA,NA,NA,NA,NA,NA,NA,NA,NA,NA,NA,NA,NA,1,NA,C8
1953,C0828,8,C,8C,Muslim,Enemies,Enemy3,2,8,M,28,5,7,6,6,7,7,7,5,6,5,NA,5,8,don't know,1,2,1,2,2,1,1,2,1,1,2,1,2,3,4,4,4,1,1,2,2,1,2,2,2,3,M,Hindu,4,1,3,1,1,1,3,1,5,2,3,4,4,2,1,1,1,1,1,2,1,3,1,7,6,6,6,1,0,C8
1954,C0828,8,C,8C,Muslim,Enemies,Enemy4,2,9,M,28,5,7,6,6,7,7,7,5,6,5,NA,5,8,don't know,1,2,1,2,2,1,1,2,1,1,2,1,2,3,4,4,4,1,1,2,2,1,2,2,2,3,M,Hindu,2,1,2,1,2,1,3,2,4,1,2,4,4,4,2,1,1,3,1,1,1,4,3,7,1,7,4,1,0,C8
1955,C0828,8,C,8C,Muslim,Enemies,Enemy5,2,20,M,28,5,7,6,6,7,7,7,5,6,5,NA,5,8,don't know,1,2,1,2,2,1,1,2,1,1,2,1,2,3,4,4,4,1,1,2,2,1,2,2,2,3,M,Hindu,4,1,1,2,4,1,3,4,5,4,3,4,4,4,1,1,1,3,1,5,3,4,5,6,4,7,7,1,0,C8
1956,C0828,8,C,8C,Muslim,Enemies,Enemy6,2,21,M,28,5,7,6,6,7,7,7,5,6,5,NA,5,8,don't know,1,2,1,2,2,1,1,2,1,1,2,1,2,3,4,4,4,1,1,2,2,1,2,2,2,3,M,Hindu,1,1,1,1,1,1,4,2,1,1,1,4,4,4,5,1,1,4,1,1,1,4,2,7,6,7,6,1,0,C8
1957,C0828,8,C,8C,Muslim,Enemies,Enemy7,2,29,M,28,5,7,6,6,7,7,7,5,6,5,NA,5,8,don't know,1,2,1,2,2,1,1,2,1,1,2,1,2,3,4,4,4,1,1,2,2,1,2,2,2,3,M,Hindu,1,1,2,2,1,1,4,1,3,2,1,7,5,6,1,1,2,1,2,2,1,1,4,7,6,7,5,1,0,C8
1958,C0831,8,C,8C,Muslim,Enemies,Enemy1,2,7,M,31,4,6,4,5,1,7,7,4,3,4,6,4,6,NA,1,1,2,1,2,1,2,2,4,2,2,2,2,1,4,1,6,3,1,1,2,1,1,1,5,2,M,Hindu,2,3,2,1,2,1,4,1,1,3,1,3,2,2,1,1,1,1,1,2,1,5,3,7,6,7,5,1,0,C8
1959,C0831,8,C,8C,Muslim,Enemies,Enemy2,2,11,M,31,4,6,4,5,1,7,7,4,3,4,6,4,6,NA,1,1,2,1,2,1,2,2,4,2,2,2,2,1,4,1,6,3,1,1,2,1,1,1,5,2,M,Hindu,3,1,2,2,2,1,2,1,3,2,2,4,3,3,1,1,1,1,1,2,1,4,3,6,5,6,6,1,0,C8
1960,C0831,8,C,8C,Muslim,Enemies,Enemy3,2,13,M,31,4,6,4,5,1,7,7,4,3,4,6,4,6,NA,1,1,2,1,2,1,2,2,4,2,2,2,2,1,4,1,6,3,1,1,2,1,1,1,5,2,M,Muslim,1,1,2,2,1,1,4,1,1,1,1,4,4,4,5,5,4,3,5,4,5,4,4,NA,5,4,7,1,1,C8
1961,C0831,8,C,8C,Muslim,Enemies,Enemy4,2,16,M,31,4,6,4,5,1,7,7,4,3,4,6,4,6,NA,1,1,2,1,2,1,2,2,4,2,2,2,2,1,4,1,6,3,1,1,2,1,1,1,5,2,M,NA,NA,NA,NA,NA,NA,NA,NA,NA,NA,NA,NA,NA,NA,NA,NA,NA,NA,NA,NA,NA,NA,NA,NA,NA,NA,NA,NA,1,NA,C8
1962,C0831,8,C,8C,Muslim,Enemies,Enemy5,2,20,M,31,4,6,4,5,1,7,7,4,3,4,6,4,6,NA,1,1,2,1,2,1,2,2,4,2,2,2,2,1,4,1,6,3,1,1,2,1,1,1,5,2,M,Hindu,4,1,1,2,4,1,3,4,5,4,3,4,4,4,1,1,1,3,1,5,3,4,5,6,4,7,7,1,0,C8
1963,C0831,8,C,8C,Muslim,Enemies,Enemy6,2,24,M,31,4,6,4,5,1,7,7,4,3,4,6,4,6,NA,1,1,2,1,2,1,2,2,4,2,2,2,2,1,4,1,6,3,1,1,2,1,1,1,5,2,M,NA,NA,NA,NA,NA,NA,NA,NA,NA,NA,NA,NA,NA,NA,NA,NA,NA,NA,NA,NA,NA,NA,NA,NA,NA,NA,NA,NA,1,NA,C8
1964,C0831,8,C,8C,Muslim,Enemies,Enemy7,2,29,M,31,4,6,4,5,1,7,7,4,3,4,6,4,6,NA,1,1,2,1,2,1,2,2,4,2,2,2,2,1,4,1,6,3,1,1,2,1,1,1,5,2,M,Hindu,1,1,2,2,1,1,4,1,3,2,1,7,5,6,1,1,2,1,2,2,1,1,4,7,6,7,5,1,0,C8
1965,C0834,8,C,8C,Muslim,Enemies,Enemy1,2,4,M,34,1,6,4,7,1,7,7,4,3,4,2,3,6,NA,1,2,2,1,1,1,2,2,4,2,1,1,2,1,4,1,4,3,1,1,2,2,1,2,1,2,M,Muslim,1,1,1,1,3,1,2,1,1,2,1,4,2,2,1,1,2,2,1,2,1,4,3,6,5,7,7,1,1,C8
1966,C0834,8,C,8C,Muslim,Enemies,Enemy2,2,6,M,34,1,6,4,7,1,7,7,4,3,4,2,3,6,NA,1,2,2,1,1,1,2,2,4,2,1,1,2,1,4,1,4,3,1,1,2,2,1,2,1,2,M,Hindu,1,1,1,1,2,1,4,1,3,2,1,7,7,6,3,2,1,2,1,1,1,5,3,6,5,7,4,1,0,C8
1967,C0834,8,C,8C,Muslim,Enemies,Enemy3,2,7,M,34,1,6,4,7,1,7,7,4,3,4,2,3,6,NA,1,2,2,1,1,1,2,2,4,2,1,1,2,1,4,1,4,3,1,1,2,2,1,2,1,2,M,Hindu,2,3,2,1,2,1,4,1,1,3,1,3,2,2,1,1,1,1,1,2,1,5,3,7,6,7,5,1,0,C8
1968,C0834,8,C,8C,Muslim,Enemies,Enemy4,2,11,M,34,1,6,4,7,1,7,7,4,3,4,2,3,6,NA,1,2,2,1,1,1,2,2,4,2,1,1,2,1,4,1,4,3,1,1,2,2,1,2,1,2,M,Hindu,3,1,2,2,2,1,2,1,3,2,2,4,3,3,1,1,1,1,1,2,1,4,3,6,5,6,6,1,0,C8
1969,C0834,8,C,8C,Muslim,Enemies,Enemy5,2,20,M,34,1,6,4,7,1,7,7,4,3,4,2,3,6,NA,1,2,2,1,1,1,2,2,4,2,1,1,2,1,4,1,4,3,1,1,2,2,1,2,1,2,M,Hindu,4,1,1,2,4,1,3,4,5,4,3,4,4,4,1,1,1,3,1,5,3,4,5,6,4,7,7,1,0,C8
1970,C0834,8,C,8C,Muslim,Enemies,Enemy6,2,29,M,34,1,6,4,7,1,7,7,4,3,4,2,3,6,NA,1,2,2,1,1,1,2,2,4,2,1,1,2,1,4,1,4,3,1,1,2,2,1,2,1,2,M,Hindu,1,1,2,2,1,1,4,1,3,2,1,7,5,6,1,1,2,1,2,2,1,1,4,7,6,7,5,1,0,C8
1971,C0834,8,C,8C,Muslim,Enemies,Enemy7,2,38,M,34,1,6,4,7,1,7,7,4,3,4,2,3,6,NA,1,2,2,1,1,1,2,2,4,2,1,1,2,1,4,1,4,3,1,1,2,2,1,2,1,2,M,Hindu,4,2,3,1,4,1,3,2,5,3,3,4,4,4,1,1,1,1,1,2,1,3,1,6,6,6,6,1,0,C8
1972,C0836,8,C,8C,Hindu,Enemies,Enemy1,2,8,M,36,3,7,3,4,6,6,6,7,5,6,5,5,8,NA,1,3,1,1,1,2,1,2,4,1,4,3,1,2,6,4,4,2,1,1,3,1,2,1,5,5,M,Hindu,4,1,3,1,1,1,3,1,5,2,3,4,4,2,1,1,1,1,1,2,1,3,1,7,6,6,6,1,1,C8
1973,C0836,8,C,8C,Hindu,Enemies,Enemy2,2,15,M,36,3,7,3,4,6,6,6,7,5,6,5,5,8,NA,1,3,1,1,1,2,1,2,4,1,4,3,1,2,6,4,4,2,1,1,3,1,2,1,5,5,M,NA,NA,NA,NA,NA,NA,NA,NA,NA,NA,NA,NA,NA,NA,NA,NA,NA,NA,NA,NA,NA,NA,NA,NA,NA,NA,NA,NA,1,NA,C8
1974,C0836,8,C,8C,Hindu,Enemies,Enemy3,2,17,M,36,3,7,3,4,6,6,6,7,5,6,5,5,8,NA,1,3,1,1,1,2,1,2,4,1,4,3,1,2,6,4,4,2,1,1,3,1,2,1,5,5,M,Muslim,1,2,3,1,2,1,4,3,1,1,1,4,3,7,3,2,1,2,1,2,3,4,1,7,1,3,7,1,0,C8
1975,C0838,8,C,8C,Hindu,Enemies,Enemy1,2,1,M,38,6,6,6,7,6,6,6,6,6,7,6,4,4,Shudra,1,4,2,3,1,4,1,NA,3,2,5,3,1,3,4,4,4,1,1,1,1,1,2,1,3,1,M,Muslim,1,2,1,1,2,1,4,1,1,1,1,5,4,4,1,1,1,1,2,3,1,5,4,7,7,4,7,1,0,C8
1976,C0838,8,C,8C,Hindu,Enemies,Enemy2,2,17,M,38,6,6,6,7,6,6,6,6,6,7,6,4,4,Shudra,1,4,2,3,1,4,1,NA,3,2,5,3,1,3,4,4,4,1,1,1,1,1,2,1,3,1,M,Muslim,1,2,3,1,2,1,4,3,1,1,1,4,3,7,3,2,1,2,1,2,3,4,1,7,1,3,7,1,0,C8
1977,C0838,8,C,8C,Hindu,Enemies,Enemy3,2,23,M,38,6,6,6,7,6,6,6,6,6,7,6,4,4,Shudra,1,4,2,3,1,4,1,NA,3,2,5,3,1,3,4,4,4,1,1,1,1,1,2,1,3,1,M,NA,NA,NA,NA,NA,NA,NA,NA,NA,NA,NA,NA,NA,NA,NA,NA,NA,NA,NA,NA,NA,NA,NA,NA,NA,NA,NA,NA,1,NA,C8
1978,C0838,8,C,8C,Hindu,Enemies,Enemy4,2,25,M,38,6,6,6,7,6,6,6,6,6,7,6,4,4,Shudra,1,4,2,3,1,4,1,NA,3,2,5,3,1,3,4,4,4,1,1,1,1,1,2,1,3,1,M,NA,NA,NA,NA,NA,NA,NA,NA,NA,NA,NA,NA,NA,NA,NA,NA,NA,NA,NA,NA,NA,NA,NA,NA,NA,NA,NA,NA,1,NA,C8
1979,C0838,8,C,8C,Hindu,Enemies,Enemy5,2,28,M,38,6,6,6,7,6,6,6,6,6,7,6,4,4,Shudra,1,4,2,3,1,4,1,NA,3,2,5,3,1,3,4,4,4,1,1,1,1,1,2,1,3,1,M,Muslim,2,1,2,2,1,1,1,1,2,1,3,4,4,4,1,1,2,2,1,2,2,2,3,7,6,7,7,1,0,C8
1980,C0838,8,C,8C,Hindu,Enemies,Enemy6,2,33,M,38,6,6,6,7,6,6,6,6,6,7,6,4,4,Shudra,1,4,2,3,1,4,1,NA,3,2,5,3,1,3,4,4,4,1,1,1,1,1,2,1,3,1,M,NA,NA,NA,NA,NA,NA,NA,NA,NA,NA,NA,NA,NA,NA,NA,NA,NA,NA,NA,NA,NA,NA,NA,NA,NA,NA,NA,NA,1,NA,C8
1981,C0838,8,C,8C,Hindu,Enemies,Enemy7,2,34,M,38,6,6,6,7,6,6,6,6,6,7,6,4,4,Shudra,1,4,2,3,1,4,1,NA,3,2,5,3,1,3,4,4,4,1,1,1,1,1,2,1,3,1,M,Muslim,2,2,1,1,1,2,4,2,1,1,1,4,1,4,3,1,1,2,2,1,2,1,2,6,4,1,7,1,0,C8
1982,C0839,8,C,8C,Hindu,Enemies,Enemy1,2,35,M,39,6,7,6,7,7,7,6,5,7,6,6,5,4,Shudra,1,1,1,1,1,2,1,1,3,1,1,2,1,3,4,6,7,1,1,1,1,1,2,1,2,3,M,NA,NA,NA,NA,NA,NA,NA,NA,NA,NA,NA,NA,NA,NA,NA,NA,NA,NA,NA,NA,NA,NA,NA,NA,NA,NA,NA,NA,1,NA,C8
1983,C0839,8,C,8C,Hindu,Enemies,Enemy2,2,36,M,39,6,7,6,7,7,7,6,5,7,6,6,5,4,Shudra,1,1,1,1,1,2,1,1,3,1,1,2,1,3,4,6,7,1,1,1,1,1,2,1,2,3,M,Hindu,3,1,1,1,2,1,4,1,4,3,2,6,4,4,2,1,1,3,1,2,1,5,5,7,3,6,6,1,1,C8
1984,C0839,8,C,8C,Hindu,Enemies,Enemy3,2,63,M,39,6,7,6,7,7,7,6,5,7,6,6,5,4,Shudra,1,1,1,1,1,2,1,1,3,1,1,2,1,3,4,6,7,1,1,1,1,1,2,1,2,3,F,Hindu,1,1,2,1,1,1,4,1,4,2,2,4,4,4,1,1,1,1,1,2,1,4,2,6,6,7,7,0,1,C8
1985,C0840,8,C,8C,Hindu,Enemies,Enemy1,2,27,M,40,3,7,6,6,7,7,7,6,6,6,6,5,8,don't know,1,1,1,2,1,1,1,1,3,1,3,2,1,3,4,6,4,1,1,1,1,1,2,1,4,3,M,Muslim,1,1,2,1,1,1,4,1,1,1,1,4,3,6,1,1,1,2,1,3,1,5,3,7,6,6,7,1,0,C8
1986,C0840,8,C,8C,Hindu,Enemies,Enemy2,2,36,M,40,3,7,6,6,7,7,7,6,6,6,6,5,8,don't know,1,1,1,2,1,1,1,1,3,1,3,2,1,3,4,6,4,1,1,1,1,1,2,1,4,3,M,Hindu,3,1,1,1,2,1,4,1,4,3,2,6,4,4,2,1,1,3,1,2,1,5,5,7,3,6,6,1,1,C8
1987,C0840,8,C,8C,Hindu,Enemies,Enemy3,2,71,M,40,3,7,6,6,7,7,7,6,6,6,6,5,8,don't know,1,1,1,2,1,1,1,1,3,1,3,2,1,3,4,6,4,1,1,1,1,1,2,1,4,3,F,NA,NA,NA,NA,NA,NA,NA,NA,NA,NA,NA,NA,NA,NA,NA,NA,NA,NA,NA,NA,NA,NA,NA,NA,NA,NA,NA,NA,0,NA,C8
1988,C0841,8,C,8C,Hindu,Enemies,Enemy1,2,8,F,41,4,6,7,6,7,5,7,7,6,7,6,6,1,Brahmin,2,1,1,1,2,1,2,2,3,1,5,2,1,1,3,3,2,1,1,1,1,1,2,2,4,3,M,Hindu,4,1,3,1,1,1,3,1,5,2,3,4,4,2,1,1,1,1,1,2,1,3,1,7,6,6,6,0,1,C8
1989,C0841,8,C,8C,Hindu,Enemies,Enemy2,2,13,F,41,4,6,7,6,7,5,7,7,6,7,6,6,1,Brahmin,2,1,1,1,2,1,2,2,3,1,5,2,1,1,3,3,2,1,1,1,1,1,2,2,4,3,M,Muslim,1,1,2,2,1,1,4,1,1,1,1,4,4,4,5,5,4,3,5,4,5,4,4,NA,5,4,7,0,0,C8
1990,C0841,8,C,8C,Hindu,Enemies,Enemy3,2,17,F,41,4,6,7,6,7,5,7,7,6,7,6,6,1,Brahmin,2,1,1,1,2,1,2,2,3,1,5,2,1,1,3,3,2,1,1,1,1,1,2,2,4,3,M,Muslim,1,2,3,1,2,1,4,3,1,1,1,4,3,7,3,2,1,2,1,2,3,4,1,7,1,3,7,0,0,C8
1991,C0841,8,C,8C,Hindu,Enemies,Enemy4,2,28,F,41,4,6,7,6,7,5,7,7,6,7,6,6,1,Brahmin,2,1,1,1,2,1,2,2,3,1,5,2,1,1,3,3,2,1,1,1,1,1,2,2,4,3,M,Muslim,2,1,2,2,1,1,1,1,2,1,3,4,4,4,1,1,2,2,1,2,2,2,3,7,6,7,7,0,0,C8
1992,C0841,8,C,8C,Hindu,Enemies,Enemy5,2,48,F,41,4,6,7,6,7,5,7,7,6,7,6,6,1,Brahmin,2,1,1,1,2,1,2,2,3,1,5,2,1,1,3,3,2,1,1,1,1,1,2,2,4,3,F,NA,NA,NA,NA,NA,NA,NA,NA,NA,NA,NA,NA,NA,NA,NA,NA,NA,NA,NA,NA,NA,NA,NA,NA,NA,NA,NA,NA,1,NA,C8
1993,C0841,8,C,8C,Hindu,Enemies,Enemy6,2,66,F,41,4,6,7,6,7,5,7,7,6,7,6,6,1,Brahmin,2,1,1,1,2,1,2,2,3,1,5,2,1,1,3,3,2,1,1,1,1,1,2,2,4,3,F,NA,NA,NA,NA,NA,NA,NA,NA,NA,NA,NA,NA,NA,NA,NA,NA,NA,NA,NA,NA,NA,NA,NA,NA,NA,NA,NA,NA,1,NA,C8
1994,C0842,8,C,8C,other,Enemies,Enemy1,2,44,F,42,1,4,7,3,5,4,6,7,2,4,4,3,NA,Bohra,2,1,1,3,2,2,1,1,1,3,3,3,NA,1,4,1,2,1,1,2,1,3,2,1,5,1,F,Hindu,1,3,2,1,1,1,4,1,5,2,1,4,2,2,2,1,1,3,1,1,2,5,3,4,7,6,6,1,0,C8
1995,C0842,8,C,8C,other,Enemies,Enemy2,2,45,F,42,1,4,7,3,5,4,6,7,2,4,4,3,NA,Bohra,2,1,1,3,2,2,1,1,1,3,3,3,NA,1,4,1,2,1,1,2,1,3,2,1,5,1,F,Hindu,4,1,2,3,2,1,4,1,5,2,1,4,4,4,1,1,1,3,1,2,1,3,3,4,7,7,6,1,0,C8
1996,C0842,8,C,8C,other,Enemies,Enemy3,2,48,F,42,1,4,7,3,5,4,6,7,2,4,4,3,NA,Bohra,2,1,1,3,2,2,1,1,1,3,3,3,NA,1,4,1,2,1,1,2,1,3,2,1,5,1,F,NA,NA,NA,NA,NA,NA,NA,NA,NA,NA,NA,NA,NA,NA,NA,NA,NA,NA,NA,NA,NA,NA,NA,NA,NA,NA,NA,NA,1,NA,C8
1997,C0842,8,C,8C,other,Enemies,Enemy4,2,53,F,42,1,4,7,3,5,4,6,7,2,4,4,3,NA,Bohra,2,1,1,3,2,2,1,1,1,3,3,3,NA,1,4,1,2,1,1,2,1,3,2,1,5,1,F,NA,NA,NA,NA,NA,NA,NA,NA,NA,NA,NA,NA,NA,NA,NA,NA,NA,NA,NA,NA,NA,NA,NA,NA,NA,NA,NA,NA,1,NA,C8
1998,C0842,8,C,8C,other,Enemies,Enemy5,2,60,F,42,1,4,7,3,5,4,6,7,2,4,4,3,NA,Bohra,2,1,1,3,2,2,1,1,1,3,3,3,NA,1,4,1,2,1,1,2,1,3,2,1,5,1,F,NA,NA,NA,NA,NA,NA,NA,NA,NA,NA,NA,NA,NA,NA,NA,NA,NA,NA,NA,NA,NA,NA,NA,NA,NA,NA,NA,NA,1,NA,C8
1999,C0842,8,C,8C,other,Enemies,Enemy6,2,68,F,42,1,4,7,3,5,4,6,7,2,4,4,3,NA,Bohra,2,1,1,3,2,2,1,1,1,3,3,3,NA,1,4,1,2,1,1,2,1,3,2,1,5,1,F,NA,NA,NA,NA,NA,NA,NA,NA,NA,NA,NA,NA,NA,NA,NA,NA,NA,NA,NA,NA,NA,NA,NA,NA,NA,NA,NA,NA,1,NA,C8
2000,C0842,8,C,8C,other,Enemies,Enemy7,2,71,F,42,1,4,7,3,5,4,6,7,2,4,4,3,NA,Bohra,2,1,1,3,2,2,1,1,1,3,3,3,NA,1,4,1,2,1,1,2,1,3,2,1,5,1,F,NA,NA,NA,NA,NA,NA,NA,NA,NA,NA,NA,NA,NA,NA,NA,NA,NA,NA,NA,NA,NA,NA,NA,NA,NA,NA,NA,NA,1,NA,C8
2001,C0843,8,C,8C,Muslim,Enemies,Enemy1,2,49,F,43,4,6,7,6,6,7,7,7,6,6,6,5,NA,Mehedviya/Sunni,2,1,2,1,1,1,1,2,3,1,2,5,2,1,4,3,3,2,1,1,3,1,1,1,5,3,F,NA,NA,NA,NA,NA,NA,NA,NA,NA,NA,NA,NA,NA,NA,NA,NA,NA,NA,NA,NA,NA,NA,NA,NA,NA,NA,NA,NA,1,NA,C8
2002,C0843,8,C,8C,Muslim,Enemies,Enemy2,2,57,F,43,4,6,7,6,6,7,7,7,6,6,6,5,NA,Mehedviya/Sunni,2,1,2,1,1,1,1,2,3,1,2,5,2,1,4,3,3,2,1,1,3,1,1,1,5,3,F,Hindu,2,1,1,1,1,2,2,2,5,2,2,4,4,4,5,1,1,3,1,1,1,5,5,1,7,7,5,1,0,C8
2003,C0843,8,C,8C,Muslim,Enemies,Enemy3,2,60,F,43,4,6,7,6,6,7,7,7,6,6,6,5,NA,Mehedviya/Sunni,2,1,2,1,1,1,1,2,3,1,2,5,2,1,4,3,3,2,1,1,3,1,1,1,5,3,F,NA,NA,NA,NA,NA,NA,NA,NA,NA,NA,NA,NA,NA,NA,NA,NA,NA,NA,NA,NA,NA,NA,NA,NA,NA,NA,NA,NA,1,NA,C8
2004,C0843,8,C,8C,Muslim,Enemies,Enemy4,2,62,F,43,4,6,7,6,6,7,7,7,6,6,6,5,NA,Mehedviya/Sunni,2,1,2,1,1,1,1,2,3,1,2,5,2,1,4,3,3,2,1,1,3,1,1,1,5,3,F,Muslim,2,4,3,1,2,2,4,1,1,5,2,4,2,2,5,3,3,3,5,2,1,5,1,3,6,4,7,1,1,C8
2005,C0843,8,C,8C,Muslim,Enemies,Enemy5,2,70,F,43,4,6,7,6,6,7,7,7,6,6,6,5,NA,Mehedviya/Sunni,2,1,2,1,1,1,1,2,3,1,2,5,2,1,4,3,3,2,1,1,3,1,1,1,5,3,F,Hindu,1,2,1,1,1,1,4,1,3,1,1,4,4,4,2,3,3,1,2,1,1,5,3,6,7,7,4,1,0,C8
2006,C0843,8,C,8C,Muslim,Enemies,Enemy6,2,71,F,43,4,6,7,6,6,7,7,7,6,6,6,5,NA,Mehedviya/Sunni,2,1,2,1,1,1,1,2,3,1,2,5,2,1,4,3,3,2,1,1,3,1,1,1,5,3,F,NA,NA,NA,NA,NA,NA,NA,NA,NA,NA,NA,NA,NA,NA,NA,NA,NA,NA,NA,NA,NA,NA,NA,NA,NA,NA,NA,NA,1,NA,C8
2007,C0843,8,C,8C,Muslim,Enemies,Enemy7,2,73,F,43,4,6,7,6,6,7,7,7,6,6,6,5,NA,Mehedviya/Sunni,2,1,2,1,1,1,1,2,3,1,2,5,2,1,4,3,3,2,1,1,3,1,1,1,5,3,F,NA,NA,NA,NA,NA,NA,NA,NA,NA,NA,NA,NA,NA,NA,NA,NA,NA,NA,NA,NA,NA,NA,NA,NA,NA,NA,NA,NA,1,NA,C8
2008,C0844,8,C,8C,Hindu,Enemies,Enemy1,2,49,F,44,4,4,7,6,6,6,7,7,6,6,4,5,8,NA,2,1,3,2,1,1,1,1,4,1,5,2,1,1,4,2,2,2,1,1,3,1,1,2,5,3,F,NA,NA,NA,NA,NA,NA,NA,NA,NA,NA,NA,NA,NA,NA,NA,NA,NA,NA,NA,NA,NA,NA,NA,NA,NA,NA,NA,NA,1,NA,C8
2009,C0844,8,C,8C,Hindu,Enemies,Enemy2,2,57,F,44,4,4,7,6,6,6,7,7,6,6,4,5,8,NA,2,1,3,2,1,1,1,1,4,1,5,2,1,1,4,2,2,2,1,1,3,1,1,2,5,3,F,Hindu,2,1,1,1,1,2,2,2,5,2,2,4,4,4,5,1,1,3,1,1,1,5,5,1,7,7,5,1,1,C8
2010,C0844,8,C,8C,Hindu,Enemies,Enemy3,2,70,F,44,4,4,7,6,6,6,7,7,6,6,4,5,8,NA,2,1,3,2,1,1,1,1,4,1,5,2,1,1,4,2,2,2,1,1,3,1,1,2,5,3,F,Hindu,1,2,1,1,1,1,4,1,3,1,1,4,4,4,2,3,3,1,2,1,1,5,3,6,7,7,4,1,1,C8
2011,C0844,8,C,8C,Hindu,Enemies,Enemy4,2,71,F,44,4,4,7,6,6,6,7,7,6,6,4,5,8,NA,2,1,3,2,1,1,1,1,4,1,5,2,1,1,4,2,2,2,1,1,3,1,1,2,5,3,F,NA,NA,NA,NA,NA,NA,NA,NA,NA,NA,NA,NA,NA,NA,NA,NA,NA,NA,NA,NA,NA,NA,NA,NA,NA,NA,NA,NA,1,NA,C8
2012,C0844,8,C,8C,Hindu,Enemies,Enemy5,2,72,F,44,4,4,7,6,6,6,7,7,6,6,4,5,8,NA,2,1,3,2,1,1,1,1,4,1,5,2,1,1,4,2,2,2,1,1,3,1,1,2,5,3,F,Muslim,2,1,2,1,2,1,3,1,2,2,1,4,4,4,2,1,1,2,2,1,1,3,3,4,7,6,7,1,0,C8
2013,C0844,8,C,8C,Hindu,Enemies,Enemy6,2,73,F,44,4,4,7,6,6,6,7,7,6,6,4,5,8,NA,2,1,3,2,1,1,1,1,4,1,5,2,1,1,4,2,2,2,1,1,3,1,1,2,5,3,F,NA,NA,NA,NA,NA,NA,NA,NA,NA,NA,NA,NA,NA,NA,NA,NA,NA,NA,NA,NA,NA,NA,NA,NA,NA,NA,NA,NA,1,NA,C8
2014,C0845,8,C,8C,Hindu,Enemies,Enemy1,2,41,F,45,4,4,7,5,7,6,7,7,4,4,6,6,8,NA,2,4,1,2,3,2,1,1,4,1,5,2,1,1,4,4,4,1,1,1,3,1,2,1,3,3,F,Hindu,1,1,1,2,1,2,3,1,5,2,1,3,3,2,1,1,1,1,1,2,2,4,3,6,7,7,5,1,1,C8
2015,C0845,8,C,8C,Hindu,Enemies,Enemy2,2,46,F,45,4,4,7,5,7,6,7,7,4,4,6,6,8,NA,2,4,1,2,3,2,1,1,4,1,5,2,1,1,4,4,4,1,1,1,3,1,2,1,3,3,F,NA,NA,NA,NA,NA,NA,NA,NA,NA,NA,NA,NA,NA,NA,NA,NA,NA,NA,NA,NA,NA,NA,NA,NA,NA,NA,NA,NA,1,NA,C8
2016,C0845,8,C,8C,Hindu,Enemies,Enemy3,2,60,F,45,4,4,7,5,7,6,7,7,4,4,6,6,8,NA,2,4,1,2,3,2,1,1,4,1,5,2,1,1,4,4,4,1,1,1,3,1,2,1,3,3,F,NA,NA,NA,NA,NA,NA,NA,NA,NA,NA,NA,NA,NA,NA,NA,NA,NA,NA,NA,NA,NA,NA,NA,NA,NA,NA,NA,NA,1,NA,C8
2017,C0845,8,C,8C,Hindu,Enemies,Enemy4,2,64,F,45,4,4,7,5,7,6,7,7,4,4,6,6,8,NA,2,4,1,2,3,2,1,1,4,1,5,2,1,1,4,4,4,1,1,1,3,1,2,1,3,3,F,Hindu,1,2,1,3,1,1,4,1,4,3,2,4,4,4,1,1,1,1,1,2,2,3,3,2,7,7,5,1,1,C8
2018,C0845,8,C,8C,Hindu,Enemies,Enemy5,2,69,F,45,4,4,7,5,7,6,7,7,4,4,6,6,8,NA,2,4,1,2,3,2,1,1,4,1,5,2,1,1,4,4,4,1,1,1,3,1,2,1,3,3,F,Hindu,1,1,2,2,1,2,3,1,4,3,1,4,3,3,1,1,1,1,1,2,1,5,3,6,7,7,5,1,1,C8
2019,C0845,8,C,8C,Hindu,Enemies,Enemy6,2,70,F,45,4,4,7,5,7,6,7,7,4,4,6,6,8,NA,2,4,1,2,3,2,1,1,4,1,5,2,1,1,4,4,4,1,1,1,3,1,2,1,3,3,F,Hindu,1,2,1,1,1,1,4,1,3,1,1,4,4,4,2,3,3,1,2,1,1,5,3,6,7,7,4,1,1,C8
2020,C0845,8,C,8C,Hindu,Enemies,Enemy7,2,71,F,45,4,4,7,5,7,6,7,7,4,4,6,6,8,NA,2,4,1,2,3,2,1,1,4,1,5,2,1,1,4,4,4,1,1,1,3,1,2,1,3,3,F,NA,NA,NA,NA,NA,NA,NA,NA,NA,NA,NA,NA,NA,NA,NA,NA,NA,NA,NA,NA,NA,NA,NA,NA,NA,NA,NA,NA,1,NA,C8
2021,C0847,8,C,8C,Hindu,Enemies,Enemy1,2,28,F,47,6,1,7,7,7,6,7,6,6,6,7,7,1,brahmin,2,1,4,3,1,2,1,2,3,1,4,2,1,1,4,4,4,1,2,1,1,1,2,1,5,3,M,Muslim,2,1,2,2,1,1,1,1,2,1,3,4,4,4,1,1,2,2,1,2,2,2,3,7,6,7,7,0,0,C8
2022,C0850,8,C,8C,Muslim,Enemies,Enemy1,2,66,F,50,6,6,6,4,6,7,6,7,7,7,6,4,8,NA,2,1,1,2,1,1,1,1,4,1,1,3,2,2,4,3,4,1,1,1,1,1,2,1,3,2,F,NA,NA,NA,NA,NA,NA,NA,NA,NA,NA,NA,NA,NA,NA,NA,NA,NA,NA,NA,NA,NA,NA,NA,NA,NA,NA,NA,NA,1,NA,C8
2023,C0850,8,C,8C,Muslim,Enemies,Enemy2,2,70,F,50,6,6,6,4,6,7,6,7,7,7,6,4,8,NA,2,1,1,2,1,1,1,1,4,1,1,3,2,2,4,3,4,1,1,1,1,1,2,1,3,2,F,Hindu,1,2,1,1,1,1,4,1,3,1,1,4,4,4,2,3,3,1,2,1,1,5,3,6,7,7,4,1,0,C8
2024,C0851,8,C,8C,Muslim,Enemies,Enemy1,2,16,F,51,4,1,6,5,5,6,7,7,6,6,6,4,6,NA,2,2,1,2,3,1,2,2,4,1,1,5,2,1,4,4,4,5,1,1,3,1,2,1,5,2,M,NA,NA,NA,NA,NA,NA,NA,NA,NA,NA,NA,NA,NA,NA,NA,NA,NA,NA,NA,NA,NA,NA,NA,NA,NA,NA,NA,NA,0,NA,C8
2025,C0851,8,C,8C,Muslim,Enemies,Enemy2,2,26,F,51,4,1,6,5,5,6,7,7,6,6,6,4,6,NA,2,2,1,2,3,1,2,2,4,1,1,5,2,1,4,4,4,5,1,1,3,1,2,1,5,2,M,NA,NA,NA,NA,NA,NA,NA,NA,NA,NA,NA,NA,NA,NA,NA,NA,NA,NA,NA,NA,NA,NA,NA,NA,NA,NA,NA,NA,0,NA,C8
2026,C0851,8,C,8C,Muslim,Enemies,Enemy3,2,53,F,51,4,1,6,5,5,6,7,7,6,6,6,4,6,NA,2,2,1,2,3,1,2,2,4,1,1,5,2,1,4,4,4,5,1,1,3,1,2,1,5,2,F,NA,NA,NA,NA,NA,NA,NA,NA,NA,NA,NA,NA,NA,NA,NA,NA,NA,NA,NA,NA,NA,NA,NA,NA,NA,NA,NA,NA,1,NA,C8
2027,C0852,8,C,8C,Muslim,Enemies,Enemy1,2,47,F,52,4,5,7,5,4,7,7,6,6,6,7,5,8,NA,2,2,1,2,1,1,1,2,3,1,1,5,2,1,5,4,4,2,1,1,3,1,1,1,4,4,F,Hindu,1,4,3,1,2,1,3,1,4,2,1,4,4,4,1,2,1,1,1,2,1,5,3,1,7,7,6,1,0,C8
2028,C0852,8,C,8C,Muslim,Enemies,Enemy2,2,49,F,52,4,5,7,5,4,7,7,6,6,6,7,5,8,NA,2,2,1,2,1,1,1,2,3,1,1,5,2,1,5,4,4,2,1,1,3,1,1,1,4,4,F,NA,NA,NA,NA,NA,NA,NA,NA,NA,NA,NA,NA,NA,NA,NA,NA,NA,NA,NA,NA,NA,NA,NA,NA,NA,NA,NA,NA,1,NA,C8
2029,C0852,8,C,8C,Muslim,Enemies,Enemy3,2,57,F,52,4,5,7,5,4,7,7,6,6,6,7,5,8,NA,2,2,1,2,1,1,1,2,3,1,1,5,2,1,5,4,4,2,1,1,3,1,1,1,4,4,F,Hindu,2,1,1,1,1,2,2,2,5,2,2,4,4,4,5,1,1,3,1,1,1,5,5,1,7,7,5,1,0,C8
2030,C0852,8,C,8C,Muslim,Enemies,Enemy4,2,58,F,52,4,5,7,5,4,7,7,6,6,6,7,5,8,NA,2,2,1,2,1,1,1,2,3,1,1,5,2,1,5,4,4,2,1,1,3,1,1,1,4,4,F,Hindu,1,1,2,1,1,1,3,1,2,1,1,6,4,4,2,1,1,2,1,2,1,5,5,6,7,7,7,1,0,C8
2031,C0852,8,C,8C,Muslim,Enemies,Enemy5,2,70,F,52,4,5,7,5,4,7,7,6,6,6,7,5,8,NA,2,2,1,2,1,1,1,2,3,1,1,5,2,1,5,4,4,2,1,1,3,1,1,1,4,4,F,Hindu,1,2,1,1,1,1,4,1,3,1,1,4,4,4,2,3,3,1,2,1,1,5,3,6,7,7,4,1,0,C8
2032,C0852,8,C,8C,Muslim,Enemies,Enemy6,2,71,F,52,4,5,7,5,4,7,7,6,6,6,7,5,8,NA,2,2,1,2,1,1,1,2,3,1,1,5,2,1,5,4,4,2,1,1,3,1,1,1,4,4,F,NA,NA,NA,NA,NA,NA,NA,NA,NA,NA,NA,NA,NA,NA,NA,NA,NA,NA,NA,NA,NA,NA,NA,NA,NA,NA,NA,NA,1,NA,C8
2033,C0852,8,C,8C,Muslim,Enemies,Enemy7,2,73,F,52,4,5,7,5,4,7,7,6,6,6,7,5,8,NA,2,2,1,2,1,1,1,2,3,1,1,5,2,1,5,4,4,2,1,1,3,1,1,1,4,4,F,NA,NA,NA,NA,NA,NA,NA,NA,NA,NA,NA,NA,NA,NA,NA,NA,NA,NA,NA,NA,NA,NA,NA,NA,NA,NA,NA,NA,1,NA,C8
2034,C0854,8,C,8C,Hindu,Enemies,Enemy1,2,57,F,54,4,5,7,6,2,7,7,7,5,6,4,4,8,NA,2,1,1,1,1,1,1,2,4,1,1,1,2,2,4,4,4,2,1,1,3,1,3,4,5,2,F,Hindu,2,1,1,1,1,2,2,2,5,2,2,4,4,4,5,1,1,3,1,1,1,5,5,1,7,7,5,1,1,C8
2035,C0854,8,C,8C,Hindu,Enemies,Enemy2,2,60,F,54,4,5,7,6,2,7,7,7,5,6,4,4,8,NA,2,1,1,1,1,1,1,2,4,1,1,1,2,2,4,4,4,2,1,1,3,1,3,4,5,2,F,NA,NA,NA,NA,NA,NA,NA,NA,NA,NA,NA,NA,NA,NA,NA,NA,NA,NA,NA,NA,NA,NA,NA,NA,NA,NA,NA,NA,1,NA,C8
2036,C0854,8,C,8C,Hindu,Enemies,Enemy3,2,61,F,54,4,5,7,6,2,7,7,7,5,6,4,4,8,NA,2,1,1,1,1,1,1,2,4,1,1,1,2,2,4,4,4,2,1,1,3,1,3,4,5,2,F,Hindu,2,2,1,1,3,1,2,1,5,3,2,6,3,3,2,2,1,1,1,1,1,1,1,2,7,6,6,1,1,C8
2037,C0857,8,C,8C,Hindu,Enemies,Enemy1,2,44,F,57,4,1,7,7,7,5,7,7,6,7,4,7,2,NA,2,2,1,1,1,1,2,1,2,2,5,2,1,2,4,4,4,5,1,1,3,1,1,1,5,5,F,Hindu,1,3,2,1,1,1,4,1,5,2,1,4,2,2,2,1,1,3,1,1,2,5,3,4,7,6,6,1,1,C8
2038,C0857,8,C,8C,Hindu,Enemies,Enemy2,2,45,F,57,4,1,7,7,7,5,7,7,6,7,4,7,2,NA,2,2,1,1,1,1,2,1,2,2,5,2,1,2,4,4,4,5,1,1,3,1,1,1,5,5,F,Hindu,4,1,2,3,2,1,4,1,5,2,1,4,4,4,1,1,1,3,1,2,1,3,3,4,7,7,6,1,1,C8
2039,C0857,8,C,8C,Hindu,Enemies,Enemy3,2,48,F,57,4,1,7,7,7,5,7,7,6,7,4,7,2,NA,2,2,1,1,1,1,2,1,2,2,5,2,1,2,4,4,4,5,1,1,3,1,1,1,5,5,F,NA,NA,NA,NA,NA,NA,NA,NA,NA,NA,NA,NA,NA,NA,NA,NA,NA,NA,NA,NA,NA,NA,NA,NA,NA,NA,NA,NA,1,NA,C8
2040,C0857,8,C,8C,Hindu,Enemies,Enemy4,2,49,F,57,4,1,7,7,7,5,7,7,6,7,4,7,2,NA,2,2,1,1,1,1,2,1,2,2,5,2,1,2,4,4,4,5,1,1,3,1,1,1,5,5,F,NA,NA,NA,NA,NA,NA,NA,NA,NA,NA,NA,NA,NA,NA,NA,NA,NA,NA,NA,NA,NA,NA,NA,NA,NA,NA,NA,NA,1,NA,C8
2041,C0857,8,C,8C,Hindu,Enemies,Enemy5,2,54,F,57,4,1,7,7,7,5,7,7,6,7,4,7,2,NA,2,2,1,1,1,1,2,1,2,2,5,2,1,2,4,4,4,5,1,1,3,1,1,1,5,5,F,Hindu,1,1,1,1,1,1,4,1,1,1,2,4,4,4,2,1,1,3,1,3,4,5,2,5,7,2,7,1,1,C8
2042,C0857,8,C,8C,Hindu,Enemies,Enemy6,2,55,F,57,4,1,7,7,7,5,7,7,6,7,4,7,2,NA,2,2,1,1,1,1,2,1,2,2,5,2,1,2,4,4,4,5,1,1,3,1,1,1,5,5,F,Muslim,2,1,2,1,1,1,4,1,1,1,1,4,4,4,5,4,5,3,5,3,4,5,2,6,7,4,7,1,0,C8
2043,C0857,8,C,8C,Hindu,Enemies,Enemy7,2,61,F,57,4,1,7,7,7,5,7,7,6,7,4,7,2,NA,2,2,1,1,1,1,2,1,2,2,5,2,1,2,4,4,4,5,1,1,3,1,1,1,5,5,F,Hindu,2,2,1,1,3,1,2,1,5,3,2,6,3,3,2,2,1,1,1,1,1,1,1,2,7,6,6,1,1,C8
2044,C0858,8,C,8C,Hindu,Enemies,Enemy1,2,35,F,58,5,6,7,6,7,7,6,7,7,7,6,5,2,Luhar,2,1,1,2,1,1,1,1,3,1,2,1,1,1,6,4,4,2,1,1,2,1,2,1,5,5,M,NA,NA,NA,NA,NA,NA,NA,NA,NA,NA,NA,NA,NA,NA,NA,NA,NA,NA,NA,NA,NA,NA,NA,NA,NA,NA,NA,NA,0,NA,C8
2045,C0858,8,C,8C,Hindu,Enemies,Enemy2,2,44,F,58,5,6,7,6,7,7,6,7,7,7,6,5,2,Luhar,2,1,1,2,1,1,1,1,3,1,2,1,1,1,6,4,4,2,1,1,2,1,2,1,5,5,F,Hindu,1,3,2,1,1,1,4,1,5,2,1,4,2,2,2,1,1,3,1,1,2,5,3,4,7,6,6,1,1,C8
2046,C0858,8,C,8C,Hindu,Enemies,Enemy3,2,45,F,58,5,6,7,6,7,7,6,7,7,7,6,5,2,Luhar,2,1,1,2,1,1,1,1,3,1,2,1,1,1,6,4,4,2,1,1,2,1,2,1,5,5,F,Hindu,4,1,2,3,2,1,4,1,5,2,1,4,4,4,1,1,1,3,1,2,1,3,3,4,7,7,6,1,1,C8
2047,C0858,8,C,8C,Hindu,Enemies,Enemy4,2,49,F,58,5,6,7,6,7,7,6,7,7,7,6,5,2,Luhar,2,1,1,2,1,1,1,1,3,1,2,1,1,1,6,4,4,2,1,1,2,1,2,1,5,5,F,NA,NA,NA,NA,NA,NA,NA,NA,NA,NA,NA,NA,NA,NA,NA,NA,NA,NA,NA,NA,NA,NA,NA,NA,NA,NA,NA,NA,1,NA,C8
2048,C0858,8,C,8C,Hindu,Enemies,Enemy5,2,56,F,58,5,6,7,6,7,7,6,7,7,7,6,5,2,Luhar,2,1,1,2,1,1,1,1,3,1,2,1,1,1,6,4,4,2,1,1,2,1,2,1,5,5,F,NA,NA,NA,NA,NA,NA,NA,NA,NA,NA,NA,NA,NA,NA,NA,NA,NA,NA,NA,NA,NA,NA,NA,NA,NA,NA,NA,NA,1,NA,C8
2049,C0859,8,C,8C,Hindu,Enemies,Enemy1,2,50,F,59,6,5,7,6,6,6,6,7,6,5,5,6,8,NA,2,2,2,1,1,2,1,1,2,1,5,2,1,1,4,3,3,3,1,1,1,1,1,1,1,2,F,Muslim,1,1,2,1,1,1,4,1,1,3,2,4,3,4,1,1,1,1,1,2,1,3,2,6,6,6,7,1,0,C8
2050,C0859,8,C,8C,Hindu,Enemies,Enemy2,2,55,F,59,6,5,7,6,6,6,6,7,6,5,5,6,8,NA,2,2,2,1,1,2,1,1,2,1,5,2,1,1,4,3,3,3,1,1,1,1,1,1,1,2,F,Muslim,2,1,2,1,1,1,4,1,1,1,1,4,4,4,5,4,5,3,5,3,4,5,2,6,7,4,7,1,0,C8
2051,C0859,8,C,8C,Hindu,Enemies,Enemy3,2,66,F,59,6,5,7,6,6,6,6,7,6,5,5,6,8,NA,2,2,2,1,1,2,1,1,2,1,5,2,1,1,4,3,3,3,1,1,1,1,1,1,1,2,F,NA,NA,NA,NA,NA,NA,NA,NA,NA,NA,NA,NA,NA,NA,NA,NA,NA,NA,NA,NA,NA,NA,NA,NA,NA,NA,NA,NA,1,NA,C8
2052,C0859,8,C,8C,Hindu,Enemies,Enemy4,2,70,F,59,6,5,7,6,6,6,6,7,6,5,5,6,8,NA,2,2,2,1,1,2,1,1,2,1,5,2,1,1,4,3,3,3,1,1,1,1,1,1,1,2,F,Hindu,1,2,1,1,1,1,4,1,3,1,1,4,4,4,2,3,3,1,2,1,1,5,3,6,7,7,4,1,1,C8
2053,C0861,8,C,8C,Hindu,Enemies,Enemy1,2,50,F,61,6,2,7,7,6,6,5,5,6,6,5,5,8,NA,2,2,2,1,1,3,1,1,2,1,5,3,1,2,6,3,3,2,2,1,1,1,1,1,1,1,F,Muslim,1,1,2,1,1,1,4,1,1,3,2,4,3,4,1,1,1,1,1,2,1,3,2,6,6,6,7,1,0,C8
2054,C0861,8,C,8C,Hindu,Enemies,Enemy2,2,54,F,61,6,2,7,7,6,6,5,5,6,6,5,5,8,NA,2,2,2,1,1,3,1,1,2,1,5,3,1,2,6,3,3,2,2,1,1,1,1,1,1,1,F,Hindu,1,1,1,1,1,1,4,1,1,1,2,4,4,4,2,1,1,3,1,3,4,5,2,5,7,2,7,1,1,C8
2055,C0861,8,C,8C,Hindu,Enemies,Enemy3,2,55,F,61,6,2,7,7,6,6,5,5,6,6,5,5,8,NA,2,2,2,1,1,3,1,1,2,1,5,3,1,2,6,3,3,2,2,1,1,1,1,1,1,1,F,Muslim,2,1,2,1,1,1,4,1,1,1,1,4,4,4,5,4,5,3,5,3,4,5,2,6,7,4,7,1,0,C8
2056,C0861,8,C,8C,Hindu,Enemies,Enemy4,2,66,F,61,6,2,7,7,6,6,5,5,6,6,5,5,8,NA,2,2,2,1,1,3,1,1,2,1,5,3,1,2,6,3,3,2,2,1,1,1,1,1,1,1,F,NA,NA,NA,NA,NA,NA,NA,NA,NA,NA,NA,NA,NA,NA,NA,NA,NA,NA,NA,NA,NA,NA,NA,NA,NA,NA,NA,NA,1,NA,C8
2057,C0862,8,C,8C,Muslim,Enemies,Enemy1,2,15,F,62,6,3,6,6,4,7,6,6,6,4,6,5,6,Muslim (Suni),2,2,4,3,1,2,2,2,4,1,1,5,2,2,4,2,2,5,3,3,3,5,2,1,5,1,M,NA,NA,NA,NA,NA,NA,NA,NA,NA,NA,NA,NA,NA,NA,NA,NA,NA,NA,NA,NA,NA,NA,NA,NA,NA,NA,NA,NA,0,NA,C8
2058,C0862,8,C,8C,Muslim,Enemies,Enemy2,2,35,F,62,6,3,6,6,4,7,6,6,6,4,6,5,6,Muslim (Suni),2,2,4,3,1,2,2,2,4,1,1,5,2,2,4,2,2,5,3,3,3,5,2,1,5,1,M,NA,NA,NA,NA,NA,NA,NA,NA,NA,NA,NA,NA,NA,NA,NA,NA,NA,NA,NA,NA,NA,NA,NA,NA,NA,NA,NA,NA,0,NA,C8
2059,C0867,8,C,8C,Hindu,Enemies,Enemy1,2,28,F,67,4,6,7,5,7,5,7,5,6,4,7,7,1,Brahmin,2,1,2,1,1,1,1,1,3,1,3,1,1,1,4,4,3,1,1,1,1,1,1,1,2,3,M,Muslim,2,1,2,2,1,1,1,1,2,1,3,4,4,4,1,1,2,2,1,2,2,2,3,7,6,7,7,0,0,C8
2060,C0869,8,C,8C,Hindu,Enemies,Enemy1,2,8,F,69,5,6,7,6,7,5,7,6,6,6,4,4,1,brahmin,2,1,1,2,2,1,2,1,3,1,4,3,1,1,4,3,3,1,1,1,1,1,2,1,5,3,M,Hindu,4,1,3,1,1,1,3,1,5,2,3,4,4,2,1,1,1,1,1,2,1,3,1,7,6,6,6,0,1,C8
2061,C0869,8,C,8C,Hindu,Enemies,Enemy2,2,13,F,69,5,6,7,6,7,5,7,6,6,6,4,4,1,brahmin,2,1,1,2,2,1,2,1,3,1,4,3,1,1,4,3,3,1,1,1,1,1,2,1,5,3,M,Muslim,1,1,2,2,1,1,4,1,1,1,1,4,4,4,5,5,4,3,5,4,5,4,4,NA,5,4,7,0,0,C8
2062,C0869,8,C,8C,Hindu,Enemies,Enemy3,2,28,F,69,5,6,7,6,7,5,7,6,6,6,4,4,1,brahmin,2,1,1,2,2,1,2,1,3,1,4,3,1,1,4,3,3,1,1,1,1,1,2,1,5,3,M,Muslim,2,1,2,2,1,1,1,1,2,1,3,4,4,4,1,1,2,2,1,2,2,2,3,7,6,7,7,0,0,C8
2063,C0869,8,C,8C,Hindu,Enemies,Enemy4,2,34,F,69,5,6,7,6,7,5,7,6,6,6,4,4,1,brahmin,2,1,1,2,2,1,2,1,3,1,4,3,1,1,4,3,3,1,1,1,1,1,2,1,5,3,M,Muslim,2,2,1,1,1,2,4,2,1,1,1,4,1,4,3,1,1,2,2,1,2,1,2,6,4,1,7,0,0,C8
2064,C0872,8,C,8C,Muslim,Enemies,Enemy1,2,57,F,72,5,4,7,4,6,7,7,6,5,4,4,3,NA,Muslim,2,2,1,2,1,2,1,2,3,1,2,2,2,1,4,4,4,2,1,1,2,2,1,1,3,3,F,Hindu,2,1,1,1,1,2,2,2,5,2,2,4,4,4,5,1,1,3,1,1,1,5,5,1,7,7,5,1,0,C8
2065,C0872,8,C,8C,Muslim,Enemies,Enemy2,2,58,F,72,5,4,7,4,6,7,7,6,5,4,4,3,NA,Muslim,2,2,1,2,1,2,1,2,3,1,2,2,2,1,4,4,4,2,1,1,2,2,1,1,3,3,F,Hindu,1,1,2,1,1,1,3,1,2,1,1,6,4,4,2,1,1,2,1,2,1,5,5,6,7,7,7,1,0,C8
2066,C0872,8,C,8C,Muslim,Enemies,Enemy3,2,60,F,72,5,4,7,4,6,7,7,6,5,4,4,3,NA,Muslim,2,2,1,2,1,2,1,2,3,1,2,2,2,1,4,4,4,2,1,1,2,2,1,1,3,3,F,NA,NA,NA,NA,NA,NA,NA,NA,NA,NA,NA,NA,NA,NA,NA,NA,NA,NA,NA,NA,NA,NA,NA,NA,NA,NA,NA,NA,1,NA,C8
2067,C0872,8,C,8C,Muslim,Enemies,Enemy4,2,64,F,72,5,4,7,4,6,7,7,6,5,4,4,3,NA,Muslim,2,2,1,2,1,2,1,2,3,1,2,2,2,1,4,4,4,2,1,1,2,2,1,1,3,3,F,Hindu,1,2,1,3,1,1,4,1,4,3,2,4,4,4,1,1,1,1,1,2,2,3,3,2,7,7,5,1,0,C8
2068,C0872,8,C,8C,Muslim,Enemies,Enemy5,2,65,F,72,5,4,7,4,6,7,7,6,5,4,4,3,NA,Muslim,2,2,1,2,1,2,1,2,3,1,2,2,2,1,4,4,4,2,1,1,2,2,1,1,3,3,F,Hindu,1,1,1,1,1,1,3,1,2,1,1,4,4,4,2,1,1,1,1,1,1,2,3,4,6,7,6,1,0,C8
2069,C0872,8,C,8C,Muslim,Enemies,Enemy6,2,66,F,72,5,4,7,4,6,7,7,6,5,4,4,3,NA,Muslim,2,2,1,2,1,2,1,2,3,1,2,2,2,1,4,4,4,2,1,1,2,2,1,1,3,3,F,NA,NA,NA,NA,NA,NA,NA,NA,NA,NA,NA,NA,NA,NA,NA,NA,NA,NA,NA,NA,NA,NA,NA,NA,NA,NA,NA,NA,1,NA,C8
2070,C0872,8,C,8C,Muslim,Enemies,Enemy7,2,73,F,72,5,4,7,4,6,7,7,6,5,4,4,3,NA,Muslim,2,2,1,2,1,2,1,2,3,1,2,2,2,1,4,4,4,2,1,1,2,2,1,1,3,3,F,NA,NA,NA,NA,NA,NA,NA,NA,NA,NA,NA,NA,NA,NA,NA,NA,NA,NA,NA,NA,NA,NA,NA,NA,NA,NA,NA,NA,1,NA,C8
2071,CO817,8,C,8C,Muslim,Enemies,Enemy1,2,8,M,17,6,7,1,6,3,7,7,5,5,2,6,7,7,Muslims,1,1,2,3,1,2,1,1,4,3,1,1,2,1,4,3,7,3,2,1,2,1,2,3,4,1,M,Hindu,4,1,3,1,1,1,3,1,5,2,3,4,4,2,1,1,1,1,1,2,1,3,1,7,6,6,6,1,0,C8
2072,CO817,8,C,8C,Muslim,Enemies,Enemy2,2,16,M,17,6,7,1,6,3,7,7,5,5,2,6,7,7,Muslims,1,1,2,3,1,2,1,1,4,3,1,1,2,1,4,3,7,3,2,1,2,1,2,3,4,1,M,NA,NA,NA,NA,NA,NA,NA,NA,NA,NA,NA,NA,NA,NA,NA,NA,NA,NA,NA,NA,NA,NA,NA,NA,NA,NA,NA,NA,1,NA,C8
2073,CO817,8,C,8C,Muslim,Enemies,Enemy3,2,20,M,17,6,7,1,6,3,7,7,5,5,2,6,7,7,Muslims,1,1,2,3,1,2,1,1,4,3,1,1,2,1,4,3,7,3,2,1,2,1,2,3,4,1,M,Hindu,4,1,1,2,4,1,3,4,5,4,3,4,4,4,1,1,1,3,1,5,3,4,5,6,4,7,7,1,0,C8
2074,CO817,8,C,8C,Muslim,Enemies,Enemy4,2,24,M,17,6,7,1,6,3,7,7,5,5,2,6,7,7,Muslims,1,1,2,3,1,2,1,1,4,3,1,1,2,1,4,3,7,3,2,1,2,1,2,3,4,1,M,NA,NA,NA,NA,NA,NA,NA,NA,NA,NA,NA,NA,NA,NA,NA,NA,NA,NA,NA,NA,NA,NA,NA,NA,NA,NA,NA,NA,1,NA,C8
2075,CO817,8,C,8C,Muslim,Enemies,Enemy5,2,25,M,17,6,7,1,6,3,7,7,5,5,2,6,7,7,Muslims,1,1,2,3,1,2,1,1,4,3,1,1,2,1,4,3,7,3,2,1,2,1,2,3,4,1,M,NA,NA,NA,NA,NA,NA,NA,NA,NA,NA,NA,NA,NA,NA,NA,NA,NA,NA,NA,NA,NA,NA,NA,NA,NA,NA,NA,NA,1,NA,C8
2076,CO817,8,C,8C,Muslim,Enemies,Enemy6,2,26,M,17,6,7,1,6,3,7,7,5,5,2,6,7,7,Muslims,1,1,2,3,1,2,1,1,4,3,1,1,2,1,4,3,7,3,2,1,2,1,2,3,4,1,M,NA,NA,NA,NA,NA,NA,NA,NA,NA,NA,NA,NA,NA,NA,NA,NA,NA,NA,NA,NA,NA,NA,NA,NA,NA,NA,NA,NA,1,NA,C8
2077,CO817,8,C,8C,Muslim,Enemies,Enemy7,2,28,M,17,6,7,1,6,3,7,7,5,5,2,6,7,7,Muslims,1,1,2,3,1,2,1,1,4,3,1,1,2,1,4,3,7,3,2,1,2,1,2,3,4,1,M,Muslim,2,1,2,2,1,1,1,1,2,1,3,4,4,4,1,1,2,2,1,2,2,2,3,7,6,7,7,1,1,C8
2078,CO820,8,C,8C,Hindu,Enemies,Enemy1,2,9,M,20,4,6,4,6,7,7,7,7,7,1,2,2,3,Vaishya,1,4,1,1,2,4,1,1,3,4,5,4,1,3,4,4,4,1,1,1,3,1,5,3,4,5,M,Hindu,2,1,2,1,2,1,3,2,4,1,2,4,4,4,2,1,1,3,1,1,1,4,3,7,1,7,4,1,1,C8
2079,CO820,8,C,8C,Hindu,Enemies,Enemy2,2,11,M,20,4,6,4,6,7,7,7,7,7,1,2,2,3,Vaishya,1,4,1,1,2,4,1,1,3,4,5,4,1,3,4,4,4,1,1,1,3,1,5,3,4,5,M,Hindu,3,1,2,2,2,1,2,1,3,2,2,4,3,3,1,1,1,1,1,2,1,4,3,6,5,6,6,1,1,C8
2080,CO820,8,C,8C,Hindu,Enemies,Enemy3,2,19,M,20,4,6,4,6,7,7,7,7,7,1,2,2,3,Vaishya,1,4,1,1,2,4,1,1,3,4,5,4,1,3,4,4,4,1,1,1,3,1,5,3,4,5,M,NA,NA,NA,NA,NA,NA,NA,NA,NA,NA,NA,NA,NA,NA,NA,NA,NA,NA,NA,NA,NA,NA,NA,NA,NA,NA,NA,NA,1,NA,C8
2081,CO820,8,C,8C,Hindu,Enemies,Enemy4,2,24,M,20,4,6,4,6,7,7,7,7,7,1,2,2,3,Vaishya,1,4,1,1,2,4,1,1,3,4,5,4,1,3,4,4,4,1,1,1,3,1,5,3,4,5,M,NA,NA,NA,NA,NA,NA,NA,NA,NA,NA,NA,NA,NA,NA,NA,NA,NA,NA,NA,NA,NA,NA,NA,NA,NA,NA,NA,NA,1,NA,C8
2082,CO820,8,C,8C,Hindu,Enemies,Enemy5,2,33,M,20,4,6,4,6,7,7,7,7,7,1,2,2,3,Vaishya,1,4,1,1,2,4,1,1,3,4,5,4,1,3,4,4,4,1,1,1,3,1,5,3,4,5,M,NA,NA,NA,NA,NA,NA,NA,NA,NA,NA,NA,NA,NA,NA,NA,NA,NA,NA,NA,NA,NA,NA,NA,NA,NA,NA,NA,NA,1,NA,C8
2083,CO820,8,C,8C,Hindu,Enemies,Enemy6,2,34,M,20,4,6,4,6,7,7,7,7,7,1,2,2,3,Vaishya,1,4,1,1,2,4,1,1,3,4,5,4,1,3,4,4,4,1,1,1,3,1,5,3,4,5,M,Muslim,2,2,1,1,1,2,4,2,1,1,1,4,1,4,3,1,1,2,2,1,2,1,2,6,4,1,7,1,0,C8
2084,A0901,9,A,9A,Hindu,Enemies,Enemy1,2,16,M,1,4,7,6,3,6,6,5,5,5,6,5,5,3,NA,1,4,1,2,1,3,2,2,3,1,5,1,1,2,4,3,2,2,1,1,1,2,1,1,4,2,M,Hindu,2,1,2,1,2,1,3,1,5,1,2,4,4,4,2,1,1,4,1,2,1,5,3,5,4,6,6,1,1,A9
2085,A0901,9,A,9A,Hindu,Enemies,Enemy2,2,32,M,1,4,7,6,3,6,6,5,5,5,6,5,5,3,NA,1,4,1,2,1,3,2,2,3,1,5,1,1,2,4,3,2,2,1,1,1,2,1,1,4,2,M,Hindu,2,2,3,1,2,1,3,2,4,2,2,6,4,4,2,1,1,4,1,1,1,5,3,7,5,6,6,1,1,A9
2086,A0901,9,A,9A,Hindu,Enemies,Enemy3,2,63,M,1,4,7,6,3,6,6,5,5,5,6,5,5,3,NA,1,4,1,2,1,3,2,2,3,1,5,1,1,2,4,3,2,2,1,1,1,2,1,1,4,2,F,Hindu,5,5,4,1,3,1,3,1,4,3,2,4,4,4,1,1,1,4,1,2,3,1,1,7,1,5,5,0,1,A9
2087,A0902,9,A,9A,Hindu,Enemies,Enemy1,2,12,M,2,5,7,1,6,7,6,7,6,5,5,6,6,6,NA,1,1,1,1,1,1,1,1,3,1,3,3,1,2,3,2,2,1,1,1,5,1,1,1,3,1,M,other,4,4,3,1,3,2,2,1,1,2,1,4,4,4,2,1,2,3,2,1,1,2,3,7,5,6,6,1,0,A9
2088,A0902,9,A,9A,Hindu,Enemies,Enemy2,2,21,M,2,5,7,1,6,7,6,7,6,5,5,6,6,6,NA,1,1,1,1,1,1,1,1,3,1,3,3,1,2,3,2,2,1,1,1,5,1,1,1,3,1,M,Hindu,1,1,1,1,2,1,3,1,4,2,2,3,2,2,2,1,1,2,1,2,2,2,1,6,6,7,4,1,1,A9
2089,A0903,9,A,9A,Muslim,Enemies,Enemy1,2,1,M,3,6,5,4,7,4,7,6,5,5,4,5,3,7,Aalvibohra,1,1,1,NA,1,1,1,1,3,1,1,3,2,1,4,3,3,3,1,1,2,2,2,1,2,2,M,Hindu,4,1,2,1,3,2,3,1,5,1,2,4,3,2,2,1,1,1,2,1,1,4,2,7,6,6,6,1,0,A9
2090,A0903,9,A,9A,Muslim,Enemies,Enemy2,2,2,M,3,6,5,4,7,4,7,6,5,5,4,5,3,7,Aalvibohra,1,1,1,NA,1,1,1,1,3,1,1,3,2,1,4,3,3,3,1,1,2,2,2,1,2,2,M,Hindu,1,1,1,1,1,1,3,1,3,3,2,3,2,2,1,1,1,5,1,1,1,3,1,7,1,7,6,1,0,A9
2091,A0903,9,A,9A,Muslim,Enemies,Enemy3,2,5,M,3,6,5,4,7,4,7,6,5,5,4,5,3,7,Aalvibohra,1,1,1,NA,1,1,1,1,3,1,1,3,2,1,4,3,3,3,1,1,2,2,2,1,2,2,M,Muslim,2,1,1,2,2,2,3,1,1,2,2,4,3,3,2,1,1,1,1,1,1,4,2,6,4,6,6,1,1,A9
2092,A0903,9,A,9A,Muslim,Enemies,Enemy4,2,8,M,3,6,5,4,7,4,7,6,5,5,4,5,3,7,Aalvibohra,1,1,1,NA,1,1,1,1,3,1,1,3,2,1,4,3,3,3,1,1,2,2,2,1,2,2,M,Hindu,1,1,1,1,1,1,3,3,3,2,3,4,4,4,1,1,1,1,1,1,1,5,3,5,4,6,6,1,0,A9
2093,A0903,9,A,9A,Muslim,Enemies,Enemy5,2,14,M,3,6,5,4,7,4,7,6,5,5,4,5,3,7,Aalvibohra,1,1,1,NA,1,1,1,1,3,1,1,3,2,1,4,3,3,3,1,1,2,2,2,1,2,2,M,Muslim,1,2,2,2,1,1,3,1,1,1,1,4,4,4,1,1,1,2,1,1,1,4,2,6,6,4,6,1,1,A9
2094,A0903,9,A,9A,Muslim,Enemies,Enemy6,2,28,M,3,6,5,4,7,4,7,6,5,5,4,5,3,7,Aalvibohra,1,1,1,NA,1,1,1,1,3,1,1,3,2,1,4,3,3,3,1,1,2,2,2,1,2,2,M,Hindu,3,1,2,1,3,1,4,2,5,3,2,7,7,7,2,1,1,2,1,1,1,2,2,4,4,4,4,1,0,A9
2095,A0903,9,A,9A,Muslim,Enemies,Enemy7,2,31,M,3,6,5,4,7,4,7,6,5,5,4,5,3,7,Aalvibohra,1,1,1,NA,1,1,1,1,3,1,1,3,2,1,4,3,3,3,1,1,2,2,2,1,2,2,M,NA,NA,NA,NA,NA,NA,NA,NA,NA,NA,NA,NA,NA,NA,NA,NA,NA,NA,NA,NA,NA,NA,NA,NA,NA,NA,NA,NA,1,NA,A9
2096,A0903,9,A,9A,Muslim,Enemies,Enemy8,2,33,M,3,6,5,4,7,4,7,6,5,5,4,5,3,7,Aalvibohra,1,1,1,NA,1,1,1,1,3,1,1,3,2,1,4,3,3,3,1,1,2,2,2,1,2,2,M,Hindu,2,1,2,1,1,2,4,1,5,2,2,1,3,1,3,3,2,2,2,2,1,5,2,5,1,7,4,1,0,A9
2097,A0904,9,A,9A,Hindu,Enemies,Enemy1,2,8,M,4,3,7,7,7,7,6,7,7,6,6,4,6,7,NA,1,2,1,2,1,2,1,1,4,1,4,2,1,1,4,2,2,1,1,1,2,1,1,1,5,5,M,Hindu,1,1,1,1,1,1,3,3,3,2,3,4,4,4,1,1,1,1,1,1,1,5,3,5,4,6,6,1,1,A9
2098,A0904,9,A,9A,Hindu,Enemies,Enemy2,2,12,M,4,3,7,7,7,7,6,7,7,6,6,4,6,7,NA,1,2,1,2,1,2,1,1,4,1,4,2,1,1,4,2,2,1,1,1,2,1,1,1,5,5,M,other,4,4,3,1,3,2,2,1,1,2,1,4,4,4,2,1,2,3,2,1,1,2,3,7,5,6,6,1,0,A9
2099,A0904,9,A,9A,Hindu,Enemies,Enemy3,2,14,M,4,3,7,7,7,7,6,7,7,6,6,4,6,7,NA,1,2,1,2,1,2,1,1,4,1,4,2,1,1,4,2,2,1,1,1,2,1,1,1,5,5,M,Muslim,1,2,2,2,1,1,3,1,1,1,1,4,4,4,1,1,1,2,1,1,1,4,2,6,6,4,6,1,0,A9
2100,A0904,9,A,9A,Hindu,Enemies,Enemy4,2,19,M,4,3,7,7,7,7,6,7,7,6,6,4,6,7,NA,1,2,1,2,1,2,1,1,4,1,4,2,1,1,4,2,2,1,1,1,2,1,1,1,5,5,M,Muslim,3,1,2,2,1,2,3,1,1,1,1,3,2,2,2,2,2,4,2,2,1,4,3,6,2,5,7,1,0,A9
2101,A0904,9,A,9A,Hindu,Enemies,Enemy5,2,29,M,4,3,7,7,7,7,6,7,7,6,6,4,6,7,NA,1,2,1,2,1,2,1,1,4,1,4,2,1,1,4,2,2,1,1,1,2,1,1,1,5,5,M,Muslim,4,2,3,3,2,1,3,1,1,2,2,3,2,2,1,1,1,2,2,1,2,4,2,7,7,6,6,1,0,A9
2102,A0904,9,A,9A,Hindu,Enemies,Enemy6,2,32,M,4,3,7,7,7,7,6,7,7,6,6,4,6,7,NA,1,2,1,2,1,2,1,1,4,1,4,2,1,1,4,2,2,1,1,1,2,1,1,1,5,5,M,Hindu,2,2,3,1,2,1,3,2,4,2,2,6,4,4,2,1,1,4,1,1,1,5,3,7,5,6,6,1,1,A9
2103,A0904,9,A,9A,Hindu,Enemies,Enemy7,2,33,M,4,3,7,7,7,7,6,7,7,6,6,4,6,7,NA,1,2,1,2,1,2,1,1,4,1,4,2,1,1,4,2,2,1,1,1,2,1,1,1,5,5,M,Hindu,2,1,2,1,1,2,4,1,5,2,2,1,3,1,3,3,2,2,2,2,1,5,2,5,1,7,4,1,1,A9
2104,A0905,9,A,9A,Muslim,Enemies,Enemy1,2,17,M,5,4,6,4,6,6,6,6,6,5,6,4,3,7,Bohra,1,2,1,1,2,2,2,2,3,1,1,2,2,2,4,3,3,2,1,1,1,1,1,1,4,2,M,Muslim,1,1,1,2,2,1,4,1,1,1,1,4,1,7,1,1,1,2,1,1,1,5,5,7,7,6,7,1,1,A9
2105,A0906,9,A,9A,Hindu,Enemies,Enemy1,2,12,M,6,4,5,4,4,4,4,4,5,4,4,4,3,3,NA,1,1,1,2,1,1,2,4,3,1,2,1,1,1,6,4,4,2,1,1,3,1,2,1,5,2,M,other,4,4,3,1,3,2,2,1,1,2,1,4,4,4,2,1,2,3,2,1,1,2,3,7,5,6,6,1,0,A9
2106,A0906,9,A,9A,Hindu,Enemies,Enemy2,2,14,M,6,4,5,4,4,4,4,4,5,4,4,4,3,3,NA,1,1,1,2,1,1,2,4,3,1,2,1,1,1,6,4,4,2,1,1,3,1,2,1,5,2,M,Muslim,1,2,2,2,1,1,3,1,1,1,1,4,4,4,1,1,1,2,1,1,1,4,2,6,6,4,6,1,0,A9
2107,A0906,9,A,9A,Hindu,Enemies,Enemy3,2,16,M,6,4,5,4,4,4,4,4,5,4,4,4,3,3,NA,1,1,1,2,1,1,2,4,3,1,2,1,1,1,6,4,4,2,1,1,3,1,2,1,5,2,M,Hindu,2,1,2,1,2,1,3,1,5,1,2,4,4,4,2,1,1,4,1,2,1,5,3,5,4,6,6,1,1,A9
2108,A0906,9,A,9A,Hindu,Enemies,Enemy4,2,21,M,6,4,5,4,4,4,4,4,5,4,4,4,3,3,NA,1,1,1,2,1,1,2,4,3,1,2,1,1,1,6,4,4,2,1,1,3,1,2,1,5,2,M,Hindu,1,1,1,1,2,1,3,1,4,2,2,3,2,2,2,1,1,2,1,2,2,2,1,6,6,7,4,1,1,A9
2109,A0906,9,A,9A,Hindu,Enemies,Enemy5,2,31,M,6,4,5,4,4,4,4,4,5,4,4,4,3,3,NA,1,1,1,2,1,1,2,4,3,1,2,1,1,1,6,4,4,2,1,1,3,1,2,1,5,2,M,NA,NA,NA,NA,NA,NA,NA,NA,NA,NA,NA,NA,NA,NA,NA,NA,NA,NA,NA,NA,NA,NA,NA,NA,NA,NA,NA,NA,1,NA,A9
2110,A0906,9,A,9A,Hindu,Enemies,Enemy6,2,32,M,6,4,5,4,4,4,4,4,5,4,4,4,3,3,NA,1,1,1,2,1,1,2,4,3,1,2,1,1,1,6,4,4,2,1,1,3,1,2,1,5,2,M,Hindu,2,2,3,1,2,1,3,2,4,2,2,6,4,4,2,1,1,4,1,1,1,5,3,7,5,6,6,1,1,A9
2111,A0906,9,A,9A,Hindu,Enemies,Enemy7,2,33,M,6,4,5,4,4,4,4,4,5,4,4,4,3,3,NA,1,1,1,2,1,1,2,4,3,1,2,1,1,1,6,4,4,2,1,1,3,1,2,1,5,2,M,Hindu,2,1,2,1,1,2,4,1,5,2,2,1,3,1,3,3,2,2,2,2,1,5,2,5,1,7,4,1,1,A9
2112,A0908,9,A,9A,Hindu,Enemies,Enemy1,2,9,M,8,4,5,4,4,6,6,4,3,5,5,4,4,1,NA,1,1,1,1,1,1,1,4,3,3,3,2,1,3,4,4,4,1,1,1,1,1,1,1,5,3,M,Muslim,1,1,1,1,1,1,3,1,1,1,1,4,4,4,1,1,1,1,1,1,1,4,2,6,6,6,6,1,0,A9
2113,A0908,9,A,9A,Hindu,Enemies,Enemy2,2,19,M,8,4,5,4,4,6,6,4,3,5,5,4,4,1,NA,1,1,1,1,1,1,1,4,3,3,3,2,1,3,4,4,4,1,1,1,1,1,1,1,5,3,M,Muslim,3,1,2,2,1,2,3,1,1,1,1,3,2,2,2,2,2,4,2,2,1,4,3,6,2,5,7,1,0,A9
2114,A0908,9,A,9A,Hindu,Enemies,Enemy3,2,21,M,8,4,5,4,4,6,6,4,3,5,5,4,4,1,NA,1,1,1,1,1,1,1,4,3,3,3,2,1,3,4,4,4,1,1,1,1,1,1,1,5,3,M,Hindu,1,1,1,1,2,1,3,1,4,2,2,3,2,2,2,1,1,2,1,2,2,2,1,6,6,7,4,1,1,A9
2115,A0908,9,A,9A,Hindu,Enemies,Enemy4,2,31,M,8,4,5,4,4,6,6,4,3,5,5,4,4,1,NA,1,1,1,1,1,1,1,4,3,3,3,2,1,3,4,4,4,1,1,1,1,1,1,1,5,3,M,NA,NA,NA,NA,NA,NA,NA,NA,NA,NA,NA,NA,NA,NA,NA,NA,NA,NA,NA,NA,NA,NA,NA,NA,NA,NA,NA,NA,1,NA,A9
2116,A0910,9,A,9A,Hindu,Enemies,Enemy1,2,35,M,10,4,7,4,6,7,4,6,6,6,6,3,6,1,NA,1,1,2,2,2,2,1,4,3,1,5,2,1,1,4,6,1,2,1,1,1,1,5,1,4,3,F,Muslim,2,1,2,4,1,3,4,3,4,5,3,3,2,2,1,1,2,3,1,1,2,5,2,4,5,5,6,0,0,A9
2117,A0910,9,A,9A,Hindu,Enemies,Enemy2,2,36,M,10,4,7,4,6,7,4,6,6,6,6,3,6,1,NA,1,1,2,2,2,2,1,4,3,1,5,2,1,1,4,6,1,2,1,1,1,1,5,1,4,3,F,Muslim,3,1,3,4,1,2,1,1,2,5,2,4,7,7,1,1,2,2,3,3,1,1,1,3,5,5,6,0,0,A9
2118,A0910,9,A,9A,Hindu,Enemies,Enemy3,2,50,M,10,4,7,4,6,7,4,6,6,6,6,3,6,1,NA,1,1,2,2,2,2,1,4,3,1,5,2,1,1,4,6,1,2,1,1,1,1,5,1,4,3,F,Muslim,2,4,3,1,2,1,3,1,1,2,2,4,4,4,3,1,1,2,1,2,1,5,4,2,6,4,4,0,0,A9
2119,A0910,9,A,9A,Hindu,Enemies,Enemy4,2,57,M,10,4,7,4,6,7,4,6,6,6,6,3,6,1,NA,1,1,2,2,2,2,1,4,3,1,5,2,1,1,4,6,1,2,1,1,1,1,5,1,4,3,F,Muslim,3,2,3,1,2,1,3,1,1,5,3,4,3,3,2,1,2,2,1,1,1,5,3,4,6,6,6,0,0,A9
2120,A0910,9,A,9A,Hindu,Enemies,Enemy5,2,59,M,10,4,7,4,6,7,4,6,6,6,6,3,6,1,NA,1,1,2,2,2,2,1,4,3,1,5,2,1,1,4,6,1,2,1,1,1,1,5,1,4,3,F,Muslim,2,1,2,1,1,1,4,1,4,3,2,7,5,5,1,1,1,2,1,1,2,5,3,7,7,5,5,0,0,A9
2121,A0910,9,A,9A,Hindu,Enemies,Enemy6,2,62,M,10,4,7,4,6,7,4,6,6,6,6,3,6,1,NA,1,1,2,2,2,2,1,4,3,1,5,2,1,1,4,6,1,2,1,1,1,1,5,1,4,3,F,Hindu,1,1,1,1,1,1,4,2,5,4,1,4,4,4,1,1,3,4,1,1,2,1,1,7,1,7,2,0,1,A9
2122,A0910,9,A,9A,Hindu,Enemies,Enemy7,2,63,M,10,4,7,4,6,7,4,6,6,6,6,3,6,1,NA,1,1,2,2,2,2,1,4,3,1,5,2,1,1,4,6,1,2,1,1,1,1,5,1,4,3,F,Hindu,5,5,4,1,3,1,3,1,4,3,2,4,4,4,1,1,1,4,1,2,3,1,1,7,1,5,5,0,1,A9
2123,A0911,9,A,9A,Muslim,Enemies,Enemy1,2,34,M,11,4,6,3,6,6,5,6,7,5,6,4,4,6,NA,1,1,1,1,2,3,1,1,3,1,1,1,2,2,4,2,2,1,1,1,3,1,1,3,4,2,M,Muslim,1,2,2,1,1,1,3,1,1,1,1,4,4,4,1,1,1,1,1,1,1,5,2,6,6,6,6,1,1,A9
2124,A0911,9,A,9A,Muslim,Enemies,Enemy2,2,55,M,11,4,6,3,6,6,5,6,7,5,6,4,4,6,NA,1,1,1,1,2,3,1,1,3,1,1,1,2,2,4,2,2,1,1,1,3,1,1,3,4,2,F,Hindu,2,1,5,1,2,2,4,5,5,4,4,4,4,4,1,1,2,1,1,1,1,1,3,1,1,7,6,0,0,A9
2125,A0911,9,A,9A,Muslim,Enemies,Enemy3,2,56,M,11,4,6,3,6,6,5,6,7,5,6,4,4,6,NA,1,1,1,1,2,3,1,1,3,1,1,1,2,2,4,2,2,1,1,1,3,1,1,3,4,2,F,Hindu,3,3,3,1,4,2,3,4,5,4,2,4,4,4,1,1,1,3,1,1,4,4,3,6,6,6,5,0,0,A9
2126,A0911,9,A,9A,Muslim,Enemies,Enemy4,2,64,M,11,4,6,3,6,6,5,6,7,5,6,4,4,6,NA,1,1,1,1,2,3,1,1,3,1,1,1,2,2,4,2,2,1,1,1,3,1,1,3,4,2,F,Muslim,1,1,1,1,1,1,3,1,1,5,1,4,4,4,1,1,1,2,1,1,1,5,3,6,7,6,7,0,1,A9
2127,A0912,9,A,9A,other,Enemies,Enemy1,2,13,M,12,4,7,5,7,6,6,4,6,4,5,6,4,8,DON'T KNOW,1,4,4,3,1,3,2,1,2,1,1,2,3,1,4,4,4,2,1,2,3,2,1,1,2,3,M,Muslim,1,1,1,1,1,1,3,1,1,2,1,4,4,4,2,1,1,3,1,1,1,5,3,4,4,4,4,1,0,A9
2128,A0912,9,A,9A,other,Enemies,Enemy2,2,17,M,12,4,7,5,7,6,6,4,6,4,5,6,4,8,DON'T KNOW,1,4,4,3,1,3,2,1,2,1,1,2,3,1,4,4,4,2,1,2,3,2,1,1,2,3,M,Muslim,1,1,1,2,2,1,4,1,1,1,1,4,1,7,1,1,1,2,1,1,1,5,5,7,7,6,7,1,0,A9
2129,A0914,9,A,9A,Muslim,Enemies,Enemy1,2,2,M,14,3,6,6,5,4,6,6,5,5,5,6,4,7,NA,1,1,2,2,2,1,1,1,3,1,1,1,2,1,4,4,4,1,1,1,2,1,1,1,4,2,M,Hindu,1,1,1,1,1,1,3,1,3,3,2,3,2,2,1,1,1,5,1,1,1,3,1,7,1,7,6,1,0,A9
2130,A0914,9,A,9A,Muslim,Enemies,Enemy2,2,4,M,14,3,6,6,5,4,6,6,5,5,5,6,4,7,NA,1,1,2,2,2,1,1,1,3,1,1,1,2,1,4,4,4,1,1,1,2,1,1,1,4,2,M,Hindu,2,1,2,1,2,1,4,1,4,2,1,4,2,2,1,1,1,2,1,1,1,5,5,7,7,7,6,1,0,A9
2131,A0914,9,A,9A,Muslim,Enemies,Enemy3,2,5,M,14,3,6,6,5,4,6,6,5,5,5,6,4,7,NA,1,1,2,2,2,1,1,1,3,1,1,1,2,1,4,4,4,1,1,1,2,1,1,1,4,2,M,Muslim,2,1,1,2,2,2,3,1,1,2,2,4,3,3,2,1,1,1,1,1,1,4,2,6,4,6,6,1,1,A9
2132,A0914,9,A,9A,Muslim,Enemies,Enemy4,2,8,M,14,3,6,6,5,4,6,6,5,5,5,6,4,7,NA,1,1,2,2,2,1,1,1,3,1,1,1,2,1,4,4,4,1,1,1,2,1,1,1,4,2,M,Hindu,1,1,1,1,1,1,3,3,3,2,3,4,4,4,1,1,1,1,1,1,1,5,3,5,4,6,6,1,0,A9
2133,A0914,9,A,9A,Muslim,Enemies,Enemy5,2,10,M,14,3,6,6,5,4,6,6,5,5,5,6,4,7,NA,1,1,2,2,2,1,1,1,3,1,1,1,2,1,4,4,4,1,1,1,2,1,1,1,4,2,M,Hindu,1,2,2,2,2,1,3,1,5,2,1,4,6,1,2,1,1,1,1,5,1,4,3,7,4,7,4,1,0,A9
2134,A0914,9,A,9A,Muslim,Enemies,Enemy6,2,31,M,14,3,6,6,5,4,6,6,5,5,5,6,4,7,NA,1,1,2,2,2,1,1,1,3,1,1,1,2,1,4,4,4,1,1,1,2,1,1,1,4,2,M,NA,NA,NA,NA,NA,NA,NA,NA,NA,NA,NA,NA,NA,NA,NA,NA,NA,NA,NA,NA,NA,NA,NA,NA,NA,NA,NA,NA,1,NA,A9
2135,A0914,9,A,9A,Muslim,Enemies,Enemy7,2,34,M,14,3,6,6,5,4,6,6,5,5,5,6,4,7,NA,1,1,2,2,2,1,1,1,3,1,1,1,2,1,4,4,4,1,1,1,2,1,1,1,4,2,M,Muslim,1,2,2,1,1,1,3,1,1,1,1,4,4,4,1,1,1,1,1,1,1,5,2,6,6,6,6,1,1,A9
2136,A0916,9,A,9A,Hindu,Enemies,Enemy1,2,10,M,16,4,5,4,5,6,6,6,5,5,4,4,5,8,NA,1,2,1,2,1,2,1,2,3,1,5,1,1,2,4,4,4,2,1,1,4,1,2,1,5,3,M,Hindu,1,2,2,2,2,1,3,1,5,2,1,4,6,1,2,1,1,1,1,5,1,4,3,7,4,7,4,1,1,A9
2137,A0916,9,A,9A,Hindu,Enemies,Enemy2,2,12,M,16,4,5,4,5,6,6,6,5,5,4,4,5,8,NA,1,2,1,2,1,2,1,2,3,1,5,1,1,2,4,4,4,2,1,1,4,1,2,1,5,3,M,other,4,4,3,1,3,2,2,1,1,2,1,4,4,4,2,1,2,3,2,1,1,2,3,7,5,6,6,1,0,A9
2138,A0916,9,A,9A,Hindu,Enemies,Enemy3,2,28,M,16,4,5,4,5,6,6,6,5,5,4,4,5,8,NA,1,2,1,2,1,2,1,2,3,1,5,1,1,2,4,4,4,2,1,1,4,1,2,1,5,3,M,Hindu,3,1,2,1,3,1,4,2,5,3,2,7,7,7,2,1,1,2,1,1,1,2,2,4,4,4,4,1,1,A9
2139,A0916,9,A,9A,Hindu,Enemies,Enemy4,2,31,M,16,4,5,4,5,6,6,6,5,5,4,4,5,8,NA,1,2,1,2,1,2,1,2,3,1,5,1,1,2,4,4,4,2,1,1,4,1,2,1,5,3,M,NA,NA,NA,NA,NA,NA,NA,NA,NA,NA,NA,NA,NA,NA,NA,NA,NA,NA,NA,NA,NA,NA,NA,NA,NA,NA,NA,NA,1,NA,A9
2140,A0916,9,A,9A,Hindu,Enemies,Enemy5,2,34,M,16,4,5,4,5,6,6,6,5,5,4,4,5,8,NA,1,2,1,2,1,2,1,2,3,1,5,1,1,2,4,4,4,2,1,1,4,1,2,1,5,3,M,Muslim,1,2,2,1,1,1,3,1,1,1,1,4,4,4,1,1,1,1,1,1,1,5,2,6,6,6,6,1,0,A9
2141,A0917,9,A,9A,Muslim,Enemies,Enemy1,2,8,M,17,4,7,7,6,6,7,7,7,5,6,6,6,7,NA,1,1,1,1,2,2,1,2,4,1,1,1,2,1,4,1,7,1,1,1,2,1,1,1,5,5,M,Hindu,1,1,1,1,1,1,3,3,3,2,3,4,4,4,1,1,1,1,1,1,1,5,3,5,4,6,6,1,0,A9
2142,A0917,9,A,9A,Muslim,Enemies,Enemy2,2,12,M,17,4,7,7,6,6,7,7,7,5,6,6,6,7,NA,1,1,1,1,2,2,1,2,4,1,1,1,2,1,4,1,7,1,1,1,2,1,1,1,5,5,M,other,4,4,3,1,3,2,2,1,1,2,1,4,4,4,2,1,2,3,2,1,1,2,3,7,5,6,6,1,0,A9
2143,A0917,9,A,9A,Muslim,Enemies,Enemy3,2,19,M,17,4,7,7,6,6,7,7,7,5,6,6,6,7,NA,1,1,1,1,2,2,1,2,4,1,1,1,2,1,4,1,7,1,1,1,2,1,1,1,5,5,M,Muslim,3,1,2,2,1,2,3,1,1,1,1,3,2,2,2,2,2,4,2,2,1,4,3,6,2,5,7,1,1,A9
2144,A0917,9,A,9A,Muslim,Enemies,Enemy4,2,21,M,17,4,7,7,6,6,7,7,7,5,6,6,6,7,NA,1,1,1,1,2,2,1,2,4,1,1,1,2,1,4,1,7,1,1,1,2,1,1,1,5,5,M,Hindu,1,1,1,1,2,1,3,1,4,2,2,3,2,2,2,1,1,2,1,2,2,2,1,6,6,7,4,1,0,A9
2145,A0917,9,A,9A,Muslim,Enemies,Enemy5,2,26,M,17,4,7,7,6,6,7,7,7,5,6,6,6,7,NA,1,1,1,1,2,2,1,2,4,1,1,1,2,1,4,1,7,1,1,1,2,1,1,1,5,5,M,Hindu,1,1,1,1,1,1,3,1,5,3,2,4,3,3,1,1,1,1,1,3,1,5,4,6,6,7,6,1,0,A9
2146,A0917,9,A,9A,Muslim,Enemies,Enemy6,2,28,M,17,4,7,7,6,6,7,7,7,5,6,6,6,7,NA,1,1,1,1,2,2,1,2,4,1,1,1,2,1,4,1,7,1,1,1,2,1,1,1,5,5,M,Hindu,3,1,2,1,3,1,4,2,5,3,2,7,7,7,2,1,1,2,1,1,1,2,2,4,4,4,4,1,0,A9
2147,A0917,9,A,9A,Muslim,Enemies,Enemy7,2,33,M,17,4,7,7,6,6,7,7,7,5,6,6,6,7,NA,1,1,1,1,2,2,1,2,4,1,1,1,2,1,4,1,7,1,1,1,2,1,1,1,5,5,M,Hindu,2,1,2,1,1,2,4,1,5,2,2,1,3,1,3,3,2,2,2,2,1,5,2,5,1,7,4,1,0,A9
2148,A0919,9,A,9A,Muslim,Enemies,Enemy1,2,17,M,19,4,6,2,3,5,7,6,5,4,5,6,6,6,Alvi vohra,1,3,1,2,2,1,2,1,3,1,1,1,2,1,3,2,2,2,2,2,4,2,2,1,4,3,M,Muslim,1,1,1,2,2,1,4,1,1,1,1,4,1,7,1,1,1,2,1,1,1,5,5,7,7,6,7,1,1,A9
2149,A0919,9,A,9A,Muslim,Enemies,Enemy2,2,21,M,19,4,6,2,3,5,7,6,5,4,5,6,6,6,Alvi vohra,1,3,1,2,2,1,2,1,3,1,1,1,2,1,3,2,2,2,2,2,4,2,2,1,4,3,M,Hindu,1,1,1,1,2,1,3,1,4,2,2,3,2,2,2,1,1,2,1,2,2,2,1,6,6,7,4,1,0,A9
2150,A0919,9,A,9A,Muslim,Enemies,Enemy3,2,25,M,19,4,6,2,3,5,7,6,5,4,5,6,6,6,Alvi vohra,1,3,1,2,2,1,2,1,3,1,1,1,2,1,3,2,2,2,2,2,4,2,2,1,4,3,M,Hindu,3,2,2,2,2,1,4,1,5,3,2,5,4,4,2,1,1,2,1,1,2,4,2,5,5,6,5,1,0,A9
2151,A0919,9,A,9A,Muslim,Enemies,Enemy4,2,36,M,19,4,6,2,3,5,7,6,5,4,5,6,6,6,Alvi vohra,1,3,1,2,2,1,2,1,3,1,1,1,2,1,3,2,2,2,2,2,4,2,2,1,4,3,F,Muslim,3,1,3,4,1,2,1,1,2,5,2,4,7,7,1,1,2,2,3,3,1,1,1,3,5,5,6,0,1,A9
2152,A0919,9,A,9A,Muslim,Enemies,Enemy5,2,38,M,19,4,6,2,3,5,7,6,5,4,5,6,6,6,Alvi vohra,1,3,1,2,2,1,2,1,3,1,1,1,2,1,3,2,2,2,2,2,4,2,2,1,4,3,F,Muslim,3,3,3,1,3,1,4,1,1,5,2,4,4,4,3,1,1,2,1,1,1,5,2,5,6,6,6,0,1,A9
2153,A0919,9,A,9A,Muslim,Enemies,Enemy6,2,47,M,19,4,6,2,3,5,7,6,5,4,5,6,6,6,Alvi vohra,1,3,1,2,2,1,2,1,3,1,1,1,2,1,3,2,2,2,2,2,4,2,2,1,4,3,F,Hindu,3,1,2,1,1,1,3,1,3,2,2,5,4,4,1,1,1,2,1,1,1,5,4,5,6,7,7,0,0,A9
2154,A0919,9,A,9A,Muslim,Enemies,Enemy7,2,63,M,19,4,6,2,3,5,7,6,5,4,5,6,6,6,Alvi vohra,1,3,1,2,2,1,2,1,3,1,1,1,2,1,3,2,2,2,2,2,4,2,2,1,4,3,F,Hindu,5,5,4,1,3,1,3,1,4,3,2,4,4,4,1,1,1,4,1,2,3,1,1,7,1,5,5,0,0,A9
2155,A0920,9,A,9A,Hindu,Enemies,Enemy1,2,24,M,20,4,6,6,6,6,5,6,6,5,4,6,5,2,NA,1,1,1,2,2,1,2,1,3,1,2,1,1,1,3,4,4,1,1,1,2,2,1,1,4,2,M,Hindu,1,1,1,1,1,2,3,2,3,3,2,4,3,3,1,1,1,2,2,2,3,4,3,6,5,7,6,1,1,A9
2156,A0920,9,A,9A,Hindu,Enemies,Enemy2,2,48,M,20,4,6,6,6,6,5,6,6,5,4,6,5,2,NA,1,1,1,2,2,1,2,1,3,1,2,1,1,1,3,4,4,1,1,1,2,2,1,1,4,2,F,Muslim,2,2,2,1,1,1,3,1,1,2,2,4,6,6,2,1,1,3,1,2,3,4,3,4,6,6,6,0,0,A9
2157,A0921,9,A,9A,Hindu,Enemies,Enemy1,2,14,M,21,4,6,6,3,7,4,6,5,4,4,4,4,1,NA,1,1,1,1,1,2,1,2,3,1,4,2,1,2,3,2,2,2,1,1,2,1,2,2,2,1,M,Muslim,1,2,2,2,1,1,3,1,1,1,1,4,4,4,1,1,1,2,1,1,1,4,2,6,6,4,6,1,0,A9
2158,A0921,9,A,9A,Hindu,Enemies,Enemy2,2,41,M,21,4,6,6,3,7,4,6,5,4,4,4,4,1,NA,1,1,1,1,1,2,1,2,3,1,4,2,1,2,3,2,2,2,1,1,2,1,2,2,2,1,F,Hindu,3,2,2,1,2,1,4,1,5,3,3,3,2,2,1,1,1,1,1,2,2,4,3,4,4,6,6,0,1,A9
2159,A0921,9,A,9A,Hindu,Enemies,Enemy3,2,64,M,21,4,6,6,3,7,4,6,5,4,4,4,4,1,NA,1,1,1,1,1,2,1,2,3,1,4,2,1,2,3,2,2,2,1,1,2,1,2,2,2,1,F,Muslim,1,1,1,1,1,1,3,1,1,5,1,4,4,4,1,1,1,2,1,1,1,5,3,6,7,6,7,0,0,A9
2160,A0923,9,A,9A,Hindu,Enemies,Enemy1,2,14,M,23,7,7,7,7,7,7,7,7,7,7,7,3,1,NA,1,1,1,1,1,1,1,4,1,1,5,3,1,1,4,4,4,1,1,1,1,1,1,1,5,3,M,Muslim,1,2,2,2,1,1,3,1,1,1,1,4,4,4,1,1,1,2,1,1,1,4,2,6,6,4,6,1,0,A9
2161,A0923,9,A,9A,Hindu,Enemies,Enemy2,2,17,M,23,7,7,7,7,7,7,7,7,7,7,7,3,1,NA,1,1,1,1,1,1,1,4,1,1,5,3,1,1,4,4,4,1,1,1,1,1,1,1,5,3,M,Muslim,1,1,1,2,2,1,4,1,1,1,1,4,1,7,1,1,1,2,1,1,1,5,5,7,7,6,7,1,0,A9
2162,A0925,9,A,9A,Hindu,Enemies,Enemy1,2,17,M,25,6,5,5,6,6,5,4,5,4,5,6,4,8,NA,1,3,2,2,2,2,1,1,4,1,5,3,1,2,5,4,4,2,1,1,2,1,1,2,4,2,M,Muslim,1,1,1,2,2,1,4,1,1,1,1,4,1,7,1,1,1,2,1,1,1,5,5,7,7,6,7,1,0,A9
2163,A0925,9,A,9A,Hindu,Enemies,Enemy2,2,19,M,25,6,5,5,6,6,5,4,5,4,5,6,4,8,NA,1,3,2,2,2,2,1,1,4,1,5,3,1,2,5,4,4,2,1,1,2,1,1,2,4,2,M,Muslim,3,1,2,2,1,2,3,1,1,1,1,3,2,2,2,2,2,4,2,2,1,4,3,6,2,5,7,1,0,A9
2164,A0925,9,A,9A,Hindu,Enemies,Enemy3,2,21,M,25,6,5,5,6,6,5,4,5,4,5,6,4,8,NA,1,3,2,2,2,2,1,1,4,1,5,3,1,2,5,4,4,2,1,1,2,1,1,2,4,2,M,Hindu,1,1,1,1,2,1,3,1,4,2,2,3,2,2,2,1,1,2,1,2,2,2,1,6,6,7,4,1,1,A9
2165,A0928,9,A,9A,Hindu,Enemies,Enemy1,2,12,M,28,4,4,4,4,4,4,4,4,4,4,4,4,NA,NA,1,3,1,2,1,3,1,1,4,2,5,3,1,2,7,7,7,2,1,1,2,1,1,1,2,2,M,other,4,4,3,1,3,2,2,1,1,2,1,4,4,4,2,1,2,3,2,1,1,2,3,7,5,6,6,1,0,A9
2166,A0928,9,A,9A,Hindu,Enemies,Enemy2,2,15,M,28,4,4,4,4,4,4,4,4,4,4,4,4,NA,NA,1,3,1,2,1,3,1,1,4,2,5,3,1,2,7,7,7,2,1,1,2,1,1,1,2,2,M,Muslim,1,1,2,1,1,1,4,1,1,1,1,4,4,4,2,1,1,1,1,1,1,4,2,6,6,6,7,1,0,A9
2167,A0928,9,A,9A,Hindu,Enemies,Enemy3,2,21,M,28,4,4,4,4,4,4,4,4,4,4,4,4,NA,NA,1,3,1,2,1,3,1,1,4,2,5,3,1,2,7,7,7,2,1,1,2,1,1,1,2,2,M,Hindu,1,1,1,1,2,1,3,1,4,2,2,3,2,2,2,1,1,2,1,2,2,2,1,6,6,7,4,1,1,A9
2168,A0928,9,A,9A,Hindu,Enemies,Enemy4,2,24,M,28,4,4,4,4,4,4,4,4,4,4,4,4,NA,NA,1,3,1,2,1,3,1,1,4,2,5,3,1,2,7,7,7,2,1,1,2,1,1,1,2,2,M,Hindu,1,1,1,1,1,2,3,2,3,3,2,4,3,3,1,1,1,2,2,2,3,4,3,6,5,7,6,1,1,A9
2169,A0928,9,A,9A,Hindu,Enemies,Enemy5,2,35,M,28,4,4,4,4,4,4,4,4,4,4,4,4,NA,NA,1,3,1,2,1,3,1,1,4,2,5,3,1,2,7,7,7,2,1,1,2,1,1,1,2,2,F,Muslim,2,1,2,4,1,3,4,3,4,5,3,3,2,2,1,1,2,3,1,1,2,5,2,4,5,5,6,0,0,A9
2170,A0928,9,A,9A,Hindu,Enemies,Enemy6,2,55,M,28,4,4,4,4,4,4,4,4,4,4,4,4,NA,NA,1,3,1,2,1,3,1,1,4,2,5,3,1,2,7,7,7,2,1,1,2,1,1,1,2,2,F,Hindu,2,1,5,1,2,2,4,5,5,4,4,4,4,4,1,1,2,1,1,1,1,1,3,1,1,7,6,0,1,A9
2171,A0929,9,A,9A,Muslim,Enemies,Enemy1,2,19,M,29,3,7,7,5,6,6,7,6,6,4,5,4,7,Shiya,1,4,2,3,3,2,1,2,3,1,1,2,2,2,3,2,2,1,1,1,2,2,1,2,4,2,M,Muslim,3,1,2,2,1,2,3,1,1,1,1,3,2,2,2,2,2,4,2,2,1,4,3,6,2,5,7,1,1,A9
2172,A0930,9,A,9A,Jain,Enemies,Enemy1,2,21,M,30,4,6,5,4,6,5,7,7,4,5,6,6,1,NA,1,5,2,2,3,1,2,1,3,1,3,1,3,1,4,3,3,1,1,1,3,1,2,1,4,2,M,Hindu,1,1,1,1,2,1,3,1,4,2,2,3,2,2,2,1,1,2,1,2,2,2,1,6,6,7,4,1,0,A9
2173,A0930,9,A,9A,Jain,Enemies,Enemy2,2,45,M,30,4,6,5,4,6,5,7,7,4,5,6,6,1,NA,1,5,2,2,3,1,2,1,3,1,3,1,3,1,4,3,3,1,1,1,3,1,2,1,4,2,F,Hindu,5,2,5,1,3,1,3,1,4,3,1,4,2,2,2,1,1,4,1,1,1,4,3,4,7,6,4,0,0,A9
2174,A0930,9,A,9A,Jain,Enemies,Enemy3,2,60,M,30,4,6,5,4,6,5,7,7,4,5,6,6,1,NA,1,5,2,2,3,1,2,1,3,1,3,1,3,1,4,3,3,1,1,1,3,1,2,1,4,2,F,Hindu,1,2,3,1,2,1,3,1,5,2,2,4,2,2,1,1,1,2,1,1,1,4,3,NA,NA,7,6,0,0,A9
2175,A0932,9,A,9A,Hindu,Enemies,Enemy1,2,10,M,32,4,7,5,6,6,6,6,7,5,7,5,5,8,NA,1,2,2,3,1,2,1,1,3,2,4,2,1,2,6,4,4,2,1,1,4,1,1,1,5,3,M,Hindu,1,2,2,2,2,1,3,1,5,2,1,4,6,1,2,1,1,1,1,5,1,4,3,7,4,7,4,1,1,A9
2176,A0932,9,A,9A,Hindu,Enemies,Enemy2,2,28,M,32,4,7,5,6,6,6,6,7,5,7,5,5,8,NA,1,2,2,3,1,2,1,1,3,2,4,2,1,2,6,4,4,2,1,1,4,1,1,1,5,3,M,Hindu,3,1,2,1,3,1,4,2,5,3,2,7,7,7,2,1,1,2,1,1,1,2,2,4,4,4,4,1,1,A9
2177,A0932,9,A,9A,Hindu,Enemies,Enemy3,2,63,M,32,4,7,5,6,6,6,6,7,5,7,5,5,8,NA,1,2,2,3,1,2,1,1,3,2,4,2,1,2,6,4,4,2,1,1,4,1,1,1,5,3,F,Hindu,5,5,4,1,3,1,3,1,4,3,2,4,4,4,1,1,1,4,1,2,3,1,1,7,1,5,5,0,1,A9
2178,A0933,9,A,9A,Hindu,Enemies,Enemy1,2,3,M,33,5,5,1,4,7,4,6,5,5,6,5,2,2,NA,1,2,1,2,1,1,2,1,4,1,5,2,1,2,1,3,1,3,3,2,2,2,2,1,5,2,M,Muslim,1,1,NA,1,1,1,3,1,1,3,1,4,3,3,3,1,1,2,2,2,1,2,2,5,4,4,7,1,0,A9
2179,A0933,9,A,9A,Hindu,Enemies,Enemy2,2,11,M,33,5,5,1,4,7,4,6,5,5,6,5,2,2,NA,1,2,1,2,1,1,2,1,4,1,5,2,1,2,1,3,1,3,3,2,2,2,2,1,5,2,M,Muslim,1,1,1,2,3,1,3,1,1,1,2,4,2,2,1,1,1,3,1,1,3,4,2,6,3,6,5,1,0,A9
2180,A0933,9,A,9A,Hindu,Enemies,Enemy3,2,12,M,33,5,5,1,4,7,4,6,5,5,6,5,2,2,NA,1,2,1,2,1,1,2,1,4,1,5,2,1,2,1,3,1,3,3,2,2,2,2,1,5,2,M,other,4,4,3,1,3,2,2,1,1,2,1,4,4,4,2,1,2,3,2,1,1,2,3,7,5,6,6,1,0,A9
2181,A0935,9,A,9A,Muslim,Enemies,Enemy1,2,34,F,35,3,4,5,3,5,6,5,6,4,4,4,1,7,Qureshi,2,2,1,2,4,1,3,2,4,3,4,5,2,3,3,2,2,1,1,2,3,1,1,2,5,2,M,Muslim,1,2,2,1,1,1,3,1,1,1,1,4,4,4,1,1,1,1,1,1,1,5,2,6,6,6,6,0,1,A9
2182,A0935,9,A,9A,Muslim,Enemies,Enemy2,2,36,F,35,3,4,5,3,5,6,5,6,4,4,4,1,7,Qureshi,2,2,1,2,4,1,3,2,4,3,4,5,2,3,3,2,2,1,1,2,3,1,1,2,5,2,F,Muslim,3,1,3,4,1,2,1,1,2,5,2,4,7,7,1,1,2,2,3,3,1,1,1,3,5,5,6,1,1,A9
2183,A0935,9,A,9A,Muslim,Enemies,Enemy3,2,41,F,35,3,4,5,3,5,6,5,6,4,4,4,1,7,Qureshi,2,2,1,2,4,1,3,2,4,3,4,5,2,3,3,2,2,1,1,2,3,1,1,2,5,2,F,Hindu,3,2,2,1,2,1,4,1,5,3,3,3,2,2,1,1,1,1,1,2,2,4,3,4,4,6,6,1,0,A9
2184,A0935,9,A,9A,Muslim,Enemies,Enemy4,2,42,F,35,3,4,5,3,5,6,5,6,4,4,4,1,7,Qureshi,2,2,1,2,4,1,3,2,4,3,4,5,2,3,3,2,2,1,1,2,3,1,1,2,5,2,F,Muslim,1,1,2,1,1,1,4,3,1,5,1,4,4,4,1,1,1,1,1,2,1,3,1,6,7,6,7,1,1,A9
2185,A0935,9,A,9A,Muslim,Enemies,Enemy5,2,43,F,35,3,4,5,3,5,6,5,6,4,4,4,1,7,Qureshi,2,2,1,2,4,1,3,2,4,3,4,5,2,3,3,2,2,1,1,2,3,1,1,2,5,2,F,Muslim,3,2,2,2,1,1,4,1,2,5,2,5,4,5,1,1,1,1,1,1,2,3,3,4,6,5,7,1,1,A9
2186,A0935,9,A,9A,Muslim,Enemies,Enemy6,2,58,F,35,3,4,5,3,5,6,5,6,4,4,4,1,7,Qureshi,2,2,1,2,4,1,3,2,4,3,4,5,2,3,3,2,2,1,1,2,3,1,1,2,5,2,F,Hindu,2,2,2,1,1,1,3,1,4,1,3,4,4,4,1,1,1,2,1,2,1,5,4,6,7,6,6,1,0,A9
2187,A0935,9,A,9A,Muslim,Enemies,Enemy7,2,63,F,35,3,4,5,3,5,6,5,6,4,4,4,1,7,Qureshi,2,2,1,2,4,1,3,2,4,3,4,5,2,3,3,2,2,1,1,2,3,1,1,2,5,2,F,Hindu,5,5,4,1,3,1,3,1,4,3,2,4,4,4,1,1,1,4,1,2,3,1,1,7,1,5,5,1,0,A9
2188,A0936,9,A,9A,Muslim,Enemies,Enemy1,2,12,F,36,4,3,5,4,5,6,3,4,4,6,5,4,7,Sunnie (Muslim),2,3,1,3,4,1,2,2,1,1,2,5,2,2,4,7,7,1,1,2,2,3,3,1,1,1,M,other,4,4,3,1,3,2,2,1,1,2,1,4,4,4,2,1,2,3,2,1,1,2,3,7,5,6,6,0,0,A9
2189,A0936,9,A,9A,Muslim,Enemies,Enemy2,2,21,F,36,4,3,5,4,5,6,3,4,4,6,5,4,7,Sunnie (Muslim),2,3,1,3,4,1,2,2,1,1,2,5,2,2,4,7,7,1,1,2,2,3,3,1,1,1,M,Hindu,1,1,1,1,2,1,3,1,4,2,2,3,2,2,2,1,1,2,1,2,2,2,1,6,6,7,4,0,0,A9
2190,A0936,9,A,9A,Muslim,Enemies,Enemy3,2,35,F,36,4,3,5,4,5,6,3,4,4,6,5,4,7,Sunnie (Muslim),2,3,1,3,4,1,2,2,1,1,2,5,2,2,4,7,7,1,1,2,2,3,3,1,1,1,F,Muslim,2,1,2,4,1,3,4,3,4,5,3,3,2,2,1,1,2,3,1,1,2,5,2,4,5,5,6,1,1,A9
2191,A0936,9,A,9A,Muslim,Enemies,Enemy4,2,44,F,36,4,3,5,4,5,6,3,4,4,6,5,4,7,Sunnie (Muslim),2,3,1,3,4,1,2,2,1,1,2,5,2,2,4,7,7,1,1,2,2,3,3,1,1,1,F,Hindu,5,2,4,1,3,1,4,1,5,2,2,5,4,4,3,1,1,5,1,1,2,3,2,3,5,7,7,1,0,A9
2192,A0937,9,A,9A,Hindu,Enemies,Enemy1,2,64,F,37,4,6,6,6,6,6,6,6,6,6,4,4,1,NA,2,4,3,4,1,4,1,2,3,1,5,2,1,3,4,2,2,2,1,1,2,1,1,1,2,2,F,Muslim,1,1,1,1,1,1,3,1,1,5,1,4,4,4,1,1,1,2,1,1,1,5,3,6,7,6,7,1,0,A9
2193,A0938,9,A,9A,Muslim,Enemies,Enemy1,2,19,F,38,5,5,6,6,6,6,6,6,6,6,6,4,8,NA,2,3,3,3,1,3,1,4,4,1,1,5,2,2,4,4,4,3,1,1,2,1,1,1,5,2,M,Muslim,3,1,2,2,1,2,3,1,1,1,1,3,2,2,2,2,2,4,2,2,1,4,3,6,2,5,7,0,1,A9
2194,A0940,9,A,9A,Hindu,Enemies,Enemy1,2,44,F,40,6,5,7,6,7,6,6,6,6,7,6,4,8,NA,2,4,2,2,1,4,1,1,1,1,4,3,1,2,4,2,2,1,1,1,3,1,1,1,1,1,F,Hindu,5,2,4,1,3,1,4,1,5,2,2,5,4,4,3,1,1,5,1,1,2,3,2,3,5,7,7,1,1,A9
2195,A0940,9,A,9A,Hindu,Enemies,Enemy2,2,62,F,40,6,5,7,6,7,6,6,6,6,7,6,4,8,NA,2,4,2,2,1,4,1,1,1,1,4,3,1,2,4,2,2,1,1,1,3,1,1,1,1,1,F,Hindu,1,1,1,1,1,1,4,2,5,4,1,4,4,4,1,1,3,4,1,1,2,1,1,7,1,7,2,1,1,A9
2196,A0941,9,A,9A,Hindu,Enemies,Enemy1,2,12,F,41,6,4,4,6,6,6,6,6,6,6,4,4,3,NA,2,3,2,2,1,2,1,1,4,1,5,3,1,3,3,2,2,1,1,1,1,1,2,2,4,3,M,other,4,4,3,1,3,2,2,1,1,2,1,4,4,4,2,1,2,3,2,1,1,2,3,7,5,6,6,0,0,A9
2197,A0941,9,A,9A,Hindu,Enemies,Enemy2,2,64,F,41,6,4,4,6,6,6,6,6,6,6,4,4,3,NA,2,3,2,2,1,2,1,1,4,1,5,3,1,3,3,2,2,1,1,1,1,1,2,2,4,3,F,Muslim,1,1,1,1,1,1,3,1,1,5,1,4,4,4,1,1,1,2,1,1,1,5,3,6,7,6,7,1,0,A9
2198,A0942,9,A,9A,Muslim,Enemies,Enemy1,2,6,F,42,6,6,7,7,6,7,6,6,6,6,7,5,7,Muslim-Tai,2,1,1,2,1,1,1,2,4,3,1,5,2,1,4,4,4,1,1,1,1,1,2,1,3,1,M,Hindu,1,1,2,1,1,2,3,1,2,1,1,6,4,4,2,1,1,3,1,2,1,5,2,5,4,4,4,0,0,A9
2199,A0942,9,A,9A,Muslim,Enemies,Enemy2,2,7,F,42,6,6,7,7,6,7,6,6,6,6,7,5,7,Muslim-Tai,2,1,1,2,1,1,1,2,4,3,1,5,2,1,4,4,4,1,1,1,1,1,2,1,3,1,M,NA,NA,NA,NA,NA,NA,NA,NA,NA,NA,NA,NA,NA,NA,NA,NA,NA,NA,NA,NA,NA,NA,NA,NA,NA,NA,NA,NA,0,NA,A9
2200,A0942,9,A,9A,Muslim,Enemies,Enemy3,2,12,F,42,6,6,7,7,6,7,6,6,6,6,7,5,7,Muslim-Tai,2,1,1,2,1,1,1,2,4,3,1,5,2,1,4,4,4,1,1,1,1,1,2,1,3,1,M,other,4,4,3,1,3,2,2,1,1,2,1,4,4,4,2,1,2,3,2,1,1,2,3,7,5,6,6,0,0,A9
2201,A0942,9,A,9A,Muslim,Enemies,Enemy4,2,17,F,42,6,6,7,7,6,7,6,6,6,6,7,5,7,Muslim-Tai,2,1,1,2,1,1,1,2,4,3,1,5,2,1,4,4,4,1,1,1,1,1,2,1,3,1,M,Muslim,1,1,1,2,2,1,4,1,1,1,1,4,1,7,1,1,1,2,1,1,1,5,5,7,7,6,7,0,1,A9
2202,A0942,9,A,9A,Muslim,Enemies,Enemy5,2,39,F,42,6,6,7,7,6,7,6,6,6,6,7,5,7,Muslim-Tai,2,1,1,2,1,1,1,2,4,3,1,5,2,1,4,4,4,1,1,1,1,1,2,1,3,1,F,Muslim,1,1,1,1,1,1,3,1,1,5,1,5,4,4,1,1,1,2,1,2,3,2,1,6,7,6,7,1,1,A9
2203,A0944,9,A,9A,Hindu,Enemies,Enemy1,2,8,F,44,7,3,5,4,7,7,6,5,7,7,NA,4,2,Hindu- Maratha (kshatriya),2,5,2,4,1,3,1,4,4,1,5,2,1,2,5,4,4,3,1,1,5,1,1,2,3,2,M,Hindu,1,1,1,1,1,1,3,3,3,2,3,4,4,4,1,1,1,1,1,1,1,5,3,5,4,6,6,0,1,A9
2204,A0944,9,A,9A,Hindu,Enemies,Enemy2,2,10,F,44,7,3,5,4,7,7,6,5,7,7,NA,4,2,Hindu- Maratha (kshatriya),2,5,2,4,1,3,1,4,4,1,5,2,1,2,5,4,4,3,1,1,5,1,1,2,3,2,M,Hindu,1,2,2,2,2,1,3,1,5,2,1,4,6,1,2,1,1,1,1,5,1,4,3,7,4,7,4,0,1,A9
2205,A0944,9,A,9A,Hindu,Enemies,Enemy3,2,12,F,44,7,3,5,4,7,7,6,5,7,7,NA,4,2,Hindu- Maratha (kshatriya),2,5,2,4,1,3,1,4,4,1,5,2,1,2,5,4,4,3,1,1,5,1,1,2,3,2,M,other,4,4,3,1,3,2,2,1,1,2,1,4,4,4,2,1,2,3,2,1,1,2,3,7,5,6,6,0,0,A9
2206,A0944,9,A,9A,Hindu,Enemies,Enemy4,2,19,F,44,7,3,5,4,7,7,6,5,7,7,NA,4,2,Hindu- Maratha (kshatriya),2,5,2,4,1,3,1,4,4,1,5,2,1,2,5,4,4,3,1,1,5,1,1,2,3,2,M,Muslim,3,1,2,2,1,2,3,1,1,1,1,3,2,2,2,2,2,4,2,2,1,4,3,6,2,5,7,0,0,A9
2207,A0944,9,A,9A,Hindu,Enemies,Enemy5,2,34,F,44,7,3,5,4,7,7,6,5,7,7,NA,4,2,Hindu- Maratha (kshatriya),2,5,2,4,1,3,1,4,4,1,5,2,1,2,5,4,4,3,1,1,5,1,1,2,3,2,M,Muslim,1,2,2,1,1,1,3,1,1,1,1,4,4,4,1,1,1,1,1,1,1,5,2,6,6,6,6,0,0,A9
2208,A0944,9,A,9A,Hindu,Enemies,Enemy6,2,36,F,44,7,3,5,4,7,7,6,5,7,7,NA,4,2,Hindu- Maratha (kshatriya),2,5,2,4,1,3,1,4,4,1,5,2,1,2,5,4,4,3,1,1,5,1,1,2,3,2,F,Muslim,3,1,3,4,1,2,1,1,2,5,2,4,7,7,1,1,2,2,3,3,1,1,1,3,5,5,6,1,0,A9
2209,A0944,9,A,9A,Hindu,Enemies,Enemy7,2,63,F,44,7,3,5,4,7,7,6,5,7,7,NA,4,2,Hindu- Maratha (kshatriya),2,5,2,4,1,3,1,4,4,1,5,2,1,2,5,4,4,3,1,1,5,1,1,2,3,2,F,Hindu,5,5,4,1,3,1,3,1,4,3,2,4,4,4,1,1,1,4,1,2,3,1,1,7,1,5,5,1,1,A9
2210,A0945,9,A,9A,Hindu,Enemies,Enemy1,2,42,F,45,3,4,7,5,6,4,4,7,4,4,4,4,2,Jaiswal-Kalal,2,5,2,5,1,3,1,2,3,1,4,3,1,1,4,2,2,2,1,1,4,1,1,1,4,3,F,Muslim,1,1,2,1,1,1,4,3,1,5,1,4,4,4,1,1,1,1,1,2,1,3,1,6,7,6,7,1,0,A9
2211,A0945,9,A,9A,Hindu,Enemies,Enemy2,2,60,F,45,3,4,7,5,6,4,4,7,4,4,4,4,2,Jaiswal-Kalal,2,5,2,5,1,3,1,2,3,1,4,3,1,1,4,2,2,2,1,1,4,1,1,1,4,3,F,Hindu,1,2,3,1,2,1,3,1,5,2,2,4,2,2,1,1,1,2,1,1,1,4,3,NA,NA,7,6,1,1,A9
2212,A0945,9,A,9A,Hindu,Enemies,Enemy3,2,63,F,45,3,4,7,5,6,4,4,7,4,4,4,4,2,Jaiswal-Kalal,2,5,2,5,1,3,1,2,3,1,4,3,1,1,4,2,2,2,1,1,4,1,1,1,4,3,F,Hindu,5,5,4,1,3,1,3,1,4,3,2,4,4,4,1,1,1,4,1,2,3,1,1,7,1,5,5,1,1,A9
2213,A0946,9,A,9A,Hindu,Enemies,Enemy1,2,5,F,46,4,3,4,6,4,4,6,4,3,5,5,2,2,NA,2,2,2,3,1,2,1,1,3,1,2,2,1,2,4,3,3,2,1,2,3,2,2,3,4,3,M,Muslim,2,1,1,2,2,2,3,1,1,2,2,4,3,3,2,1,1,1,1,1,1,4,2,6,4,6,6,0,0,A9
2214,A0946,9,A,9A,Hindu,Enemies,Enemy2,2,19,F,46,4,3,4,6,4,4,6,4,3,5,5,2,2,NA,2,2,2,3,1,2,1,1,3,1,2,2,1,2,4,3,3,2,1,2,3,2,2,3,4,3,M,Muslim,3,1,2,2,1,2,3,1,1,1,1,3,2,2,2,2,2,4,2,2,1,4,3,6,2,5,7,0,0,A9
2215,A0946,9,A,9A,Hindu,Enemies,Enemy3,2,27,F,46,4,3,4,6,4,4,6,4,3,5,5,2,2,NA,2,2,2,3,1,2,1,1,3,1,2,2,1,2,4,3,3,2,1,2,3,2,2,3,4,3,M,Hindu,3,1,1,2,3,1,2,1,2,2,2,4,4,4,2,1,1,3,1,1,1,5,2,6,4,7,6,0,1,A9
2216,A0946,9,A,9A,Hindu,Enemies,Enemy4,2,28,F,46,4,3,4,6,4,4,6,4,3,5,5,2,2,NA,2,2,2,3,1,2,1,1,3,1,2,2,1,2,4,3,3,2,1,2,3,2,2,3,4,3,M,Hindu,3,1,2,1,3,1,4,2,5,3,2,7,7,7,2,1,1,2,1,1,1,2,2,4,4,4,4,0,1,A9
2217,A0946,9,A,9A,Hindu,Enemies,Enemy5,2,36,F,46,4,3,4,6,4,4,6,4,3,5,5,2,2,NA,2,2,2,3,1,2,1,1,3,1,2,2,1,2,4,3,3,2,1,2,3,2,2,3,4,3,F,Muslim,3,1,3,4,1,2,1,1,2,5,2,4,7,7,1,1,2,2,3,3,1,1,1,3,5,5,6,1,0,A9
2218,A0946,9,A,9A,Hindu,Enemies,Enemy6,2,42,F,46,4,3,4,6,4,4,6,4,3,5,5,2,2,NA,2,2,2,3,1,2,1,1,3,1,2,2,1,2,4,3,3,2,1,2,3,2,2,3,4,3,F,Muslim,1,1,2,1,1,1,4,3,1,5,1,4,4,4,1,1,1,1,1,2,1,3,1,6,7,6,7,1,0,A9
2219,A0946,9,A,9A,Hindu,Enemies,Enemy7,2,64,F,46,4,3,4,6,4,4,6,4,3,5,5,2,2,NA,2,2,2,3,1,2,1,1,3,1,2,2,1,2,4,3,3,2,1,2,3,2,2,3,4,3,F,Muslim,1,1,1,1,1,1,3,1,1,5,1,4,4,4,1,1,1,2,1,1,1,5,3,6,7,6,7,1,0,A9
2220,A0947,9,A,9A,Hindu,Enemies,Enemy1,2,7,F,47,6,5,6,6,7,7,6,6,6,7,6,6,3,NA,2,3,1,2,1,1,1,1,3,1,3,2,1,2,5,4,4,1,1,1,2,1,1,1,5,4,M,NA,NA,NA,NA,NA,NA,NA,NA,NA,NA,NA,NA,NA,NA,NA,NA,NA,NA,NA,NA,NA,NA,NA,NA,NA,NA,NA,NA,0,NA,A9
2221,A0947,9,A,9A,Hindu,Enemies,Enemy2,2,19,F,47,6,5,6,6,7,7,6,6,6,7,6,6,3,NA,2,3,1,2,1,1,1,1,3,1,3,2,1,2,5,4,4,1,1,1,2,1,1,1,5,4,M,Muslim,3,1,2,2,1,2,3,1,1,1,1,3,2,2,2,2,2,4,2,2,1,4,3,6,2,5,7,0,0,A9
2222,A0947,9,A,9A,Hindu,Enemies,Enemy3,2,21,F,47,6,5,6,6,7,7,6,6,6,7,6,6,3,NA,2,3,1,2,1,1,1,1,3,1,3,2,1,2,5,4,4,1,1,1,2,1,1,1,5,4,M,Hindu,1,1,1,1,2,1,3,1,4,2,2,3,2,2,2,1,1,2,1,2,2,2,1,6,6,7,4,0,1,A9
2223,A0947,9,A,9A,Hindu,Enemies,Enemy4,2,27,F,47,6,5,6,6,7,7,6,6,6,7,6,6,3,NA,2,3,1,2,1,1,1,1,3,1,3,2,1,2,5,4,4,1,1,1,2,1,1,1,5,4,M,Hindu,3,1,1,2,3,1,2,1,2,2,2,4,4,4,2,1,1,3,1,1,1,5,2,6,4,7,6,0,1,A9
2224,A0947,9,A,9A,Hindu,Enemies,Enemy5,2,33,F,47,6,5,6,6,7,7,6,6,6,7,6,6,3,NA,2,3,1,2,1,1,1,1,3,1,3,2,1,2,5,4,4,1,1,1,2,1,1,1,5,4,M,Hindu,2,1,2,1,1,2,4,1,5,2,2,1,3,1,3,3,2,2,2,2,1,5,2,5,1,7,4,0,1,A9
2225,A0947,9,A,9A,Hindu,Enemies,Enemy6,2,59,F,47,6,5,6,6,7,7,6,6,6,7,6,6,3,NA,2,3,1,2,1,1,1,1,3,1,3,2,1,2,5,4,4,1,1,1,2,1,1,1,5,4,F,Muslim,2,1,2,1,1,1,4,1,4,3,2,7,5,5,1,1,1,2,1,1,2,5,3,7,7,5,5,1,0,A9
2226,A0947,9,A,9A,Hindu,Enemies,Enemy7,2,63,F,47,6,5,6,6,7,7,6,6,6,7,6,6,3,NA,2,3,1,2,1,1,1,1,3,1,3,2,1,2,5,4,4,1,1,1,2,1,1,1,5,4,F,Hindu,5,5,4,1,3,1,3,1,4,3,2,4,4,4,1,1,1,4,1,2,3,1,1,7,1,5,5,1,1,A9
2227,A0948,9,A,9A,Muslim,Enemies,Enemy1,2,36,F,48,4,4,6,6,6,6,6,4,6,4,4,4,NA,Mehdavi,2,2,2,2,1,1,1,2,3,1,1,2,2,2,4,6,6,2,1,1,3,1,2,3,4,3,F,Muslim,3,1,3,4,1,2,1,1,2,5,2,4,7,7,1,1,2,2,3,3,1,1,1,3,5,5,6,1,1,A9
2228,A0948,9,A,9A,Muslim,Enemies,Enemy2,2,41,F,48,4,4,6,6,6,6,6,4,6,4,4,4,NA,Mehdavi,2,2,2,2,1,1,1,2,3,1,1,2,2,2,4,6,6,2,1,1,3,1,2,3,4,3,F,Hindu,3,2,2,1,2,1,4,1,5,3,3,3,2,2,1,1,1,1,1,2,2,4,3,4,4,6,6,1,0,A9
2229,A0948,9,A,9A,Muslim,Enemies,Enemy3,2,43,F,48,4,4,6,6,6,6,6,4,6,4,4,4,NA,Mehdavi,2,2,2,2,1,1,1,2,3,1,1,2,2,2,4,6,6,2,1,1,3,1,2,3,4,3,F,Muslim,3,2,2,2,1,1,4,1,2,5,2,5,4,5,1,1,1,1,1,1,2,3,3,4,6,5,7,1,1,A9
2230,A0948,9,A,9A,Muslim,Enemies,Enemy4,2,54,F,48,4,4,6,6,6,6,6,4,6,4,4,4,NA,Mehdavi,2,2,2,2,1,1,1,2,3,1,1,2,2,2,4,6,6,2,1,1,3,1,2,3,4,3,F,Muslim,2,1,3,2,1,1,3,1,2,2,2,4,4,4,2,1,1,4,1,1,1,3,2,5,7,6,6,1,1,A9
2231,A0948,9,A,9A,Muslim,Enemies,Enemy5,2,59,F,48,4,4,6,6,6,6,6,4,6,4,4,4,NA,Mehdavi,2,2,2,2,1,1,1,2,3,1,1,2,2,2,4,6,6,2,1,1,3,1,2,3,4,3,F,Muslim,2,1,2,1,1,1,4,1,4,3,2,7,5,5,1,1,1,2,1,1,2,5,3,7,7,5,5,1,1,A9
2232,A0948,9,A,9A,Muslim,Enemies,Enemy6,2,61,F,48,4,4,6,6,6,6,6,4,6,4,4,4,NA,Mehdavi,2,2,2,2,1,1,1,2,3,1,1,2,2,2,4,6,6,2,1,1,3,1,2,3,4,3,F,Muslim,2,1,2,1,2,1,4,2,2,3,2,6,2,2,1,1,1,1,1,2,2,3,3,6,7,7,7,1,1,A9
2233,A0948,9,A,9A,Muslim,Enemies,Enemy7,2,63,F,48,4,4,6,6,6,6,6,4,6,4,4,4,NA,Mehdavi,2,2,2,2,1,1,1,2,3,1,1,2,2,2,4,6,6,2,1,1,3,1,2,3,4,3,F,Hindu,5,5,4,1,3,1,3,1,4,3,2,4,4,4,1,1,1,4,1,2,3,1,1,7,1,5,5,1,0,A9
2234,A0950,9,A,9A,Muslim,Enemies,Enemy1,2,10,F,50,3,2,6,5,4,4,4,4,4,4,4,2,NA,Alvi vohra,2,2,4,3,1,2,1,1,3,1,1,2,2,2,4,4,4,3,1,1,2,1,2,1,5,4,M,Hindu,1,2,2,2,2,1,3,1,5,2,1,4,6,1,2,1,1,1,1,5,1,4,3,7,4,7,4,0,0,A9
2235,A0950,9,A,9A,Muslim,Enemies,Enemy2,2,19,F,50,3,2,6,5,4,4,4,4,4,4,4,2,NA,Alvi vohra,2,2,4,3,1,2,1,1,3,1,1,2,2,2,4,4,4,3,1,1,2,1,2,1,5,4,M,Muslim,3,1,2,2,1,2,3,1,1,1,1,3,2,2,2,2,2,4,2,2,1,4,3,6,2,5,7,0,1,A9
2236,A0950,9,A,9A,Muslim,Enemies,Enemy3,2,28,F,50,3,2,6,5,4,4,4,4,4,4,4,2,NA,Alvi vohra,2,2,4,3,1,2,1,1,3,1,1,2,2,2,4,4,4,3,1,1,2,1,2,1,5,4,M,Hindu,3,1,2,1,3,1,4,2,5,3,2,7,7,7,2,1,1,2,1,1,1,2,2,4,4,4,4,0,0,A9
2237,A0950,9,A,9A,Muslim,Enemies,Enemy4,2,29,F,50,3,2,6,5,4,4,4,4,4,4,4,2,NA,Alvi vohra,2,2,4,3,1,2,1,1,3,1,1,2,2,2,4,4,4,3,1,1,2,1,2,1,5,4,M,Muslim,4,2,3,3,2,1,3,1,1,2,2,3,2,2,1,1,1,2,2,1,2,4,2,7,7,6,6,0,1,A9
2238,A0952,9,A,9A,Hindu,Enemies,Enemy1,2,12,F,52,7,6,7,7,7,6,6,7,6,6,4,4,1,NA,2,1,1,2,1,2,1,2,4,1,4,5,1,1,4,4,4,1,1,1,3,1,1,1,5,1,M,other,4,4,3,1,3,2,2,1,1,2,1,4,4,4,2,1,2,3,2,1,1,2,3,7,5,6,6,0,0,A9
2239,A0952,9,A,9A,Hindu,Enemies,Enemy2,2,45,F,52,7,6,7,7,7,6,6,7,6,6,4,4,1,NA,2,1,1,2,1,2,1,2,4,1,4,5,1,1,4,4,4,1,1,1,3,1,1,1,5,1,F,Hindu,5,2,5,1,3,1,3,1,4,3,1,4,2,2,2,1,1,4,1,1,1,4,3,4,7,6,4,1,1,A9
2240,A0952,9,A,9A,Hindu,Enemies,Enemy3,2,62,F,52,7,6,7,7,7,6,6,7,6,6,4,4,1,NA,2,1,1,2,1,2,1,2,4,1,4,5,1,1,4,4,4,1,1,1,3,1,1,1,5,1,F,Hindu,1,1,1,1,1,1,4,2,5,4,1,4,4,4,1,1,3,4,1,1,2,1,1,7,1,7,2,1,1,A9
2241,A0953,9,A,9A,Hindu,Enemies,Enemy1,2,21,F,53,4,5,7,4,7,4,4,4,5,4,4,2,8,NA,2,1,1,1,2,1,2,4,4,1,4,2,1,2,7,7,7,1,1,1,2,1,1,1,2,1,M,Hindu,1,1,1,1,2,1,3,1,4,2,2,3,2,2,2,1,1,2,1,2,2,2,1,6,6,7,4,0,1,A9
2242,A0953,9,A,9A,Hindu,Enemies,Enemy2,2,28,F,53,4,5,7,4,7,4,4,4,5,4,4,2,8,NA,2,1,1,1,2,1,2,4,4,1,4,2,1,2,7,7,7,1,1,1,2,1,1,1,2,1,M,Hindu,3,1,2,1,3,1,4,2,5,3,2,7,7,7,2,1,1,2,1,1,1,2,2,4,4,4,4,0,1,A9
2243,A0953,9,A,9A,Hindu,Enemies,Enemy3,2,32,F,53,4,5,7,4,7,4,4,4,5,4,4,2,8,NA,2,1,1,1,2,1,2,4,4,1,4,2,1,2,7,7,7,1,1,1,2,1,1,1,2,1,M,Hindu,2,2,3,1,2,1,3,2,4,2,2,6,4,4,2,1,1,4,1,1,1,5,3,7,5,6,6,0,1,A9
2244,A0953,9,A,9A,Hindu,Enemies,Enemy4,2,41,F,53,4,5,7,4,7,4,4,4,5,4,4,2,8,NA,2,1,1,1,2,1,2,4,4,1,4,2,1,2,7,7,7,1,1,1,2,1,1,1,2,1,F,Hindu,3,2,2,1,2,1,4,1,5,3,3,3,2,2,1,1,1,1,1,2,2,4,3,4,4,6,6,1,1,A9
2245,A0953,9,A,9A,Hindu,Enemies,Enemy5,2,60,F,53,4,5,7,4,7,4,4,4,5,4,4,2,8,NA,2,1,1,1,2,1,2,4,4,1,4,2,1,2,7,7,7,1,1,1,2,1,1,1,2,1,F,Hindu,1,2,3,1,2,1,3,1,5,2,2,4,2,2,1,1,1,2,1,1,1,4,3,NA,NA,7,6,1,1,A9
2246,A0953,9,A,9A,Hindu,Enemies,Enemy6,2,63,F,53,4,5,7,4,7,4,4,4,5,4,4,2,8,NA,2,1,1,1,2,1,2,4,4,1,4,2,1,2,7,7,7,1,1,1,2,1,1,1,2,1,F,Hindu,5,5,4,1,3,1,3,1,4,3,2,4,4,4,1,1,1,4,1,2,3,1,1,7,1,5,5,1,1,A9
2247,A0953,9,A,9A,Hindu,Enemies,Enemy7,2,64,F,53,4,5,7,4,7,4,4,4,5,4,4,2,8,NA,2,1,1,1,2,1,2,4,4,1,4,2,1,2,7,7,7,1,1,1,2,1,1,1,2,1,F,Muslim,1,1,1,1,1,1,3,1,1,5,1,4,4,4,1,1,1,2,1,1,1,5,3,6,7,6,7,1,0,A9
2248,A0954,9,A,9A,Muslim,Enemies,Enemy2,2,10,F,54,6,5,7,6,6,6,6,6,6,6,5,4,7,Alavivohra,2,2,1,3,2,1,1,1,3,1,2,2,2,2,4,4,4,2,1,1,4,1,1,1,3,2,M,Hindu,1,2,2,2,2,1,3,1,5,2,1,4,6,1,2,1,1,1,1,5,1,4,3,7,4,7,4,0,0,A9
2249,A0954,9,A,9A,Muslim,Enemies,Enemy3,2,62,F,54,6,5,7,6,6,6,6,6,6,6,5,4,7,Alavivohra,2,2,1,3,2,1,1,1,3,1,2,2,2,2,4,4,4,2,1,1,4,1,1,1,3,2,F,Hindu,1,1,1,1,1,1,4,2,5,4,1,4,4,4,1,1,3,4,1,1,2,1,1,7,1,7,2,1,0,A9
2250,A0955,9,A,9A,Hindu,Enemies,Enemy1,2,28,F,55,4,1,1,4,7,6,1,1,1,7,7,4,NA,NA,2,2,1,5,1,2,2,1,4,5,5,4,1,4,4,4,4,1,1,2,1,1,1,1,1,3,M,Hindu,3,1,2,1,3,1,4,2,5,3,2,7,7,7,2,1,1,2,1,1,1,2,2,4,4,4,4,0,1,A9
2251,A0955,9,A,9A,Hindu,Enemies,Enemy2,2,36,F,55,4,1,1,4,7,6,1,1,1,7,7,4,NA,NA,2,2,1,5,1,2,2,1,4,5,5,4,1,4,4,4,4,1,1,2,1,1,1,1,1,3,F,Muslim,3,1,3,4,1,2,1,1,2,5,2,4,7,7,1,1,2,2,3,3,1,1,1,3,5,5,6,1,0,A9
2252,A0955,9,A,9A,Hindu,Enemies,Enemy3,2,41,F,55,4,1,1,4,7,6,1,1,1,7,7,4,NA,NA,2,2,1,5,1,2,2,1,4,5,5,4,1,4,4,4,4,1,1,2,1,1,1,1,1,3,F,Hindu,3,2,2,1,2,1,4,1,5,3,3,3,2,2,1,1,1,1,1,2,2,4,3,4,4,6,6,1,1,A9
2253,A0955,9,A,9A,Hindu,Enemies,Enemy4,2,43,F,55,4,1,1,4,7,6,1,1,1,7,7,4,NA,NA,2,2,1,5,1,2,2,1,4,5,5,4,1,4,4,4,4,1,1,2,1,1,1,1,1,3,F,Muslim,3,2,2,2,1,1,4,1,2,5,2,5,4,5,1,1,1,1,1,1,2,3,3,4,6,5,7,1,0,A9
2254,A0955,9,A,9A,Hindu,Enemies,Enemy5,2,49,F,55,4,1,1,4,7,6,1,1,1,7,7,4,NA,NA,2,2,1,5,1,2,2,1,4,5,5,4,1,4,4,4,4,1,1,2,1,1,1,1,1,3,F,Hindu,3,3,3,1,2,2,3,2,2,3,2,3,2,2,1,1,1,3,2,1,2,5,3,5,5,5,4,1,1,A9
2255,A0955,9,A,9A,Hindu,Enemies,Enemy6,2,57,F,55,4,1,1,4,7,6,1,1,1,7,7,4,NA,NA,2,2,1,5,1,2,2,1,4,5,5,4,1,4,4,4,4,1,1,2,1,1,1,1,1,3,F,Muslim,3,2,3,1,2,1,3,1,1,5,3,4,3,3,2,1,2,2,1,1,1,5,3,4,6,6,6,1,0,A9
2256,A0955,9,A,9A,Hindu,Enemies,Enemy7,2,63,F,55,4,1,1,4,7,6,1,1,1,7,7,4,NA,NA,2,2,1,5,1,2,2,1,4,5,5,4,1,4,4,4,4,1,1,2,1,1,1,1,1,3,F,Hindu,5,5,4,1,3,1,3,1,4,3,2,4,4,4,1,1,1,4,1,2,3,1,1,7,1,5,5,1,1,A9
2257,A0956,9,A,9A,Hindu,Enemies,Enemy1,2,42,F,56,4,6,6,2,6,5,5,4,5,4,4,4,1,NA,2,3,3,3,1,4,2,4,3,4,5,4,1,2,4,4,4,1,1,1,3,1,1,4,4,3,F,Muslim,1,1,2,1,1,1,4,3,1,5,1,4,4,4,1,1,1,1,1,2,1,3,1,6,7,6,7,1,0,A9
2258,A0956,9,A,9A,Hindu,Enemies,Enemy2,2,58,F,56,4,6,6,2,6,5,5,4,5,4,4,4,1,NA,2,3,3,3,1,4,2,4,3,4,5,4,1,2,4,4,4,1,1,1,3,1,1,4,4,3,F,Hindu,2,2,2,1,1,1,3,1,4,1,3,4,4,4,1,1,1,2,1,2,1,5,4,6,7,6,6,1,1,A9
2259,A0957,9,A,9A,Muslim,Enemies,Enemy1,2,3,F,57,5,4,6,5,6,6,6,4,6,4,6,4,NA,PATNISUNNI,2,3,2,3,1,2,1,2,3,1,1,5,2,3,4,3,3,2,1,2,2,1,1,1,5,3,M,Muslim,1,1,NA,1,1,1,3,1,1,3,1,4,3,3,3,1,1,2,2,2,1,2,2,5,4,4,7,0,1,A9
2260,A0957,9,A,9A,Muslim,Enemies,Enemy2,2,17,F,57,5,4,6,5,6,6,6,4,6,4,6,4,NA,PATNISUNNI,2,3,2,3,1,2,1,2,3,1,1,5,2,3,4,3,3,2,1,2,2,1,1,1,5,3,M,Muslim,1,1,1,2,2,1,4,1,1,1,1,4,1,7,1,1,1,2,1,1,1,5,5,7,7,6,7,0,1,A9
2261,A0957,9,A,9A,Muslim,Enemies,Enemy3,2,19,F,57,5,4,6,5,6,6,6,4,6,4,6,4,NA,PATNISUNNI,2,3,2,3,1,2,1,2,3,1,1,5,2,3,4,3,3,2,1,2,2,1,1,1,5,3,M,Muslim,3,1,2,2,1,2,3,1,1,1,1,3,2,2,2,2,2,4,2,2,1,4,3,6,2,5,7,0,1,A9
2262,A0957,9,A,9A,Muslim,Enemies,Enemy4,2,36,F,57,5,4,6,5,6,6,6,4,6,4,6,4,NA,PATNISUNNI,2,3,2,3,1,2,1,2,3,1,1,5,2,3,4,3,3,2,1,2,2,1,1,1,5,3,F,Muslim,3,1,3,4,1,2,1,1,2,5,2,4,7,7,1,1,2,2,3,3,1,1,1,3,5,5,6,1,1,A9
2263,A0957,9,A,9A,Muslim,Enemies,Enemy5,2,42,F,57,5,4,6,5,6,6,6,4,6,4,6,4,NA,PATNISUNNI,2,3,2,3,1,2,1,2,3,1,1,5,2,3,4,3,3,2,1,2,2,1,1,1,5,3,F,Muslim,1,1,2,1,1,1,4,3,1,5,1,4,4,4,1,1,1,1,1,2,1,3,1,6,7,6,7,1,1,A9
2264,A0957,9,A,9A,Muslim,Enemies,Enemy6,2,64,F,57,5,4,6,5,6,6,6,4,6,4,6,4,NA,PATNISUNNI,2,3,2,3,1,2,1,2,3,1,1,5,2,3,4,3,3,2,1,2,2,1,1,1,5,3,F,Muslim,1,1,1,1,1,1,3,1,1,5,1,4,4,4,1,1,1,2,1,1,1,5,3,6,7,6,7,1,1,A9
2265,A0958,9,A,9A,Hindu,Enemies,Enemy1,2,27,F,58,5,6,7,6,6,6,6,6,6,7,6,5,2,NA,2,2,2,2,1,1,1,4,3,1,4,1,1,3,4,4,4,1,1,1,2,1,2,1,5,4,M,Hindu,3,1,1,2,3,1,2,1,2,2,2,4,4,4,2,1,1,3,1,1,1,5,2,6,4,7,6,0,1,A9
2266,A0958,9,A,9A,Hindu,Enemies,Enemy2,2,44,F,58,5,6,7,6,6,6,6,6,6,7,6,5,2,NA,2,2,2,2,1,1,1,4,3,1,4,1,1,3,4,4,4,1,1,1,2,1,2,1,5,4,F,Hindu,5,2,4,1,3,1,4,1,5,2,2,5,4,4,3,1,1,5,1,1,2,3,2,3,5,7,7,1,1,A9
2267,A0961,9,A,9A,Muslim,Enemies,Enemy1,2,3,F,61,6,6,7,6,7,7,7,7,7,7,7,6,7,Alvivohra,2,2,1,2,1,2,1,1,4,2,2,3,2,2,6,2,2,1,1,1,1,1,2,2,3,3,M,Muslim,1,1,NA,1,1,1,3,1,1,3,1,4,3,3,3,1,1,2,2,2,1,2,2,5,4,4,7,0,1,A9
2268,A0961,9,A,9A,Muslim,Enemies,Enemy2,2,13,F,61,6,6,7,6,7,7,7,7,7,7,7,6,7,Alvivohra,2,2,1,2,1,2,1,1,4,2,2,3,2,2,6,2,2,1,1,1,1,1,2,2,3,3,M,Muslim,1,1,1,1,1,1,3,1,1,2,1,4,4,4,2,1,1,3,1,1,1,5,3,4,4,4,4,0,1,A9
2269,A0961,9,A,9A,Muslim,Enemies,Enemy3,2,19,F,61,6,6,7,6,7,7,7,7,7,7,7,6,7,Alvivohra,2,2,1,2,1,2,1,1,4,2,2,3,2,2,6,2,2,1,1,1,1,1,2,2,3,3,M,Muslim,3,1,2,2,1,2,3,1,1,1,1,3,2,2,2,2,2,4,2,2,1,4,3,6,2,5,7,0,1,A9
2270,A0961,9,A,9A,Muslim,Enemies,Enemy4,2,48,F,61,6,6,7,6,7,7,7,7,7,7,7,6,7,Alvivohra,2,2,1,2,1,2,1,1,4,2,2,3,2,2,6,2,2,1,1,1,1,1,2,2,3,3,F,Muslim,2,2,2,1,1,1,3,1,1,2,2,4,6,6,2,1,1,3,1,2,3,4,3,4,6,6,6,1,1,A9
2271,A0962,9,A,9A,Hindu,Enemies,Enemy1,2,4,F,62,4,7,1,6,7,2,6,6,4,7,5,4,1,NA,2,1,1,1,1,1,1,2,4,2,5,4,1,1,4,4,4,1,1,3,4,1,1,2,1,1,M,Hindu,2,1,2,1,2,1,4,1,4,2,1,4,2,2,1,1,1,2,1,1,1,5,5,7,7,7,6,0,1,A9
2272,A0962,9,A,9A,Hindu,Enemies,Enemy2,2,12,F,62,4,7,1,6,7,2,6,6,4,7,5,4,1,NA,2,1,1,1,1,1,1,2,4,2,5,4,1,1,4,4,4,1,1,3,4,1,1,2,1,1,M,other,4,4,3,1,3,2,2,1,1,2,1,4,4,4,2,1,2,3,2,1,1,2,3,7,5,6,6,0,0,A9
2273,A0962,9,A,9A,Hindu,Enemies,Enemy3,2,28,F,62,4,7,1,6,7,2,6,6,4,7,5,4,1,NA,2,1,1,1,1,1,1,2,4,2,5,4,1,1,4,4,4,1,1,3,4,1,1,2,1,1,M,Hindu,3,1,2,1,3,1,4,2,5,3,2,7,7,7,2,1,1,2,1,1,1,2,2,4,4,4,4,0,1,A9
2274,A0962,9,A,9A,Hindu,Enemies,Enemy4,2,32,F,62,4,7,1,6,7,2,6,6,4,7,5,4,1,NA,2,1,1,1,1,1,1,2,4,2,5,4,1,1,4,4,4,1,1,3,4,1,1,2,1,1,M,Hindu,2,2,3,1,2,1,3,2,4,2,2,6,4,4,2,1,1,4,1,1,1,5,3,7,5,6,6,0,1,A9
2275,A0962,9,A,9A,Hindu,Enemies,Enemy5,2,63,F,62,4,7,1,6,7,2,6,6,4,7,5,4,1,NA,2,1,1,1,1,1,1,2,4,2,5,4,1,1,4,4,4,1,1,3,4,1,1,2,1,1,F,Hindu,5,5,4,1,3,1,3,1,4,3,2,4,4,4,1,1,1,4,1,2,3,1,1,7,1,5,5,1,1,A9
2276,A0963,9,A,9A,Hindu,Enemies,Enemy1,2,12,F,63,3,7,1,3,5,5,6,6,6,6,6,2,7,punjabi,2,5,5,4,1,3,1,2,3,1,4,3,1,2,4,4,4,1,1,1,4,1,2,3,1,1,M,other,4,4,3,1,3,2,2,1,1,2,1,4,4,4,2,1,2,3,2,1,1,2,3,7,5,6,6,0,0,A9
2277,A0963,9,A,9A,Hindu,Enemies,Enemy2,2,19,F,63,3,7,1,3,5,5,6,6,6,6,6,2,7,punjabi,2,5,5,4,1,3,1,2,3,1,4,3,1,2,4,4,4,1,1,1,4,1,2,3,1,1,M,Muslim,3,1,2,2,1,2,3,1,1,1,1,3,2,2,2,2,2,4,2,2,1,4,3,6,2,5,7,0,0,A9
2278,A0963,9,A,9A,Hindu,Enemies,Enemy3,2,49,F,63,3,7,1,3,5,5,6,6,6,6,6,2,7,punjabi,2,5,5,4,1,3,1,2,3,1,4,3,1,2,4,4,4,1,1,1,4,1,2,3,1,1,F,Hindu,3,3,3,1,2,2,3,2,2,3,2,3,2,2,1,1,1,3,2,1,2,5,3,5,5,5,4,1,1,A9
2279,A0963,9,A,9A,Hindu,Enemies,Enemy4,2,60,F,63,3,7,1,3,5,5,6,6,6,6,6,2,7,punjabi,2,5,5,4,1,3,1,2,3,1,4,3,1,2,4,4,4,1,1,1,4,1,2,3,1,1,F,Hindu,1,2,3,1,2,1,3,1,5,2,2,4,2,2,1,1,1,2,1,1,1,4,3,NA,NA,7,6,1,1,A9
2280,A0963,9,A,9A,Hindu,Enemies,Enemy5,2,64,F,63,3,7,1,3,5,5,6,6,6,6,6,2,7,punjabi,2,5,5,4,1,3,1,2,3,1,4,3,1,2,4,4,4,1,1,1,4,1,2,3,1,1,F,Muslim,1,1,1,1,1,1,3,1,1,5,1,4,4,4,1,1,1,2,1,1,1,5,3,6,7,6,7,1,0,A9
2281,A0964,9,A,9A,Muslim,Enemies,Enemy1,2,63,F,64,4,6,7,5,6,7,7,6,6,7,6,4,7,SUNNI MUSLIM,2,1,1,1,1,1,1,1,3,1,1,5,2,1,4,4,4,1,1,1,2,1,1,1,5,3,F,Hindu,5,5,4,1,3,1,3,1,4,3,2,4,4,4,1,1,1,4,1,2,3,1,1,7,1,5,5,1,0,A9
2282,B0901,9,B,9B,Hindu,Enemies,Enemy1,2,19,M,1,4,7,6,4,7,3,7,6,2,3,6,5,8,NA,1,2,1,3,1,1,2,2,1,2,5,2,1,2,5,4,4,1,1,1,2,1,1,2,2,2,M,Muslim,NA,3,4,3,2,2,2,1,1,3,2,4,2,4,1,3,5,3,1,1,3,4,5,3,3,6,6,1,0,B9
2283,B0901,9,B,9B,Hindu,Enemies,Enemy2,2,28,M,1,4,7,6,4,7,3,7,6,2,3,6,5,8,NA,1,2,1,3,1,1,2,2,1,2,5,2,1,2,5,4,4,1,1,1,2,1,1,2,2,2,M,Hindu,2,1,1,1,1,1,1,1,2,1,3,5,4,4,2,1,1,3,1,1,1,5,3,7,6,7,6,1,1,B9
2284,B0901,9,B,9B,Hindu,Enemies,Enemy3,2,32,M,1,4,7,6,4,7,3,7,6,2,3,6,5,8,NA,1,2,1,3,1,1,2,2,1,2,5,2,1,2,5,4,4,1,1,1,2,1,1,2,2,2,M,Hindu,2,3,2,3,3,2,3,1,1,2,2,4,3,3,1,1,1,5,1,1,1,5,2,6,7,6,6,1,1,B9
2285,B0901,9,B,9B,Hindu,Enemies,Enemy4,2,40,M,1,4,7,6,4,7,3,7,6,2,3,6,5,8,NA,1,2,1,3,1,1,2,2,1,2,5,2,1,2,5,4,4,1,1,1,2,1,1,2,2,2,M,other,1,1,1,1,1,1,3,1,1,3,NA,4,4,4,3,5,5,2,1,3,4,2,1,NA,1,NA,7,1,0,B9
2286,B0902,9,B,9B,Muslim,Enemies,Enemy1,2,35,M,2,7,7,7,1,7,7,6,7,4,1,7,7,NA,MUSLIM,1,1,1,1,2,1,3,2,4,1,1,1,2,1,4,4,4,1,1,1,3,3,2,1,5,1,M,Muslim,1,1,1,1,1,1,3,1,1,1,1,4,4,5,1,1,1,1,1,1,1,1,1,6,6,6,7,1,1,B9
2287,B0902,9,B,9B,Muslim,Enemies,Enemy2,2,43,M,2,7,7,7,1,7,7,6,7,4,1,7,7,NA,MUSLIM,1,1,1,1,2,1,3,2,4,1,1,1,2,1,4,4,4,1,1,1,3,3,2,1,5,1,M,Hindu,2,1,2,2,2,1,1,2,5,2,2,4,4,4,1,1,1,2,1,1,1,5,2,7,7,1,6,1,0,B9
2288,B0902,9,B,9B,Muslim,Enemies,Enemy3,2,48,M,2,7,7,7,1,7,7,6,7,4,1,7,7,NA,MUSLIM,1,1,1,1,2,1,3,2,4,1,1,1,2,1,4,4,4,1,1,1,3,3,2,1,5,1,F,Muslim,1,1,2,5,2,1,4,1,1,2,1,4,4,4,1,1,1,3,1,2,1,3,1,5,6,6,6,0,1,B9
2289,B0902,9,B,9B,Muslim,Enemies,Enemy4,2,50,M,2,7,7,7,1,7,7,6,7,4,1,7,7,NA,MUSLIM,1,1,1,1,2,1,3,2,4,1,1,1,2,1,4,4,4,1,1,1,3,3,2,1,5,1,F,Muslim,1,2,3,2,1,2,4,1,1,2,2,4,3,3,1,1,1,2,1,2,1,5,2,4,7,6,7,0,1,B9
2290,B0902,9,B,9B,Muslim,Enemies,Enemy5,2,56,M,2,7,7,7,1,7,7,6,7,4,1,7,7,NA,MUSLIM,1,1,1,1,2,1,3,2,4,1,1,1,2,1,4,4,4,1,1,1,3,3,2,1,5,1,F,Hindu,1,1,2,2,1,1,4,1,5,4,3,4,4,1,1,1,1,4,1,3,1,1,1,7,7,7,4,0,0,B9
2291,B0902,9,B,9B,Muslim,Enemies,Enemy6,2,61,M,2,7,7,7,1,7,7,6,7,4,1,7,7,NA,MUSLIM,1,1,1,1,2,1,3,2,4,1,1,1,2,1,4,4,4,1,1,1,3,3,2,1,5,1,F,Hindu,2,2,2,1,2,1,3,1,2,2,2,4,4,4,1,1,1,3,1,1,1,5,5,5,7,6,6,0,0,B9
2292,B0902,9,B,9B,Muslim,Enemies,Enemy7,2,68,M,2,7,7,7,1,7,7,6,7,4,1,7,7,NA,MUSLIM,1,1,1,1,2,1,3,2,4,1,1,1,2,1,4,4,4,1,1,1,3,3,2,1,5,1,F,Muslim,1,1,1,1,2,1,4,1,1,5,1,5,4,6,1,1,1,3,2,2,1,4,2,6,7,6,7,0,1,B9
2293,B0903,9,B,9B,Hindu,Enemies,Enemy1,2,61,M,3,4,7,7,4,7,6,7,7,7,7,7,4,1,NA,1,2,1,2,3,1,1,1,4,2,2,3,1,2,5,7,4,1,1,1,3,1,1,1,5,3,F,Hindu,2,2,2,1,2,1,3,1,2,2,2,4,4,4,1,1,1,3,1,1,1,5,5,5,7,6,6,0,1,B9
2294,B0904,9,B,9B,Hindu,Enemies,Enemy1,2,5,M,4,4,7,5,2,7,6,7,2,6,3,4,6,7,Patidan,1,1,1,1,1,2,1,1,4,2,5,4,1,2,4,4,4,2,1,1,1,3,1,1,1,1,M,NA,NA,NA,NA,NA,NA,NA,NA,NA,NA,NA,NA,NA,NA,NA,NA,NA,NA,NA,NA,NA,NA,NA,NA,NA,NA,NA,NA,1,NA,B9
2295,B0904,9,B,9B,Hindu,Enemies,Enemy2,2,8,M,4,4,7,5,2,7,6,7,2,6,3,4,6,7,Patidan,1,1,1,1,1,2,1,1,4,2,5,4,1,2,4,4,4,2,1,1,1,3,1,1,1,1,M,Hindu,3,2,2,4,3,2,4,1,4,1,2,4,4,4,1,1,1,1,1,4,1,5,4,6,6,6,6,1,1,B9
2296,B0904,9,B,9B,Hindu,Enemies,Enemy3,2,18,M,4,4,7,5,2,7,6,7,2,6,3,4,6,7,Patidan,1,1,1,1,1,2,1,1,4,2,5,4,1,2,4,4,4,2,1,1,1,3,1,1,1,1,M,Muslim,1,3,3,3,1,3,4,1,1,1,1,4,4,4,1,2,1,3,2,5,1,5,3,4,4,4,1,1,0,B9
2297,B0904,9,B,9B,Hindu,Enemies,Enemy4,2,19,M,4,4,7,5,2,7,6,7,2,6,3,4,6,7,Patidan,1,1,1,1,1,2,1,1,4,2,5,4,1,2,4,4,4,2,1,1,1,3,1,1,1,1,M,Muslim,NA,3,4,3,2,2,2,1,1,3,2,4,2,4,1,3,5,3,1,1,3,4,5,3,3,6,6,1,0,B9
2298,B0904,9,B,9B,Hindu,Enemies,Enemy5,2,22,M,4,4,7,5,2,7,6,7,2,6,3,4,6,7,Patidan,1,1,1,1,1,2,1,1,4,2,5,4,1,2,4,4,4,2,1,1,1,3,1,1,1,1,M,Muslim,5,5,5,5,1,1,3,5,2,3,3,7,7,7,5,2,1,3,1,5,1,5,4,7,7,2,7,1,0,B9
2299,B0904,9,B,9B,Hindu,Enemies,Enemy6,2,32,M,4,4,7,5,2,7,6,7,2,6,3,4,6,7,Patidan,1,1,1,1,1,2,1,1,4,2,5,4,1,2,4,4,4,2,1,1,1,3,1,1,1,1,M,Hindu,2,3,2,3,3,2,3,1,1,2,2,4,3,3,1,1,1,5,1,1,1,5,2,6,7,6,6,1,1,B9
2300,B0904,9,B,9B,Hindu,Enemies,Enemy7,2,40,M,4,4,7,5,2,7,6,7,2,6,3,4,6,7,Patidan,1,1,1,1,1,2,1,1,4,2,5,4,1,2,4,4,4,2,1,1,1,3,1,1,1,1,M,other,1,1,1,1,1,1,3,1,1,3,NA,4,4,4,3,5,5,2,1,3,4,2,1,NA,1,NA,7,1,0,B9
2301,B0907,9,B,9B,Hindu,Enemies,Enemy1,2,5,M,7,4,6,6,4,7,6,4,6,4,5,5,5,1,NA,1,1,1,1,3,1,1,1,3,2,5,1,1,1,4,7,5,2,1,1,3,1,1,1,5,3,M,NA,NA,NA,NA,NA,NA,NA,NA,NA,NA,NA,NA,NA,NA,NA,NA,NA,NA,NA,NA,NA,NA,NA,NA,NA,NA,NA,NA,1,NA,B9
2302,B0907,9,B,9B,Hindu,Enemies,Enemy2,2,19,M,7,4,6,6,4,7,6,4,6,4,5,5,5,1,NA,1,1,1,1,3,1,1,1,3,2,5,1,1,1,4,7,5,2,1,1,3,1,1,1,5,3,M,Muslim,NA,3,4,3,2,2,2,1,1,3,2,4,2,4,1,3,5,3,1,1,3,4,5,3,3,6,6,1,0,B9
2303,B0907,9,B,9B,Hindu,Enemies,Enemy3,2,22,M,7,4,6,6,4,7,6,4,6,4,5,5,5,1,NA,1,1,1,1,3,1,1,1,3,2,5,1,1,1,4,7,5,2,1,1,3,1,1,1,5,3,M,Muslim,5,5,5,5,1,1,3,5,2,3,3,7,7,7,5,2,1,3,1,5,1,5,4,7,7,2,7,1,0,B9
2304,B0907,9,B,9B,Hindu,Enemies,Enemy4,2,39,M,7,4,6,6,4,7,6,4,6,4,5,5,5,1,NA,1,1,1,1,3,1,1,1,3,2,5,1,1,1,4,7,5,2,1,1,3,1,1,1,5,3,M,Hindu,NA,NA,NA,NA,NA,NA,NA,1,NA,2,2,4,5,4,1,1,1,2,1,1,1,2,2,NA,NA,NA,NA,1,1,B9
2305,B0907,9,B,9B,Hindu,Enemies,Enemy5,2,40,M,7,4,6,6,4,7,6,4,6,4,5,5,5,1,NA,1,1,1,1,3,1,1,1,3,2,5,1,1,1,4,7,5,2,1,1,3,1,1,1,5,3,M,other,1,1,1,1,1,1,3,1,1,3,NA,4,4,4,3,5,5,2,1,3,4,2,1,NA,1,NA,7,1,0,B9
2306,B0907,9,B,9B,Hindu,Enemies,Enemy6,2,45,M,7,4,6,6,4,7,6,4,6,4,5,5,5,1,NA,1,1,1,1,3,1,1,1,3,2,5,1,1,1,4,7,5,2,1,1,3,1,1,1,5,3,F,Hindu,1,1,1,2,1,1,4,1,5,3,2,4,4,4,1,1,1,1,1,1,1,2,3,6,7,7,6,0,1,B9
2307,B0907,9,B,9B,Hindu,Enemies,Enemy7,2,47,M,7,4,6,6,4,7,6,4,6,4,5,5,5,1,NA,1,1,1,1,3,1,1,1,3,2,5,1,1,1,4,7,5,2,1,1,3,1,1,1,5,3,F,Muslim,1,1,1,2,1,2,4,1,1,1,2,4,3,3,3,1,1,1,1,1,1,5,3,1,6,4,7,0,0,B9
2308,B0909,9,B,9B,other,Enemies,Enemy1,2,8,M,9,4,3,7,6,7,3,NA,7,5,6,3,4,2,NA,1,5,1,2,3,1,3,2,1,1,5,3,3,4,4,7,4,1,1,1,5,5,1,1,3,2,M,Hindu,3,2,2,4,3,2,4,1,4,1,2,4,4,4,1,1,1,1,1,4,1,5,4,6,6,6,6,1,0,B9
2309,B0909,9,B,9B,other,Enemies,Enemy2,2,14,M,9,4,3,7,6,7,3,NA,7,5,6,3,4,2,NA,1,5,1,2,3,1,3,2,1,1,5,3,3,4,4,7,4,1,1,1,5,5,1,1,3,2,M,Muslim,1,1,2,NA,1,3,4,1,1,1,1,4,2,4,1,3,1,3,1,2,1,5,1,6,6,NA,7,1,0,B9
2310,B0909,9,B,9B,other,Enemies,Enemy3,2,19,M,9,4,3,7,6,7,3,NA,7,5,6,3,4,2,NA,1,5,1,2,3,1,3,2,1,1,5,3,3,4,4,7,4,1,1,1,5,5,1,1,3,2,M,Muslim,NA,3,4,3,2,2,2,1,1,3,2,4,2,4,1,3,5,3,1,1,3,4,5,3,3,6,6,1,0,B9
2311,B0909,9,B,9B,other,Enemies,Enemy4,2,25,M,9,4,3,7,6,7,3,NA,7,5,6,3,4,2,NA,1,5,1,2,3,1,3,2,1,1,5,3,3,4,4,7,4,1,1,1,5,5,1,1,3,2,M,Hindu,1,1,1,1,1,1,3,1,5,1,1,4,7,5,2,1,1,3,1,1,1,5,3,7,2,7,1,1,0,B9
2312,B0909,9,B,9B,other,Enemies,Enemy5,2,30,M,9,4,3,7,6,7,3,NA,7,5,6,3,4,2,NA,1,5,1,2,3,1,3,2,1,1,5,3,3,4,4,7,4,1,1,1,5,5,1,1,3,2,M,Muslim,1,1,2,2,1,2,3,1,1,2,2,4,4,4,2,2,1,3,1,2,1,3,3,4,4,4,5,1,0,B9
2313,B0910,9,B,9B,Hindu,Enemies,Enemy1,2,5,M,10,4,6,7,4,7,5,6,7,6,6,5,4,6,NA,1,3,1,1,4,2,1,4,3,1,4,2,1,2,6,4,3,1,1,2,2,1,1,1,5,2,M,NA,NA,NA,NA,NA,NA,NA,NA,NA,NA,NA,NA,NA,NA,NA,NA,NA,NA,NA,NA,NA,NA,NA,NA,NA,NA,NA,NA,1,NA,B9
2314,B0910,9,B,9B,Hindu,Enemies,Enemy2,2,9,M,10,4,6,7,4,7,5,6,7,6,6,5,4,6,NA,1,3,1,1,4,2,1,4,3,1,4,2,1,2,6,4,3,1,1,2,2,1,1,1,5,2,M,other,5,1,2,3,1,3,1,1,5,3,4,4,7,4,1,1,1,5,5,1,1,3,2,3,7,7,3,1,0,B9
2315,B0910,9,B,9B,Hindu,Enemies,Enemy3,2,14,M,10,4,6,7,4,7,5,6,7,6,6,5,4,6,NA,1,3,1,1,4,2,1,4,3,1,4,2,1,2,6,4,3,1,1,2,2,1,1,1,5,2,M,Muslim,1,1,2,NA,1,3,4,1,1,1,1,4,2,4,1,3,1,3,1,2,1,5,1,6,6,NA,7,1,0,B9
2316,B0910,9,B,9B,Hindu,Enemies,Enemy4,2,18,M,10,4,6,7,4,7,5,6,7,6,6,5,4,6,NA,1,3,1,1,4,2,1,4,3,1,4,2,1,2,6,4,3,1,1,2,2,1,1,1,5,2,M,Muslim,1,3,3,3,1,3,4,1,1,1,1,4,4,4,1,2,1,3,2,5,1,5,3,4,4,4,1,1,0,B9
2317,B0910,9,B,9B,Hindu,Enemies,Enemy5,2,25,M,10,4,6,7,4,7,5,6,7,6,6,5,4,6,NA,1,3,1,1,4,2,1,4,3,1,4,2,1,2,6,4,3,1,1,2,2,1,1,1,5,2,M,Hindu,1,1,1,1,1,1,3,1,5,1,1,4,7,5,2,1,1,3,1,1,1,5,3,7,2,7,1,1,1,B9
2318,B0910,9,B,9B,Hindu,Enemies,Enemy6,2,35,M,10,4,6,7,4,7,5,6,7,6,6,5,4,6,NA,1,3,1,1,4,2,1,4,3,1,4,2,1,2,6,4,3,1,1,2,2,1,1,1,5,2,M,Muslim,1,1,1,1,1,1,3,1,1,1,1,4,4,5,1,1,1,1,1,1,1,1,1,6,6,6,7,1,0,B9
2319,B0910,9,B,9B,Hindu,Enemies,Enemy7,2,40,M,10,4,6,7,4,7,5,6,7,6,6,5,4,6,NA,1,3,1,1,4,2,1,4,3,1,4,2,1,2,6,4,3,1,1,2,2,1,1,1,5,2,M,other,1,1,1,1,1,1,3,1,1,3,NA,4,4,4,3,5,5,2,1,3,4,2,1,NA,1,NA,7,1,0,B9
2320,B0911,9,B,9B,Muslim,Enemies,Enemy1,2,1,M,11,3,6,6,4,NA,7,7,NA,6,7,7,6,NA,MUSLIM,1,1,1,2,2,1,3,1,4,1,1,1,2,1,4,2,4,1,3,1,3,1,2,1,5,1,M,Hindu,2,1,3,1,1,2,1,2,5,2,2,5,4,4,1,1,1,2,1,1,2,2,2,7,6,7,3,1,0,B9
2321,B0911,9,B,9B,Muslim,Enemies,Enemy2,2,22,M,11,3,6,6,4,NA,7,7,NA,6,7,7,6,NA,MUSLIM,1,1,1,2,2,1,3,1,4,1,1,1,2,1,4,2,4,1,3,1,3,1,2,1,5,1,M,Muslim,5,5,5,5,1,1,3,5,2,3,3,7,7,7,5,2,1,3,1,5,1,5,4,7,7,2,7,1,1,B9
2322,B0911,9,B,9B,Muslim,Enemies,Enemy3,2,35,M,11,3,6,6,4,NA,7,7,NA,6,7,7,6,NA,MUSLIM,1,1,1,2,2,1,3,1,4,1,1,1,2,1,4,2,4,1,3,1,3,1,2,1,5,1,M,Muslim,1,1,1,1,1,1,3,1,1,1,1,4,4,5,1,1,1,1,1,1,1,1,1,6,6,6,7,1,1,B9
2323,B0911,9,B,9B,Muslim,Enemies,Enemy4,2,51,M,11,3,6,6,4,NA,7,7,NA,6,7,7,6,NA,MUSLIM,1,1,1,2,2,1,3,1,4,1,1,1,2,1,4,2,4,1,3,1,3,1,2,1,5,1,F,Muslim,1,1,2,1,1,1,3,1,2,2,2,4,4,4,1,1,1,1,1,1,1,5,2,5,7,6,6,0,1,B9
2324,B0911,9,B,9B,Muslim,Enemies,Enemy5,2,61,M,11,3,6,6,4,NA,7,7,NA,6,7,7,6,NA,MUSLIM,1,1,1,2,2,1,3,1,4,1,1,1,2,1,4,2,4,1,3,1,3,1,2,1,5,1,F,Hindu,2,2,2,1,2,1,3,1,2,2,2,4,4,4,1,1,1,3,1,1,1,5,5,5,7,6,6,0,0,B9
2325,B0911,9,B,9B,Muslim,Enemies,Enemy6,2,62,M,11,3,6,6,4,NA,7,7,NA,6,7,7,6,NA,MUSLIM,1,1,1,2,2,1,3,1,4,1,1,1,2,1,4,2,4,1,3,1,3,1,2,1,5,1,F,Hindu,1,1,1,1,1,1,3,2,5,3,1,4,5,4,1,1,1,1,1,1,1,5,3,6,6,7,6,0,0,B9
2326,B0911,9,B,9B,Muslim,Enemies,Enemy7,2,68,M,11,3,6,6,4,NA,7,7,NA,6,7,7,6,NA,MUSLIM,1,1,1,2,2,1,3,1,4,1,1,1,2,1,4,2,4,1,3,1,3,1,2,1,5,1,F,Muslim,1,1,1,1,2,1,4,1,1,5,1,5,4,6,1,1,1,3,2,2,1,4,2,6,7,6,7,0,1,B9
2327,B0912,9,B,9B,Hindu,Enemies,Enemy1,2,5,M,12,4,6,7,6,6,6,6,7,6,6,6,4,2,NA,1,4,4,3,5,4,3,1,3,1,5,3,1,2,4,4,4,1,1,1,4,1,1,1,5,2,M,NA,NA,NA,NA,NA,NA,NA,NA,NA,NA,NA,NA,NA,NA,NA,NA,NA,NA,NA,NA,NA,NA,NA,NA,NA,NA,NA,NA,1,NA,B9
2328,B0912,9,B,9B,Hindu,Enemies,Enemy2,2,14,M,12,4,6,7,6,6,6,6,7,6,6,6,4,2,NA,1,4,4,3,5,4,3,1,3,1,5,3,1,2,4,4,4,1,1,1,4,1,1,1,5,2,M,Muslim,1,1,2,NA,1,3,4,1,1,1,1,4,2,4,1,3,1,3,1,2,1,5,1,6,6,NA,7,1,0,B9
2329,B0912,9,B,9B,Hindu,Enemies,Enemy3,2,18,M,12,4,6,7,6,6,6,6,7,6,6,6,4,2,NA,1,4,4,3,5,4,3,1,3,1,5,3,1,2,4,4,4,1,1,1,4,1,1,1,5,2,M,Muslim,1,3,3,3,1,3,4,1,1,1,1,4,4,4,1,2,1,3,2,5,1,5,3,4,4,4,1,1,0,B9
2330,B0912,9,B,9B,Hindu,Enemies,Enemy4,2,19,M,12,4,6,7,6,6,6,6,7,6,6,6,4,2,NA,1,4,4,3,5,4,3,1,3,1,5,3,1,2,4,4,4,1,1,1,4,1,1,1,5,2,M,Muslim,NA,3,4,3,2,2,2,1,1,3,2,4,2,4,1,3,5,3,1,1,3,4,5,3,3,6,6,1,0,B9
2331,B0912,9,B,9B,Hindu,Enemies,Enemy5,2,27,M,12,4,6,7,6,6,6,6,7,6,6,6,4,2,NA,1,4,4,3,5,4,3,1,3,1,5,3,1,2,4,4,4,1,1,1,4,1,1,1,5,2,M,Muslim,1,2,2,5,1,5,3,1,1,1,2,4,2,2,1,1,1,5,1,1,1,5,2,7,5,5,7,1,0,B9
2332,B0912,9,B,9B,Hindu,Enemies,Enemy6,2,40,M,12,4,6,7,6,6,6,6,7,6,6,6,4,2,NA,1,4,4,3,5,4,3,1,3,1,5,3,1,2,4,4,4,1,1,1,4,1,1,1,5,2,M,other,1,1,1,1,1,1,3,1,1,3,NA,4,4,4,3,5,5,2,1,3,4,2,1,NA,1,NA,7,1,0,B9
2333,B0913,9,B,9B,Muslim,Enemies,Enemy1,2,12,M,13,7,7,6,7,5,7,7,7,6,7,7,6,7,MUSLIM,1,1,1,1,1,1,2,2,3,1,1,2,2,1,4,4,4,1,1,1,3,1,1,1,3,2,M,Hindu,4,4,3,5,4,3,3,1,5,3,2,4,4,4,1,1,1,4,1,1,1,5,2,6,7,6,6,1,0,B9
2334,B0913,9,B,9B,Muslim,Enemies,Enemy2,2,35,M,13,7,7,6,7,5,7,7,7,6,7,7,6,7,MUSLIM,1,1,1,1,1,1,2,2,3,1,1,2,2,1,4,4,4,1,1,1,3,1,1,1,3,2,M,Muslim,1,1,1,1,1,1,3,1,1,1,1,4,4,5,1,1,1,1,1,1,1,1,1,6,6,6,7,1,1,B9
2335,B0913,9,B,9B,Muslim,Enemies,Enemy3,2,61,M,13,7,7,6,7,5,7,7,7,6,7,7,6,7,MUSLIM,1,1,1,1,1,1,2,2,3,1,1,2,2,1,4,4,4,1,1,1,3,1,1,1,3,2,F,Hindu,2,2,2,1,2,1,3,1,2,2,2,4,4,4,1,1,1,3,1,1,1,5,5,5,7,6,6,0,0,B9
2336,B0913,9,B,9B,Muslim,Enemies,Enemy4,2,62,M,13,7,7,6,7,5,7,7,7,6,7,7,6,7,MUSLIM,1,1,1,1,1,1,2,2,3,1,1,2,2,1,4,4,4,1,1,1,3,1,1,1,3,2,F,Hindu,1,1,1,1,1,1,3,2,5,3,1,4,5,4,1,1,1,1,1,1,1,5,3,6,6,7,6,0,0,B9
2337,B0914,9,B,9B,Muslim,Enemies,Enemy1,2,21,M,14,3,6,6,4,NA,7,7,NA,6,7,7,6,NA,MUSLIM,1,1,1,2,NA,1,3,1,4,1,1,1,2,1,4,2,4,1,3,1,3,1,2,1,5,1,M,Hindu,3,1,2,1,1,1,4,1,5,3,2,4,6,5,1,1,1,3,1,1,1,5,2,7,7,7,6,1,0,B9
2338,B0914,9,B,9B,Muslim,Enemies,Enemy2,2,35,M,14,3,6,6,4,NA,7,7,NA,6,7,7,6,NA,MUSLIM,1,1,1,2,NA,1,3,1,4,1,1,1,2,1,4,2,4,1,3,1,3,1,2,1,5,1,M,Muslim,1,1,1,1,1,1,3,1,1,1,1,4,4,5,1,1,1,1,1,1,1,1,1,6,6,6,7,1,1,B9
2339,B0914,9,B,9B,Muslim,Enemies,Enemy3,2,51,M,14,3,6,6,4,NA,7,7,NA,6,7,7,6,NA,MUSLIM,1,1,1,2,NA,1,3,1,4,1,1,1,2,1,4,2,4,1,3,1,3,1,2,1,5,1,F,Muslim,1,1,2,1,1,1,3,1,2,2,2,4,4,4,1,1,1,1,1,1,1,5,2,5,7,6,6,0,1,B9
2340,B0914,9,B,9B,Muslim,Enemies,Enemy4,2,59,M,14,3,6,6,4,NA,7,7,NA,6,7,7,6,NA,MUSLIM,1,1,1,2,NA,1,3,1,4,1,1,1,2,1,4,2,4,1,3,1,3,1,2,1,5,1,F,Muslim,1,1,1,1,1,1,1,1,1,1,1,4,3,3,1,1,1,2,1,2,1,3,2,4,6,6,7,0,1,B9
2341,B0914,9,B,9B,Muslim,Enemies,Enemy5,2,61,M,14,3,6,6,4,NA,7,7,NA,6,7,7,6,NA,MUSLIM,1,1,1,2,NA,1,3,1,4,1,1,1,2,1,4,2,4,1,3,1,3,1,2,1,5,1,F,Hindu,2,2,2,1,2,1,3,1,2,2,2,4,4,4,1,1,1,3,1,1,1,5,5,5,7,6,6,0,0,B9
2342,B0914,9,B,9B,Muslim,Enemies,Enemy6,2,62,M,14,3,6,6,4,NA,7,7,NA,6,7,7,6,NA,MUSLIM,1,1,1,2,NA,1,3,1,4,1,1,1,2,1,4,2,4,1,3,1,3,1,2,1,5,1,F,Hindu,1,1,1,1,1,1,3,2,5,3,1,4,5,4,1,1,1,1,1,1,1,5,3,6,6,7,6,0,0,B9
2343,B0914,9,B,9B,Muslim,Enemies,Enemy7,2,68,M,14,3,6,6,4,NA,7,7,NA,6,7,7,6,NA,MUSLIM,1,1,1,2,NA,1,3,1,4,1,1,1,2,1,4,2,4,1,3,1,3,1,2,1,5,1,F,Muslim,1,1,1,1,2,1,4,1,1,5,1,5,4,6,1,1,1,3,2,2,1,4,2,6,7,6,7,0,1,B9
2344,B0915,9,B,9B,Hindu,Enemies,Enemy1,2,40,M,15,4,7,7,4,7,1,5,4,4,4,4,4,8,NA,1,1,1,1,1,1,1,1,2,1,2,2,1,2,4,4,3,1,1,1,3,1,1,1,5,2,M,other,1,1,1,1,1,1,3,1,1,3,NA,4,4,4,3,5,5,2,1,3,4,2,1,NA,1,NA,7,1,0,B9
2345,B0915,9,B,9B,Hindu,Enemies,Enemy2,2,51,M,15,4,7,7,4,7,1,5,4,4,4,4,4,8,NA,1,1,1,1,1,1,1,1,2,1,2,2,1,2,4,4,3,1,1,1,3,1,1,1,5,2,F,Muslim,1,1,2,1,1,1,3,1,2,2,2,4,4,4,1,1,1,1,1,1,1,5,2,5,7,6,6,0,0,B9
2346,B0915,9,B,9B,Hindu,Enemies,Enemy3,2,61,M,15,4,7,7,4,7,1,5,4,4,4,4,4,8,NA,1,1,1,1,1,1,1,1,2,1,2,2,1,2,4,4,3,1,1,1,3,1,1,1,5,2,F,Hindu,2,2,2,1,2,1,3,1,2,2,2,4,4,4,1,1,1,3,1,1,1,5,5,5,7,6,6,0,1,B9
2347,B0917,9,B,9B,Muslim,Enemies,Enemy1,2,4,M,17,4,5,3,4,4,6,7,6,4,4,4,3,7,NA,1,2,4,1,1,1,2,2,4,2,1,2,2,2,4,3,4,1,1,1,2,2,3,2,5,2,M,Hindu,1,1,1,1,2,1,4,2,5,4,2,4,4,4,2,1,1,1,3,1,1,1,1,7,5,7,6,1,0,B9
2348,B0917,9,B,9B,Muslim,Enemies,Enemy2,2,41,M,17,4,5,3,4,4,6,7,6,4,4,4,3,7,NA,1,2,4,1,1,1,2,2,4,2,1,2,2,2,4,3,4,1,1,1,2,2,3,2,5,2,M,NA,NA,NA,NA,NA,NA,NA,NA,NA,NA,NA,NA,NA,NA,NA,NA,NA,NA,NA,NA,NA,NA,NA,NA,NA,NA,NA,NA,1,NA,B9
2349,B0917,9,B,9B,Muslim,Enemies,Enemy3,2,42,M,17,4,5,3,4,4,6,7,6,4,4,4,3,7,NA,1,2,4,1,1,1,2,2,4,2,1,2,2,2,4,3,4,1,1,1,2,2,3,2,5,2,M,Muslim,1,1,3,1,1,1,4,1,1,1,2,4,4,4,1,1,1,1,2,1,1,5,3,7,7,6,7,1,1,B9
2350,B0917,9,B,9B,Muslim,Enemies,Enemy4,2,43,M,17,4,5,3,4,4,6,7,6,4,4,4,3,7,NA,1,2,4,1,1,1,2,2,4,2,1,2,2,2,4,3,4,1,1,1,2,2,3,2,5,2,M,Hindu,2,1,2,2,2,1,1,2,5,2,2,4,4,4,1,1,1,2,1,1,1,5,2,7,7,1,6,1,0,B9
2351,B0917,9,B,9B,Muslim,Enemies,Enemy5,2,52,M,17,4,5,3,4,4,6,7,6,4,4,4,3,7,NA,1,2,4,1,1,1,2,2,4,2,1,2,2,2,4,3,4,1,1,1,2,2,3,2,5,2,F,Muslim,1,1,2,1,1,2,3,1,1,2,2,4,4,4,1,1,1,2,1,1,1,4,2,6,6,6,7,0,1,B9
2352,B0917,9,B,9B,Muslim,Enemies,Enemy6,2,53,M,17,4,5,3,4,4,6,7,6,4,4,4,3,7,NA,1,2,4,1,1,1,2,2,4,2,1,2,2,2,4,3,4,1,1,1,2,2,3,2,5,2,F,Hindu,1,2,1,1,4,1,3,1,3,2,1,4,7,5,1,1,1,3,1,2,1,2,1,5,6,7,5,0,0,B9
2353,B0917,9,B,9B,Muslim,Enemies,Enemy7,2,54,M,17,4,5,3,4,4,6,7,6,4,4,4,3,7,NA,1,2,4,1,1,1,2,2,4,2,1,2,2,2,4,3,4,1,1,1,2,2,3,2,5,2,F,Hindu,1,2,2,1,2,1,4,1,5,5,1,4,4,4,1,1,1,NA,1,1,2,5,3,4,6,7,6,0,0,B9
2354,B0918,9,B,9B,Muslim,Enemies,Enemy1,2,10,M,18,4,4,4,2,4,1,1,4,4,4,1,2,7,MUSLIM,1,1,3,3,3,1,3,1,4,1,1,1,2,1,4,4,4,1,2,1,3,2,5,1,5,3,M,Hindu,3,1,1,4,2,1,3,1,4,2,2,6,4,3,1,1,2,2,1,1,1,5,2,6,7,7,5,1,0,B9
2355,B0918,9,B,9B,Muslim,Enemies,Enemy2,2,12,M,18,4,4,4,2,4,1,1,4,4,4,1,2,7,MUSLIM,1,1,3,3,3,1,3,1,4,1,1,1,2,1,4,4,4,1,2,1,3,2,5,1,5,3,M,Hindu,4,4,3,5,4,3,3,1,5,3,2,4,4,4,1,1,1,4,1,1,1,5,2,6,7,6,6,1,0,B9
2356,B0918,9,B,9B,Muslim,Enemies,Enemy3,2,61,M,18,4,4,4,2,4,1,1,4,4,4,1,2,7,MUSLIM,1,1,3,3,3,1,3,1,4,1,1,1,2,1,4,4,4,1,2,1,3,2,5,1,5,3,F,Hindu,2,2,2,1,2,1,3,1,2,2,2,4,4,4,1,1,1,3,1,1,1,5,5,5,7,6,6,0,0,B9
2357,B0919,9,B,9B,Muslim,Enemies,Enemy1,2,8,M,19,6,3,3,6,6,6,7,4,5,3,4,4,7,MUSLIM,1,NA,3,4,3,2,2,4,2,1,1,3,2,2,4,2,4,1,3,5,3,1,1,3,4,5,M,Hindu,3,2,2,4,3,2,4,1,4,1,2,4,4,4,1,1,1,1,1,4,1,5,4,6,6,6,6,1,0,B9
2358,B0919,9,B,9B,Muslim,Enemies,Enemy2,2,30,M,19,6,3,3,6,6,6,7,4,5,3,4,4,7,MUSLIM,1,NA,3,4,3,2,2,4,2,1,1,3,2,2,4,2,4,1,3,5,3,1,1,3,4,5,M,Muslim,1,1,2,2,1,2,3,1,1,2,2,4,4,4,2,2,1,3,1,2,1,3,3,4,4,4,5,1,1,B9
2359,B0919,9,B,9B,Muslim,Enemies,Enemy3,2,34,M,19,6,3,3,6,6,6,7,4,5,3,4,4,7,MUSLIM,1,NA,3,4,3,2,2,4,2,1,1,3,2,2,4,2,4,1,3,5,3,1,1,3,4,5,M,Muslim,1,1,2,3,1,2,3,1,1,2,2,4,4,4,4,1,1,3,1,2,2,5,4,4,4,4,5,1,1,B9
2360,B0919,9,B,9B,Muslim,Enemies,Enemy4,2,36,M,19,6,3,3,6,6,6,7,4,5,3,4,4,7,MUSLIM,1,NA,3,4,3,2,2,4,2,1,1,3,2,2,4,2,4,1,3,5,3,1,1,3,4,5,M,Muslim,2,2,3,3,1,3,3,1,1,2,1,3,3,4,1,1,1,3,1,1,2,3,3,7,4,3,7,1,1,B9
2361,B0919,9,B,9B,Muslim,Enemies,Enemy5,2,37,M,19,6,3,3,6,6,6,7,4,5,3,4,4,7,MUSLIM,1,NA,3,4,3,2,2,4,2,1,1,3,2,2,4,2,4,1,3,5,3,1,1,3,4,5,M,Hindu,2,1,2,1,2,1,4,1,5,1,1,4,4,4,1,1,1,1,1,1,1,3,2,6,5,6,6,1,0,B9
2362,B0919,9,B,9B,Muslim,Enemies,Enemy6,2,39,M,19,6,3,3,6,6,6,7,4,5,3,4,4,7,MUSLIM,1,NA,3,4,3,2,2,4,2,1,1,3,2,2,4,2,4,1,3,5,3,1,1,3,4,5,M,Hindu,NA,NA,NA,NA,NA,NA,NA,1,NA,2,2,4,5,4,1,1,1,2,1,1,1,2,2,NA,NA,NA,NA,1,0,B9
2363,B0919,9,B,9B,Muslim,Enemies,Enemy7,2,42,M,19,6,3,3,6,6,6,7,4,5,3,4,4,7,MUSLIM,1,NA,3,4,3,2,2,4,2,1,1,3,2,2,4,2,4,1,3,5,3,1,1,3,4,5,M,Muslim,1,1,3,1,1,1,4,1,1,1,2,4,4,4,1,1,1,1,2,1,1,5,3,7,7,6,7,1,1,B9
2364,B0920,9,B,9B,Muslim,Enemies,Enemy1,2,14,M,20,3,7,6,6,6,7,7,4,6,4,6,3,7,ISLAM,1,1,1,3,1,1,1,1,1,1,1,1,2,1,4,4,4,1,1,1,1,1,1,1,5,5,M,Muslim,1,1,2,NA,1,3,4,1,1,1,1,4,2,4,1,3,1,3,1,2,1,5,1,6,6,NA,7,1,1,B9
2365,B0920,9,B,9B,Muslim,Enemies,Enemy2,2,19,M,20,3,7,6,6,6,7,7,4,6,4,6,3,7,ISLAM,1,1,1,3,1,1,1,1,1,1,1,1,2,1,4,4,4,1,1,1,1,1,1,1,5,5,M,Muslim,NA,3,4,3,2,2,2,1,1,3,2,4,2,4,1,3,5,3,1,1,3,4,5,3,3,6,6,1,1,B9
2366,B0920,9,B,9B,Muslim,Enemies,Enemy3,2,30,M,20,3,7,6,6,6,7,7,4,6,4,6,3,7,ISLAM,1,1,1,3,1,1,1,1,1,1,1,1,2,1,4,4,4,1,1,1,1,1,1,1,5,5,M,Muslim,1,1,2,2,1,2,3,1,1,2,2,4,4,4,2,2,1,3,1,2,1,3,3,4,4,4,5,1,1,B9
2367,B0920,9,B,9B,Muslim,Enemies,Enemy4,2,35,M,20,3,7,6,6,6,7,7,4,6,4,6,3,7,ISLAM,1,1,1,3,1,1,1,1,1,1,1,1,2,1,4,4,4,1,1,1,1,1,1,1,5,5,M,Muslim,1,1,1,1,1,1,3,1,1,1,1,4,4,5,1,1,1,1,1,1,1,1,1,6,6,6,7,1,1,B9
2368,B0920,9,B,9B,Muslim,Enemies,Enemy5,2,39,M,20,3,7,6,6,6,7,7,4,6,4,6,3,7,ISLAM,1,1,1,3,1,1,1,1,1,1,1,1,2,1,4,4,4,1,1,1,1,1,1,1,5,5,M,Hindu,NA,NA,NA,NA,NA,NA,NA,1,NA,2,2,4,5,4,1,1,1,2,1,1,1,2,2,NA,NA,NA,NA,1,0,B9
2369,B0920,9,B,9B,Muslim,Enemies,Enemy6,2,52,M,20,3,7,6,6,6,7,7,4,6,4,6,3,7,ISLAM,1,1,1,3,1,1,1,1,1,1,1,1,2,1,4,4,4,1,1,1,1,1,1,1,5,5,F,Muslim,1,1,2,1,1,2,3,1,1,2,2,4,4,4,1,1,1,2,1,1,1,4,2,6,6,6,7,0,1,B9
2370,B0920,9,B,9B,Muslim,Enemies,Enemy7,2,64,M,20,3,7,6,6,6,7,7,4,6,4,6,3,7,ISLAM,1,1,1,3,1,1,1,1,1,1,1,1,2,1,4,4,4,1,1,1,1,1,1,1,5,5,F,Muslim,1,1,1,1,1,1,2,1,1,1,1,4,4,4,1,1,1,1,1,1,1,4,3,7,7,4,7,0,1,B9
2371,B0921,9,B,9B,Hindu,Enemies,Enemy1,2,61,M,21,6,7,7,6,7,6,5,5,5,6,6,5,6,NA,1,3,1,2,1,1,1,1,4,1,5,3,1,2,4,6,5,1,1,1,3,1,1,1,5,2,F,Hindu,2,2,2,1,2,1,3,1,2,2,2,4,4,4,1,1,1,3,1,1,1,5,5,5,7,6,6,0,1,B9
2372,B0922,9,B,9B,Muslim,Enemies,Enemy1,2,26,M,22,2,7,7,6,2,7,6,6,6,NA,5,6,NA,MERCHANT,1,5,5,5,5,1,1,2,3,5,2,3,2,3,7,7,7,5,2,1,3,1,5,1,5,4,M,Hindu,1,1,1,1,1,1,3,1,2,1,1,4,4,4,NA,1,1,2,1,2,1,5,5,7,1,7,4,1,0,B9
2373,B0923,9,B,9B,Muslim,Enemies,Enemy1,2,8,M,23,2,6,5,5,6,6,7,4,4,3,4,4,7,UHORA,1,4,2,3,3,2,1,1,2,2,1,2,NA,2,3,2,2,1,1,1,3,1,1,1,4,3,M,Hindu,3,2,2,4,3,2,4,1,4,1,2,4,4,4,1,1,1,1,1,4,1,5,4,6,6,6,6,1,0,B9
2374,B0923,9,B,9B,Muslim,Enemies,Enemy2,2,18,M,23,2,6,5,5,6,6,7,4,4,3,4,4,7,UHORA,1,4,2,3,3,2,1,1,2,2,1,2,NA,2,3,2,2,1,1,1,3,1,1,1,4,3,M,Muslim,1,3,3,3,1,3,4,1,1,1,1,4,4,4,1,2,1,3,2,5,1,5,3,4,4,4,1,1,1,B9
2375,B0923,9,B,9B,Muslim,Enemies,Enemy3,2,19,M,23,2,6,5,5,6,6,7,4,4,3,4,4,7,UHORA,1,4,2,3,3,2,1,1,2,2,1,2,NA,2,3,2,2,1,1,1,3,1,1,1,4,3,M,Muslim,NA,3,4,3,2,2,2,1,1,3,2,4,2,4,1,3,5,3,1,1,3,4,5,3,3,6,6,1,1,B9
2376,B0923,9,B,9B,Muslim,Enemies,Enemy4,2,22,M,23,2,6,5,5,6,6,7,4,4,3,4,4,7,UHORA,1,4,2,3,3,2,1,1,2,2,1,2,NA,2,3,2,2,1,1,1,3,1,1,1,4,3,M,Muslim,5,5,5,5,1,1,3,5,2,3,3,7,7,7,5,2,1,3,1,5,1,5,4,7,7,2,7,1,1,B9
2377,B0923,9,B,9B,Muslim,Enemies,Enemy5,2,27,M,23,2,6,5,5,6,6,7,4,4,3,4,4,7,UHORA,1,4,2,3,3,2,1,1,2,2,1,2,NA,2,3,2,2,1,1,1,3,1,1,1,4,3,M,Muslim,1,2,2,5,1,5,3,1,1,1,2,4,2,2,1,1,1,5,1,1,1,5,2,7,5,5,7,1,1,B9
2378,B0923,9,B,9B,Muslim,Enemies,Enemy6,2,40,M,23,2,6,5,5,6,6,7,4,4,3,4,4,7,UHORA,1,4,2,3,3,2,1,1,2,2,1,2,NA,2,3,2,2,1,1,1,3,1,1,1,4,3,M,other,1,1,1,1,1,1,3,1,1,3,NA,4,4,4,3,5,5,2,1,3,4,2,1,NA,1,NA,7,1,0,B9
2379,B0924,9,B,9B,Hindu,Enemies,Enemy1,2,5,M,24,5,6,6,6,6,2,7,6,6,6,5,5,7,NA,1,4,1,1,2,3,2,1,1,1,2,2,1,1,4,4,3,1,1,1,1,1,1,1,4,2,M,NA,NA,NA,NA,NA,NA,NA,NA,NA,NA,NA,NA,NA,NA,NA,NA,NA,NA,NA,NA,NA,NA,NA,NA,NA,NA,NA,NA,1,NA,B9
2380,B0924,9,B,9B,Hindu,Enemies,Enemy2,2,11,M,24,5,6,6,6,6,2,7,6,6,6,5,5,7,NA,1,4,1,1,2,3,2,1,1,1,2,2,1,1,4,4,3,1,1,1,1,1,1,1,4,2,M,Muslim,1,1,2,2,1,3,4,1,1,1,1,4,2,4,1,3,1,3,1,2,1,5,1,6,6,NA,7,1,0,B9
2381,B0924,9,B,9B,Hindu,Enemies,Enemy3,2,14,M,24,5,6,6,6,6,2,7,6,6,6,5,5,7,NA,1,4,1,1,2,3,2,1,1,1,2,2,1,1,4,4,3,1,1,1,1,1,1,1,4,2,M,Muslim,1,1,2,NA,1,3,4,1,1,1,1,4,2,4,1,3,1,3,1,2,1,5,1,6,6,NA,7,1,0,B9
2382,B0924,9,B,9B,Hindu,Enemies,Enemy4,2,18,M,24,5,6,6,6,6,2,7,6,6,6,5,5,7,NA,1,4,1,1,2,3,2,1,1,1,2,2,1,1,4,4,3,1,1,1,1,1,1,1,4,2,M,Muslim,1,3,3,3,1,3,4,1,1,1,1,4,4,4,1,2,1,3,2,5,1,5,3,4,4,4,1,1,0,B9
2383,B0924,9,B,9B,Hindu,Enemies,Enemy5,2,19,M,24,5,6,6,6,6,2,7,6,6,6,5,5,7,NA,1,4,1,1,2,3,2,1,1,1,2,2,1,1,4,4,3,1,1,1,1,1,1,1,4,2,M,Muslim,NA,3,4,3,2,2,2,1,1,3,2,4,2,4,1,3,5,3,1,1,3,4,5,3,3,6,6,1,0,B9
2384,B0924,9,B,9B,Hindu,Enemies,Enemy6,2,27,M,24,5,6,6,6,6,2,7,6,6,6,5,5,7,NA,1,4,1,1,2,3,2,1,1,1,2,2,1,1,4,4,3,1,1,1,1,1,1,1,4,2,M,Muslim,1,2,2,5,1,5,3,1,1,1,2,4,2,2,1,1,1,5,1,1,1,5,2,7,5,5,7,1,0,B9
2385,B0924,9,B,9B,Hindu,Enemies,Enemy7,2,40,M,24,5,6,6,6,6,2,7,6,6,6,5,5,7,NA,1,4,1,1,2,3,2,1,1,1,2,2,1,1,4,4,3,1,1,1,1,1,1,1,4,2,M,other,1,1,1,1,1,1,3,1,1,3,NA,4,4,4,3,5,5,2,1,3,4,2,1,NA,1,NA,7,1,0,B9
2386,B0925,9,B,9B,Hindu,Enemies,Enemy1,2,11,M,25,5,7,2,7,7,1,7,7,6,5,5,7,1,NA,1,1,1,1,1,1,1,1,3,1,5,1,1,1,4,7,5,2,1,1,3,1,1,1,5,3,M,Muslim,1,1,2,2,1,3,4,1,1,1,1,4,2,4,1,3,1,3,1,2,1,5,1,6,6,NA,7,1,0,B9
2387,B0925,9,B,9B,Hindu,Enemies,Enemy2,2,15,M,25,5,7,2,7,7,1,7,7,6,5,5,7,1,NA,1,1,1,1,1,1,1,1,3,1,5,1,1,1,4,7,5,2,1,1,3,1,1,1,5,3,M,Hindu,1,1,1,1,1,1,2,1,2,2,2,4,4,3,1,1,1,3,1,1,1,5,2,7,7,7,1,1,1,B9
2388,B0925,9,B,9B,Hindu,Enemies,Enemy3,2,19,M,25,5,7,2,7,7,1,7,7,6,5,5,7,1,NA,1,1,1,1,1,1,1,1,3,1,5,1,1,1,4,7,5,2,1,1,3,1,1,1,5,3,M,Muslim,NA,3,4,3,2,2,2,1,1,3,2,4,2,4,1,3,5,3,1,1,3,4,5,3,3,6,6,1,0,B9
2389,B0925,9,B,9B,Hindu,Enemies,Enemy4,2,27,M,25,5,7,2,7,7,1,7,7,6,5,5,7,1,NA,1,1,1,1,1,1,1,1,3,1,5,1,1,1,4,7,5,2,1,1,3,1,1,1,5,3,M,Muslim,1,2,2,5,1,5,3,1,1,1,2,4,2,2,1,1,1,5,1,1,1,5,2,7,5,5,7,1,0,B9
2390,B0925,9,B,9B,Hindu,Enemies,Enemy5,2,29,M,25,5,7,2,7,7,1,7,7,6,5,5,7,1,NA,1,1,1,1,1,1,1,1,3,1,5,1,1,1,4,7,5,2,1,1,3,1,1,1,5,3,M,Muslim,1,1,3,1,1,1,1,1,1,1,1,4,4,4,1,1,1,1,1,1,1,5,5,6,6,6,7,1,0,B9
2391,B0925,9,B,9B,Hindu,Enemies,Enemy6,2,35,M,25,5,7,2,7,7,1,7,7,6,5,5,7,1,NA,1,1,1,1,1,1,1,1,3,1,5,1,1,1,4,7,5,2,1,1,3,1,1,1,5,3,M,Muslim,1,1,1,1,1,1,3,1,1,1,1,4,4,5,1,1,1,1,1,1,1,1,1,6,6,6,7,1,0,B9
2392,B0925,9,B,9B,Hindu,Enemies,Enemy7,2,38,M,25,5,7,2,7,7,1,7,7,6,5,5,7,1,NA,1,1,1,1,1,1,1,1,3,1,5,1,1,1,4,7,5,2,1,1,3,1,1,1,5,3,M,Hindu,1,1,1,1,1,1,2,1,2,2,2,4,4,4,1,1,1,3,1,1,1,5,2,7,7,7,5,1,1,B9
2393,B0926,9,B,9B,Hindu,Enemies,Enemy1,2,8,M,26,4,7,1,6,7,4,7,6,6,5,7,7,1,NA,1,1,1,1,1,1,1,1,3,1,2,1,1,1,4,4,4,NA,1,1,2,1,2,1,5,5,M,Hindu,3,2,2,4,3,2,4,1,4,1,2,4,4,4,1,1,1,1,1,4,1,5,4,6,6,6,6,1,1,B9
2394,B0926,9,B,9B,Hindu,Enemies,Enemy2,2,10,M,26,4,7,1,6,7,4,7,6,6,5,7,7,1,NA,1,1,1,1,1,1,1,1,3,1,2,1,1,1,4,4,4,NA,1,1,2,1,2,1,5,5,M,Hindu,3,1,1,4,2,1,3,1,4,2,2,6,4,3,1,1,2,2,1,1,1,5,2,6,7,7,5,1,1,B9
2395,B0926,9,B,9B,Hindu,Enemies,Enemy3,2,12,M,26,4,7,1,6,7,4,7,6,6,5,7,7,1,NA,1,1,1,1,1,1,1,1,3,1,2,1,1,1,4,4,4,NA,1,1,2,1,2,1,5,5,M,Hindu,4,4,3,5,4,3,3,1,5,3,2,4,4,4,1,1,1,4,1,1,1,5,2,6,7,6,6,1,1,B9
2396,B0926,9,B,9B,Hindu,Enemies,Enemy4,2,13,M,26,4,7,1,6,7,4,7,6,6,5,7,7,1,NA,1,1,1,1,1,1,1,1,3,1,2,1,1,1,4,4,4,NA,1,1,2,1,2,1,5,5,M,Muslim,1,1,1,1,1,2,3,1,1,2,1,4,4,4,1,1,1,3,1,1,1,3,2,7,6,5,7,1,0,B9
2397,B0926,9,B,9B,Hindu,Enemies,Enemy5,2,15,M,26,4,7,1,6,7,4,7,6,6,5,7,7,1,NA,1,1,1,1,1,1,1,1,3,1,2,1,1,1,4,4,4,NA,1,1,2,1,2,1,5,5,M,Hindu,1,1,1,1,1,1,2,1,2,2,2,4,4,3,1,1,1,3,1,1,1,5,2,7,7,7,1,1,1,B9
2398,B0926,9,B,9B,Hindu,Enemies,Enemy6,2,25,M,26,4,7,1,6,7,4,7,6,6,5,7,7,1,NA,1,1,1,1,1,1,1,1,3,1,2,1,1,1,4,4,4,NA,1,1,2,1,2,1,5,5,M,Hindu,1,1,1,1,1,1,3,1,5,1,1,4,7,5,2,1,1,3,1,1,1,5,3,7,2,7,1,1,1,B9
2399,B0926,9,B,9B,Hindu,Enemies,Enemy7,2,29,M,26,4,7,1,6,7,4,7,6,6,5,7,7,1,NA,1,1,1,1,1,1,1,1,3,1,2,1,1,1,4,4,4,NA,1,1,2,1,2,1,5,5,M,Muslim,1,1,3,1,1,1,1,1,1,1,1,4,4,4,1,1,1,1,1,1,1,5,5,6,6,6,7,1,0,B9
2400,B0927,9,B,9B,Muslim,Enemies,Enemy1,2,19,M,27,7,7,5,1,5,7,6,6,4,5,4,4,8,NA,1,1,2,2,5,1,5,2,3,1,1,1,2,2,4,2,2,1,1,1,5,1,1,1,5,2,M,Muslim,NA,3,4,3,2,2,2,1,1,3,2,4,2,4,1,3,5,3,1,1,3,4,5,3,3,6,6,1,1,B9
2401,B0928,9,B,9B,Hindu,Enemies,Enemy1,2,5,M,28,6,7,6,6,7,6,6,6,6,6,6,6,NA,PATEL,1,2,1,1,1,1,1,1,1,1,2,1,1,3,5,4,4,2,1,1,3,1,1,1,5,3,M,NA,NA,NA,NA,NA,NA,NA,NA,NA,NA,NA,NA,NA,NA,NA,NA,NA,NA,NA,NA,NA,NA,NA,NA,NA,NA,NA,NA,1,NA,B9
2402,B0928,9,B,9B,Hindu,Enemies,Enemy2,2,8,M,28,6,7,6,6,7,6,6,6,6,6,6,6,NA,PATEL,1,2,1,1,1,1,1,1,1,1,2,1,1,3,5,4,4,2,1,1,3,1,1,1,5,3,M,Hindu,3,2,2,4,3,2,4,1,4,1,2,4,4,4,1,1,1,1,1,4,1,5,4,6,6,6,6,1,1,B9
2403,B0928,9,B,9B,Hindu,Enemies,Enemy3,2,11,M,28,6,7,6,6,7,6,6,6,6,6,6,6,NA,PATEL,1,2,1,1,1,1,1,1,1,1,2,1,1,3,5,4,4,2,1,1,3,1,1,1,5,3,M,Muslim,1,1,2,2,1,3,4,1,1,1,1,4,2,4,1,3,1,3,1,2,1,5,1,6,6,NA,7,1,0,B9
2404,B0928,9,B,9B,Hindu,Enemies,Enemy4,2,14,M,28,6,7,6,6,7,6,6,6,6,6,6,6,NA,PATEL,1,2,1,1,1,1,1,1,1,1,2,1,1,3,5,4,4,2,1,1,3,1,1,1,5,3,M,Muslim,1,1,2,NA,1,3,4,1,1,1,1,4,2,4,1,3,1,3,1,2,1,5,1,6,6,NA,7,1,0,B9
2405,B0928,9,B,9B,Hindu,Enemies,Enemy5,2,18,M,28,6,7,6,6,7,6,6,6,6,6,6,6,NA,PATEL,1,2,1,1,1,1,1,1,1,1,2,1,1,3,5,4,4,2,1,1,3,1,1,1,5,3,M,Muslim,1,3,3,3,1,3,4,1,1,1,1,4,4,4,1,2,1,3,2,5,1,5,3,4,4,4,1,1,0,B9
2406,B0928,9,B,9B,Hindu,Enemies,Enemy6,2,22,M,28,6,7,6,6,7,6,6,6,6,6,6,6,NA,PATEL,1,2,1,1,1,1,1,1,1,1,2,1,1,3,5,4,4,2,1,1,3,1,1,1,5,3,M,Muslim,5,5,5,5,1,1,3,5,2,3,3,7,7,7,5,2,1,3,1,5,1,5,4,7,7,2,7,1,0,B9
2407,B0928,9,B,9B,Hindu,Enemies,Enemy7,2,27,M,28,6,7,6,6,7,6,6,6,6,6,6,6,NA,PATEL,1,2,1,1,1,1,1,1,1,1,2,1,1,3,5,4,4,2,1,1,3,1,1,1,5,3,M,Muslim,1,2,2,5,1,5,3,1,1,1,2,4,2,2,1,1,1,5,1,1,1,5,2,7,5,5,7,1,0,B9
2408,B0930,9,B,9B,Muslim,Enemies,Enemy1,2,2,M,30,4,4,4,3,4,5,6,5,4,4,4,4,7,SUNNI,1,1,1,2,2,1,2,2,3,1,1,2,2,2,4,4,4,2,2,1,3,1,2,1,3,3,M,Muslim,1,1,1,2,1,3,4,1,1,1,1,4,4,4,1,1,1,3,3,2,1,5,1,7,7,7,7,1,1,B9
2409,B0930,9,B,9B,Muslim,Enemies,Enemy2,2,9,M,30,4,4,4,3,4,5,6,5,4,4,4,4,7,SUNNI,1,1,1,2,2,1,2,2,3,1,1,2,2,2,4,4,4,2,2,1,3,1,2,1,3,3,M,other,5,1,2,3,1,3,1,1,5,3,4,4,7,4,1,1,1,5,5,1,1,3,2,3,7,7,3,1,0,B9
2410,B0930,9,B,9B,Muslim,Enemies,Enemy3,2,14,M,30,4,4,4,3,4,5,6,5,4,4,4,4,7,SUNNI,1,1,1,2,2,1,2,2,3,1,1,2,2,2,4,4,4,2,2,1,3,1,2,1,3,3,M,Muslim,1,1,2,NA,1,3,4,1,1,1,1,4,2,4,1,3,1,3,1,2,1,5,1,6,6,NA,7,1,1,B9
2411,B0930,9,B,9B,Muslim,Enemies,Enemy4,2,32,M,30,4,4,4,3,4,5,6,5,4,4,4,4,7,SUNNI,1,1,1,2,2,1,2,2,3,1,1,2,2,2,4,4,4,2,2,1,3,1,2,1,3,3,M,Hindu,2,3,2,3,3,2,3,1,1,2,2,4,3,3,1,1,1,5,1,1,1,5,2,6,7,6,6,1,0,B9
2412,B0930,9,B,9B,Muslim,Enemies,Enemy5,2,35,M,30,4,4,4,3,4,5,6,5,4,4,4,4,7,SUNNI,1,1,1,2,2,1,2,2,3,1,1,2,2,2,4,4,4,2,2,1,3,1,2,1,3,3,M,Muslim,1,1,1,1,1,1,3,1,1,1,1,4,4,5,1,1,1,1,1,1,1,1,1,6,6,6,7,1,1,B9
2413,B0930,9,B,9B,Muslim,Enemies,Enemy6,2,62,M,30,4,4,4,3,4,5,6,5,4,4,4,4,7,SUNNI,1,1,1,2,2,1,2,2,3,1,1,2,2,2,4,4,4,2,2,1,3,1,2,1,3,3,F,Hindu,1,1,1,1,1,1,3,2,5,3,1,4,5,4,1,1,1,1,1,1,1,5,3,6,6,7,6,0,0,B9
2414,B0930,9,B,9B,Muslim,Enemies,Enemy7,2,66,M,30,4,4,4,3,4,5,6,5,4,4,4,4,7,SUNNI,1,1,1,2,2,1,2,2,3,1,1,2,2,2,4,4,4,2,2,1,3,1,2,1,3,3,F,Hindu,2,2,2,2,2,1,3,2,4,2,2,4,4,4,1,1,1,2,1,2,2,5,3,6,7,6,6,0,0,B9
2415,B0931,9,B,9B,Hindu,Enemies,Enemy1,2,3,M,31,5,6,6,3,6,2,5,4,4,4,7,3,7,NA,1,4,1,1,2,2,1,1,3,1,2,2,1,2,4,5,3,1,1,2,1,1,1,1,5,2,M,Hindu,2,1,2,3,1,1,4,2,2,3,2,5,7,4,1,1,1,3,1,1,1,5,3,7,7,7,6,1,1,B9
2416,B0931,9,B,9B,Hindu,Enemies,Enemy2,2,5,M,31,5,6,6,3,6,2,5,4,4,4,7,3,7,NA,1,4,1,1,2,2,1,1,3,1,2,2,1,2,4,5,3,1,1,2,1,1,1,1,5,2,M,NA,NA,NA,NA,NA,NA,NA,NA,NA,NA,NA,NA,NA,NA,NA,NA,NA,NA,NA,NA,NA,NA,NA,NA,NA,NA,NA,NA,1,NA,B9
2417,B0931,9,B,9B,Hindu,Enemies,Enemy3,2,8,M,31,5,6,6,3,6,2,5,4,4,4,7,3,7,NA,1,4,1,1,2,2,1,1,3,1,2,2,1,2,4,5,3,1,1,2,1,1,1,1,5,2,M,Hindu,3,2,2,4,3,2,4,1,4,1,2,4,4,4,1,1,1,1,1,4,1,5,4,6,6,6,6,1,1,B9
2418,B0931,9,B,9B,Hindu,Enemies,Enemy4,2,14,M,31,5,6,6,3,6,2,5,4,4,4,7,3,7,NA,1,4,1,1,2,2,1,1,3,1,2,2,1,2,4,5,3,1,1,2,1,1,1,1,5,2,M,Muslim,1,1,2,NA,1,3,4,1,1,1,1,4,2,4,1,3,1,3,1,2,1,5,1,6,6,NA,7,1,0,B9
2419,B0931,9,B,9B,Hindu,Enemies,Enemy5,2,18,M,31,5,6,6,3,6,2,5,4,4,4,7,3,7,NA,1,4,1,1,2,2,1,1,3,1,2,2,1,2,4,5,3,1,1,2,1,1,1,1,5,2,M,Muslim,1,3,3,3,1,3,4,1,1,1,1,4,4,4,1,2,1,3,2,5,1,5,3,4,4,4,1,1,0,B9
2420,B0931,9,B,9B,Hindu,Enemies,Enemy6,2,19,M,31,5,6,6,3,6,2,5,4,4,4,7,3,7,NA,1,4,1,1,2,2,1,1,3,1,2,2,1,2,4,5,3,1,1,2,1,1,1,1,5,2,M,Muslim,NA,3,4,3,2,2,2,1,1,3,2,4,2,4,1,3,5,3,1,1,3,4,5,3,3,6,6,1,0,B9
2421,B0931,9,B,9B,Hindu,Enemies,Enemy7,2,35,M,31,5,6,6,3,6,2,5,4,4,4,7,3,7,NA,1,4,1,1,2,2,1,1,3,1,2,2,1,2,4,5,3,1,1,2,1,1,1,1,5,2,M,Muslim,1,1,1,1,1,1,3,1,1,1,1,4,4,5,1,1,1,1,1,1,1,1,1,6,6,6,7,1,0,B9
2422,B0932,9,B,9B,Hindu,Enemies,Enemy1,2,1,M,32,7,6,7,1,6,6,6,7,5,5,6,4,1,NA,1,2,3,2,3,3,2,1,3,1,1,2,1,2,4,3,3,1,1,1,5,1,1,1,5,2,M,Hindu,2,1,3,1,1,2,1,2,5,2,2,5,4,4,1,1,1,2,1,1,2,2,2,7,6,7,3,1,1,B9
2423,B0932,9,B,9B,Hindu,Enemies,Enemy2,2,5,M,32,7,6,7,1,6,6,6,7,5,5,6,4,1,NA,1,2,3,2,3,3,2,1,3,1,1,2,1,2,4,3,3,1,1,1,5,1,1,1,5,2,M,NA,NA,NA,NA,NA,NA,NA,NA,NA,NA,NA,NA,NA,NA,NA,NA,NA,NA,NA,NA,NA,NA,NA,NA,NA,NA,NA,NA,1,NA,B9
2424,B0932,9,B,9B,Hindu,Enemies,Enemy3,2,12,M,32,7,6,7,1,6,6,6,7,5,5,6,4,1,NA,1,2,3,2,3,3,2,1,3,1,1,2,1,2,4,3,3,1,1,1,5,1,1,1,5,2,M,Hindu,4,4,3,5,4,3,3,1,5,3,2,4,4,4,1,1,1,4,1,1,1,5,2,6,7,6,6,1,1,B9
2425,B0932,9,B,9B,Hindu,Enemies,Enemy4,2,28,M,32,7,6,7,1,6,6,6,7,5,5,6,4,1,NA,1,2,3,2,3,3,2,1,3,1,1,2,1,2,4,3,3,1,1,1,5,1,1,1,5,2,M,Hindu,2,1,1,1,1,1,1,1,2,1,3,5,4,4,2,1,1,3,1,1,1,5,3,7,6,7,6,1,1,B9
2426,B0932,9,B,9B,Hindu,Enemies,Enemy5,2,33,M,32,7,6,7,1,6,6,6,7,5,5,6,4,1,NA,1,2,3,2,3,3,2,1,3,1,1,2,1,2,4,3,3,1,1,1,5,1,1,1,5,2,M,Hindu,2,2,2,1,2,1,3,2,5,2,3,4,4,4,2,1,1,4,1,3,1,3,2,6,6,6,6,1,1,B9
2427,B0932,9,B,9B,Hindu,Enemies,Enemy6,2,34,M,32,7,6,7,1,6,6,6,7,5,5,6,4,1,NA,1,2,3,2,3,3,2,1,3,1,1,2,1,2,4,3,3,1,1,1,5,1,1,1,5,2,M,Muslim,1,1,2,3,1,2,3,1,1,2,2,4,4,4,4,1,1,3,1,2,2,5,4,4,4,4,5,1,0,B9
2428,B0932,9,B,9B,Hindu,Enemies,Enemy7,2,38,M,32,7,6,7,1,6,6,6,7,5,5,6,4,1,NA,1,2,3,2,3,3,2,1,3,1,1,2,1,2,4,3,3,1,1,1,5,1,1,1,5,2,M,Hindu,1,1,1,1,1,1,2,1,2,2,2,4,4,4,1,1,1,3,1,1,1,5,2,7,7,7,5,1,1,B9
2429,B0934,9,B,9B,Muslim,Enemies,Enemy1,2,5,M,34,4,4,4,3,4,5,6,5,4,4,4,4,7,SUNNI,1,1,1,2,3,1,2,2,3,1,1,2,2,2,4,4,4,4,1,1,3,1,2,2,5,4,M,NA,NA,NA,NA,NA,NA,NA,NA,NA,NA,NA,NA,NA,NA,NA,NA,NA,NA,NA,NA,NA,NA,NA,NA,NA,NA,NA,NA,1,NA,B9
2430,B0934,9,B,9B,Muslim,Enemies,Enemy2,2,8,M,34,4,4,4,3,4,5,6,5,4,4,4,4,7,SUNNI,1,1,1,2,3,1,2,2,3,1,1,2,2,2,4,4,4,4,1,1,3,1,2,2,5,4,M,Hindu,3,2,2,4,3,2,4,1,4,1,2,4,4,4,1,1,1,1,1,4,1,5,4,6,6,6,6,1,0,B9
2431,B0934,9,B,9B,Muslim,Enemies,Enemy3,2,13,M,34,4,4,4,3,4,5,6,5,4,4,4,4,7,SUNNI,1,1,1,2,3,1,2,2,3,1,1,2,2,2,4,4,4,4,1,1,3,1,2,2,5,4,M,Muslim,1,1,1,1,1,2,3,1,1,2,1,4,4,4,1,1,1,3,1,1,1,3,2,7,6,5,7,1,1,B9
2432,B0934,9,B,9B,Muslim,Enemies,Enemy4,2,22,M,34,4,4,4,3,4,5,6,5,4,4,4,4,7,SUNNI,1,1,1,2,3,1,2,2,3,1,1,2,2,2,4,4,4,4,1,1,3,1,2,2,5,4,M,Muslim,5,5,5,5,1,1,3,5,2,3,3,7,7,7,5,2,1,3,1,5,1,5,4,7,7,2,7,1,1,B9
2433,B0934,9,B,9B,Muslim,Enemies,Enemy5,2,35,M,34,4,4,4,3,4,5,6,5,4,4,4,4,7,SUNNI,1,1,1,2,3,1,2,2,3,1,1,2,2,2,4,4,4,4,1,1,3,1,2,2,5,4,M,Muslim,1,1,1,1,1,1,3,1,1,1,1,4,4,5,1,1,1,1,1,1,1,1,1,6,6,6,7,1,1,B9
2434,B0936,9,B,9B,Muslim,Enemies,Enemy1,2,8,M,36,5,7,4,4,3,7,7,4,4,3,4,4,7,MUSLIM,1,2,2,3,3,1,3,2,3,1,1,2,2,1,3,3,4,1,1,1,3,1,1,2,3,3,M,Hindu,3,2,2,4,3,2,4,1,4,1,2,4,4,4,1,1,1,1,1,4,1,5,4,6,6,6,6,1,0,B9
2435,B0936,9,B,9B,Muslim,Enemies,Enemy2,2,27,M,36,5,7,4,4,3,7,7,4,4,3,4,4,7,MUSLIM,1,2,2,3,3,1,3,2,3,1,1,2,2,1,3,3,4,1,1,1,3,1,1,2,3,3,M,Muslim,1,2,2,5,1,5,3,1,1,1,2,4,2,2,1,1,1,5,1,1,1,5,2,7,5,5,7,1,1,B9
2436,B0936,9,B,9B,Muslim,Enemies,Enemy3,2,61,M,36,5,7,4,4,3,7,7,4,4,3,4,4,7,MUSLIM,1,2,2,3,3,1,3,2,3,1,1,2,2,1,3,3,4,1,1,1,3,1,1,2,3,3,F,Hindu,2,2,2,1,2,1,3,1,2,2,2,4,4,4,1,1,1,3,1,1,1,5,5,5,7,6,6,0,0,B9
2437,B0937,9,B,9B,Hindu,Enemies,Enemy1,2,9,M,37,2,6,5,6,6,6,6,6,6,6,6,5,1,NA,1,2,1,2,1,2,1,1,4,1,5,1,1,1,4,4,4,1,1,1,1,1,1,1,3,2,M,other,5,1,2,3,1,3,1,1,5,3,4,4,7,4,1,1,1,5,5,1,1,3,2,3,7,7,3,1,0,B9
2438,B0937,9,B,9B,Hindu,Enemies,Enemy2,2,11,M,37,2,6,5,6,6,6,6,6,6,6,6,5,1,NA,1,2,1,2,1,2,1,1,4,1,5,1,1,1,4,4,4,1,1,1,1,1,1,1,3,2,M,Muslim,1,1,2,2,1,3,4,1,1,1,1,4,2,4,1,3,1,3,1,2,1,5,1,6,6,NA,7,1,0,B9
2439,B0937,9,B,9B,Hindu,Enemies,Enemy3,2,14,M,37,2,6,5,6,6,6,6,6,6,6,6,5,1,NA,1,2,1,2,1,2,1,1,4,1,5,1,1,1,4,4,4,1,1,1,1,1,1,1,3,2,M,Muslim,1,1,2,NA,1,3,4,1,1,1,1,4,2,4,1,3,1,3,1,2,1,5,1,6,6,NA,7,1,0,B9
2440,B0937,9,B,9B,Hindu,Enemies,Enemy4,2,27,M,37,2,6,5,6,6,6,6,6,6,6,6,5,1,NA,1,2,1,2,1,2,1,1,4,1,5,1,1,1,4,4,4,1,1,1,1,1,1,1,3,2,M,Muslim,1,2,2,5,1,5,3,1,1,1,2,4,2,2,1,1,1,5,1,1,1,5,2,7,5,5,7,1,0,B9
2441,B0937,9,B,9B,Hindu,Enemies,Enemy5,2,31,M,37,2,6,5,6,6,6,6,6,6,6,6,5,1,NA,1,2,1,2,1,2,1,1,4,1,5,1,1,1,4,4,4,1,1,1,1,1,1,1,3,2,M,Hindu,4,1,1,2,2,1,3,1,2,2,2,4,5,3,1,1,2,1,1,1,1,5,2,6,6,6,2,1,1,B9
2442,B0937,9,B,9B,Hindu,Enemies,Enemy6,2,39,M,37,2,6,5,6,6,6,6,6,6,6,6,5,1,NA,1,2,1,2,1,2,1,1,4,1,5,1,1,1,4,4,4,1,1,1,1,1,1,1,3,2,M,Hindu,NA,NA,NA,NA,NA,NA,NA,1,NA,2,2,4,5,4,1,1,1,2,1,1,1,2,2,NA,NA,NA,NA,1,1,B9
2443,B0937,9,B,9B,Hindu,Enemies,Enemy7,2,40,M,37,2,6,5,6,6,6,6,6,6,6,6,5,1,NA,1,2,1,2,1,2,1,1,4,1,5,1,1,1,4,4,4,1,1,1,1,1,1,1,3,2,M,other,1,1,1,1,1,1,3,1,1,3,NA,4,4,4,3,5,5,2,1,3,4,2,1,NA,1,NA,7,1,0,B9
2444,B0938,9,B,9B,Hindu,Enemies,Enemy1,2,40,M,38,5,7,7,6,7,5,7,6,6,6,6,6,1,NA,1,1,1,1,1,1,1,4,2,1,2,2,1,2,4,4,4,1,1,1,3,1,1,1,5,2,M,other,1,1,1,1,1,1,3,1,1,3,NA,4,4,4,3,5,5,2,1,3,4,2,1,NA,1,NA,7,1,0,B9
2445,B0938,9,B,9B,Hindu,Enemies,Enemy2,2,51,M,38,5,7,7,6,7,5,7,6,6,6,6,6,1,NA,1,1,1,1,1,1,1,4,2,1,2,2,1,2,4,4,4,1,1,1,3,1,1,1,5,2,F,Muslim,1,1,2,1,1,1,3,1,2,2,2,4,4,4,1,1,1,1,1,1,1,5,2,5,7,6,6,0,0,B9
2446,B0938,9,B,9B,Hindu,Enemies,Enemy3,2,61,M,38,5,7,7,6,7,5,7,6,6,6,6,6,1,NA,1,1,1,1,1,1,1,4,2,1,2,2,1,2,4,4,4,1,1,1,3,1,1,1,5,2,F,Hindu,2,2,2,1,2,1,3,1,2,2,2,4,4,4,1,1,1,3,1,1,1,5,5,5,7,6,6,0,1,B9
2447,B0939,9,B,9B,Hindu,Enemies,Enemy1,2,2,M,39,NA,NA,NA,NA,NA,NA,NA,NA,NA,7,NA,NA,NA,NA,1,NA,NA,NA,NA,NA,NA,1,NA,1,NA,2,1,2,4,5,4,1,1,1,2,1,1,1,2,2,M,Muslim,1,1,1,2,1,3,4,1,1,1,1,4,4,4,1,1,1,3,3,2,1,5,1,7,7,7,7,1,0,B9
2448,B0939,9,B,9B,Hindu,Enemies,Enemy2,2,6,M,39,NA,NA,NA,NA,NA,NA,NA,NA,NA,7,NA,NA,NA,NA,1,NA,NA,NA,NA,NA,NA,1,NA,1,NA,2,1,2,4,5,4,1,1,1,2,1,1,1,2,2,M,Hindu,1,1,1,2,2,1,4,1,3,2,1,4,4,4,1,1,1,2,1,2,1,5,2,7,7,7,7,1,1,B9
2449,B0939,9,B,9B,Hindu,Enemies,Enemy3,2,8,M,39,NA,NA,NA,NA,NA,NA,NA,NA,NA,7,NA,NA,NA,NA,1,NA,NA,NA,NA,NA,NA,1,NA,1,NA,2,1,2,4,5,4,1,1,1,2,1,1,1,2,2,M,Hindu,3,2,2,4,3,2,4,1,4,1,2,4,4,4,1,1,1,1,1,4,1,5,4,6,6,6,6,1,1,B9
2450,B0939,9,B,9B,Hindu,Enemies,Enemy4,2,30,M,39,NA,NA,NA,NA,NA,NA,NA,NA,NA,7,NA,NA,NA,NA,1,NA,NA,NA,NA,NA,NA,1,NA,1,NA,2,1,2,4,5,4,1,1,1,2,1,1,1,2,2,M,Muslim,1,1,2,2,1,2,3,1,1,2,2,4,4,4,2,2,1,3,1,2,1,3,3,4,4,4,5,1,0,B9
2451,B0940,9,B,9B,other,Enemies,Enemy1,2,2,M,40,4,NA,1,6,NA,7,NA,5,5,4,NA,7,6,NA,1,1,1,1,1,1,1,1,3,1,1,3,NA,NA,4,4,4,3,5,5,2,1,3,4,2,1,M,Muslim,1,1,1,2,1,3,4,1,1,1,1,4,4,4,1,1,1,3,3,2,1,5,1,7,7,7,7,1,0,B9
2452,B0940,9,B,9B,other,Enemies,Enemy2,2,5,M,40,4,NA,1,6,NA,7,NA,5,5,4,NA,7,6,NA,1,1,1,1,1,1,1,1,3,1,1,3,NA,NA,4,4,4,3,5,5,2,1,3,4,2,1,M,NA,NA,NA,NA,NA,NA,NA,NA,NA,NA,NA,NA,NA,NA,NA,NA,NA,NA,NA,NA,NA,NA,NA,NA,NA,NA,NA,NA,1,NA,B9
2453,B0940,9,B,9B,other,Enemies,Enemy3,2,8,M,40,4,NA,1,6,NA,7,NA,5,5,4,NA,7,6,NA,1,1,1,1,1,1,1,1,3,1,1,3,NA,NA,4,4,4,3,5,5,2,1,3,4,2,1,M,Hindu,3,2,2,4,3,2,4,1,4,1,2,4,4,4,1,1,1,1,1,4,1,5,4,6,6,6,6,1,0,B9
2454,B0940,9,B,9B,other,Enemies,Enemy4,2,14,M,40,4,NA,1,6,NA,7,NA,5,5,4,NA,7,6,NA,1,1,1,1,1,1,1,1,3,1,1,3,NA,NA,4,4,4,3,5,5,2,1,3,4,2,1,M,Muslim,1,1,2,NA,1,3,4,1,1,1,1,4,2,4,1,3,1,3,1,2,1,5,1,6,6,NA,7,1,0,B9
2455,B0940,9,B,9B,other,Enemies,Enemy5,2,18,M,40,4,NA,1,6,NA,7,NA,5,5,4,NA,7,6,NA,1,1,1,1,1,1,1,1,3,1,1,3,NA,NA,4,4,4,3,5,5,2,1,3,4,2,1,M,Muslim,1,3,3,3,1,3,4,1,1,1,1,4,4,4,1,2,1,3,2,5,1,5,3,4,4,4,1,1,0,B9
2456,B0940,9,B,9B,other,Enemies,Enemy6,2,35,M,40,4,NA,1,6,NA,7,NA,5,5,4,NA,7,6,NA,1,1,1,1,1,1,1,1,3,1,1,3,NA,NA,4,4,4,3,5,5,2,1,3,4,2,1,M,Muslim,1,1,1,1,1,1,3,1,1,1,1,4,4,5,1,1,1,1,1,1,1,1,1,6,6,6,7,1,0,B9
2457,B0940,9,B,9B,other,Enemies,Enemy7,2,43,M,40,4,NA,1,6,NA,7,NA,5,5,4,NA,7,6,NA,1,1,1,1,1,1,1,1,3,1,1,3,NA,NA,4,4,4,3,5,5,2,1,3,4,2,1,M,Hindu,2,1,2,2,2,1,1,2,5,2,2,4,4,4,1,1,1,2,1,1,1,5,2,7,7,1,6,1,0,B9
2458,B0943,9,B,9B,Hindu,Enemies,Enemy1,2,14,M,43,4,7,7,4,1,6,5,5,4,4,4,2,2,NA,1,2,1,2,2,2,1,2,1,2,5,2,1,2,4,4,4,1,1,1,2,1,1,1,5,2,M,Muslim,1,1,2,NA,1,3,4,1,1,1,1,4,2,4,1,3,1,3,1,2,1,5,1,6,6,NA,7,1,0,B9
2459,B0943,9,B,9B,Hindu,Enemies,Enemy2,2,19,M,43,4,7,7,4,1,6,5,5,4,4,4,2,2,NA,1,2,1,2,2,2,1,2,1,2,5,2,1,2,4,4,4,1,1,1,2,1,1,1,5,2,M,Muslim,NA,3,4,3,2,2,2,1,1,3,2,4,2,4,1,3,5,3,1,1,3,4,5,3,3,6,6,1,0,B9
2460,B0943,9,B,9B,Hindu,Enemies,Enemy3,2,35,M,43,4,7,7,4,1,6,5,5,4,4,4,2,2,NA,1,2,1,2,2,2,1,2,1,2,5,2,1,2,4,4,4,1,1,1,2,1,1,1,5,2,M,Muslim,1,1,1,1,1,1,3,1,1,1,1,4,4,5,1,1,1,1,1,1,1,1,1,6,6,6,7,1,0,B9
2461,B0944,9,B,9B,Hindu,Enemies,Enemy1,2,5,M,44,5,6,7,7,7,7,6,6,5,5,6,1,1,NA,1,NA,2,NA,1,NA,1,4,3,1,4,2,1,3,4,4,4,1,1,1,3,2,2,1,5,3,M,NA,NA,NA,NA,NA,NA,NA,NA,NA,NA,NA,NA,NA,NA,NA,NA,NA,NA,NA,NA,NA,NA,NA,NA,NA,NA,NA,NA,1,NA,B9
2462,B0944,9,B,9B,Hindu,Enemies,Enemy2,2,8,M,44,5,6,7,7,7,7,6,6,5,5,6,1,1,NA,1,NA,2,NA,1,NA,1,4,3,1,4,2,1,3,4,4,4,1,1,1,3,2,2,1,5,3,M,Hindu,3,2,2,4,3,2,4,1,4,1,2,4,4,4,1,1,1,1,1,4,1,5,4,6,6,6,6,1,1,B9
2463,B0944,9,B,9B,Hindu,Enemies,Enemy3,2,9,M,44,5,6,7,7,7,7,6,6,5,5,6,1,1,NA,1,NA,2,NA,1,NA,1,4,3,1,4,2,1,3,4,4,4,1,1,1,3,2,2,1,5,3,M,other,5,1,2,3,1,3,1,1,5,3,4,4,7,4,1,1,1,5,5,1,1,3,2,3,7,7,3,1,0,B9
2464,B0944,9,B,9B,Hindu,Enemies,Enemy4,2,18,M,44,5,6,7,7,7,7,6,6,5,5,6,1,1,NA,1,NA,2,NA,1,NA,1,4,3,1,4,2,1,3,4,4,4,1,1,1,3,2,2,1,5,3,M,Muslim,1,3,3,3,1,3,4,1,1,1,1,4,4,4,1,2,1,3,2,5,1,5,3,4,4,4,1,1,0,B9
2465,B0944,9,B,9B,Hindu,Enemies,Enemy5,2,24,M,44,5,6,7,7,7,7,6,6,5,5,6,1,1,NA,1,NA,2,NA,1,NA,1,4,3,1,4,2,1,3,4,4,4,1,1,1,3,2,2,1,5,3,M,Hindu,4,1,1,2,3,2,1,1,2,2,1,4,4,3,1,1,1,1,1,1,1,4,2,6,6,6,2,1,1,B9
2466,B0944,9,B,9B,Hindu,Enemies,Enemy6,2,25,M,44,5,6,7,7,7,7,6,6,5,5,6,1,1,NA,1,NA,2,NA,1,NA,1,4,3,1,4,2,1,3,4,4,4,1,1,1,3,2,2,1,5,3,M,Hindu,1,1,1,1,1,1,3,1,5,1,1,4,7,5,2,1,1,3,1,1,1,5,3,7,2,7,1,1,1,B9
2467,B0944,9,B,9B,Hindu,Enemies,Enemy7,2,32,M,44,5,6,7,7,7,7,6,6,5,5,6,1,1,NA,1,NA,2,NA,1,NA,1,4,3,1,4,2,1,3,4,4,4,1,1,1,3,2,2,1,5,3,M,Hindu,2,3,2,3,3,2,3,1,1,2,2,4,3,3,1,1,1,5,1,1,1,5,2,6,7,6,6,1,1,B9
2468,B0945,9,B,9B,Hindu,Enemies,Enemy1,2,13,F,45,6,6,7,6,7,6,7,7,7,7,6,6,7,SINDHI,2,1,1,1,2,1,1,4,4,1,5,3,1,2,4,4,4,1,1,1,1,1,1,1,2,3,M,Muslim,1,1,1,1,1,2,3,1,1,2,1,4,4,4,1,1,1,3,1,1,1,3,2,7,6,5,7,0,0,B9
2469,B0945,9,B,9B,Hindu,Enemies,Enemy2,2,14,F,45,6,6,7,6,7,6,7,7,7,7,6,6,7,SINDHI,2,1,1,1,2,1,1,4,4,1,5,3,1,2,4,4,4,1,1,1,1,1,1,1,2,3,M,Muslim,1,1,2,NA,1,3,4,1,1,1,1,4,2,4,1,3,1,3,1,2,1,5,1,6,6,NA,7,0,0,B9
2470,B0945,9,B,9B,Hindu,Enemies,Enemy3,2,27,F,45,6,6,7,6,7,6,7,7,7,7,6,6,7,SINDHI,2,1,1,1,2,1,1,4,4,1,5,3,1,2,4,4,4,1,1,1,1,1,1,1,2,3,M,Muslim,1,2,2,5,1,5,3,1,1,1,2,4,2,2,1,1,1,5,1,1,1,5,2,7,5,5,7,0,0,B9
2471,B0945,9,B,9B,Hindu,Enemies,Enemy4,2,35,F,45,6,6,7,6,7,6,7,7,7,7,6,6,7,SINDHI,2,1,1,1,2,1,1,4,4,1,5,3,1,2,4,4,4,1,1,1,1,1,1,1,2,3,M,Muslim,1,1,1,1,1,1,3,1,1,1,1,4,4,5,1,1,1,1,1,1,1,1,1,6,6,6,7,0,0,B9
2472,B0945,9,B,9B,Hindu,Enemies,Enemy5,2,50,F,45,6,6,7,6,7,6,7,7,7,7,6,6,7,SINDHI,2,1,1,1,2,1,1,4,4,1,5,3,1,2,4,4,4,1,1,1,1,1,1,1,2,3,F,Muslim,1,2,3,2,1,2,4,1,1,2,2,4,3,3,1,1,1,2,1,2,1,5,2,4,7,6,7,1,0,B9
2473,B0945,9,B,9B,Hindu,Enemies,Enemy6,2,65,F,45,6,6,7,6,7,6,7,7,7,7,6,6,7,SINDHI,2,1,1,1,2,1,1,4,4,1,5,3,1,2,4,4,4,1,1,1,1,1,1,1,2,3,F,Muslim,1,1,2,1,1,2,3,1,1,2,1,4,4,4,1,1,1,3,1,1,1,3,2,6,6,5,7,1,0,B9
2474,B0945,9,B,9B,Hindu,Enemies,Enemy7,2,68,F,45,6,6,7,6,7,6,7,7,7,7,6,6,7,SINDHI,2,1,1,1,2,1,1,4,4,1,5,3,1,2,4,4,4,1,1,1,1,1,1,1,2,3,F,Muslim,1,1,1,1,2,1,4,1,1,5,1,5,4,6,1,1,1,3,2,2,1,4,2,6,7,6,7,1,0,B9
2475,B0946,9,B,9B,Muslim,Enemies,Enemy1,2,42,F,46,4,2,6,2,3,6,6,6,6,2,6,4,7,Sunni,2,1,1,2,3,1,1,2,4,1,1,2,2,3,2,3,3,3,1,2,2,1,2,3,5,3,M,Muslim,1,1,3,1,1,1,4,1,1,1,2,4,4,4,1,1,1,1,2,1,1,5,3,7,7,6,7,0,1,B9
2476,B0946,9,B,9B,Muslim,Enemies,Enemy2,2,54,F,46,4,2,6,2,3,6,6,6,6,2,6,4,7,Sunni,2,1,1,2,3,1,1,2,4,1,1,2,2,3,2,3,3,3,1,2,2,1,2,3,5,3,F,Hindu,1,2,2,1,2,1,4,1,5,5,1,4,4,4,1,1,1,NA,1,1,2,5,3,4,6,7,6,1,0,B9
2477,B0946,9,B,9B,Muslim,Enemies,Enemy3,2,61,F,46,4,2,6,2,3,6,6,6,6,2,6,4,7,Sunni,2,1,1,2,3,1,1,2,4,1,1,2,2,3,2,3,3,3,1,2,2,1,2,3,5,3,F,Hindu,2,2,2,1,2,1,3,1,2,2,2,4,4,4,1,1,1,3,1,1,1,5,5,5,7,6,6,1,0,B9
2478,B0946,9,B,9B,Muslim,Enemies,Enemy4,2,64,F,46,4,2,6,2,3,6,6,6,6,2,6,4,7,Sunni,2,1,1,2,3,1,1,2,4,1,1,2,2,3,2,3,3,3,1,2,2,1,2,3,5,3,F,Muslim,1,1,1,1,1,1,2,1,1,1,1,4,4,4,1,1,1,1,1,1,1,4,3,7,7,4,7,1,1,B9
2479,B0948,9,B,9B,Muslim,Enemies,Enemy1,2,13,F,48,5,5,6,5,6,6,6,6,5,6,6,5,7,MUSLIM,2,1,1,2,5,2,1,1,4,1,1,2,2,1,4,4,4,1,1,1,3,1,2,1,3,1,M,Muslim,1,1,1,1,1,2,3,1,1,2,1,4,4,4,1,1,1,3,1,1,1,3,2,7,6,5,7,0,1,B9
2480,B0948,9,B,9B,Muslim,Enemies,Enemy2,2,14,F,48,5,5,6,5,6,6,6,6,5,6,6,5,7,MUSLIM,2,1,1,2,5,2,1,1,4,1,1,2,2,1,4,4,4,1,1,1,3,1,2,1,3,1,M,Muslim,1,1,2,NA,1,3,4,1,1,1,1,4,2,4,1,3,1,3,1,2,1,5,1,6,6,NA,7,0,1,B9
2481,B0948,9,B,9B,Muslim,Enemies,Enemy3,2,19,F,48,5,5,6,5,6,6,6,6,5,6,6,5,7,MUSLIM,2,1,1,2,5,2,1,1,4,1,1,2,2,1,4,4,4,1,1,1,3,1,2,1,3,1,M,Muslim,NA,3,4,3,2,2,2,1,1,3,2,4,2,4,1,3,5,3,1,1,3,4,5,3,3,6,6,0,1,B9
2482,B0948,9,B,9B,Muslim,Enemies,Enemy4,2,35,F,48,5,5,6,5,6,6,6,6,5,6,6,5,7,MUSLIM,2,1,1,2,5,2,1,1,4,1,1,2,2,1,4,4,4,1,1,1,3,1,2,1,3,1,M,Muslim,1,1,1,1,1,1,3,1,1,1,1,4,4,5,1,1,1,1,1,1,1,1,1,6,6,6,7,0,1,B9
2483,B0948,9,B,9B,Muslim,Enemies,Enemy5,2,49,F,48,5,5,6,5,6,6,6,6,5,6,6,5,7,MUSLIM,2,1,1,2,5,2,1,1,4,1,1,2,2,1,4,4,4,1,1,1,3,1,2,1,3,1,F,Hindu,1,1,1,1,1,1,4,1,1,2,1,4,4,4,1,1,1,1,1,1,1,5,3,6,6,7,6,1,0,B9
2484,B0948,9,B,9B,Muslim,Enemies,Enemy6,2,66,F,48,5,5,6,5,6,6,6,6,5,6,6,5,7,MUSLIM,2,1,1,2,5,2,1,1,4,1,1,2,2,1,4,4,4,1,1,1,3,1,2,1,3,1,F,Hindu,2,2,2,2,2,1,3,2,4,2,2,4,4,4,1,1,1,2,1,2,2,5,3,6,7,6,6,1,0,B9
2485,B0949,9,B,9B,Hindu,Enemies,Enemy1,2,3,F,49,4,6,6,6,7,6,6,1,6,4,6,6,2,NA,2,1,1,1,1,1,1,1,4,1,1,2,1,1,4,4,4,1,1,1,1,1,1,1,5,3,M,Hindu,2,1,2,3,1,1,4,2,2,3,2,5,7,4,1,1,1,3,1,1,1,5,3,7,7,7,6,0,1,B9
2486,B0949,9,B,9B,Hindu,Enemies,Enemy2,2,40,F,49,4,6,6,6,7,6,6,1,6,4,6,6,2,NA,2,1,1,1,1,1,1,1,4,1,1,2,1,1,4,4,4,1,1,1,1,1,1,1,5,3,M,other,1,1,1,1,1,1,3,1,1,3,NA,4,4,4,3,5,5,2,1,3,4,2,1,NA,1,NA,7,0,0,B9
2487,B0949,9,B,9B,Hindu,Enemies,Enemy3,2,61,F,49,4,6,6,6,7,6,6,1,6,4,6,6,2,NA,2,1,1,1,1,1,1,1,4,1,1,2,1,1,4,4,4,1,1,1,1,1,1,1,5,3,F,Hindu,2,2,2,1,2,1,3,1,2,2,2,4,4,4,1,1,1,3,1,1,1,5,5,5,7,6,6,1,1,B9
2488,B0952,9,B,9B,Muslim,Enemies,Enemy1,2,22,F,52,3,6,6,4,6,7,7,6,5,5,4,4,7,VOHRA-SULEMANI,2,1,1,2,1,1,2,NA,3,1,1,2,2,2,4,4,4,1,1,1,2,1,1,1,4,2,M,Muslim,5,5,5,5,1,1,3,5,2,3,3,7,7,7,5,2,1,3,1,5,1,5,4,7,7,2,7,0,1,B9
2489,B0952,9,B,9B,Muslim,Enemies,Enemy2,2,46,F,52,3,6,6,4,6,7,7,6,5,5,4,4,7,VOHRA-SULEMANI,2,1,1,2,1,1,2,NA,3,1,1,2,2,2,4,4,4,1,1,1,2,1,1,1,4,2,F,Muslim,1,1,2,3,1,1,4,1,1,2,3,2,3,3,3,1,2,2,1,2,3,5,3,2,6,3,6,1,1,B9
2490,B0952,9,B,9B,Muslim,Enemies,Enemy3,2,47,F,52,3,6,6,4,6,7,7,6,5,5,4,4,7,VOHRA-SULEMANI,2,1,1,2,1,1,2,NA,3,1,1,2,2,2,4,4,4,1,1,1,2,1,1,1,4,2,F,Muslim,1,1,1,2,1,2,4,1,1,1,2,4,3,3,3,1,1,1,1,1,1,5,3,1,6,4,7,1,1,B9
2491,B0952,9,B,9B,Muslim,Enemies,Enemy4,2,50,F,52,3,6,6,4,6,7,7,6,5,5,4,4,7,VOHRA-SULEMANI,2,1,1,2,1,1,2,NA,3,1,1,2,2,2,4,4,4,1,1,1,2,1,1,1,4,2,F,Muslim,1,2,3,2,1,2,4,1,1,2,2,4,3,3,1,1,1,2,1,2,1,5,2,4,7,6,7,1,1,B9
2492,B0952,9,B,9B,Muslim,Enemies,Enemy5,2,57,F,52,3,6,6,4,6,7,7,6,5,5,4,4,7,VOHRA-SULEMANI,2,1,1,2,1,1,2,NA,3,1,1,2,2,2,4,4,4,1,1,1,2,1,1,1,4,2,F,Muslim,1,2,2,1,1,2,4,1,1,1,1,6,5,7,3,2,2,4,3,1,1,3,3,3,6,3,7,1,1,B9
2493,B0953,9,B,9B,Hindu,Enemies,Enemy1,2,11,F,53,7,5,6,7,7,5,7,7,7,7,7,7,7,KHARVA,2,1,2,1,1,4,1,1,3,1,3,2,1,1,4,7,5,1,1,1,3,1,2,1,2,1,M,Muslim,1,1,2,2,1,3,4,1,1,1,1,4,2,4,1,3,1,3,1,2,1,5,1,6,6,NA,7,0,0,B9
2494,B0953,9,B,9B,Hindu,Enemies,Enemy2,2,13,F,53,7,5,6,7,7,5,7,7,7,7,7,7,7,KHARVA,2,1,2,1,1,4,1,1,3,1,3,2,1,1,4,7,5,1,1,1,3,1,2,1,2,1,M,Muslim,1,1,1,1,1,2,3,1,1,2,1,4,4,4,1,1,1,3,1,1,1,3,2,7,6,5,7,0,0,B9
2495,B0953,9,B,9B,Hindu,Enemies,Enemy3,2,17,F,53,7,5,6,7,7,5,7,7,7,7,7,7,7,KHARVA,2,1,2,1,1,4,1,1,3,1,3,2,1,1,4,7,5,1,1,1,3,1,2,1,2,1,M,Muslim,2,4,1,1,1,2,4,2,1,2,2,4,3,4,1,1,1,2,2,3,2,5,2,5,3,4,6,0,0,B9
2496,B0953,9,B,9B,Hindu,Enemies,Enemy4,2,22,F,53,7,5,6,7,7,5,7,7,7,7,7,7,7,KHARVA,2,1,2,1,1,4,1,1,3,1,3,2,1,1,4,7,5,1,1,1,3,1,2,1,2,1,M,Muslim,5,5,5,5,1,1,3,5,2,3,3,7,7,7,5,2,1,3,1,5,1,5,4,7,7,2,7,0,0,B9
2497,B0953,9,B,9B,Hindu,Enemies,Enemy5,2,27,F,53,7,5,6,7,7,5,7,7,7,7,7,7,7,KHARVA,2,1,2,1,1,4,1,1,3,1,3,2,1,1,4,7,5,1,1,1,3,1,2,1,2,1,M,Muslim,1,2,2,5,1,5,3,1,1,1,2,4,2,2,1,1,1,5,1,1,1,5,2,7,5,5,7,0,0,B9
2498,B0953,9,B,9B,Hindu,Enemies,Enemy6,2,30,F,53,7,5,6,7,7,5,7,7,7,7,7,7,7,KHARVA,2,1,2,1,1,4,1,1,3,1,3,2,1,1,4,7,5,1,1,1,3,1,2,1,2,1,M,Muslim,1,1,2,2,1,2,3,1,1,2,2,4,4,4,2,2,1,3,1,2,1,3,3,4,4,4,5,0,0,B9
2499,B0953,9,B,9B,Hindu,Enemies,Enemy7,2,47,F,53,7,5,6,7,7,5,7,7,7,7,7,7,7,KHARVA,2,1,2,1,1,4,1,1,3,1,3,2,1,1,4,7,5,1,1,1,3,1,2,1,2,1,F,Muslim,1,1,1,2,1,2,4,1,1,1,2,4,3,3,3,1,1,1,1,1,1,5,3,1,6,4,7,1,0,B9
2500,B0954,9,B,9B,Hindu,Enemies,Enemy1,2,5,F,54,NA,4,6,6,7,6,6,4,3,5,5,3,8,NA,2,1,2,2,1,2,1,2,4,1,5,5,1,1,4,4,4,1,1,1,NA,1,1,2,5,3,M,NA,NA,NA,NA,NA,NA,NA,NA,NA,NA,NA,NA,NA,NA,NA,NA,NA,NA,NA,NA,NA,NA,NA,NA,NA,NA,NA,NA,0,NA,B9
2501,B0954,9,B,9B,Hindu,Enemies,Enemy2,2,14,F,54,NA,4,6,6,7,6,6,4,3,5,5,3,8,NA,2,1,2,2,1,2,1,2,4,1,5,5,1,1,4,4,4,1,1,1,NA,1,1,2,5,3,M,Muslim,1,1,2,NA,1,3,4,1,1,1,1,4,2,4,1,3,1,3,1,2,1,5,1,6,6,NA,7,0,0,B9
2502,B0954,9,B,9B,Hindu,Enemies,Enemy3,2,18,F,54,NA,4,6,6,7,6,6,4,3,5,5,3,8,NA,2,1,2,2,1,2,1,2,4,1,5,5,1,1,4,4,4,1,1,1,NA,1,1,2,5,3,M,Muslim,1,3,3,3,1,3,4,1,1,1,1,4,4,4,1,2,1,3,2,5,1,5,3,4,4,4,1,0,0,B9
2503,B0954,9,B,9B,Hindu,Enemies,Enemy4,2,22,F,54,NA,4,6,6,7,6,6,4,3,5,5,3,8,NA,2,1,2,2,1,2,1,2,4,1,5,5,1,1,4,4,4,1,1,1,NA,1,1,2,5,3,M,Muslim,5,5,5,5,1,1,3,5,2,3,3,7,7,7,5,2,1,3,1,5,1,5,4,7,7,2,7,0,0,B9
2504,B0954,9,B,9B,Hindu,Enemies,Enemy5,2,25,F,54,NA,4,6,6,7,6,6,4,3,5,5,3,8,NA,2,1,2,2,1,2,1,2,4,1,5,5,1,1,4,4,4,1,1,1,NA,1,1,2,5,3,M,Hindu,1,1,1,1,1,1,3,1,5,1,1,4,7,5,2,1,1,3,1,1,1,5,3,7,2,7,1,0,1,B9
2505,B0954,9,B,9B,Hindu,Enemies,Enemy6,2,27,F,54,NA,4,6,6,7,6,6,4,3,5,5,3,8,NA,2,1,2,2,1,2,1,2,4,1,5,5,1,1,4,4,4,1,1,1,NA,1,1,2,5,3,M,Muslim,1,2,2,5,1,5,3,1,1,1,2,4,2,2,1,1,1,5,1,1,1,5,2,7,5,5,7,0,0,B9
2506,B0954,9,B,9B,Hindu,Enemies,Enemy7,2,40,F,54,NA,4,6,6,7,6,6,4,3,5,5,3,8,NA,2,1,2,2,1,2,1,2,4,1,5,5,1,1,4,4,4,1,1,1,NA,1,1,2,5,3,M,other,1,1,1,1,1,1,3,1,1,3,NA,4,4,4,3,5,5,2,1,3,4,2,1,NA,1,NA,7,0,0,B9
2507,B0955,9,B,9B,Muslim,Enemies,Enemy1,2,49,F,55,6,5,5,6,5,7,7,6,7,6,7,4,7,Sunni,2,1,1,2,1,1,2,2,4,1,1,2,2,1,3,4,4,2,1,1,1,2,1,1,3,4,F,Hindu,1,1,1,1,1,1,4,1,1,2,1,4,4,4,1,1,1,1,1,1,1,5,3,6,6,7,6,1,0,B9
2508,B0956,9,B,9B,Hindu,Enemies,Enemy1,2,3,F,56,4,7,7,4,7,4,7,7,5,6,5,5,8,NA,2,1,1,2,2,1,1,1,4,1,5,4,1,3,4,4,1,1,1,1,4,1,3,1,1,1,M,Hindu,2,1,2,3,1,1,4,2,2,3,2,5,7,4,1,1,1,3,1,1,1,5,3,7,7,7,6,0,1,B9
2509,B0956,9,B,9B,Hindu,Enemies,Enemy2,2,22,F,56,4,7,7,4,7,4,7,7,5,6,5,5,8,NA,2,1,1,2,2,1,1,1,4,1,5,4,1,3,4,4,1,1,1,1,4,1,3,1,1,1,M,Muslim,5,5,5,5,1,1,3,5,2,3,3,7,7,7,5,2,1,3,1,5,1,5,4,7,7,2,7,0,0,B9
2510,B0956,9,B,9B,Hindu,Enemies,Enemy3,2,27,F,56,4,7,7,4,7,4,7,7,5,6,5,5,8,NA,2,1,1,2,2,1,1,1,4,1,5,4,1,3,4,4,1,1,1,1,4,1,3,1,1,1,M,Muslim,1,2,2,5,1,5,3,1,1,1,2,4,2,2,1,1,1,5,1,1,1,5,2,7,5,5,7,0,0,B9
2511,B0956,9,B,9B,Hindu,Enemies,Enemy4,2,46,F,56,4,7,7,4,7,4,7,7,5,6,5,5,8,NA,2,1,1,2,2,1,1,1,4,1,5,4,1,3,4,4,1,1,1,1,4,1,3,1,1,1,F,Muslim,1,1,2,3,1,1,4,1,1,2,3,2,3,3,3,1,2,2,1,2,3,5,3,2,6,3,6,1,0,B9
2512,B0956,9,B,9B,Hindu,Enemies,Enemy5,2,47,F,56,4,7,7,4,7,4,7,7,5,6,5,5,8,NA,2,1,1,2,2,1,1,1,4,1,5,4,1,3,4,4,1,1,1,1,4,1,3,1,1,1,F,Muslim,1,1,1,2,1,2,4,1,1,1,2,4,3,3,3,1,1,1,1,1,1,5,3,1,6,4,7,1,0,B9
2513,B0956,9,B,9B,Hindu,Enemies,Enemy6,2,51,F,56,4,7,7,4,7,4,7,7,5,6,5,5,8,NA,2,1,1,2,2,1,1,1,4,1,5,4,1,3,4,4,1,1,1,1,4,1,3,1,1,1,F,Muslim,1,1,2,1,1,1,3,1,2,2,2,4,4,4,1,1,1,1,1,1,1,5,2,5,7,6,6,1,0,B9
2514,B0956,9,B,9B,Hindu,Enemies,Enemy7,2,66,F,56,4,7,7,4,7,4,7,7,5,6,5,5,8,NA,2,1,1,2,2,1,1,1,4,1,5,4,1,3,4,4,1,1,1,1,4,1,3,1,1,1,F,Hindu,2,2,2,2,2,1,3,2,4,2,2,4,4,4,1,1,1,2,1,2,2,5,3,6,7,6,6,1,1,B9
2515,B0958,9,B,9B,Hindu,Enemies,Enemy1,2,13,F,58,4,6,7,5,7,6,6,6,6,6,5,5,7,HINDU-GUJARATI,2,4,2,3,1,3,2,1,4,5,5,5,1,4,7,4,4,1,1,1,2,1,1,1,5,2,M,Muslim,1,1,1,1,1,2,3,1,1,2,1,4,4,4,1,1,1,3,1,1,1,3,2,7,6,5,7,0,0,B9
2516,B0958,9,B,9B,Hindu,Enemies,Enemy2,2,14,F,58,4,6,7,5,7,6,6,6,6,6,5,5,7,HINDU-GUJARATI,2,4,2,3,1,3,2,1,4,5,5,5,1,4,7,4,4,1,1,1,2,1,1,1,5,2,M,Muslim,1,1,2,NA,1,3,4,1,1,1,1,4,2,4,1,3,1,3,1,2,1,5,1,6,6,NA,7,0,0,B9
2517,B0958,9,B,9B,Hindu,Enemies,Enemy3,2,18,F,58,4,6,7,5,7,6,6,6,6,6,5,5,7,HINDU-GUJARATI,2,4,2,3,1,3,2,1,4,5,5,5,1,4,7,4,4,1,1,1,2,1,1,1,5,2,M,Muslim,1,3,3,3,1,3,4,1,1,1,1,4,4,4,1,2,1,3,2,5,1,5,3,4,4,4,1,0,0,B9
2518,B0958,9,B,9B,Hindu,Enemies,Enemy4,2,34,F,58,4,6,7,5,7,6,6,6,6,6,5,5,7,HINDU-GUJARATI,2,4,2,3,1,3,2,1,4,5,5,5,1,4,7,4,4,1,1,1,2,1,1,1,5,2,M,Muslim,1,1,2,3,1,2,3,1,1,2,2,4,4,4,4,1,1,3,1,2,2,5,4,4,4,4,5,0,0,B9
2519,B0958,9,B,9B,Hindu,Enemies,Enemy5,2,40,F,58,4,6,7,5,7,6,6,6,6,6,5,5,7,HINDU-GUJARATI,2,4,2,3,1,3,2,1,4,5,5,5,1,4,7,4,4,1,1,1,2,1,1,1,5,2,M,other,1,1,1,1,1,1,3,1,1,3,NA,4,4,4,3,5,5,2,1,3,4,2,1,NA,1,NA,7,0,0,B9
2520,B0958,9,B,9B,Hindu,Enemies,Enemy6,2,65,F,58,4,6,7,5,7,6,6,6,6,6,5,5,7,HINDU-GUJARATI,2,4,2,3,1,3,2,1,4,5,5,5,1,4,7,4,4,1,1,1,2,1,1,1,5,2,F,Muslim,1,1,2,1,1,2,3,1,1,2,1,4,4,4,1,1,1,3,1,1,1,3,2,6,6,5,7,1,0,B9
2521,B0958,9,B,9B,Hindu,Enemies,Enemy7,2,68,F,58,4,6,7,5,7,6,6,6,6,6,5,5,7,HINDU-GUJARATI,2,4,2,3,1,3,2,1,4,5,5,5,1,4,7,4,4,1,1,1,2,1,1,1,5,2,F,Muslim,1,1,1,1,2,1,4,1,1,5,1,5,4,6,1,1,1,3,2,2,1,4,2,6,7,6,7,1,0,B9
2522,B0959,9,B,9B,Muslim,Enemies,Enemy1,2,16,F,59,6,4,6,6,6,7,6,6,6,6,6,6,8,NA,2,1,1,1,1,1,1,4,1,1,1,1,2,1,4,3,3,1,1,1,2,1,2,1,3,2,M,Hindu,2,2,2,1,1,1,4,1,2,1,1,4,4,4,1,1,1,2,1,1,1,5,4,6,6,7,4,0,0,B9
2523,B0959,9,B,9B,Muslim,Enemies,Enemy2,2,52,F,59,6,4,6,6,6,7,6,6,6,6,6,6,8,NA,2,1,1,1,1,1,1,4,1,1,1,1,2,1,4,3,3,1,1,1,2,1,2,1,3,2,F,Muslim,1,1,2,1,1,2,3,1,1,2,2,4,4,4,1,1,1,2,1,1,1,4,2,6,6,6,7,1,1,B9
2524,B0959,9,B,9B,Muslim,Enemies,Enemy3,2,60,F,59,6,4,6,6,6,7,6,6,6,6,6,6,8,NA,2,1,1,1,1,1,1,4,1,1,1,1,2,1,4,3,3,1,1,1,2,1,2,1,3,2,F,Muslim,1,1,1,1,1,1,4,2,2,5,1,4,4,5,1,1,1,1,1,1,1,5,3,6,6,6,7,1,1,B9
2525,B0959,9,B,9B,Muslim,Enemies,Enemy4,2,61,F,59,6,4,6,6,6,7,6,6,6,6,6,6,8,NA,2,1,1,1,1,1,1,4,1,1,1,1,2,1,4,3,3,1,1,1,2,1,2,1,3,2,F,Hindu,2,2,2,1,2,1,3,1,2,2,2,4,4,4,1,1,1,3,1,1,1,5,5,5,7,6,6,1,0,B9
2526,B0959,9,B,9B,Muslim,Enemies,Enemy5,2,62,F,59,6,4,6,6,6,7,6,6,6,6,6,6,8,NA,2,1,1,1,1,1,1,4,1,1,1,1,2,1,4,3,3,1,1,1,2,1,2,1,3,2,F,Hindu,1,1,1,1,1,1,3,2,5,3,1,4,5,4,1,1,1,1,1,1,1,5,3,6,6,7,6,1,0,B9
2527,B0961,9,B,9B,Hindu,Enemies,Enemy1,2,3,F,61,6,5,7,6,6,6,6,6,6,6,5,6,8,NA,2,2,2,2,1,2,1,1,3,1,2,2,1,2,4,4,4,1,1,1,3,1,1,1,5,5,M,Hindu,2,1,2,3,1,1,4,2,2,3,2,5,7,4,1,1,1,3,1,1,1,5,3,7,7,7,6,0,1,B9
2528,B0961,9,B,9B,Hindu,Enemies,Enemy2,2,21,F,61,6,5,7,6,6,6,6,6,6,6,5,6,8,NA,2,2,2,2,1,2,1,1,3,1,2,2,1,2,4,4,4,1,1,1,3,1,1,1,5,5,M,Hindu,3,1,2,1,1,1,4,1,5,3,2,4,6,5,1,1,1,3,1,1,1,5,2,7,7,7,6,0,1,B9
2529,B0961,9,B,9B,Hindu,Enemies,Enemy3,2,49,F,61,6,5,7,6,6,6,6,6,6,6,5,6,8,NA,2,2,2,2,1,2,1,1,3,1,2,2,1,2,4,4,4,1,1,1,3,1,1,1,5,5,F,Hindu,1,1,1,1,1,1,4,1,1,2,1,4,4,4,1,1,1,1,1,1,1,5,3,6,6,7,6,1,1,B9
2530,B0961,9,B,9B,Hindu,Enemies,Enemy4,2,66,F,61,6,5,7,6,6,6,6,6,6,6,5,6,8,NA,2,2,2,2,1,2,1,1,3,1,2,2,1,2,4,4,4,1,1,1,3,1,1,1,5,5,F,Hindu,2,2,2,2,2,1,3,2,4,2,2,4,4,4,1,1,1,2,1,2,2,5,3,6,7,6,6,1,1,B9
2531,B0963,9,B,9B,Muslim,Enemies,Enemy1,2,61,F,63,6,4,6,6,5,6,7,7,6,6,7,5,7,ISLAM,2,1,1,1,2,1,1,1,1,1,1,1,2,1,4,3,3,1,1,1,2,1,2,1,3,2,F,Hindu,2,2,2,1,2,1,3,1,2,2,2,4,4,4,1,1,1,3,1,1,1,5,5,5,7,6,6,1,0,B9
2532,B0964,9,B,9B,Muslim,Enemies,Enemy1,2,55,F,64,6,7,7,5,4,7,7,6,6,3,4,4,7,ALAVI VOHRA,2,1,1,1,1,1,1,1,2,1,1,1,2,1,4,4,4,1,1,1,1,1,1,1,4,3,F,Muslim,1,1,2,1,1,2,4,1,1,2,1,3,4,4,2,1,1,1,2,1,1,3,4,5,5,5,7,1,1,B9
2533,B0964,9,B,9B,Muslim,Enemies,Enemy2,2,61,F,64,6,7,7,5,4,7,7,6,6,3,4,4,7,ALAVI VOHRA,2,1,1,1,1,1,1,1,2,1,1,1,2,1,4,4,4,1,1,1,1,1,1,1,4,3,F,Hindu,2,2,2,1,2,1,3,1,2,2,2,4,4,4,1,1,1,3,1,1,1,5,5,5,7,6,6,1,0,B9
2534,B0964,9,B,9B,Muslim,Enemies,Enemy3,2,65,F,64,6,7,7,5,4,7,7,6,6,3,4,4,7,ALAVI VOHRA,2,1,1,1,1,1,1,1,2,1,1,1,2,1,4,4,4,1,1,1,1,1,1,1,4,3,F,Muslim,1,1,2,1,1,2,3,1,1,2,1,4,4,4,1,1,1,3,1,1,1,3,2,6,6,5,7,1,1,B9
2535,B0964,9,B,9B,Muslim,Enemies,Enemy4,2,67,F,64,6,7,7,5,4,7,7,6,6,3,4,4,7,ALAVI VOHRA,2,1,1,1,1,1,1,1,2,1,1,1,2,1,4,4,4,1,1,1,1,1,1,1,4,3,F,Muslim,1,1,2,1,1,1,3,1,1,2,1,4,4,4,1,1,1,3,1,1,1,3,2,6,6,NA,NA,1,1,B9
2536,B0965,9,B,9B,Muslim,Enemies,Enemy1,2,35,F,65,7,6,6,6,5,7,7,7,7,7,7,6,7,MUSLIM SAIYED,2,1,1,2,1,1,2,2,3,1,1,2,2,1,4,4,4,1,1,1,3,1,1,1,3,2,M,Muslim,1,1,1,1,1,1,3,1,1,1,1,4,4,5,1,1,1,1,1,1,1,1,1,6,6,6,7,0,1,B9
2537,B0965,9,B,9B,Muslim,Enemies,Enemy2,2,61,F,65,7,6,6,6,5,7,7,7,7,7,7,6,7,MUSLIM SAIYED,2,1,1,2,1,1,2,2,3,1,1,2,2,1,4,4,4,1,1,1,3,1,1,1,3,2,F,Hindu,2,2,2,1,2,1,3,1,2,2,2,4,4,4,1,1,1,3,1,1,1,5,5,5,7,6,6,1,0,B9
2538,B0965,9,B,9B,Muslim,Enemies,Enemy3,2,62,F,65,7,6,6,6,5,7,7,7,7,7,7,6,7,MUSLIM SAIYED,2,1,1,2,1,1,2,2,3,1,1,2,2,1,4,4,4,1,1,1,3,1,1,1,3,2,F,Hindu,1,1,1,1,1,1,3,2,5,3,1,4,5,4,1,1,1,1,1,1,1,5,3,6,6,7,6,1,0,B9
2539,B0966,9,B,9B,Hindu,Enemies,Enemy1,2,1,F,66,6,6,7,6,6,6,6,6,6,6,6,6,8,NA,2,2,2,2,2,2,1,1,3,2,4,2,1,2,4,4,4,1,1,1,2,1,2,2,5,3,M,Hindu,2,1,3,1,1,2,1,2,5,2,2,5,4,4,1,1,1,2,1,1,2,2,2,7,6,7,3,0,1,B9
2540,B0966,9,B,9B,Hindu,Enemies,Enemy2,2,61,F,66,6,6,7,6,6,6,6,6,6,6,6,6,8,NA,2,2,2,2,2,2,1,1,3,2,4,2,1,2,4,4,4,1,1,1,2,1,2,2,5,3,F,Hindu,2,2,2,1,2,1,3,1,2,2,2,4,4,4,1,1,1,3,1,1,1,5,5,5,7,6,6,1,1,B9
2541,B0967,9,B,9B,Muslim,Enemies,Enemy1,2,4,F,67,3,6,6,6,NA,NA,7,7,NA,7,7,NA,7,SUNNU MUSLIM,2,1,1,2,1,1,1,2,3,1,1,2,2,1,4,4,4,1,1,1,3,1,1,1,3,2,M,Hindu,1,1,1,1,2,1,4,2,5,4,2,4,4,4,2,1,1,1,3,1,1,1,1,7,5,7,6,0,0,B9
2542,B0967,9,B,9B,Muslim,Enemies,Enemy2,2,8,F,67,3,6,6,6,NA,NA,7,7,NA,7,7,NA,7,SUNNU MUSLIM,2,1,1,2,1,1,1,2,3,1,1,2,2,1,4,4,4,1,1,1,3,1,1,1,3,2,M,Hindu,3,2,2,4,3,2,4,1,4,1,2,4,4,4,1,1,1,1,1,4,1,5,4,6,6,6,6,0,0,B9
2543,B0967,9,B,9B,Muslim,Enemies,Enemy3,2,27,F,67,3,6,6,6,NA,NA,7,7,NA,7,7,NA,7,SUNNU MUSLIM,2,1,1,2,1,1,1,2,3,1,1,2,2,1,4,4,4,1,1,1,3,1,1,1,3,2,M,Muslim,1,2,2,5,1,5,3,1,1,1,2,4,2,2,1,1,1,5,1,1,1,5,2,7,5,5,7,0,1,B9
2544,B0967,9,B,9B,Muslim,Enemies,Enemy4,2,35,F,67,3,6,6,6,NA,NA,7,7,NA,7,7,NA,7,SUNNU MUSLIM,2,1,1,2,1,1,1,2,3,1,1,2,2,1,4,4,4,1,1,1,3,1,1,1,3,2,M,Muslim,1,1,1,1,1,1,3,1,1,1,1,4,4,5,1,1,1,1,1,1,1,1,1,6,6,6,7,0,1,B9
2545,B0967,9,B,9B,Muslim,Enemies,Enemy5,2,40,F,67,3,6,6,6,NA,NA,7,7,NA,7,7,NA,7,SUNNU MUSLIM,2,1,1,2,1,1,1,2,3,1,1,2,2,1,4,4,4,1,1,1,3,1,1,1,3,2,M,other,1,1,1,1,1,1,3,1,1,3,NA,4,4,4,3,5,5,2,1,3,4,2,1,NA,1,NA,7,0,0,B9
2546,B0967,9,B,9B,Muslim,Enemies,Enemy6,2,61,F,67,3,6,6,6,NA,NA,7,7,NA,7,7,NA,7,SUNNU MUSLIM,2,1,1,2,1,1,1,2,3,1,1,2,2,1,4,4,4,1,1,1,3,1,1,1,3,2,F,Hindu,2,2,2,1,2,1,3,1,2,2,2,4,4,4,1,1,1,3,1,1,1,5,5,5,7,6,6,1,0,B9
2547,B0967,9,B,9B,Muslim,Enemies,Enemy7,2,62,F,67,3,6,6,6,NA,NA,7,7,NA,7,7,NA,7,SUNNU MUSLIM,2,1,1,2,1,1,1,2,3,1,1,2,2,1,4,4,4,1,1,1,3,1,1,1,3,2,F,Hindu,1,1,1,1,1,1,3,2,5,3,1,4,5,4,1,1,1,1,1,1,1,5,3,6,6,7,6,1,0,B9
2548,B0968,9,B,9B,Muslim,Enemies,Enemy1,2,19,F,68,2,6,7,6,6,7,6,6,6,6,6,5,7,SUNNI,2,1,1,1,1,2,1,2,4,1,1,5,2,1,5,4,6,1,1,1,3,2,2,1,4,2,M,Muslim,NA,3,4,3,2,2,2,1,1,3,2,4,2,4,1,3,5,3,1,1,3,4,5,3,3,6,6,0,1,B9
2549,B0968,9,B,9B,Muslim,Enemies,Enemy2,2,22,F,68,2,6,7,6,6,7,6,6,6,6,6,5,7,SUNNI,2,1,1,1,1,2,1,2,4,1,1,5,2,1,5,4,6,1,1,1,3,2,2,1,4,2,M,Muslim,5,5,5,5,1,1,3,5,2,3,3,7,7,7,5,2,1,3,1,5,1,5,4,7,7,2,7,0,1,B9
2550,B0968,9,B,9B,Muslim,Enemies,Enemy3,2,27,F,68,2,6,7,6,6,7,6,6,6,6,6,5,7,SUNNI,2,1,1,1,1,2,1,2,4,1,1,5,2,1,5,4,6,1,1,1,3,2,2,1,4,2,M,Muslim,1,2,2,5,1,5,3,1,1,1,2,4,2,2,1,1,1,5,1,1,1,5,2,7,5,5,7,0,1,B9
2551,B0968,9,B,9B,Muslim,Enemies,Enemy4,2,38,F,68,2,6,7,6,6,7,6,6,6,6,6,5,7,SUNNI,2,1,1,1,1,2,1,2,4,1,1,5,2,1,5,4,6,1,1,1,3,2,2,1,4,2,M,Hindu,1,1,1,1,1,1,2,1,2,2,2,4,4,4,1,1,1,3,1,1,1,5,2,7,7,7,5,0,0,B9
2552,B0968,9,B,9B,Muslim,Enemies,Enemy5,2,39,F,68,2,6,7,6,6,7,6,6,6,6,6,5,7,SUNNI,2,1,1,1,1,2,1,2,4,1,1,5,2,1,5,4,6,1,1,1,3,2,2,1,4,2,M,Hindu,NA,NA,NA,NA,NA,NA,NA,1,NA,2,2,4,5,4,1,1,1,2,1,1,1,2,2,NA,NA,NA,NA,0,0,B9
2553,B0968,9,B,9B,Muslim,Enemies,Enemy6,2,64,F,68,2,6,7,6,6,7,6,6,6,6,6,5,7,SUNNI,2,1,1,1,1,2,1,2,4,1,1,5,2,1,5,4,6,1,1,1,3,2,2,1,4,2,F,Muslim,1,1,1,1,1,1,2,1,1,1,1,4,4,4,1,1,1,1,1,1,1,4,3,7,7,4,7,1,1,B9
2554,B0968,9,B,9B,Muslim,Enemies,Enemy7,2,66,F,68,2,6,7,6,6,7,6,6,6,6,6,5,7,SUNNI,2,1,1,1,1,2,1,2,4,1,1,5,2,1,5,4,6,1,1,1,3,2,2,1,4,2,F,Hindu,2,2,2,2,2,1,3,2,4,2,2,4,4,4,1,1,1,2,1,2,2,5,3,6,7,6,6,1,0,B9
2555,C0901,9,C,9C,Muslim,Enemies,Enemy1,2,2,M,1,5,7,7,7,5,7,7,6,6,7,7,6,NA,VOHRA,1,1,1,2,1,1,1,1,4,1,1,1,2,1,4,5,4,1,1,1,1,1,1,1,5,2,M,Hindu,2,1,3,3,2,1,3,1,3,2,2,4,5,5,1,1,1,1,1,1,1,4,4,6,6,6,6,1,0,C9
2556,C0901,9,C,9C,Muslim,Enemies,Enemy2,2,3,M,1,5,7,7,7,5,7,7,6,6,7,7,6,NA,VOHRA,1,1,1,2,1,1,1,1,4,1,1,1,2,1,4,5,4,1,1,1,1,1,1,1,5,2,M,Muslim,1,1,2,1,2,1,3,1,1,1,1,4,4,7,1,1,1,2,1,4,1,3,2,7,4,6,7,1,1,C9
2557,C0901,9,C,9C,Muslim,Enemies,Enemy3,2,7,M,1,5,7,7,7,5,7,7,6,6,7,7,6,NA,VOHRA,1,1,1,2,1,1,1,1,4,1,1,1,2,1,4,5,4,1,1,1,1,1,1,1,5,2,M,other,1,1,1,1,1,1,4,1,1,1,4,4,4,4,1,1,1,1,1,1,1,1,5,7,7,7,7,1,0,C9
2558,C0901,9,C,9C,Muslim,Enemies,Enemy4,2,11,M,1,5,7,7,7,5,7,7,6,6,7,7,6,NA,VOHRA,1,1,1,2,1,1,1,1,4,1,1,1,2,1,4,5,4,1,1,1,1,1,1,1,5,2,M,Muslim,1,1,2,1,1,1,3,1,1,2,1,6,6,5,2,1,3,3,1,5,1,3,3,6,6,6,7,1,1,C9
2559,C0901,9,C,9C,Muslim,Enemies,Enemy5,2,16,M,1,5,7,7,7,5,7,7,6,6,7,7,6,NA,VOHRA,1,1,1,2,1,1,1,1,4,1,1,1,2,1,4,5,4,1,1,1,1,1,1,1,5,2,M,Muslim,1,NA,1,1,1,2,1,1,1,1,1,4,4,4,1,1,1,1,1,5,1,3,4,NA,1,5,7,1,1,C9
2560,C0901,9,C,9C,Muslim,Enemies,Enemy6,2,33,M,1,5,7,7,7,5,7,7,6,6,7,7,6,NA,VOHRA,1,1,1,2,1,1,1,1,4,1,1,1,2,1,4,5,4,1,1,1,1,1,1,1,5,2,M,Hindu,3,1,2,1,4,2,1,2,5,2,2,6,7,7,1,1,1,2,1,2,1,1,2,7,7,7,7,1,0,C9
2561,C0901,9,C,9C,Muslim,Enemies,Enemy7,2,44,M,1,5,7,7,7,5,7,7,6,6,7,7,6,NA,VOHRA,1,1,1,2,1,1,1,1,4,1,1,1,2,1,4,5,4,1,1,1,1,1,1,1,5,2,M,Hindu,1,1,3,1,2,1,4,1,1,1,1,4,4,4,1,1,1,1,1,3,1,5,2,7,6,7,5,1,0,C9
2562,C0903,9,C,9C,Muslim,Enemies,Enemy1,2,11,M,3,6,7,4,7,6,7,7,6,7,7,6,5,8,NA,1,1,1,2,1,2,1,NA,3,1,1,1,2,1,4,4,7,1,1,1,2,1,4,1,3,2,M,Muslim,1,1,2,1,1,1,3,1,1,2,1,6,6,5,2,1,3,3,1,5,1,3,3,6,6,6,7,1,1,C9
2563,C0903,9,C,9C,Muslim,Enemies,Enemy2,2,23,M,3,6,7,4,7,6,7,7,6,7,7,6,5,8,NA,1,1,1,2,1,2,1,NA,3,1,1,1,2,1,4,4,7,1,1,1,2,1,4,1,3,2,M,Hindu,1,1,1,1,1,1,3,1,4,2,2,4,4,4,1,1,1,5,1,5,1,5,5,7,7,7,7,1,0,C9
2564,C0903,9,C,9C,Muslim,Enemies,Enemy3,2,51,M,3,6,7,4,7,6,7,7,6,7,7,6,5,8,NA,1,1,1,2,1,2,1,NA,3,1,1,1,2,1,4,4,7,1,1,1,2,1,4,1,3,2,F,Muslim,1,1,2,1,1,1,1,1,1,2,1,4,4,4,1,1,1,1,1,5,1,1,5,4,7,7,7,0,1,C9
2565,C0905,9,C,9C,Hindu,Enemies,Enemy1,2,7,M,5,5,7,5,NA,7,5,5,3,NA,7,7,7,8,HINDU,1,2,3,1,3,1,1,4,4,1,1,2,1,1,4,4,2,4,1,1,1,1,1,1,2,2,M,other,1,1,1,1,1,1,4,1,1,1,4,4,4,4,1,1,1,1,1,1,1,1,5,7,7,7,7,1,0,C9
2566,C0905,9,C,9C,Hindu,Enemies,Enemy2,2,8,M,5,5,7,5,NA,7,5,5,3,NA,7,7,7,8,HINDU,1,2,3,1,3,1,1,4,4,1,1,2,1,1,4,4,2,4,1,1,1,1,1,1,2,2,M,Hindu,2,1,1,1,2,1,3,1,5,2,1,4,5,3,1,1,1,2,3,2,1,4,5,6,6,6,6,1,1,C9
2567,C0905,9,C,9C,Hindu,Enemies,Enemy3,2,35,M,5,5,7,5,NA,7,5,5,3,NA,7,7,7,8,HINDU,1,2,3,1,3,1,1,4,4,1,1,2,1,1,4,4,2,4,1,1,1,1,1,1,2,2,M,Muslim,1,1,2,2,1,2,4,1,1,2,1,6,5,6,1,1,1,1,1,1,2,5,3,7,7,5,7,1,0,C9
2568,C0905,9,C,9C,Hindu,Enemies,Enemy4,2,39,M,5,5,7,5,NA,7,5,5,3,NA,7,7,7,8,HINDU,1,2,3,1,3,1,1,4,4,1,1,2,1,1,4,4,2,4,1,1,1,1,1,1,2,2,M,Muslim,1,2,3,1,3,1,4,1,1,2,3,4,7,6,3,1,1,1,3,1,1,3,5,7,2,2,7,1,0,C9
2569,C0906,9,C,9C,Hindu,Enemies,Enemy1,2,4,M,6,6,4,4,6,7,6,6,6,4,6,6,5,1,NA,1,2,1,2,1,2,1,2,3,1,2,2,1,1,4,3,3,1,1,1,2,1,NA,1,5,NA,M,Hindu,1,1,2,2,1,1,4,1,5,3,2,3,2,2,1,1,2,1,1,1,1,5,4,7,7,7,4,1,1,C9
2570,C0906,9,C,9C,Hindu,Enemies,Enemy2,2,7,M,6,6,4,4,6,7,6,6,6,4,6,6,5,1,NA,1,2,1,2,1,2,1,2,3,1,2,2,1,1,4,3,3,1,1,1,2,1,NA,1,5,NA,M,other,1,1,1,1,1,1,4,1,1,1,4,4,4,4,1,1,1,1,1,1,1,1,5,7,7,7,7,1,0,C9
2571,C0906,9,C,9C,Hindu,Enemies,Enemy3,2,11,M,6,6,4,4,6,7,6,6,6,4,6,6,5,1,NA,1,2,1,2,1,2,1,2,3,1,2,2,1,1,4,3,3,1,1,1,2,1,NA,1,5,NA,M,Muslim,1,1,2,1,1,1,3,1,1,2,1,6,6,5,2,1,3,3,1,5,1,3,3,6,6,6,7,1,0,C9
2572,C0906,9,C,9C,Hindu,Enemies,Enemy4,2,23,M,6,6,4,4,6,7,6,6,6,4,6,6,5,1,NA,1,2,1,2,1,2,1,2,3,1,2,2,1,1,4,3,3,1,1,1,2,1,NA,1,5,NA,M,Hindu,1,1,1,1,1,1,3,1,4,2,2,4,4,4,1,1,1,5,1,5,1,5,5,7,7,7,7,1,1,C9
2573,C0906,9,C,9C,Hindu,Enemies,Enemy5,2,32,M,6,6,4,4,6,7,6,6,6,4,6,6,5,1,NA,1,2,1,2,1,2,1,2,3,1,2,2,1,1,4,3,3,1,1,1,2,1,NA,1,5,NA,M,Muslim,1,3,3,1,1,2,1,2,1,2,1,4,4,7,1,1,1,2,1,3,1,4,1,NA,5,4,7,1,0,C9
2574,C0906,9,C,9C,Hindu,Enemies,Enemy6,2,42,M,6,6,4,4,6,7,6,6,6,4,6,6,5,1,NA,1,2,1,2,1,2,1,2,3,1,2,2,1,1,4,3,3,1,1,1,2,1,NA,1,5,NA,M,Hindu,3,2,2,1,5,1,4,3,5,4,4,4,3,3,2,1,1,2,1,3,3,4,3,6,4,4,4,1,1,C9
2575,C0906,9,C,9C,Hindu,Enemies,Enemy7,2,62,M,6,6,4,4,6,7,6,6,6,4,6,6,5,1,NA,1,2,1,2,1,2,1,2,3,1,2,2,1,1,4,3,3,1,1,1,2,1,NA,1,5,NA,F,Muslim,1,1,2,1,2,1,3,1,1,5,1,6,NA,7,1,1,1,2,1,3,2,4,3,6,7,6,7,0,0,C9
2576,C0907,9,C,9C,other,Enemies,Enemy1,2,31,M,7,7,7,7,6,7,7,7,7,6,6,7,7,NA,SIKH,2,1,1,1,1,1,1,NA,4,1,1,1,NA,4,4,4,4,1,1,1,1,1,1,1,1,5,M,Muslim,1,1,1,2,1,1,3,1,1,3,1,4,4,7,1,1,1,3,1,5,3,3,3,6,6,6,7,1,0,C9
2577,C0907,9,C,9C,other,Enemies,Enemy2,2,46,M,7,7,7,7,6,7,7,7,7,6,6,7,7,NA,SIKH,2,1,1,1,1,1,1,NA,4,1,1,1,NA,4,4,4,4,1,1,1,1,1,1,1,1,5,F,Muslim,2,2,2,1,1,1,3,1,1,2,1,4,4,4,3,1,1,2,2,2,1,3,2,5,7,6,7,0,0,C9
2578,C0907,9,C,9C,other,Enemies,Enemy3,2,47,M,7,7,7,7,6,7,7,7,7,6,6,7,7,NA,SIKH,2,1,1,1,1,1,1,NA,4,1,1,1,NA,4,4,4,4,1,1,1,1,1,1,1,1,5,F,Muslim,1,1,1,1,1,1,1,1,1,2,1,6,5,5,1,1,1,1,1,2,2,5,3,6,7,7,7,0,0,C9
2579,C0907,9,C,9C,other,Enemies,Enemy4,2,53,M,7,7,7,7,6,7,7,7,7,6,6,7,7,NA,SIKH,2,1,1,1,1,1,1,NA,4,1,1,1,NA,4,4,4,4,1,1,1,1,1,1,1,1,5,F,Muslim,1,2,2,1,1,1,4,1,1,1,1,4,3,4,1,1,2,2,1,3,3,2,2,6,7,5,7,0,0,C9
2580,C0907,9,C,9C,other,Enemies,Enemy5,2,60,M,7,7,7,7,6,7,7,7,7,6,6,7,7,NA,SIKH,2,1,1,1,1,1,1,NA,4,1,1,1,NA,4,4,4,4,1,1,1,1,1,1,1,1,5,F,NA,NA,NA,NA,NA,NA,NA,NA,NA,NA,NA,NA,NA,NA,NA,NA,NA,NA,NA,NA,NA,NA,NA,NA,NA,NA,NA,NA,0,NA,C9
2581,C0907,9,C,9C,other,Enemies,Enemy6,2,62,M,7,7,7,7,6,7,7,7,7,6,6,7,7,NA,SIKH,2,1,1,1,1,1,1,NA,4,1,1,1,NA,4,4,4,4,1,1,1,1,1,1,1,1,5,F,Muslim,1,1,2,1,2,1,3,1,1,5,1,6,NA,7,1,1,1,2,1,3,2,4,3,6,7,6,7,0,0,C9
2582,C0907,9,C,9C,other,Enemies,Enemy7,2,65,M,7,7,7,7,6,7,7,7,7,6,6,7,7,NA,SIKH,2,1,1,1,1,1,1,NA,4,1,1,1,NA,4,4,4,4,1,1,1,1,1,1,1,1,5,F,Muslim,1,1,1,1,1,1,4,1,1,2,1,4,4,4,1,1,1,1,1,2,1,4,3,7,7,7,7,0,0,C9
2583,C0908,9,C,9C,Hindu,Enemies,Enemy1,2,1,M,8,4,6,6,4,6,6,4,7,4,4,4,4,8,NA,1,2,1,1,1,2,1,2,3,1,5,2,1,1,4,5,3,1,1,1,2,3,2,1,4,5,M,Muslim,1,1,2,1,1,1,4,1,1,1,1,4,5,4,1,1,1,1,1,1,1,5,2,7,7,5,7,1,0,C9
2584,C0908,9,C,9C,Hindu,Enemies,Enemy2,2,11,M,8,4,6,6,4,6,6,4,7,4,4,4,4,8,NA,1,2,1,1,1,2,1,2,3,1,5,2,1,1,4,5,3,1,1,1,2,3,2,1,4,5,M,Muslim,1,1,2,1,1,1,3,1,1,2,1,6,6,5,2,1,3,3,1,5,1,3,3,6,6,6,7,1,0,C9
2585,C0908,9,C,9C,Hindu,Enemies,Enemy3,2,13,M,8,4,6,6,4,6,6,4,7,4,4,4,4,8,NA,1,2,1,1,1,2,1,2,3,1,5,2,1,1,4,5,3,1,1,1,2,3,2,1,4,5,M,Muslim,1,1,2,3,1,2,4,1,1,2,1,4,2,7,1,1,1,2,1,1,1,5,2,7,6,5,6,1,0,C9
2586,C0908,9,C,9C,Hindu,Enemies,Enemy4,2,15,M,8,4,6,6,4,6,6,4,7,4,4,4,4,8,NA,1,2,1,1,1,2,1,2,3,1,5,2,1,1,4,5,3,1,1,1,2,3,2,1,4,5,M,Hindu,1,1,1,1,1,1,3,3,4,3,2,4,4,4,1,1,1,1,1,1,1,5,2,6,6,6,6,1,1,C9
2587,C0908,9,C,9C,Hindu,Enemies,Enemy5,2,22,M,8,4,6,6,4,6,6,4,7,4,4,4,4,8,NA,1,2,1,1,1,2,1,2,3,1,5,2,1,1,4,5,3,1,1,1,2,3,2,1,4,5,M,Hindu,4,2,3,1,2,1,2,1,4,3,2,4,3,3,1,1,1,1,1,2,1,5,3,6,4,6,5,1,1,C9
2588,C0908,9,C,9C,Hindu,Enemies,Enemy6,2,24,M,8,4,6,6,4,6,6,4,7,4,4,4,4,8,NA,1,2,1,1,1,2,1,2,3,1,5,2,1,1,4,5,3,1,1,1,2,3,2,1,4,5,M,Muslim,2,1,2,1,1,1,1,1,2,1,2,3,2,2,1,1,1,1,1,1,1,5,2,6,7,6,7,1,0,C9
2589,C0908,9,C,9C,Hindu,Enemies,Enemy7,2,31,M,8,4,6,6,4,6,6,4,7,4,4,4,4,8,NA,1,2,1,1,1,2,1,2,3,1,5,2,1,1,4,5,3,1,1,1,2,3,2,1,4,5,M,Muslim,1,1,1,2,1,1,3,1,1,3,1,4,4,7,1,1,1,3,1,5,3,3,3,6,6,6,7,1,0,C9
2590,C0908,9,C,9C,Hindu,Enemies,Enemy8,2,34,M,8,4,6,6,4,6,6,4,7,4,4,4,4,8,NA,1,2,1,1,1,2,1,2,3,1,5,2,1,1,4,5,3,1,1,1,2,3,2,1,4,5,M,Muslim,1,1,4,1,1,1,4,2,5,3,1,4,4,4,3,1,1,1,1,1,1,3,4,4,4,4,4,1,0,C9
2591,C0910,9,C,9C,Hindu,Enemies,Enemy1,2,3,M,10,4,7,7,2,7,4,7,3,6,6,6,4,8,NA,1,2,1,1,2,3,2,1,3,1,5,2,1,2,4,3,3,1,2,1,2,1,4,2,3,1,M,Muslim,1,1,2,1,2,1,3,1,1,1,1,4,4,7,1,1,1,2,1,4,1,3,2,7,4,6,7,1,0,C9
2592,C0910,9,C,9C,Hindu,Enemies,Enemy2,2,11,M,10,4,7,7,2,7,4,7,3,6,6,6,4,8,NA,1,2,1,1,2,3,2,1,3,1,5,2,1,2,4,3,3,1,2,1,2,1,4,2,3,1,M,Muslim,1,1,2,1,1,1,3,1,1,2,1,6,6,5,2,1,3,3,1,5,1,3,3,6,6,6,7,1,0,C9
2593,C0910,9,C,9C,Hindu,Enemies,Enemy3,2,18,M,10,4,7,7,2,7,4,7,3,6,6,6,4,8,NA,1,2,1,1,2,3,2,1,3,1,5,2,1,2,4,3,3,1,2,1,2,1,4,2,3,1,M,Muslim,1,1,1,1,1,1,4,1,1,1,1,4,2,5,1,1,2,1,1,1,1,5,3,7,7,6,7,1,0,C9
2594,C0910,9,C,9C,Hindu,Enemies,Enemy4,2,27,M,10,4,7,7,2,7,4,7,3,6,6,6,4,8,NA,1,2,1,1,2,3,2,1,3,1,5,2,1,2,4,3,3,1,2,1,2,1,4,2,3,1,M,NA,NA,NA,NA,NA,NA,NA,NA,NA,NA,NA,NA,NA,NA,NA,NA,NA,NA,NA,NA,NA,NA,NA,NA,NA,NA,NA,NA,1,NA,C9
2595,C0910,9,C,9C,Hindu,Enemies,Enemy5,2,31,M,10,4,7,7,2,7,4,7,3,6,6,6,4,8,NA,1,2,1,1,2,3,2,1,3,1,5,2,1,2,4,3,3,1,2,1,2,1,4,2,3,1,M,Muslim,1,1,1,2,1,1,3,1,1,3,1,4,4,7,1,1,1,3,1,5,3,3,3,6,6,6,7,1,0,C9
2596,C0910,9,C,9C,Hindu,Enemies,Enemy6,2,39,M,10,4,7,7,2,7,4,7,3,6,6,6,4,8,NA,1,2,1,1,2,3,2,1,3,1,5,2,1,2,4,3,3,1,2,1,2,1,4,2,3,1,M,Muslim,1,2,3,1,3,1,4,1,1,2,3,4,7,6,3,1,1,1,3,1,1,3,5,7,2,2,7,1,0,C9
2597,C0910,9,C,9C,Hindu,Enemies,Enemy7,2,41,M,10,4,7,7,2,7,4,7,3,6,6,6,4,8,NA,1,2,1,1,2,3,2,1,3,1,5,2,1,2,4,3,3,1,2,1,2,1,4,2,3,1,M,Hindu,2,1,2,1,2,1,3,1,5,2,2,4,4,3,1,2,1,1,1,1,1,5,3,7,7,7,6,1,1,C9
2598,C0911,9,C,9C,Muslim,Enemies,Enemy1,2,7,M,11,6,6,6,6,6,7,6,6,6,6,7,6,8,NA,1,1,1,2,1,1,1,2,3,1,1,2,2,1,6,6,5,2,1,3,3,1,5,1,3,3,M,other,1,1,1,1,1,1,4,1,1,1,4,4,4,4,1,1,1,1,1,1,1,1,5,7,7,7,7,1,0,C9
2599,C0911,9,C,9C,Muslim,Enemies,Enemy2,2,22,M,11,6,6,6,6,6,7,6,6,6,6,7,6,8,NA,1,1,1,2,1,1,1,2,3,1,1,2,2,1,6,6,5,2,1,3,3,1,5,1,3,3,M,Hindu,4,2,3,1,2,1,2,1,4,3,2,4,3,3,1,1,1,1,1,2,1,5,3,6,4,6,5,1,0,C9
2600,C0911,9,C,9C,Muslim,Enemies,Enemy3,2,31,M,11,6,6,6,6,6,7,6,6,6,6,7,6,8,NA,1,1,1,2,1,1,1,2,3,1,1,2,2,1,6,6,5,2,1,3,3,1,5,1,3,3,M,Muslim,1,1,1,2,1,1,3,1,1,3,1,4,4,7,1,1,1,3,1,5,3,3,3,6,6,6,7,1,1,C9
2601,C0913,9,C,9C,Muslim,Enemies,Enemy1,2,5,M,13,5,7,6,5,5,6,6,7,6,6,6,6,NA,TAI(MUSLIM),1,1,1,2,3,1,2,2,4,1,1,2,2,1,4,2,7,1,1,1,2,1,1,1,5,2,M,Hindu,2,3,1,3,1,1,4,1,1,2,1,4,4,2,4,1,1,1,1,1,1,2,2,7,5,7,5,1,0,C9
2602,C0913,9,C,9C,Muslim,Enemies,Enemy2,2,15,M,13,5,7,6,5,5,6,6,7,6,6,6,6,NA,TAI(MUSLIM),1,1,1,2,3,1,2,2,4,1,1,2,2,1,4,2,7,1,1,1,2,1,1,1,5,2,M,Hindu,1,1,1,1,1,1,3,3,4,3,2,4,4,4,1,1,1,1,1,1,1,5,2,6,6,6,6,1,0,C9
2603,C0913,9,C,9C,Muslim,Enemies,Enemy3,2,33,M,13,5,7,6,5,5,6,6,7,6,6,6,6,NA,TAI(MUSLIM),1,1,1,2,3,1,2,2,4,1,1,2,2,1,4,2,7,1,1,1,2,1,1,1,5,2,M,Hindu,3,1,2,1,4,2,1,2,5,2,2,6,7,7,1,1,1,2,1,2,1,1,2,7,7,7,7,1,0,C9
2604,C0913,9,C,9C,Muslim,Enemies,Enemy4,2,39,M,13,5,7,6,5,5,6,6,7,6,6,6,6,NA,TAI(MUSLIM),1,1,1,2,3,1,2,2,4,1,1,2,2,1,4,2,7,1,1,1,2,1,1,1,5,2,M,Muslim,1,2,3,1,3,1,4,1,1,2,3,4,7,6,3,1,1,1,3,1,1,3,5,7,2,2,7,1,1,C9
2605,C0913,9,C,9C,Muslim,Enemies,Enemy5,2,42,M,13,5,7,6,5,5,6,6,7,6,6,6,6,NA,TAI(MUSLIM),1,1,1,2,3,1,2,2,4,1,1,2,2,1,4,2,7,1,1,1,2,1,1,1,5,2,M,Hindu,3,2,2,1,5,1,4,3,5,4,4,4,3,3,2,1,1,2,1,3,3,4,3,6,4,4,4,1,0,C9
2606,C0915,9,C,9C,Hindu,Enemies,Enemy1,2,18,M,15,6,6,6,5,6,6,4,5,4,6,6,5,8,NA,1,1,1,1,1,1,1,1,3,3,4,3,1,2,4,4,4,1,1,1,1,1,1,1,5,2,M,Muslim,1,1,1,1,1,1,4,1,1,1,1,4,2,5,1,1,2,1,1,1,1,5,3,7,7,6,7,1,0,C9
2607,C0915,9,C,9C,Hindu,Enemies,Enemy2,2,49,M,15,6,6,6,5,6,6,4,5,4,6,6,5,8,NA,1,1,1,1,1,1,1,1,3,3,4,3,1,2,4,4,4,1,1,1,1,1,1,1,5,2,F,Hindu,2,2,2,1,2,1,4,2,5,2,1,NA,5,5,1,1,1,1,1,1,1,3,2,4,4,7,7,0,1,C9
2608,C0916,9,C,9C,Muslim,Enemies,Enemy1,2,18,M,16,3,NA,1,4,5,7,4,4,4,4,7,1,8,NA,2,1,NA,1,1,1,2,2,1,1,1,1,2,1,4,4,4,1,1,1,1,1,5,1,3,4,M,Muslim,1,1,1,1,1,1,4,1,1,1,1,4,2,5,1,1,2,1,1,1,1,5,3,7,7,6,7,1,1,C9
2609,C0916,9,C,9C,Muslim,Enemies,Enemy2,2,33,M,16,3,NA,1,4,5,7,4,4,4,4,7,1,8,NA,2,1,NA,1,1,1,2,2,1,1,1,1,2,1,4,4,4,1,1,1,1,1,5,1,3,4,M,Hindu,3,1,2,1,4,2,1,2,5,2,2,6,7,7,1,1,1,2,1,2,1,1,2,7,7,7,7,1,0,C9
2610,C0916,9,C,9C,Muslim,Enemies,Enemy3,2,37,M,16,3,NA,1,4,5,7,4,4,4,4,7,1,8,NA,2,1,NA,1,1,1,2,2,1,1,1,1,2,1,4,4,4,1,1,1,1,1,5,1,3,4,M,Hindu,1,1,1,2,1,1,4,3,5,3,3,4,3,3,2,1,1,1,1,1,1,5,3,6,6,6,6,1,0,C9
2611,C0916,9,C,9C,Muslim,Enemies,Enemy4,2,38,M,16,3,NA,1,4,5,7,4,4,4,4,7,1,8,NA,2,1,NA,1,1,1,2,2,1,1,1,1,2,1,4,4,4,1,1,1,1,1,5,1,3,4,M,Hindu,2,1,3,1,1,2,3,1,3,2,2,4,2,2,1,1,3,3,2,2,1,5,1,6,5,7,6,1,0,C9
2612,C0916,9,C,9C,Muslim,Enemies,Enemy5,2,50,M,16,3,NA,1,4,5,7,4,4,4,4,7,1,8,NA,2,1,NA,1,1,1,2,2,1,1,1,1,2,1,4,4,4,1,1,1,1,1,5,1,3,4,F,Hindu,1,1,1,1,1,1,4,1,1,1,1,4,4,4,1,1,1,1,1,2,1,5,2,7,7,7,7,0,0,C9
2613,C0916,9,C,9C,Muslim,Enemies,Enemy6,2,53,M,16,3,NA,1,4,5,7,4,4,4,4,7,1,8,NA,2,1,NA,1,1,1,2,2,1,1,1,1,2,1,4,4,4,1,1,1,1,1,5,1,3,4,F,Muslim,1,2,2,1,1,1,4,1,1,1,1,4,3,4,1,1,2,2,1,3,3,2,2,6,7,5,7,0,1,C9
2614,C0916,9,C,9C,Muslim,Enemies,Enemy7,2,57,M,16,3,NA,1,4,5,7,4,4,4,4,7,1,8,NA,2,1,NA,1,1,1,2,2,1,1,1,1,2,1,4,4,4,1,1,1,1,1,5,1,3,4,F,Hindu,1,1,2,1,1,1,3,2,2,3,1,4,4,4,1,2,2,2,1,1,1,1,2,6,7,7,6,0,0,C9
2615,C0916,9,C,9C,Muslim,Enemies,Enemy8,2,59,M,16,3,NA,1,4,5,7,4,4,4,4,7,1,8,NA,2,1,NA,1,1,1,2,2,1,1,1,1,2,1,4,4,4,1,1,1,1,1,5,1,3,4,F,NA,NA,NA,NA,NA,NA,NA,NA,NA,NA,NA,NA,NA,NA,NA,NA,NA,NA,NA,NA,NA,NA,NA,NA,NA,NA,NA,NA,0,NA,C9
2616,C0916,9,C,9C,Muslim,Enemies,Enemy9,2,66,M,16,3,NA,1,4,5,7,4,4,4,4,7,1,8,NA,2,1,NA,1,1,1,2,2,1,1,1,1,2,1,4,4,4,1,1,1,1,1,5,1,3,4,F,NA,NA,NA,NA,NA,NA,NA,NA,NA,NA,NA,NA,NA,NA,NA,NA,NA,NA,NA,NA,NA,NA,NA,NA,NA,NA,NA,NA,0,NA,C9
2617,C0917,9,C,9C,Hindu,Enemies,Enemy1,2,5,M,17,5,7,7,7,7,5,7,6,6,7,4,4,8,NA,1,1,1,2,1,1,1,2,4,1,3,2,1,2,4,3,3,1,1,1,1,1,2,2,2,2,M,Hindu,2,3,1,3,1,1,4,1,1,2,1,4,4,2,4,1,1,1,1,1,1,2,2,7,5,7,5,1,1,C9
2618,C0917,9,C,9C,Hindu,Enemies,Enemy2,2,11,M,17,5,7,7,7,7,5,7,6,6,7,4,4,8,NA,1,1,1,2,1,1,1,2,4,1,3,2,1,2,4,3,3,1,1,1,1,1,2,2,2,2,M,Muslim,1,1,2,1,1,1,3,1,1,2,1,6,6,5,2,1,3,3,1,5,1,3,3,6,6,6,7,1,0,C9
2619,C0917,9,C,9C,Hindu,Enemies,Enemy3,2,23,M,17,5,7,7,7,7,5,7,6,6,7,4,4,8,NA,1,1,1,2,1,1,1,2,4,1,3,2,1,2,4,3,3,1,1,1,1,1,2,2,2,2,M,Hindu,1,1,1,1,1,1,3,1,4,2,2,4,4,4,1,1,1,5,1,5,1,5,5,7,7,7,7,1,1,C9
2620,C0917,9,C,9C,Hindu,Enemies,Enemy4,2,31,M,17,5,7,7,7,7,5,7,6,6,7,4,4,8,NA,1,1,1,2,1,1,1,2,4,1,3,2,1,2,4,3,3,1,1,1,1,1,2,2,2,2,M,Muslim,1,1,1,2,1,1,3,1,1,3,1,4,4,7,1,1,1,3,1,5,3,3,3,6,6,6,7,1,0,C9
2621,C0917,9,C,9C,Hindu,Enemies,Enemy5,2,34,M,17,5,7,7,7,7,5,7,6,6,7,4,4,8,NA,1,1,1,2,1,1,1,2,4,1,3,2,1,2,4,3,3,1,1,1,1,1,2,2,2,2,M,Muslim,1,1,4,1,1,1,4,2,5,3,1,4,4,4,3,1,1,1,1,1,1,3,4,4,4,4,4,1,0,C9
2622,C0917,9,C,9C,Hindu,Enemies,Enemy6,2,37,M,17,5,7,7,7,7,5,7,6,6,7,4,4,8,NA,1,1,1,2,1,1,1,2,4,1,3,2,1,2,4,3,3,1,1,1,1,1,2,2,2,2,M,Hindu,1,1,1,2,1,1,4,3,5,3,3,4,3,3,2,1,1,1,1,1,1,5,3,6,6,6,6,1,1,C9
2623,C0917,9,C,9C,Hindu,Enemies,Enemy7,2,42,M,17,5,7,7,7,7,5,7,6,6,7,4,4,8,NA,1,1,1,2,1,1,1,2,4,1,3,2,1,2,4,3,3,1,1,1,1,1,2,2,2,2,M,Hindu,3,2,2,1,5,1,4,3,5,4,4,4,3,3,2,1,1,2,1,3,3,4,3,6,4,4,4,1,1,C9
2624,C0918,9,C,9C,Muslim,Enemies,Enemy1,2,5,M,18,6,7,7,1,6,7,7,5,6,5,7,5,8,MUSLIMS,1,1,1,1,1,1,1,NA,4,1,1,1,2,1,4,2,5,1,1,2,1,1,1,1,5,3,M,Hindu,2,3,1,3,1,1,4,1,1,2,1,4,4,2,4,1,1,1,1,1,1,2,2,7,5,7,5,1,0,C9
2625,C0918,9,C,9C,Muslim,Enemies,Enemy2,2,6,M,18,6,7,7,1,6,7,7,5,6,5,7,5,8,MUSLIMS,1,1,1,1,1,1,1,NA,4,1,1,1,2,1,4,2,5,1,1,2,1,1,1,1,5,3,M,Hindu,2,1,2,1,2,1,3,1,2,2,1,4,3,3,1,1,1,2,1,NA,1,5,NA,4,4,7,6,1,0,C9
2626,C0918,9,C,9C,Muslim,Enemies,Enemy3,2,27,M,18,6,7,7,1,6,7,7,5,6,5,7,5,8,MUSLIMS,1,1,1,1,1,1,1,NA,4,1,1,1,2,1,4,2,5,1,1,2,1,1,1,1,5,3,M,NA,NA,NA,NA,NA,NA,NA,NA,NA,NA,NA,NA,NA,NA,NA,NA,NA,NA,NA,NA,NA,NA,NA,NA,NA,NA,NA,NA,1,NA,C9
2627,C0918,9,C,9C,Muslim,Enemies,Enemy4,2,42,M,18,6,7,7,1,6,7,7,5,6,5,7,5,8,MUSLIMS,1,1,1,1,1,1,1,NA,4,1,1,1,2,1,4,2,5,1,1,2,1,1,1,1,5,3,M,Hindu,3,2,2,1,5,1,4,3,5,4,4,4,3,3,2,1,1,2,1,3,3,4,3,6,4,4,4,1,0,C9
2628,C0918,9,C,9C,Muslim,Enemies,Enemy5,2,55,M,18,6,7,7,1,6,7,7,5,6,5,7,5,8,MUSLIMS,1,1,1,1,1,1,1,NA,4,1,1,1,2,1,4,2,5,1,1,2,1,1,1,1,5,3,F,NA,NA,NA,NA,NA,NA,NA,NA,NA,NA,NA,NA,NA,NA,NA,NA,NA,NA,NA,NA,NA,NA,NA,NA,NA,NA,NA,NA,0,NA,C9
2629,C0918,9,C,9C,Muslim,Enemies,Enemy6,2,58,M,18,6,7,7,1,6,7,7,5,6,5,7,5,8,MUSLIMS,1,1,1,1,1,1,1,NA,4,1,1,1,2,1,4,2,5,1,1,2,1,1,1,1,5,3,F,Hindu,2,1,2,1,2,1,4,1,3,2,2,4,3,3,1,1,3,2,1,3,1,3,3,3,6,7,4,0,0,C9
2630,C0918,9,C,9C,Muslim,Enemies,Enemy7,2,60,M,18,6,7,7,1,6,7,7,5,6,5,7,5,8,MUSLIMS,1,1,1,1,1,1,1,NA,4,1,1,1,2,1,4,2,5,1,1,2,1,1,1,1,5,3,F,NA,NA,NA,NA,NA,NA,NA,NA,NA,NA,NA,NA,NA,NA,NA,NA,NA,NA,NA,NA,NA,NA,NA,NA,NA,NA,NA,NA,0,NA,C9
2631,C0920,9,C,9C,Hindu,Enemies,Enemy1,2,5,M,20,4,4,5,4,6,6,5,5,6,5,4,4,8,NA,1,3,4,2,3,3,3,1,3,2,5,3,1,2,4,4,4,1,1,1,2,2,3,1,2,2,M,Hindu,2,3,1,3,1,1,4,1,1,2,1,4,4,2,4,1,1,1,1,1,1,2,2,7,5,7,5,1,1,C9
2632,C0920,9,C,9C,Hindu,Enemies,Enemy2,2,12,M,20,4,4,5,4,6,6,5,5,6,5,4,4,8,NA,1,3,4,2,3,3,3,1,3,2,5,3,1,2,4,4,4,1,1,1,2,2,3,1,2,2,M,NA,NA,NA,NA,NA,NA,NA,NA,NA,NA,NA,NA,NA,NA,NA,NA,NA,NA,NA,NA,NA,NA,NA,NA,NA,NA,NA,NA,1,NA,C9
2633,C0920,9,C,9C,Hindu,Enemies,Enemy3,2,17,M,20,4,4,5,4,6,6,5,5,6,5,4,4,8,NA,1,3,4,2,3,3,3,1,3,2,5,3,1,2,4,4,4,1,1,1,2,2,3,1,2,2,M,Hindu,1,1,2,1,1,1,4,1,3,2,2,4,3,3,1,1,1,1,1,2,2,2,2,7,7,7,5,1,1,C9
2634,C0920,9,C,9C,Hindu,Enemies,Enemy4,2,28,M,20,4,4,5,4,6,6,5,5,6,5,4,4,8,NA,1,3,4,2,3,3,3,1,3,2,5,3,1,2,4,4,4,1,1,1,2,2,3,1,2,2,M,Hindu,3,2,1,4,3,1,1,5,5,3,2,4,2,2,2,1,1,3,1,1,1,5,3,7,4,7,7,1,1,C9
2635,C0920,9,C,9C,Hindu,Enemies,Enemy5,2,31,M,20,4,4,5,4,6,6,5,5,6,5,4,4,8,NA,1,3,4,2,3,3,3,1,3,2,5,3,1,2,4,4,4,1,1,1,2,2,3,1,2,2,M,Muslim,1,1,1,2,1,1,3,1,1,3,1,4,4,7,1,1,1,3,1,5,3,3,3,6,6,6,7,1,0,C9
2636,C0920,9,C,9C,Hindu,Enemies,Enemy6,2,36,M,20,4,4,5,4,6,6,5,5,6,5,4,4,8,NA,1,3,4,2,3,3,3,1,3,2,5,3,1,2,4,4,4,1,1,1,2,2,3,1,2,2,M,Muslim,2,1,2,3,1,1,2,1,1,1,1,4,3,3,2,1,2,1,1,1,1,2,2,7,3,5,7,1,0,C9
2637,C0920,9,C,9C,Hindu,Enemies,Enemy7,2,38,M,20,4,4,5,4,6,6,5,5,6,5,4,4,8,NA,1,3,4,2,3,3,3,1,3,2,5,3,1,2,4,4,4,1,1,1,2,2,3,1,2,2,M,Hindu,2,1,3,1,1,2,3,1,3,2,2,4,2,2,1,1,3,3,2,2,1,5,1,6,5,7,6,1,1,C9
2638,C0921,9,C,9C,Hindu,Enemies,Enemy1,2,46,M,21,2,7,7,3,7,6,7,7,6,7,7,3,2,NA,1,1,1,1,1,1,1,NA,4,1,5,3,1,1,4,4,4,1,1,1,1,1,1,1,5,3,F,Muslim,2,2,2,1,1,1,3,1,1,2,1,4,4,4,3,1,1,2,2,2,1,3,2,5,7,6,7,0,0,C9
2639,C0921,9,C,9C,Hindu,Enemies,Enemy2,2,51,M,21,2,7,7,3,7,6,7,7,6,7,7,3,2,NA,1,1,1,1,1,1,1,NA,4,1,5,3,1,1,4,4,4,1,1,1,1,1,1,1,5,3,F,Muslim,1,1,2,1,1,1,1,1,1,2,1,4,4,4,1,1,1,1,1,5,1,1,5,4,7,7,7,0,0,C9
2640,C0921,9,C,9C,Hindu,Enemies,Enemy3,2,55,M,21,2,7,7,3,7,6,7,7,6,7,7,3,2,NA,1,1,1,1,1,1,1,NA,4,1,5,3,1,1,4,4,4,1,1,1,1,1,1,1,5,3,F,NA,NA,NA,NA,NA,NA,NA,NA,NA,NA,NA,NA,NA,NA,NA,NA,NA,NA,NA,NA,NA,NA,NA,NA,NA,NA,NA,NA,0,NA,C9
2641,C0921,9,C,9C,Hindu,Enemies,Enemy4,2,59,M,21,2,7,7,3,7,6,7,7,6,7,7,3,2,NA,1,1,1,1,1,1,1,NA,4,1,5,3,1,1,4,4,4,1,1,1,1,1,1,1,5,3,F,NA,NA,NA,NA,NA,NA,NA,NA,NA,NA,NA,NA,NA,NA,NA,NA,NA,NA,NA,NA,NA,NA,NA,NA,NA,NA,NA,NA,0,NA,C9
2642,C0921,9,C,9C,Hindu,Enemies,Enemy5,2,61,M,21,2,7,7,3,7,6,7,7,6,7,7,3,2,NA,1,1,1,1,1,1,1,NA,4,1,5,3,1,1,4,4,4,1,1,1,1,1,1,1,5,3,F,Muslim,1,1,2,2,1,1,4,1,1,2,1,4,4,1,1,1,1,3,3,2,1,2,4,6,6,6,7,0,0,C9
2643,C0921,9,C,9C,Hindu,Enemies,Enemy6,2,62,M,21,2,7,7,3,7,6,7,7,6,7,7,3,2,NA,1,1,1,1,1,1,1,NA,4,1,5,3,1,1,4,4,4,1,1,1,1,1,1,1,5,3,F,Muslim,1,1,2,1,2,1,3,1,1,5,1,6,NA,7,1,1,1,2,1,3,2,4,3,6,7,6,7,0,0,C9
2644,C0921,9,C,9C,Hindu,Enemies,Enemy7,2,64,M,21,2,7,7,3,7,6,7,7,6,7,7,3,2,NA,1,1,1,1,1,1,1,NA,4,1,5,3,1,1,4,4,4,1,1,1,1,1,1,1,5,3,F,Muslim,1,1,1,1,1,1,1,1,1,5,1,4,4,4,1,1,1,1,1,5,1,5,5,6,7,6,7,0,0,C9
2645,C0924,9,C,9C,Muslim,Enemies,Enemy1,2,10,M,24,4,6,7,7,6,7,7,6,7,6,4,4,7,Vohra Patel,1,2,1,2,1,1,1,1,1,1,2,1,2,2,3,2,2,1,1,1,1,1,1,1,5,2,M,Hindu,2,1,1,2,3,2,3,1,5,2,2,4,3,3,1,2,1,2,1,4,2,3,1,7,7,7,4,1,0,C9
2646,C0925,9,C,9C,Hindu,Enemies,Enemy1,2,3,M,25,5,7,7,6,7,4,7,7,6,5,7,6,8,NA,1,5,2,3,1,4,1,3,3,1,4,2,1,3,4,3,5,2,1,1,1,1,1,1,3,2,M,Muslim,1,1,2,1,2,1,3,1,1,1,1,4,4,7,1,1,1,2,1,4,1,3,2,7,4,6,7,1,0,C9
2647,C0925,9,C,9C,Hindu,Enemies,Enemy2,2,6,M,25,5,7,7,6,7,4,7,7,6,5,7,6,8,NA,1,5,2,3,1,4,1,3,3,1,4,2,1,3,4,3,5,2,1,1,1,1,1,1,3,2,M,Hindu,2,1,2,1,2,1,3,1,2,2,1,4,3,3,1,1,1,2,1,NA,1,5,NA,4,4,7,6,1,1,C9
2648,C0925,9,C,9C,Hindu,Enemies,Enemy3,2,21,M,25,5,7,7,6,7,4,7,7,6,5,7,6,8,NA,1,5,2,3,1,4,1,3,3,1,4,2,1,3,4,3,5,2,1,1,1,1,1,1,3,2,M,Hindu,1,1,1,1,1,1,4,1,5,3,1,4,4,4,1,1,1,1,1,1,1,5,3,7,7,7,6,1,1,C9
2649,C0925,9,C,9C,Hindu,Enemies,Enemy4,2,49,M,25,5,7,7,6,7,4,7,7,6,5,7,6,8,NA,1,5,2,3,1,4,1,3,3,1,4,2,1,3,4,3,5,2,1,1,1,1,1,1,3,2,F,Hindu,2,2,2,1,2,1,4,2,5,2,1,NA,5,5,1,1,1,1,1,1,1,3,2,4,4,7,7,0,1,C9
2650,C0925,9,C,9C,Hindu,Enemies,Enemy5,2,53,M,25,5,7,7,6,7,4,7,7,6,5,7,6,8,NA,1,5,2,3,1,4,1,3,3,1,4,2,1,3,4,3,5,2,1,1,1,1,1,1,3,2,F,Muslim,1,2,2,1,1,1,4,1,1,1,1,4,3,4,1,1,2,2,1,3,3,2,2,6,7,5,7,0,0,C9
2651,C0925,9,C,9C,Hindu,Enemies,Enemy6,2,57,M,25,5,7,7,6,7,4,7,7,6,5,7,6,8,NA,1,5,2,3,1,4,1,3,3,1,4,2,1,3,4,3,5,2,1,1,1,1,1,1,3,2,F,Hindu,1,1,2,1,1,1,3,2,2,3,1,4,4,4,1,2,2,2,1,1,1,1,2,6,7,7,6,0,1,C9
2652,C0925,9,C,9C,Hindu,Enemies,Enemy7,2,65,M,25,5,7,7,6,7,4,7,7,6,5,7,6,8,NA,1,5,2,3,1,4,1,3,3,1,4,2,1,3,4,3,5,2,1,1,1,1,1,1,3,2,F,Muslim,1,1,1,1,1,1,4,1,1,2,1,4,4,4,1,1,1,1,1,2,1,4,3,7,7,7,7,0,0,C9
2653,C0928,9,C,9C,Hindu,Enemies,Enemy1,2,11,M,28,4,7,4,7,7,7,6,6,6,6,5,4,8,NA,2,3,2,1,4,3,1,2,1,5,5,3,1,2,4,2,2,2,1,1,3,1,1,1,5,3,M,Muslim,1,1,2,1,1,1,3,1,1,2,1,6,6,5,2,1,3,3,1,5,1,3,3,6,6,6,7,1,0,C9
2654,C0928,9,C,9C,Hindu,Enemies,Enemy2,2,31,M,28,4,7,4,7,7,7,6,6,6,6,5,4,8,NA,2,3,2,1,4,3,1,2,1,5,5,3,1,2,4,2,2,2,1,1,3,1,1,1,5,3,M,Muslim,1,1,1,2,1,1,3,1,1,3,1,4,4,7,1,1,1,3,1,5,3,3,3,6,6,6,7,1,0,C9
2655,C0930,9,C,9C,Hindu,Enemies,Enemy1,2,3,M,30,3,7,5,6,7,5,5,5,5,5,6,2,2,GUJARATI,1,3,1,1,2,2,1,2,3,1,4,1,1,2,4,5,7,1,1,1,2,1,1,1,1,2,M,Muslim,1,1,2,1,2,1,3,1,1,1,1,4,4,7,1,1,1,2,1,4,1,3,2,7,4,6,7,1,0,C9
2656,C0930,9,C,9C,Hindu,Enemies,Enemy2,2,12,M,30,3,7,5,6,7,5,5,5,5,5,6,2,2,GUJARATI,1,3,1,1,2,2,1,2,3,1,4,1,1,2,4,5,7,1,1,1,2,1,1,1,1,2,M,NA,NA,NA,NA,NA,NA,NA,NA,NA,NA,NA,NA,NA,NA,NA,NA,NA,NA,NA,NA,NA,NA,NA,NA,NA,NA,NA,NA,1,NA,C9
2657,C0930,9,C,9C,Hindu,Enemies,Enemy3,2,23,M,30,3,7,5,6,7,5,5,5,5,5,6,2,2,GUJARATI,1,3,1,1,2,2,1,2,3,1,4,1,1,2,4,5,7,1,1,1,2,1,1,1,1,2,M,Hindu,1,1,1,1,1,1,3,1,4,2,2,4,4,4,1,1,1,5,1,5,1,5,5,7,7,7,7,1,1,C9
2658,C0930,9,C,9C,Hindu,Enemies,Enemy4,2,27,M,30,3,7,5,6,7,5,5,5,5,5,6,2,2,GUJARATI,1,3,1,1,2,2,1,2,3,1,4,1,1,2,4,5,7,1,1,1,2,1,1,1,1,2,M,NA,NA,NA,NA,NA,NA,NA,NA,NA,NA,NA,NA,NA,NA,NA,NA,NA,NA,NA,NA,NA,NA,NA,NA,NA,NA,NA,NA,1,NA,C9
2659,C0930,9,C,9C,Hindu,Enemies,Enemy5,2,31,M,30,3,7,5,6,7,5,5,5,5,5,6,2,2,GUJARATI,1,3,1,1,2,2,1,2,3,1,4,1,1,2,4,5,7,1,1,1,2,1,1,1,1,2,M,Muslim,1,1,1,2,1,1,3,1,1,3,1,4,4,7,1,1,1,3,1,5,3,3,3,6,6,6,7,1,0,C9
2660,C0930,9,C,9C,Hindu,Enemies,Enemy6,2,39,M,30,3,7,5,6,7,5,5,5,5,5,6,2,2,GUJARATI,1,3,1,1,2,2,1,2,3,1,4,1,1,2,4,5,7,1,1,1,2,1,1,1,1,2,M,Muslim,1,2,3,1,3,1,4,1,1,2,3,4,7,6,3,1,1,1,3,1,1,3,5,7,2,2,7,1,0,C9
2661,C0933,9,C,9C,Hindu,Enemies,Enemy1,2,7,M,33,4,7,7,6,7,7,6,6,6,6,6,6,6,MARWADI,1,3,1,2,1,4,2,NA,1,2,5,2,1,2,6,7,7,1,1,1,2,1,2,1,1,2,M,other,1,1,1,1,1,1,4,1,1,1,4,4,4,4,1,1,1,1,1,1,1,1,5,7,7,7,7,1,0,C9
2662,C0933,9,C,9C,Hindu,Enemies,Enemy2,2,13,M,33,4,7,7,6,7,7,6,6,6,6,6,6,6,MARWADI,1,3,1,2,1,4,2,NA,1,2,5,2,1,2,6,7,7,1,1,1,2,1,2,1,1,2,M,Muslim,1,1,2,3,1,2,4,1,1,2,1,4,2,7,1,1,1,2,1,1,1,5,2,7,6,5,6,1,0,C9
2663,C0933,9,C,9C,Hindu,Enemies,Enemy3,2,32,M,33,4,7,7,6,7,7,6,6,6,6,6,6,6,MARWADI,1,3,1,2,1,4,2,NA,1,2,5,2,1,2,6,7,7,1,1,1,2,1,2,1,1,2,M,Muslim,1,3,3,1,1,2,1,2,1,2,1,4,4,7,1,1,1,2,1,3,1,4,1,NA,5,4,7,1,0,C9
2664,C0933,9,C,9C,Hindu,Enemies,Enemy4,2,34,M,33,4,7,7,6,7,7,6,6,6,6,6,6,6,MARWADI,1,3,1,2,1,4,2,NA,1,2,5,2,1,2,6,7,7,1,1,1,2,1,2,1,1,2,M,Muslim,1,1,4,1,1,1,4,2,5,3,1,4,4,4,3,1,1,1,1,1,1,3,4,4,4,4,4,1,0,C9
2665,C0933,9,C,9C,Hindu,Enemies,Enemy5,2,60,M,33,4,7,7,6,7,7,6,6,6,6,6,6,6,MARWADI,1,3,1,2,1,4,2,NA,1,2,5,2,1,2,6,7,7,1,1,1,2,1,2,1,1,2,F,NA,NA,NA,NA,NA,NA,NA,NA,NA,NA,NA,NA,NA,NA,NA,NA,NA,NA,NA,NA,NA,NA,NA,NA,NA,NA,NA,NA,0,NA,C9
2666,C0933,9,C,9C,Hindu,Enemies,Enemy6,2,64,M,33,4,7,7,6,7,7,6,6,6,6,6,6,6,MARWADI,1,3,1,2,1,4,2,NA,1,2,5,2,1,2,6,7,7,1,1,1,2,1,2,1,1,2,F,Muslim,1,1,1,1,1,1,1,1,1,5,1,4,4,4,1,1,1,1,1,5,1,5,5,6,7,6,7,0,0,C9
2667,C0935,9,C,9C,Muslim,Enemies,Enemy1,2,3,M,35,5,7,7,5,5,7,7,7,6,7,5,5,8,NA,1,1,1,2,2,1,2,2,4,1,1,2,2,1,6,5,6,1,1,1,1,1,1,2,5,3,M,Muslim,1,1,2,1,2,1,3,1,1,1,1,4,4,7,1,1,1,2,1,4,1,3,2,7,4,6,7,1,1,C9
2668,C0935,9,C,9C,Muslim,Enemies,Enemy2,2,7,M,35,5,7,7,5,5,7,7,7,6,7,5,5,8,NA,1,1,1,2,2,1,2,2,4,1,1,2,2,1,6,5,6,1,1,1,1,1,1,2,5,3,M,other,1,1,1,1,1,1,4,1,1,1,4,4,4,4,1,1,1,1,1,1,1,1,5,7,7,7,7,1,0,C9
2669,C0935,9,C,9C,Muslim,Enemies,Enemy3,2,24,M,35,5,7,7,5,5,7,7,7,6,7,5,5,8,NA,1,1,1,2,2,1,2,2,4,1,1,2,2,1,6,5,6,1,1,1,1,1,1,2,5,3,M,Muslim,2,1,2,1,1,1,1,1,2,1,2,3,2,2,1,1,1,1,1,1,1,5,2,6,7,6,7,1,1,C9
2670,C0935,9,C,9C,Muslim,Enemies,Enemy4,2,39,M,35,5,7,7,5,5,7,7,7,6,7,5,5,8,NA,1,1,1,2,2,1,2,2,4,1,1,2,2,1,6,5,6,1,1,1,1,1,1,2,5,3,M,Muslim,1,2,3,1,3,1,4,1,1,2,3,4,7,6,3,1,1,1,3,1,1,3,5,7,2,2,7,1,1,C9
2671,C0938,9,C,9C,Hindu,Enemies,Enemy1,2,11,M,38,4,6,5,7,7,6,6,6,5,5,5,6,8,NA,1,2,1,3,1,1,2,4,3,1,3,2,1,2,4,2,2,1,1,3,3,2,2,1,5,1,M,Muslim,1,1,2,1,1,1,3,1,1,2,1,6,6,5,2,1,3,3,1,5,1,3,3,6,6,6,7,1,0,C9
2672,C0938,9,C,9C,Hindu,Enemies,Enemy2,2,18,M,38,4,6,5,7,7,6,6,6,5,5,5,6,8,NA,1,2,1,3,1,1,2,4,3,1,3,2,1,2,4,2,2,1,1,3,3,2,2,1,5,1,M,Muslim,1,1,1,1,1,1,4,1,1,1,1,4,2,5,1,1,2,1,1,1,1,5,3,7,7,6,7,1,0,C9
2673,C0938,9,C,9C,Hindu,Enemies,Enemy3,2,21,M,38,4,6,5,7,7,6,6,6,5,5,5,6,8,NA,1,2,1,3,1,1,2,4,3,1,3,2,1,2,4,2,2,1,1,3,3,2,2,1,5,1,M,Hindu,1,1,1,1,1,1,4,1,5,3,1,4,4,4,1,1,1,1,1,1,1,5,3,7,7,7,6,1,1,C9
2674,C0938,9,C,9C,Hindu,Enemies,Enemy4,2,31,M,38,4,6,5,7,7,6,6,6,5,5,5,6,8,NA,1,2,1,3,1,1,2,4,3,1,3,2,1,2,4,2,2,1,1,3,3,2,2,1,5,1,M,Muslim,1,1,1,2,1,1,3,1,1,3,1,4,4,7,1,1,1,3,1,5,3,3,3,6,6,6,7,1,0,C9
2675,C0938,9,C,9C,Hindu,Enemies,Enemy5,2,32,M,38,4,6,5,7,7,6,6,6,5,5,5,6,8,NA,1,2,1,3,1,1,2,4,3,1,3,2,1,2,4,2,2,1,1,3,3,2,2,1,5,1,M,Muslim,1,3,3,1,1,2,1,2,1,2,1,4,4,7,1,1,1,2,1,3,1,4,1,NA,5,4,7,1,0,C9
2676,C0938,9,C,9C,Hindu,Enemies,Enemy6,2,39,M,38,4,6,5,7,7,6,6,6,5,5,5,6,8,NA,1,2,1,3,1,1,2,4,3,1,3,2,1,2,4,2,2,1,1,3,3,2,2,1,5,1,M,Muslim,1,2,3,1,3,1,4,1,1,2,3,4,7,6,3,1,1,1,3,1,1,3,5,7,2,2,7,1,0,C9
2677,C0938,9,C,9C,Hindu,Enemies,Enemy7,2,44,M,38,4,6,5,7,7,6,6,6,5,5,5,6,8,NA,1,2,1,3,1,1,2,4,3,1,3,2,1,2,4,2,2,1,1,3,3,2,2,1,5,1,M,Hindu,1,1,3,1,2,1,4,1,1,1,1,4,4,4,1,1,1,1,1,3,1,5,2,7,6,7,5,1,1,C9
2678,C0940,9,C,9C,Muslim,Enemies,Enemy1,2,23,M,40,5,4,3,5,6,6,6,6,6,6,5,4,8,NA,1,3,2,3,4,2,1,2,3,1,1,1,2,2,4,2,2,2,1,1,3,1,2,2,2,1,M,Hindu,1,1,1,1,1,1,3,1,4,2,2,4,4,4,1,1,1,5,1,5,1,5,5,7,7,7,7,1,0,C9
2679,C0940,9,C,9C,Muslim,Enemies,Enemy2,2,25,M,40,5,4,3,5,6,6,6,6,6,6,5,4,8,NA,1,3,2,3,4,2,1,2,3,1,1,1,2,2,4,2,2,2,1,1,3,1,2,2,2,1,M,Hindu,5,2,3,1,4,1,3,1,4,2,3,4,3,5,2,1,1,1,1,1,1,3,2,7,7,7,4,1,0,C9
2680,C0940,9,C,9C,Muslim,Enemies,Enemy3,2,30,M,40,5,4,3,5,6,6,6,6,6,6,5,4,8,NA,1,3,2,3,4,2,1,2,3,1,1,1,2,2,4,2,2,2,1,1,3,1,2,2,2,1,M,Hindu,3,1,1,2,2,1,3,1,4,1,2,4,5,7,1,1,1,2,1,1,1,1,2,7,5,7,5,1,0,C9
2681,C0941,9,C,9C,Hindu,Enemies,Enemy1,2,1,M,41,3,7,7,1,7,6,7,5,5,5,3,5,8,NA,1,2,1,2,1,2,1,2,3,1,5,2,1,2,4,4,3,1,2,1,1,1,1,1,5,3,M,Muslim,1,1,2,1,1,1,4,1,1,1,1,4,5,4,1,1,1,1,1,1,1,5,2,7,7,5,7,1,0,C9
2682,C0941,9,C,9C,Hindu,Enemies,Enemy2,2,5,M,41,3,7,7,1,7,6,7,5,5,5,3,5,8,NA,1,2,1,2,1,2,1,2,3,1,5,2,1,2,4,4,3,1,2,1,1,1,1,1,5,3,M,Hindu,2,3,1,3,1,1,4,1,1,2,1,4,4,2,4,1,1,1,1,1,1,2,2,7,5,7,5,1,1,C9
2683,C0941,9,C,9C,Hindu,Enemies,Enemy3,2,6,M,41,3,7,7,1,7,6,7,5,5,5,3,5,8,NA,1,2,1,2,1,2,1,2,3,1,5,2,1,2,4,4,3,1,2,1,1,1,1,1,5,3,M,Hindu,2,1,2,1,2,1,3,1,2,2,1,4,3,3,1,1,1,2,1,NA,1,5,NA,4,4,7,6,1,1,C9
2684,C0941,9,C,9C,Hindu,Enemies,Enemy4,2,8,M,41,3,7,7,1,7,6,7,5,5,5,3,5,8,NA,1,2,1,2,1,2,1,2,3,1,5,2,1,2,4,4,3,1,2,1,1,1,1,1,5,3,M,Hindu,2,1,1,1,2,1,3,1,5,2,1,4,5,3,1,1,1,2,3,2,1,4,5,6,6,6,6,1,1,C9
2685,C0941,9,C,9C,Hindu,Enemies,Enemy5,2,13,M,41,3,7,7,1,7,6,7,5,5,5,3,5,8,NA,1,2,1,2,1,2,1,2,3,1,5,2,1,2,4,4,3,1,2,1,1,1,1,1,5,3,M,Muslim,1,1,2,3,1,2,4,1,1,2,1,4,2,7,1,1,1,2,1,1,1,5,2,7,6,5,6,1,0,C9
2686,C0941,9,C,9C,Hindu,Enemies,Enemy6,2,31,M,41,3,7,7,1,7,6,7,5,5,5,3,5,8,NA,1,2,1,2,1,2,1,2,3,1,5,2,1,2,4,4,3,1,2,1,1,1,1,1,5,3,M,Muslim,1,1,1,2,1,1,3,1,1,3,1,4,4,7,1,1,1,3,1,5,3,3,3,6,6,6,7,1,0,C9
2687,C0941,9,C,9C,Hindu,Enemies,Enemy7,2,35,M,41,3,7,7,1,7,6,7,5,5,5,3,5,8,NA,1,2,1,2,1,2,1,2,3,1,5,2,1,2,4,4,3,1,2,1,1,1,1,1,5,3,M,Muslim,1,1,2,2,1,2,4,1,1,2,1,6,5,6,1,1,1,1,1,1,2,5,3,7,7,5,7,1,0,C9
2688,C0941,9,C,9C,Hindu,Enemies,Enemy8,2,39,M,41,3,7,7,1,7,6,7,5,5,5,3,5,8,NA,1,2,1,2,1,2,1,2,3,1,5,2,1,2,4,4,3,1,2,1,1,1,1,1,5,3,M,Muslim,1,2,3,1,3,1,4,1,1,2,3,4,7,6,3,1,1,1,3,1,1,3,5,7,2,2,7,1,0,C9
2689,C0942,9,C,9C,Hindu,Enemies,Enemy1,2,7,M,42,3,6,4,7,4,4,4,5,4,6,6,3,8,NA,1,3,2,2,1,5,1,1,4,3,5,4,1,4,4,3,3,2,1,1,2,1,3,3,4,3,M,other,1,1,1,1,1,1,4,1,1,1,4,4,4,4,1,1,1,1,1,1,1,1,5,7,7,7,7,1,0,C9
2690,C0942,9,C,9C,Hindu,Enemies,Enemy2,2,11,M,42,3,6,4,7,4,4,4,5,4,6,6,3,8,NA,1,3,2,2,1,5,1,1,4,3,5,4,1,4,4,3,3,2,1,1,2,1,3,3,4,3,M,Muslim,1,1,2,1,1,1,3,1,1,2,1,6,6,5,2,1,3,3,1,5,1,3,3,6,6,6,7,1,0,C9
2691,C0942,9,C,9C,Hindu,Enemies,Enemy3,2,23,M,42,3,6,4,7,4,4,4,5,4,6,6,3,8,NA,1,3,2,2,1,5,1,1,4,3,5,4,1,4,4,3,3,2,1,1,2,1,3,3,4,3,M,Hindu,1,1,1,1,1,1,3,1,4,2,2,4,4,4,1,1,1,5,1,5,1,5,5,7,7,7,7,1,1,C9
2692,C0942,9,C,9C,Hindu,Enemies,Enemy4,2,31,M,42,3,6,4,7,4,4,4,5,4,6,6,3,8,NA,1,3,2,2,1,5,1,1,4,3,5,4,1,4,4,3,3,2,1,1,2,1,3,3,4,3,M,Muslim,1,1,1,2,1,1,3,1,1,3,1,4,4,7,1,1,1,3,1,5,3,3,3,6,6,6,7,1,0,C9
2693,C0942,9,C,9C,Hindu,Enemies,Enemy5,2,39,M,42,3,6,4,7,4,4,4,5,4,6,6,3,8,NA,1,3,2,2,1,5,1,1,4,3,5,4,1,4,4,3,3,2,1,1,2,1,3,3,4,3,M,Muslim,1,2,3,1,3,1,4,1,1,2,3,4,7,6,3,1,1,1,3,1,1,3,5,7,2,2,7,1,0,C9
2694,C0945,9,C,9C,Hindu,Enemies,Enemy1,2,46,M,45,4,7,4,7,7,6,7,6,5,6,4,4,2,NA,1,1,1,2,1,1,1,1,3,1,1,1,1,1,4,4,4,1,1,1,1,1,1,1,3,2,F,Muslim,2,2,2,1,1,1,3,1,1,2,1,4,4,4,3,1,1,2,2,2,1,3,2,5,7,6,7,0,0,C9
2695,C0945,9,C,9C,Hindu,Enemies,Enemy2,2,49,M,45,4,7,4,7,7,6,7,6,5,6,4,4,2,NA,1,1,1,2,1,1,1,1,3,1,1,1,1,1,4,4,4,1,1,1,1,1,1,1,3,2,F,Hindu,2,2,2,1,2,1,4,2,5,2,1,NA,5,5,1,1,1,1,1,1,1,3,2,4,4,7,7,0,1,C9
2696,C0945,9,C,9C,Hindu,Enemies,Enemy3,2,52,M,45,4,7,4,7,7,6,7,6,5,6,4,4,2,NA,1,1,1,2,1,1,1,1,3,1,1,1,1,1,4,4,4,1,1,1,1,1,1,1,3,2,F,Hindu,1,3,2,1,2,1,3,1,3,2,1,4,4,4,1,1,1,2,2,2,1,2,2,6,7,7,5,0,1,C9
2697,C0945,9,C,9C,Hindu,Enemies,Enemy4,2,59,M,45,4,7,4,7,7,6,7,6,5,6,4,4,2,NA,1,1,1,2,1,1,1,1,3,1,1,1,1,1,4,4,4,1,1,1,1,1,1,1,3,2,F,NA,NA,NA,NA,NA,NA,NA,NA,NA,NA,NA,NA,NA,NA,NA,NA,NA,NA,NA,NA,NA,NA,NA,NA,NA,NA,NA,NA,0,NA,C9
2698,C0946,9,C,9C,Muslim,Enemies,Enemy1,2,25,F,46,5,5,7,3,6,7,6,7,6,6,6,3,NA,MUSLIM,2,2,2,2,1,1,1,1,3,1,1,2,2,1,4,4,4,3,1,1,2,2,2,1,3,2,M,Hindu,5,2,3,1,4,1,3,1,4,2,3,4,3,5,2,1,1,1,1,1,1,3,2,7,7,7,4,0,0,C9
2699,C0946,9,C,9C,Muslim,Enemies,Enemy2,2,30,F,46,5,5,7,3,6,7,6,7,6,6,6,3,NA,MUSLIM,2,2,2,2,1,1,1,1,3,1,1,2,2,1,4,4,4,3,1,1,2,2,2,1,3,2,M,Hindu,3,1,1,2,2,1,3,1,4,1,2,4,5,7,1,1,1,2,1,1,1,1,2,7,5,7,5,0,0,C9
2700,C0946,9,C,9C,Muslim,Enemies,Enemy3,2,49,F,46,5,5,7,3,6,7,6,7,6,6,6,3,NA,MUSLIM,2,2,2,2,1,1,1,1,3,1,1,2,2,1,4,4,4,3,1,1,2,2,2,1,3,2,F,Hindu,2,2,2,1,2,1,4,2,5,2,1,NA,5,5,1,1,1,1,1,1,1,3,2,4,4,7,7,1,0,C9
2701,C0946,9,C,9C,Muslim,Enemies,Enemy4,2,51,F,46,5,5,7,3,6,7,6,7,6,6,6,3,NA,MUSLIM,2,2,2,2,1,1,1,1,3,1,1,2,2,1,4,4,4,3,1,1,2,2,2,1,3,2,F,Muslim,1,1,2,1,1,1,1,1,1,2,1,4,4,4,1,1,1,1,1,5,1,1,5,4,7,7,7,1,1,C9
2702,C0946,9,C,9C,Muslim,Enemies,Enemy5,2,54,F,46,5,5,7,3,6,7,6,7,6,6,6,3,NA,MUSLIM,2,2,2,2,1,1,1,1,3,1,1,2,2,1,4,4,4,3,1,1,2,2,2,1,3,2,F,Hindu,1,1,1,1,1,1,4,1,5,3,1,4,3,3,1,1,1,1,1,1,1,3,3,6,7,7,6,1,0,C9
2703,C0946,9,C,9C,Muslim,Enemies,Enemy6,2,62,F,46,5,5,7,3,6,7,6,7,6,6,6,3,NA,MUSLIM,2,2,2,2,1,1,1,1,3,1,1,2,2,1,4,4,4,3,1,1,2,2,2,1,3,2,F,Muslim,1,1,2,1,2,1,3,1,1,5,1,6,NA,7,1,1,1,2,1,3,2,4,3,6,7,6,7,1,1,C9
2704,C0946,9,C,9C,Muslim,Enemies,Enemy7,2,64,F,46,5,5,7,3,6,7,6,7,6,6,6,3,NA,MUSLIM,2,2,2,2,1,1,1,1,3,1,1,2,2,1,4,4,4,3,1,1,2,2,2,1,3,2,F,Muslim,1,1,1,1,1,1,1,1,1,5,1,4,4,4,1,1,1,1,1,5,1,5,5,6,7,6,7,1,1,C9
2705,C0948,9,C,9C,Hindu,Enemies,Enemy1,2,8,F,48,6,5,6,7,7,5,6,6,6,5,5,1,8,NA,2,2,2,3,1,2,1,1,4,2,4,3,1,3,4,4,3,1,1,1,3,2,4,3,1,1,M,Hindu,2,1,1,1,2,1,3,1,5,2,1,4,5,3,1,1,1,2,3,2,1,4,5,6,6,6,6,0,1,C9
2706,C0948,9,C,9C,Hindu,Enemies,Enemy2,2,21,F,48,6,5,6,7,7,5,6,6,6,5,5,1,8,NA,2,2,2,3,1,2,1,1,4,2,4,3,1,3,4,4,3,1,1,1,3,2,4,3,1,1,M,Hindu,1,1,1,1,1,1,4,1,5,3,1,4,4,4,1,1,1,1,1,1,1,5,3,7,7,7,6,0,1,C9
2707,C0948,9,C,9C,Hindu,Enemies,Enemy3,2,42,F,48,6,5,6,7,7,5,6,6,6,5,5,1,8,NA,2,2,2,3,1,2,1,1,4,2,4,3,1,3,4,4,3,1,1,1,3,2,4,3,1,1,M,Hindu,3,2,2,1,5,1,4,3,5,4,4,4,3,3,2,1,1,2,1,3,3,4,3,6,4,4,4,0,1,C9
2708,C0952,9,C,9C,Hindu,Enemies,Enemy1,2,11,F,52,3,6,7,3,7,5,7,6,5,5,6,4,7,NA,2,1,3,2,1,2,1,1,3,1,3,2,1,1,4,4,4,1,1,1,2,2,2,1,2,2,M,Muslim,1,1,2,1,1,1,3,1,1,2,1,6,6,5,2,1,3,3,1,5,1,3,3,6,6,6,7,0,0,C9
2709,C0952,9,C,9C,Hindu,Enemies,Enemy2,2,31,F,52,3,6,7,3,7,5,7,6,5,5,6,4,7,NA,2,1,3,2,1,2,1,1,3,1,3,2,1,1,4,4,4,1,1,1,2,2,2,1,2,2,M,Muslim,1,1,1,2,1,1,3,1,1,3,1,4,4,7,1,1,1,3,1,5,3,3,3,6,6,6,7,0,0,C9
2710,C0952,9,C,9C,Hindu,Enemies,Enemy3,2,51,F,52,3,6,7,3,7,5,7,6,5,5,6,4,7,NA,2,1,3,2,1,2,1,1,3,1,3,2,1,1,4,4,4,1,1,1,2,2,2,1,2,2,F,Muslim,1,1,2,1,1,1,1,1,1,2,1,4,4,4,1,1,1,1,1,5,1,1,5,4,7,7,7,1,0,C9
2711,C0952,9,C,9C,Hindu,Enemies,Enemy4,2,62,F,52,3,6,7,3,7,5,7,6,5,5,6,4,7,NA,2,1,3,2,1,2,1,1,3,1,3,2,1,1,4,4,4,1,1,1,2,2,2,1,2,2,F,Muslim,1,1,2,1,2,1,3,1,1,5,1,6,NA,7,1,1,1,2,1,3,2,4,3,6,7,6,7,1,0,C9
2712,C0952,9,C,9C,Hindu,Enemies,Enemy5,2,63,F,52,3,6,7,3,7,5,7,6,5,5,6,4,7,NA,2,1,3,2,1,2,1,1,3,1,3,2,1,1,4,4,4,1,1,1,2,2,2,1,2,2,F,Muslim,2,1,3,1,1,1,4,1,1,5,1,4,1,2,2,1,3,3,1,3,3,4,2,2,7,4,7,1,0,C9
2713,C0952,9,C,9C,Hindu,Enemies,Enemy6,2,64,F,52,3,6,7,3,7,5,7,6,5,5,6,4,7,NA,2,1,3,2,1,2,1,1,3,1,3,2,1,1,4,4,4,1,1,1,2,2,2,1,2,2,F,Muslim,1,1,1,1,1,1,1,1,1,5,1,4,4,4,1,1,1,1,1,5,1,5,5,6,7,6,7,1,0,C9
2714,C0953,9,C,9C,Muslim,Enemies,Enemy1,2,5,F,53,2,6,7,6,5,7,6,7,6,5,6,5,8,NA,2,1,2,2,1,1,1,1,4,1,1,1,2,1,4,3,4,1,1,2,2,1,3,3,2,2,M,Hindu,2,3,1,3,1,1,4,1,1,2,1,4,4,2,4,1,1,1,1,1,1,2,2,7,5,7,5,0,0,C9
2715,C0953,9,C,9C,Muslim,Enemies,Enemy2,2,11,F,53,2,6,7,6,5,7,6,7,6,5,6,5,8,NA,2,1,2,2,1,1,1,1,4,1,1,1,2,1,4,3,4,1,1,2,2,1,3,3,2,2,M,Muslim,1,1,2,1,1,1,3,1,1,2,1,6,6,5,2,1,3,3,1,5,1,3,3,6,6,6,7,0,1,C9
2716,C0953,9,C,9C,Muslim,Enemies,Enemy3,2,13,F,53,2,6,7,6,5,7,6,7,6,5,6,5,8,NA,2,1,2,2,1,1,1,1,4,1,1,1,2,1,4,3,4,1,1,2,2,1,3,3,2,2,M,Muslim,1,1,2,3,1,2,4,1,1,2,1,4,2,7,1,1,1,2,1,1,1,5,2,7,6,5,6,0,1,C9
2717,C0956,9,C,9C,Hindu,Enemies,Enemy1,2,42,F,56,1,5,6,3,7,5,7,6,5,6,2,4,8,NA,2,1,1,1,1,1,1,1,4,1,5,2,1,2,4,4,4,1,1,1,1,1,2,1,3,3,M,Hindu,3,2,2,1,5,1,4,3,5,4,4,4,3,3,2,1,1,2,1,3,3,4,3,6,4,4,4,0,1,C9
2718,C0961,9,C,9C,Muslim,Enemies,Enemy1,2,13,F,61,5,6,6,5,6,7,6,5,6,4,4,3,8,NA,2,1,1,2,2,1,1,2,4,1,1,2,2,1,4,4,1,1,1,1,3,3,2,1,2,4,M,Muslim,1,1,2,3,1,2,4,1,1,2,1,4,2,7,1,1,1,2,1,1,1,5,2,7,6,5,6,0,1,C9
2719,C0961,9,C,9C,Muslim,Enemies,Enemy2,2,27,F,61,5,6,6,5,6,7,6,5,6,4,4,3,8,NA,2,1,1,2,2,1,1,2,4,1,1,2,2,1,4,4,1,1,1,1,3,3,2,1,2,4,M,NA,NA,NA,NA,NA,NA,NA,NA,NA,NA,NA,NA,NA,NA,NA,NA,NA,NA,NA,NA,NA,NA,NA,NA,NA,NA,NA,NA,0,NA,C9
2720,C0961,9,C,9C,Muslim,Enemies,Enemy3,2,34,F,61,5,6,6,5,6,7,6,5,6,4,4,3,8,NA,2,1,1,2,2,1,1,2,4,1,1,2,2,1,4,4,1,1,1,1,3,3,2,1,2,4,M,Muslim,1,1,4,1,1,1,4,2,5,3,1,4,4,4,3,1,1,1,1,1,1,3,4,4,4,4,4,0,1,C9
2721,C0961,9,C,9C,Muslim,Enemies,Enemy4,2,40,F,61,5,6,6,5,6,7,6,5,6,4,4,3,8,NA,2,1,1,2,2,1,1,2,4,1,1,2,2,1,4,4,1,1,1,1,3,3,2,1,2,4,M,Muslim,3,2,3,4,2,1,3,1,1,1,2,4,2,2,2,1,1,3,1,2,2,2,1,4,3,6,6,0,1,C9
2722,C0961,9,C,9C,Muslim,Enemies,Enemy5,2,51,F,61,5,6,6,5,6,7,6,5,6,4,4,3,8,NA,2,1,1,2,2,1,1,2,4,1,1,2,2,1,4,4,1,1,1,1,3,3,2,1,2,4,F,Muslim,1,1,2,1,1,1,1,1,1,2,1,4,4,4,1,1,1,1,1,5,1,1,5,4,7,7,7,1,1,C9
2723,C0963,9,C,9C,Muslim,Enemies,Enemy1,2,54,F,63,4,2,7,3,4,7,6,4,3,3,4,5,8,NA,2,2,1,3,1,1,1,2,4,1,1,5,2,1,4,1,2,2,1,3,3,1,3,3,4,2,F,Hindu,1,1,1,1,1,1,4,1,5,3,1,4,3,3,1,1,1,1,1,1,1,3,3,6,7,7,6,1,0,C9
2724,C0967,9,C,9C,Muslim,Enemies,Enemy1,2,27,F,67,6,6,6,4,6,6,6,4,6,6,6,4,8,NA,2,1,1,1,2,1,1,NA,4,1,1,1,2,1,6,6,6,3,1,1,1,1,1,1,5,3,M,NA,NA,NA,NA,NA,NA,NA,NA,NA,NA,NA,NA,NA,NA,NA,NA,NA,NA,NA,NA,NA,NA,NA,NA,NA,NA,NA,NA,0,NA,C9
2725,C0967,9,C,9C,Muslim,Enemies,Enemy2,2,51,F,67,6,6,6,4,6,6,6,4,6,6,6,4,8,NA,2,1,1,1,2,1,1,NA,4,1,1,1,2,1,6,6,6,3,1,1,1,1,1,1,5,3,F,Muslim,1,1,2,1,1,1,1,1,1,2,1,4,4,4,1,1,1,1,1,5,1,1,5,4,7,7,7,1,1,C9
2726,A1001,10,A,10A,Hindu,Enemies,Enemy1,2,2,M,1,4,4,4,4,4,4,4,7,4,4,4,4,NA,BRAHMIN - IYENGAR,1,5,4,1,1,5,1,4,1,1,1,1,1,1,7,7,7,5,1,1,5,1,5,5,1,1,M,Hindu,1,2,2,1,3,2,3,1,4,2,2,4,3,3,2,1,1,2,1,2,1,5,2,4,6,7,6,1,1,A10
2727,A1001,10,A,10A,Hindu,Enemies,Enemy2,2,4,M,1,4,4,4,4,4,4,4,7,4,4,4,4,NA,BRAHMIN - IYENGAR,1,5,4,1,1,5,1,4,1,1,1,1,1,1,7,7,7,5,1,1,5,1,5,5,1,1,M,Muslim,1,1,2,1,1,1,3,1,1,2,2,3,2,2,1,1,1,1,1,1,1,5,3,7,5,6,6,1,0,A10
2728,A1001,10,A,10A,Hindu,Enemies,Enemy3,2,6,M,1,4,4,4,4,4,4,4,7,4,4,4,4,NA,BRAHMIN - IYENGAR,1,5,4,1,1,5,1,4,1,1,1,1,1,1,7,7,7,5,1,1,5,1,5,5,1,1,M,Muslim,2,1,2,2,1,2,3,2,2,2,2,4,4,4,3,1,1,1,1,1,1,4,2,7,6,6,7,1,0,A10
2729,A1001,10,A,10A,Hindu,Enemies,Enemy4,2,8,M,1,4,4,4,4,4,4,4,7,4,4,4,4,NA,BRAHMIN - IYENGAR,1,5,4,1,1,5,1,4,1,1,1,1,1,1,7,7,7,5,1,1,5,1,5,5,1,1,M,Hindu,2,1,2,1,1,1,1,2,4,2,2,4,5,5,1,1,1,2,1,1,1,5,2,6,5,7,6,1,1,A10
2730,A1001,10,A,10A,Hindu,Enemies,Enemy5,2,10,M,1,4,4,4,4,4,4,4,7,4,4,4,4,NA,BRAHMIN - IYENGAR,1,5,4,1,1,5,1,4,1,1,1,1,1,1,7,7,7,5,1,1,5,1,5,5,1,1,M,Muslim,1,1,2,2,1,1,3,1,2,2,2,3,2,2,1,1,3,1,1,1,1,5,2,6,6,7,6,1,0,A10
2731,A1001,10,A,10A,Hindu,Enemies,Enemy6,2,20,M,1,4,4,4,4,4,4,4,7,4,4,4,4,NA,BRAHMIN - IYENGAR,1,5,4,1,1,5,1,4,1,1,1,1,1,1,7,7,7,5,1,1,5,1,5,5,1,1,M,Hindu,3,2,3,1,3,2,3,2,4,2,2,4,3,3,1,1,1,2,1,1,1,5,4,4,4,4,4,1,1,A10
2732,A1001,10,A,10A,Hindu,Enemies,Enemy7,2,33,M,1,4,4,4,4,4,4,4,7,4,4,4,4,NA,BRAHMIN - IYENGAR,1,5,4,1,1,5,1,4,1,1,1,1,1,1,7,7,7,5,1,1,5,1,5,5,1,1,F,Muslim,1,1,1,2,1,1,1,1,1,1,2,4,4,4,1,1,1,1,1,3,2,4,5,6,7,7,7,0,0,A10
2733,A1011,10,A,10A,Hindu,Enemies,Enemy1,2,6,M,11,6,6,6,6,6,6,5,5,5,4,4,5,8,NA,1,3,1,3,3,1,2,1,3,1,3,1,1,2,3,4,4,1,1,1,2,1,2,1,4,3,M,Muslim,2,1,2,2,1,2,3,2,2,2,2,4,4,4,3,1,1,1,1,1,1,4,2,7,6,6,7,1,0,A10
2734,A1016,10,A,10A,Muslim,Enemies,Enemy1,2,2,M,16,3,4,4,4,5,6,4,6,4,5,4,3,7,ALAVI VOHRA,1,1,1,3,2,1,2,1,4,1,2,3,2,2,5,3,3,4,1,2,3,3,1,2,3,2,M,Hindu,1,2,2,1,3,2,3,1,4,2,2,4,3,3,2,1,1,2,1,2,1,5,2,4,6,7,6,1,0,A10
2735,A1016,10,A,10A,Muslim,Enemies,Enemy2,2,23,M,16,3,4,4,4,5,6,4,6,4,5,4,3,7,ALAVI VOHRA,1,1,1,3,2,1,2,1,4,1,2,3,2,2,5,3,3,4,1,2,3,3,1,2,3,2,F,Muslim,1,2,1,1,1,1,4,1,1,3,1,4,4,4,1,1,1,1,1,1,1,3,3,4,7,4,7,0,1,A10
2736,A1016,10,A,10A,Muslim,Enemies,Enemy3,2,30,M,16,3,4,4,4,5,6,4,6,4,5,4,3,7,ALAVI VOHRA,1,1,1,3,2,1,2,1,4,1,2,3,2,2,5,3,3,4,1,2,3,3,1,2,3,2,F,NA,NA,NA,NA,NA,NA,NA,NA,NA,NA,NA,NA,NA,NA,NA,NA,NA,NA,NA,NA,NA,NA,NA,NA,NA,NA,NA,NA,0,NA,A10
2737,A1016,10,A,10A,Muslim,Enemies,Enemy4,2,45,M,16,3,4,4,4,5,6,4,6,4,5,4,3,7,ALAVI VOHRA,1,1,1,3,2,1,2,1,4,1,2,3,2,2,5,3,3,4,1,2,3,3,1,2,3,2,F,Muslim,1,1,1,1,1,2,3,1,2,3,2,4,3,3,1,1,1,2,1,1,2,5,3,6,7,6,6,0,1,A10
2738,A1020,10,A,10A,Hindu,Enemies,Enemy1,2,2,M,20,4,4,4,4,4,4,4,4,4,4,4,4,7,VAISHNAV,1,3,2,3,1,3,2,1,3,2,4,2,1,2,4,3,3,1,1,1,2,1,1,1,5,4,M,Hindu,1,2,2,1,3,2,3,1,4,2,2,4,3,3,2,1,1,2,1,2,1,5,2,4,6,7,6,1,1,A10
2739,A1020,10,A,10A,Hindu,Enemies,Enemy2,2,6,M,20,4,4,4,4,4,4,4,4,4,4,4,4,7,VAISHNAV,1,3,2,3,1,3,2,1,3,2,4,2,1,2,4,3,3,1,1,1,2,1,1,1,5,4,M,Muslim,2,1,2,2,1,2,3,2,2,2,2,4,4,4,3,1,1,1,1,1,1,4,2,7,6,6,7,1,0,A10
2740,A1020,10,A,10A,Hindu,Enemies,Enemy3,2,16,M,20,4,4,4,4,4,4,4,4,4,4,4,4,7,VAISHNAV,1,3,2,3,1,3,2,1,3,2,4,2,1,2,4,3,3,1,1,1,2,1,1,1,5,4,M,Muslim,1,1,3,2,1,2,4,1,2,3,2,5,3,3,4,1,2,3,3,1,2,3,2,4,4,5,6,1,0,A10
2741,A1021,10,A,10A,Muslim,Enemies,Enemy1,2,29,M,21,4,6,6,6,4,7,7,6,4,6,4,5,7,ALAVI VOHRA,1,2,1,2,1,2,1,1,3,2,3,2,2,2,4,4,4,2,1,1,1,1,1,3,2,2,F,Muslim,1,2,3,1,2,1,4,1,1,3,2,4,4,4,1,1,2,1,1,1,1,5,3,6,6,5,7,0,1,A10
2742,A1022,10,A,10A,Hindu,Enemies,Enemy1,2,17,F,22,6,6,7,7,6,6,6,7,6,6,5,7,7,RAJASTHANI,2,5,2,3,1,4,1,2,3,1,2,2,1,2,7,3,2,1,1,1,1,1,1,1,5,3,M,Hindu,3,1,2,1,2,1,1,2,4,2,2,3,4,4,1,1,1,1,1,1,1,5,4,7,7,7,6,0,1,A10
2743,A1022,10,A,10A,Hindu,Enemies,Enemy2,2,20,F,22,6,6,7,7,6,6,6,7,6,6,5,7,7,RAJASTHANI,2,5,2,3,1,4,1,2,3,1,2,2,1,2,7,3,2,1,1,1,1,1,1,1,5,3,M,Hindu,3,2,3,1,3,2,3,2,4,2,2,4,3,3,1,1,1,2,1,1,1,5,4,4,4,4,4,0,1,A10
2744,A1022,10,A,10A,Hindu,Enemies,Enemy3,2,31,F,22,6,6,7,7,6,6,6,7,6,6,5,7,7,RAJASTHANI,2,5,2,3,1,4,1,2,3,1,2,2,1,2,7,3,2,1,1,1,1,1,1,1,5,3,F,Muslim,2,2,4,1,1,2,4,1,1,5,2,5,4,4,1,1,1,1,1,2,1,5,3,6,7,6,6,1,0,A10
2745,A1022,10,A,10A,Hindu,Enemies,Enemy4,2,50,F,22,6,6,7,7,6,6,6,7,6,6,5,7,7,RAJASTHANI,2,5,2,3,1,4,1,2,3,1,2,2,1,2,7,3,2,1,1,1,1,1,1,1,5,3,F,Hindu,1,2,1,1,1,1,3,1,1,1,1,6,4,4,5,1,1,2,4,2,2,1,1,1,6,7,4,1,1,A10
2746,A1022,10,A,10A,Hindu,Enemies,Enemy5,2,52,F,22,6,6,7,7,6,6,6,7,6,6,5,7,7,RAJASTHANI,2,5,2,3,1,4,1,2,3,1,2,2,1,2,7,3,2,1,1,1,1,1,1,1,5,3,F,NA,NA,NA,NA,NA,NA,NA,NA,NA,NA,NA,NA,NA,NA,NA,NA,NA,NA,NA,NA,NA,NA,NA,NA,NA,NA,NA,NA,1,NA,A10
2747,A1022,10,A,10A,Hindu,Enemies,Enemy6,2,54,F,22,6,6,7,7,6,6,6,7,6,6,5,7,7,RAJASTHANI,2,5,2,3,1,4,1,2,3,1,2,2,1,2,7,3,2,1,1,1,1,1,1,1,5,3,F,Muslim,1,1,2,1,1,2,3,1,2,5,2,4,3,3,2,1,1,3,1,2,1,5,1,4,5,4,6,1,0,A10
2748,A1022,10,A,10A,Hindu,Enemies,Enemy7,2,57,F,22,6,6,7,7,6,6,6,7,6,6,5,7,7,RAJASTHANI,2,5,2,3,1,4,1,2,3,1,2,2,1,2,7,3,2,1,1,1,1,1,1,1,5,3,F,Hindu,1,1,1,1,1,2,4,1,5,3,3,4,3,3,2,2,1,1,2,1,2,5,3,6,7,7,7,1,1,A10
2749,A1026,10,A,10A,Muslim,Enemies,Enemy1,2,11,F,26,3,3,6,5,5,7,6,6,5,6,4,4,8,ALVI VOHRA,2,2,1,2,2,1,2,1,3,1,1,2,2,1,4,3,3,2,1,1,2,1,1,2,3,2,M,Hindu,3,1,3,3,1,2,3,1,3,1,2,3,4,4,1,1,1,2,1,2,1,4,3,6,6,6,6,0,0,A10
2750,A1026,10,A,10A,Muslim,Enemies,Enemy2,2,20,F,26,3,3,6,5,5,7,6,6,5,6,4,4,8,ALVI VOHRA,2,2,1,2,2,1,2,1,3,1,1,2,2,1,4,3,3,2,1,1,2,1,1,2,3,2,M,Hindu,3,2,3,1,3,2,3,2,4,2,2,4,3,3,1,1,1,2,1,1,1,5,4,4,4,4,4,0,0,A10
2751,A1032,10,A,10A,Hindu,Enemies,Enemy1,2,31,F,32,5,5,6,5,6,6,6,7,6,6,6,5,1,NA,2,5,3,2,1,2,1,1,3,2,5,3,1,3,4,3,3,2,1,1,1,1,2,1,2,2,F,Muslim,2,2,4,1,1,2,4,1,1,5,2,5,4,4,1,1,1,1,1,2,1,5,3,6,7,6,6,1,0,A10
2752,A1034,10,A,10A,Muslim,Enemies,Enemy1,2,1,F,34,7,5,6,7,4,7,7,6,6,6,5,3,7,MUSLIM/SULAIMANI,2,1,1,1,2,1,3,NA,3,1,3,2,2,2,2,2,3,3,1,1,2,1,2,1,4,3,M,Hindu,5,4,1,1,5,1,1,1,1,1,1,7,7,7,5,1,1,5,1,5,5,1,1,4,4,4,4,0,0,A10
2753,A1034,10,A,10A,Muslim,Enemies,Enemy2,2,11,F,34,7,5,6,7,4,7,7,6,6,6,5,3,7,MUSLIM/SULAIMANI,2,1,1,1,2,1,3,NA,3,1,3,2,2,2,2,2,3,3,1,1,2,1,2,1,4,3,M,Hindu,3,1,3,3,1,2,3,1,3,1,2,3,4,4,1,1,1,2,1,2,1,4,3,6,6,6,6,0,0,A10
2754,A1034,10,A,10A,Muslim,Enemies,Enemy3,2,22,F,34,7,5,6,7,4,7,7,6,6,6,5,3,7,MUSLIM/SULAIMANI,2,1,1,1,2,1,3,NA,3,1,3,2,2,2,2,2,3,3,1,1,2,1,2,1,4,3,F,Hindu,5,2,3,1,4,1,3,1,2,2,2,7,3,2,1,1,1,1,1,1,1,5,3,6,7,6,6,1,0,A10
2755,A1034,10,A,10A,Muslim,Enemies,Enemy4,2,31,F,34,7,5,6,7,4,7,7,6,6,6,5,3,7,MUSLIM/SULAIMANI,2,1,1,1,2,1,3,NA,3,1,3,2,2,2,2,2,3,3,1,1,2,1,2,1,4,3,F,Muslim,2,2,4,1,1,2,4,1,1,5,2,5,4,4,1,1,1,1,1,2,1,5,3,6,7,6,6,1,1,A10
2756,A1034,10,A,10A,Muslim,Enemies,Enemy5,2,44,F,34,7,5,6,7,4,7,7,6,6,6,5,3,7,MUSLIM/SULAIMANI,2,1,1,1,2,1,3,NA,3,1,3,2,2,2,2,2,3,3,1,1,2,1,2,1,4,3,F,Hindu,1,1,1,2,1,2,3,1,4,2,2,7,4,2,1,1,1,2,1,1,1,5,3,5,7,6,5,1,0,A10
2757,A1042,10,A,10A,Hindu,Enemies,Enemy1,2,11,F,42,4,4,6,7,7,6,6,6,5,5,4,5,2,NA,2,3,2,3,1,2,1,1,2,1,4,3,1,2,4,3,2,2,1,2,2,2,1,1,4,1,M,Hindu,3,1,3,3,1,2,3,1,3,1,2,3,4,4,1,1,1,2,1,2,1,4,3,6,6,6,6,0,1,A10
2758,A1042,10,A,10A,Hindu,Enemies,Enemy2,2,17,F,42,4,4,6,7,7,6,6,6,5,5,4,5,2,NA,2,3,2,3,1,2,1,1,2,1,4,3,1,2,4,3,2,2,1,2,2,2,1,1,4,1,M,Hindu,3,1,2,1,2,1,1,2,4,2,2,3,4,4,1,1,1,1,1,1,1,5,4,7,7,7,6,0,1,A10
2759,A1042,10,A,10A,Hindu,Enemies,Enemy3,2,20,F,42,4,4,6,7,7,6,6,6,5,5,4,5,2,NA,2,3,2,3,1,2,1,1,2,1,4,3,1,2,4,3,2,2,1,2,2,2,1,1,4,1,M,Hindu,3,2,3,1,3,2,3,2,4,2,2,4,3,3,1,1,1,2,1,1,1,5,4,4,4,4,4,0,1,A10
2760,A1042,10,A,10A,Hindu,Enemies,Enemy4,2,31,F,42,4,4,6,7,7,6,6,6,5,5,4,5,2,NA,2,3,2,3,1,2,1,1,2,1,4,3,1,2,4,3,2,2,1,2,2,2,1,1,4,1,F,Muslim,2,2,4,1,1,2,4,1,1,5,2,5,4,4,1,1,1,1,1,2,1,5,3,6,7,6,6,1,0,A10
2761,A1042,10,A,10A,Hindu,Enemies,Enemy5,2,35,F,42,4,4,6,7,7,6,6,6,5,5,4,5,2,NA,2,3,2,3,1,2,1,1,2,1,4,3,1,2,4,3,2,2,1,2,2,2,1,1,4,1,F,NA,NA,NA,NA,NA,NA,NA,NA,NA,NA,NA,NA,NA,NA,NA,NA,NA,NA,NA,NA,NA,NA,NA,NA,NA,NA,NA,NA,1,NA,A10
2762,A1042,10,A,10A,Hindu,Enemies,Enemy6,2,40,F,42,4,4,6,7,7,6,6,6,5,5,4,5,2,NA,2,3,2,3,1,2,1,1,2,1,4,3,1,2,4,3,2,2,1,2,2,2,1,1,4,1,F,NA,NA,NA,NA,NA,NA,NA,NA,NA,NA,NA,NA,NA,NA,NA,NA,NA,NA,NA,NA,NA,NA,NA,NA,NA,NA,NA,NA,1,NA,A10
2763,A1042,10,A,10A,Hindu,Enemies,Enemy7,2,57,F,42,4,4,6,7,7,6,6,6,5,5,4,5,2,NA,2,3,2,3,1,2,1,1,2,1,4,3,1,2,4,3,2,2,1,2,2,2,1,1,4,1,F,Hindu,1,1,1,1,1,2,4,1,5,3,3,4,3,3,2,2,1,1,2,1,2,5,3,6,7,7,7,1,1,A10
2764,A1044,10,A,10A,Hindu,Enemies,Enemy1,2,7,F,44,1,5,7,6,6,5,6,7,5,5,5,3,7,MAHARASHTRIAN,2,1,1,1,2,1,2,1,3,1,4,2,1,2,7,4,2,1,1,1,2,1,1,1,5,3,M,NA,NA,NA,NA,NA,NA,NA,NA,NA,NA,NA,NA,NA,NA,NA,NA,NA,NA,NA,NA,NA,NA,NA,NA,NA,NA,NA,NA,0,NA,A10
2765,A1044,10,A,10A,Hindu,Enemies,Enemy2,2,17,F,44,1,5,7,6,6,5,6,7,5,5,5,3,7,MAHARASHTRIAN,2,1,1,1,2,1,2,1,3,1,4,2,1,2,7,4,2,1,1,1,2,1,1,1,5,3,M,Hindu,3,1,2,1,2,1,1,2,4,2,2,3,4,4,1,1,1,1,1,1,1,5,4,7,7,7,6,0,1,A10
2766,A1044,10,A,10A,Hindu,Enemies,Enemy3,2,31,F,44,1,5,7,6,6,5,6,7,5,5,5,3,7,MAHARASHTRIAN,2,1,1,1,2,1,2,1,3,1,4,2,1,2,7,4,2,1,1,1,2,1,1,1,5,3,F,Muslim,2,2,4,1,1,2,4,1,1,5,2,5,4,4,1,1,1,1,1,2,1,5,3,6,7,6,6,1,0,A10
2767,A1044,10,A,10A,Hindu,Enemies,Enemy4,2,40,F,44,1,5,7,6,6,5,6,7,5,5,5,3,7,MAHARASHTRIAN,2,1,1,1,2,1,2,1,3,1,4,2,1,2,7,4,2,1,1,1,2,1,1,1,5,3,F,NA,NA,NA,NA,NA,NA,NA,NA,NA,NA,NA,NA,NA,NA,NA,NA,NA,NA,NA,NA,NA,NA,NA,NA,NA,NA,NA,NA,1,NA,A10
2768,A1044,10,A,10A,Hindu,Enemies,Enemy5,2,48,F,44,1,5,7,6,6,5,6,7,5,5,5,3,7,MAHARASHTRIAN,2,1,1,1,2,1,2,1,3,1,4,2,1,2,7,4,2,1,1,1,2,1,1,1,5,3,F,Hindu,1,2,2,1,1,2,3,1,5,2,2,4,2,2,2,1,1,1,2,1,2,5,2,5,6,6,5,1,1,A10
2769,A1044,10,A,10A,Hindu,Enemies,Enemy6,2,50,F,44,1,5,7,6,6,5,6,7,5,5,5,3,7,MAHARASHTRIAN,2,1,1,1,2,1,2,1,3,1,4,2,1,2,7,4,2,1,1,1,2,1,1,1,5,3,F,Hindu,1,2,1,1,1,1,3,1,1,1,1,6,4,4,5,1,1,2,4,2,2,1,1,1,6,7,4,1,1,A10
2770,A1044,10,A,10A,Hindu,Enemies,Enemy7,2,52,F,44,1,5,7,6,6,5,6,7,5,5,5,3,7,MAHARASHTRIAN,2,1,1,1,2,1,2,1,3,1,4,2,1,2,7,4,2,1,1,1,2,1,1,1,5,3,F,NA,NA,NA,NA,NA,NA,NA,NA,NA,NA,NA,NA,NA,NA,NA,NA,NA,NA,NA,NA,NA,NA,NA,NA,NA,NA,NA,NA,1,NA,A10
2771,A1045,10,A,10A,Muslim,Enemies,Enemy1,2,11,F,45,5,6,7,6,6,6,6,7,6,6,5,5,7,ALAVI VOHRA,2,1,1,1,1,1,2,1,3,1,2,3,2,2,4,3,3,1,1,1,2,1,1,2,5,3,M,Hindu,3,1,3,3,1,2,3,1,3,1,2,3,4,4,1,1,1,2,1,2,1,4,3,6,6,6,6,0,0,A10
2772,A1045,10,A,10A,Muslim,Enemies,Enemy2,2,20,F,45,5,6,7,6,6,6,6,7,6,6,5,5,7,ALAVI VOHRA,2,1,1,1,1,1,2,1,3,1,2,3,2,2,4,3,3,1,1,1,2,1,1,2,5,3,M,Hindu,3,2,3,1,3,2,3,2,4,2,2,4,3,3,1,1,1,2,1,1,1,5,4,4,4,4,4,0,0,A10
2773,A1045,10,A,10A,Muslim,Enemies,Enemy3,2,50,F,45,5,6,7,6,6,6,6,7,6,6,5,5,7,ALAVI VOHRA,2,1,1,1,1,1,2,1,3,1,2,3,2,2,4,3,3,1,1,1,2,1,1,2,5,3,F,Hindu,1,2,1,1,1,1,3,1,1,1,1,6,4,4,5,1,1,2,4,2,2,1,1,1,6,7,4,1,0,A10
2774,A1046,10,A,10A,Hindu,Enemies,Enemy1,2,23,F,46,6,6,7,6,7,6,7,6,6,6,7,6,NA,SINDHI,2,2,1,2,1,2,1,4,2,1,4,2,1,1,4,3,2,1,1,1,1,1,1,1,5,3,F,Muslim,1,2,1,1,1,1,4,1,1,3,1,4,4,4,1,1,1,1,1,1,1,3,3,4,7,4,7,1,0,A10
2775,A1046,10,A,10A,Hindu,Enemies,Enemy2,2,29,F,46,6,6,7,6,7,6,7,6,6,6,7,6,NA,SINDHI,2,2,1,2,1,2,1,4,2,1,4,2,1,1,4,3,2,1,1,1,1,1,1,1,5,3,F,Muslim,1,2,3,1,2,1,4,1,1,3,2,4,4,4,1,1,2,1,1,1,1,5,3,6,6,5,7,1,0,A10
2776,A1046,10,A,10A,Hindu,Enemies,Enemy3,2,32,F,46,6,6,7,6,7,6,7,6,6,6,7,6,NA,SINDHI,2,2,1,2,1,2,1,4,2,1,4,2,1,1,4,3,2,1,1,1,1,1,1,1,5,3,F,Hindu,5,3,2,1,2,1,3,2,5,3,3,4,3,3,2,1,1,1,1,2,1,2,2,5,6,6,6,1,1,A10
2777,A1046,10,A,10A,Hindu,Enemies,Enemy4,2,35,F,46,6,6,7,6,7,6,7,6,6,6,7,6,NA,SINDHI,2,2,1,2,1,2,1,4,2,1,4,2,1,1,4,3,2,1,1,1,1,1,1,1,5,3,F,NA,NA,NA,NA,NA,NA,NA,NA,NA,NA,NA,NA,NA,NA,NA,NA,NA,NA,NA,NA,NA,NA,NA,NA,NA,NA,NA,NA,1,NA,A10
2778,A1046,10,A,10A,Hindu,Enemies,Enemy5,2,39,F,46,6,6,7,6,7,6,7,6,6,6,7,6,NA,SINDHI,2,2,1,2,1,2,1,4,2,1,4,2,1,1,4,3,2,1,1,1,1,1,1,1,5,3,F,Muslim,3,1,2,2,1,1,4,1,3,5,2,4,4,4,1,1,1,2,1,1,1,5,3,4,4,4,6,1,0,A10
2779,A1046,10,A,10A,Hindu,Enemies,Enemy6,2,52,F,46,6,6,7,6,7,6,7,6,6,6,7,6,NA,SINDHI,2,2,1,2,1,2,1,4,2,1,4,2,1,1,4,3,2,1,1,1,1,1,1,1,5,3,F,NA,NA,NA,NA,NA,NA,NA,NA,NA,NA,NA,NA,NA,NA,NA,NA,NA,NA,NA,NA,NA,NA,NA,NA,NA,NA,NA,NA,1,NA,A10
2780,A1046,10,A,10A,Hindu,Enemies,Enemy7,2,54,F,46,6,6,7,6,7,6,7,6,6,6,7,6,NA,SINDHI,2,2,1,2,1,2,1,4,2,1,4,2,1,1,4,3,2,1,1,1,1,1,1,1,5,3,F,Muslim,1,1,2,1,1,2,3,1,2,5,2,4,3,3,2,1,1,3,1,2,1,5,1,4,5,4,6,1,0,A10
2781,A1049,10,A,10A,Muslim,Enemies,Enemy1,2,11,F,49,4,4,3,4,4,6,6,6,5,NA,4,4,NA,SUNNI MUSHIM,2,1,1,2,2,1,2,2,3,1,2,5,2,2,4,3,3,2,1,1,3,1,5,3,1,2,M,Hindu,3,1,3,3,1,2,3,1,3,1,2,3,4,4,1,1,1,2,1,2,1,4,3,6,6,6,6,0,0,A10
2782,A1049,10,A,10A,Muslim,Enemies,Enemy2,2,31,F,49,4,4,3,4,4,6,6,6,5,NA,4,4,NA,SUNNI MUSHIM,2,1,1,2,2,1,2,2,3,1,2,5,2,2,4,3,3,2,1,1,3,1,5,3,1,2,F,Muslim,2,2,4,1,1,2,4,1,1,5,2,5,4,4,1,1,1,1,1,2,1,5,3,6,7,6,6,1,1,A10
2783,A1049,10,A,10A,Muslim,Enemies,Enemy3,2,37,F,49,4,4,3,4,4,6,6,6,5,NA,4,4,NA,SUNNI MUSHIM,2,1,1,2,2,1,2,2,3,1,2,5,2,2,4,3,3,2,1,1,3,1,5,3,1,2,F,Hindu,2,1,2,1,2,1,3,1,2,3,2,4,5,5,1,1,1,2,1,1,2,3,2,6,6,6,6,1,0,A10
2784,A1049,10,A,10A,Muslim,Enemies,Enemy4,2,43,F,49,4,4,3,4,4,6,6,6,5,NA,4,4,NA,SUNNI MUSHIM,2,1,1,2,2,1,2,2,3,1,2,5,2,2,4,3,3,2,1,1,3,1,5,3,1,2,F,Hindu,2,1,2,1,1,1,3,1,2,3,2,4,4,4,2,1,1,2,1,1,2,3,2,5,7,6,6,1,0,A10
2785,A1049,10,A,10A,Muslim,Enemies,Enemy5,2,48,F,49,4,4,3,4,4,6,6,6,5,NA,4,4,NA,SUNNI MUSHIM,2,1,1,2,2,1,2,2,3,1,2,5,2,2,4,3,3,2,1,1,3,1,5,3,1,2,F,Hindu,1,2,2,1,1,2,3,1,5,2,2,4,2,2,2,1,1,1,2,1,2,5,2,5,6,6,5,1,0,A10
2786,A1050,10,A,10A,Hindu,Enemies,Enemy1,2,35,F,50,4,1,6,6,7,4,7,7,4,6,3,5,7,BHUMIHAR (BETWEEN BRAHMINS & KSHATRIYAS),2,1,2,1,1,1,1,4,3,1,1,1,1,1,6,4,4,5,1,1,2,4,2,2,1,1,F,NA,NA,NA,NA,NA,NA,NA,NA,NA,NA,NA,NA,NA,NA,NA,NA,NA,NA,NA,NA,NA,NA,NA,NA,NA,NA,NA,NA,1,NA,A10
2787,A1050,10,A,10A,Hindu,Enemies,Enemy2,2,36,F,50,4,1,6,6,7,4,7,7,4,6,3,5,7,BHUMIHAR (BETWEEN BRAHMINS & KSHATRIYAS),2,1,2,1,1,1,1,4,3,1,1,1,1,1,6,4,4,5,1,1,2,4,2,2,1,1,F,NA,NA,NA,NA,NA,NA,NA,NA,NA,NA,NA,NA,NA,NA,NA,NA,NA,NA,NA,NA,NA,NA,NA,NA,NA,NA,NA,NA,1,NA,A10
2788,A1050,10,A,10A,Hindu,Enemies,Enemy3,2,37,F,50,4,1,6,6,7,4,7,7,4,6,3,5,7,BHUMIHAR (BETWEEN BRAHMINS & KSHATRIYAS),2,1,2,1,1,1,1,4,3,1,1,1,1,1,6,4,4,5,1,1,2,4,2,2,1,1,F,Hindu,2,1,2,1,2,1,3,1,2,3,2,4,5,5,1,1,1,2,1,1,2,3,2,6,6,6,6,1,1,A10
2789,A1050,10,A,10A,Hindu,Enemies,Enemy4,2,41,F,50,4,1,6,6,7,4,7,7,4,6,3,5,7,BHUMIHAR (BETWEEN BRAHMINS & KSHATRIYAS),2,1,2,1,1,1,1,4,3,1,1,1,1,1,6,4,4,5,1,1,2,4,2,2,1,1,F,NA,NA,NA,NA,NA,NA,NA,NA,NA,NA,NA,NA,NA,NA,NA,NA,NA,NA,NA,NA,NA,NA,NA,NA,NA,NA,NA,NA,1,NA,A10
2790,A1050,10,A,10A,Hindu,Enemies,Enemy5,2,55,F,50,4,1,6,6,7,4,7,7,4,6,3,5,7,BHUMIHAR (BETWEEN BRAHMINS & KSHATRIYAS),2,1,2,1,1,1,1,4,3,1,1,1,1,1,6,4,4,5,1,1,2,4,2,2,1,1,F,Muslim,2,1,2,1,2,2,2,1,2,2,2,4,4,4,2,1,1,2,2,1,2,5,2,6,7,6,7,1,0,A10
2791,A1054,10,A,10A,Muslim,Enemies,Enemy1,2,11,F,54,4,4,5,3,4,6,5,4,5,4,4,3,NA,MEHDAYI MUSLIM,2,1,1,2,1,1,2,2,3,1,2,5,2,2,4,3,3,2,1,1,3,1,2,1,5,1,M,Hindu,3,1,3,3,1,2,3,1,3,1,2,3,4,4,1,1,1,2,1,2,1,4,3,6,6,6,6,0,0,A10
2792,A1054,10,A,10A,Muslim,Enemies,Enemy2,2,22,F,54,4,4,5,3,4,6,5,4,5,4,4,3,NA,MEHDAYI MUSLIM,2,1,1,2,1,1,2,2,3,1,2,5,2,2,4,3,3,2,1,1,3,1,2,1,5,1,F,Hindu,5,2,3,1,4,1,3,1,2,2,2,7,3,2,1,1,1,1,1,1,1,5,3,6,7,6,6,1,0,A10
2793,A1054,10,A,10A,Muslim,Enemies,Enemy3,2,31,F,54,4,4,5,3,4,6,5,4,5,4,4,3,NA,MEHDAYI MUSLIM,2,1,1,2,1,1,2,2,3,1,2,5,2,2,4,3,3,2,1,1,3,1,2,1,5,1,F,Muslim,2,2,4,1,1,2,4,1,1,5,2,5,4,4,1,1,1,1,1,2,1,5,3,6,7,6,6,1,1,A10
2794,A1054,10,A,10A,Muslim,Enemies,Enemy4,2,43,F,54,4,4,5,3,4,6,5,4,5,4,4,3,NA,MEHDAYI MUSLIM,2,1,1,2,1,1,2,2,3,1,2,5,2,2,4,3,3,2,1,1,3,1,2,1,5,1,F,Hindu,2,1,2,1,1,1,3,1,2,3,2,4,4,4,2,1,1,2,1,1,2,3,2,5,7,6,6,1,0,A10
2795,A1054,10,A,10A,Muslim,Enemies,Enemy5,2,44,F,54,4,4,5,3,4,6,5,4,5,4,4,3,NA,MEHDAYI MUSLIM,2,1,1,2,1,1,2,2,3,1,2,5,2,2,4,3,3,2,1,1,3,1,2,1,5,1,F,Hindu,1,1,1,2,1,2,3,1,4,2,2,7,4,2,1,1,1,2,1,1,1,5,3,5,7,6,5,1,0,A10
2796,A1054,10,A,10A,Muslim,Enemies,Enemy6,2,57,F,54,4,4,5,3,4,6,5,4,5,4,4,3,NA,MEHDAYI MUSLIM,2,1,1,2,1,1,2,2,3,1,2,5,2,2,4,3,3,2,1,1,3,1,2,1,5,1,F,Hindu,1,1,1,1,1,2,4,1,5,3,3,4,3,3,2,2,1,1,2,1,2,5,3,6,7,7,7,1,0,A10
2797,A1055,10,A,10A,Muslim,Enemies,Enemy1,2,11,F,55,6,6,7,6,6,7,7,7,7,6,6,5,7,MEMON,2,2,1,2,1,2,2,4,2,1,2,2,2,2,4,4,4,2,1,1,2,2,1,2,5,2,M,Hindu,3,1,3,3,1,2,3,1,3,1,2,3,4,4,1,1,1,2,1,2,1,4,3,6,6,6,6,0,0,A10
2798,A1055,10,A,10A,Muslim,Enemies,Enemy2,2,17,F,55,6,6,7,6,6,7,7,7,7,6,6,5,7,MEMON,2,2,1,2,1,2,2,4,2,1,2,2,2,2,4,4,4,2,1,1,2,2,1,2,5,2,M,Hindu,3,1,2,1,2,1,1,2,4,2,2,3,4,4,1,1,1,1,1,1,1,5,4,7,7,7,6,0,0,A10
2799,A1055,10,A,10A,Muslim,Enemies,Enemy3,2,20,F,55,6,6,7,6,6,7,7,7,7,6,6,5,7,MEMON,2,2,1,2,1,2,2,4,2,1,2,2,2,2,4,4,4,2,1,1,2,2,1,2,5,2,M,Hindu,3,2,3,1,3,2,3,2,4,2,2,4,3,3,1,1,1,2,1,1,1,5,4,4,4,4,4,0,0,A10
2800,A1055,10,A,10A,Muslim,Enemies,Enemy4,2,31,F,55,6,6,7,6,6,7,7,7,7,6,6,5,7,MEMON,2,2,1,2,1,2,2,4,2,1,2,2,2,2,4,4,4,2,1,1,2,2,1,2,5,2,F,Muslim,2,2,4,1,1,2,4,1,1,5,2,5,4,4,1,1,1,1,1,2,1,5,3,6,7,6,6,1,1,A10
2801,A1055,10,A,10A,Muslim,Enemies,Enemy5,2,40,F,55,6,6,7,6,6,7,7,7,7,6,6,5,7,MEMON,2,2,1,2,1,2,2,4,2,1,2,2,2,2,4,4,4,2,1,1,2,2,1,2,5,2,F,NA,NA,NA,NA,NA,NA,NA,NA,NA,NA,NA,NA,NA,NA,NA,NA,NA,NA,NA,NA,NA,NA,NA,NA,NA,NA,NA,NA,1,NA,A10
2802,A1055,10,A,10A,Muslim,Enemies,Enemy6,2,50,F,55,6,6,7,6,6,7,7,7,7,6,6,5,7,MEMON,2,2,1,2,1,2,2,4,2,1,2,2,2,2,4,4,4,2,1,1,2,2,1,2,5,2,F,Hindu,1,2,1,1,1,1,3,1,1,1,1,6,4,4,5,1,1,2,4,2,2,1,1,1,6,7,4,1,0,A10
2803,A1055,10,A,10A,Muslim,Enemies,Enemy7,2,57,F,55,6,6,7,6,6,7,7,7,7,6,6,5,7,MEMON,2,2,1,2,1,2,2,4,2,1,2,2,2,2,4,4,4,2,1,1,2,2,1,2,5,2,F,Hindu,1,1,1,1,1,2,4,1,5,3,3,4,3,3,2,2,1,1,2,1,2,5,3,6,7,7,7,1,0,A10
