...1,Subject.ID,grade,classroom,class,relig,Question,Category,Sequence,Response,Gender,egoID,Attitudes_BadMarks,Attitudes_Boys,Attitudes_Girls,Attitudes_GoodMarks,Attitudes_Hindus,Attitudes_Muslims,Attitudes_MyCaste,Attitudes_MyLang,Attitudes_OtherCaste,Attitudes_OtherLang,Attitudes_Poor,Attitudes_Rich,CasteForced_CasteForced,CasteOpen_CasteOpen,Gender_Gender,Identification_Caste,Identification_Gender,Identification_Language,Identification_Marks,Identification_Religion,Identification_School,Language_Language,ReligFreq_Celebrate,ReligFreq_Pray,ReligFreq_Read,ReligFreq_ReligiousPlace,Religion_Religion,Religiosity_Religiosity,ResourceAlloc_Friend,ResourceAlloc_Krishna,ResourceAlloc_Mohammed,SchoolHarmony_BoyGirl,SchoolHarmony_HinduMuslim,SchoolHarmony_InterCaste,SchoolHarmony_People,SchoolHarmony_RichPoor,Wellbeing_EnoughFriends,Wellbeing_Happy,Wellbeing_Lonely,Wellbeing_OthersMean,altGender,altRelig,altIDcaste,altIDgend,altIDlang,altIDmarks,altIDrelig,altIDschool,altReligCelebrate,altReligPray,altReligRead,altReligPlace,altReligiosity,altResourceFriend,altResourceHindu,altResourceMuslim,altHarmGender,altHarmRelig,altHarmCaste,altHarmPeople,altHarmSES,allWellFriends,altWellHappy,altWellLonely,altWellOthersMean,altAttBoys,altAttGirls,altAttHindu,altAttMuslim,ownGender,ownRelig,classID,ID2017,class.2017,class.2016,DOB.2017,DOB.2016,testdate,ageinyears
1,A0302,3,A,3A,Muslim,Friends,Friend1,1,5,M,2,NA,7,1,NA,1,7,7,2,1,7,7,2,8,other,1,4,5,1,1,1,4,4,3,1,1,4,2,2,2,3,4,NA,NA,NA,NA,NA,1,1,5,5,M,Muslim,1,3,2,1,1,1,4,1,1,1,1,4,1,7,NA,NA,NA,NA,NA,1,1,3,3,7,1,1,7,1,1,A3,Z04B02,4B,3A,9/5/2007,NA,1/14/2016,8.364383562
8,A0303,3,A,3A,Hindu,Friends,Friend1,1,2,M,3,NA,7,1,NA,7,1,7,6,4,2,7,5,7,brahmin,1,1,2,2,1,3,1,3,3,1,1,2,1,1,7,3,2,NA,NA,NA,NA,NA,4,2,1,5,M,Muslim,4,5,1,1,1,4,3,1,1,4,2,2,3,4,NA,NA,NA,NA,NA,1,1,5,5,7,1,1,7,1,0,A3,Z04B03,4B,3A,5/23/2007,NA,1/14/2016,8.652054795
14,A0304,3,A,3A,Hindu,Friends,Friend1,1,3,M,4,NA,7,6,NA,7,1,7,7,4,6,4,7,8,NA,1,2,2,4,1,1,1,4,4,1,1,5,1,1,3,5,4,NA,NA,NA,NA,NA,1,1,3,3,M,Hindu,1,2,2,1,3,1,3,1,1,2,1,7,3,2,NA,NA,NA,NA,NA,4,2,1,5,7,1,7,1,1,1,A3,Z04B04,4B,3A,7/14/2007,NA,1/14/2016,8.509589041
21,A0305,3,A,3A,Muslim,Friends,Friend1,1,2,M,5,NA,7,1,NA,1,7,7,7,1,4,4,5,7,sanhi vohra,1,1,3,2,1,1,1,2,4,1,1,1,2,1,4,1,7,NA,NA,NA,NA,NA,1,1,3,3,M,Muslim,4,5,1,1,1,4,3,1,1,4,2,2,3,4,NA,NA,NA,NA,NA,1,1,5,5,7,1,1,7,1,1,A3,Z04B05,4B,3A,7/8/2007,NA,1/14/2016,8.526027397
27,A0306,3,A,3A,Hindu,Friends,Friend1,1,1,M,6,NA,7,2,NA,7,2,7,7,5,2,2,5,8,NA,1,1,3,1,2,2,1,4,4,4,5,4,1,1,4,4,3,NA,NA,NA,NA,NA,3,2,4,1,M,NA,NA,NA,NA,NA,NA,NA,NA,NA,NA,NA,NA,NA,NA,NA,NA,NA,NA,NA,NA,NA,NA,NA,NA,NA,NA,NA,NA,1,NA,A3,Z04B06,4B,3A,5/1/2015,NA,1/14/2016,NA
34,A0307,3,A,3A,Hindu,Friends,Friend1,1,3,M,7,NA,7,3,NA,7,4,7,6,1,7,4,6,2,NA,1,1,2,3,1,1,1,1,4,1,1,1,1,1,2,1,1,NA,NA,NA,NA,NA,2,1,2,4,M,Hindu,1,2,2,1,3,1,3,1,1,2,1,7,3,2,NA,NA,NA,NA,NA,4,2,1,5,7,1,7,1,1,1,A3,Z04B07,4B,3A,9/30/2007,NA,1/14/2016,8.295890411
43,A0308,3,A,3A,Muslim,Friends,Friend1,1,2,M,8,NA,7,1,NA,1,7,3,6,1,2,6,5,7,sunni vohra,1,1,5,3,2,1,2,2,4,1,1,1,2,1,4,1,7,NA,NA,NA,NA,NA,1,3,4,2,M,Muslim,4,5,1,1,1,4,3,1,1,4,2,2,3,4,NA,NA,NA,NA,NA,1,1,5,5,7,1,1,7,1,1,A3,Z04B08,4B,3A,10/12/2007,NA,1/14/2016,8.263013699
49,A0309,3,A,3A,Muslim,Friends,Friend1,1,2,M,9,NA,6,2,NA,1,7,7,6,NA,2,2,1,7,shunni vohra,1,1,2,2,1,1,1,2,4,1,1,1,2,1,4,1,4,NA,NA,NA,NA,NA,5,2,5,4,M,Muslim,4,5,1,1,1,4,3,1,1,4,2,2,3,4,NA,NA,NA,NA,NA,1,1,5,5,7,1,1,7,1,1,A3,Z04B09,4B,3A,7/30/2007,NA,1/14/2016,8.465753425
55,A0310,3,A,3A,Muslim,Friends,Friend1,1,13,M,10,NA,6,7,NA,3,1,1,4,7,5,7,1,7,NA,1,2,1,1,1,1,1,2,2,5,5,5,2,NA,4,1,7,NA,NA,NA,NA,NA,1,5,1,3,M,Muslim,1,5,4,1,1,1,4,4,1,1,1,4,1,1,NA,NA,NA,NA,NA,5,1,5,5,4,4,2,7,1,1,A3,Z04B10,4B,3A,12/1/2007,NA,1/14/2016,8.126027397
58,A0311,3,A,3A,Muslim,Friends,Friend1,1,12,M,11,NA,7,4,NA,1,5,7,5,2,6,7,7,8,NA,1,1,3,2,1,1,1,4,5,4,1,1,2,1,7,6,6,NA,NA,NA,NA,NA,1,4,4,2,M,other,1,5,4,1,2,1,3,NA,NA,1,1,4,4,4,NA,NA,NA,NA,NA,2,2,1,4,3,4,2,7,1,0,A3,Z04B11,4B,3A,3/15/2007,NA,1/14/2016,8.84109589
64,A0312,3,A,3A,other,Friends,Friend1,1,2,M,12,NA,3,4,NA,2,7,7,7,6,2,3,7,7,daw,1,1,5,4,1,2,1,2,3,NA,NA,1,3,1,4,4,4,NA,NA,NA,NA,NA,2,2,1,4,M,Muslim,4,5,1,1,1,4,3,1,1,4,2,2,3,4,NA,NA,NA,NA,NA,1,1,5,5,7,1,1,7,1,0,A3,Z04B12,4B,3A,12/20/2007,NA,1/14/2016,8.073972603
71,A0313,3,A,3A,Muslim,Friends,Friend1,1,10,M,13,NA,4,4,NA,2,7,7,4,4,4,6,4,7,NA,1,1,5,4,1,1,1,NA,4,4,1,1,2,1,4,1,1,NA,NA,NA,NA,NA,5,1,5,5,M,Muslim,2,1,1,1,1,1,2,5,5,5,NA,4,1,7,NA,NA,NA,NA,NA,1,5,1,3,6,7,3,1,1,1,A3,Z04B13,4B,3A,4/15/2008,NA,1/14/2016,7.753424658
74,A0314,3,A,3A,Muslim,Friends,Friend1,1,11,M,14,NA,6,NA,NA,NA,NA,7,7,NA,6,6,6,7,muslim,1,1,3,4,2,1,2,2,2,2,2,1,2,1,4,4,4,NA,NA,NA,NA,NA,NA,2,3,2,M,Muslim,1,3,2,1,1,1,5,4,1,1,1,7,6,6,NA,NA,NA,NA,NA,1,4,4,2,7,4,1,5,1,1,A3,Z04C16,4C,3A,5/1/2015,NA,1/14/2016,NA
78,A0315,3,A,3A,Muslim,Friends,Friend1,1,3,M,15,NA,7,6,NA,2,7,2,4,1,3,5,6,7,sona,1,1,1,1,1,1,1,2,4,1,1,1,2,1,3,2,6,NA,NA,NA,NA,NA,1,1,1,5,M,Hindu,1,2,2,1,3,1,3,1,1,2,1,7,3,2,NA,NA,NA,NA,NA,4,2,1,5,7,1,7,1,1,0,A3,Z04B14,4B,3A,11/21/2007,NA,1/14/2016,8.153424658
85,A0316,3,A,3A,Hindu,Friends,Friend1,1,1,M,16,NA,1,4,NA,1,4,1,2,4,3,1,2,1,NA,1,2,2,1,1,1,1,1,4,1,1,1,1,1,4,4,4,NA,NA,NA,NA,NA,1,1,2,3,M,NA,NA,NA,NA,NA,NA,NA,NA,NA,NA,NA,NA,NA,NA,NA,NA,NA,NA,NA,NA,NA,NA,NA,NA,NA,NA,NA,NA,1,NA,A3,Z04B15,4B,3A,8/21/2007,NA,1/14/2016,8.405479452
92,A0318,3,A,3A,Hindu,Friends,Friend1,1,3,M,18,NA,7,2,NA,7,4,6,5,1,3,4,6,8,NA,1,5,2,4,1,3,1,4,4,1,4,3,1,1,2,1,1,NA,NA,NA,NA,NA,3,1,3,3,M,Hindu,1,2,2,1,3,1,3,1,1,2,1,7,3,2,NA,NA,NA,NA,NA,4,2,1,5,7,1,7,1,1,1,A3,Z04B17,4B,3A,2/4/2008,NA,1/14/2016,7.947945205
96,A0319,3,A,3A,Hindu,Friends,Friend1,1,1,M,19,NA,7,NA,NA,7,1,7,7,4,4,7,7,8,NA,1,1,1,1,1,1,1,1,5,1,1,1,1,1,4,5,6,NA,NA,NA,NA,NA,3,1,3,5,M,NA,NA,NA,NA,NA,NA,NA,NA,NA,NA,NA,NA,NA,NA,NA,NA,NA,NA,NA,NA,NA,NA,NA,NA,NA,NA,NA,NA,1,NA,A3,Z04B18,4B,3A,9/26/2007,NA,1/14/2016,8.306849315
103,A0320,3,A,3A,Hindu,Friends,Friend1,1,17,M,20,NA,7,1,NA,7,1,7,7,4,6,6,7,7,leva,1,4,2,1,1,2,1,1,4,1,1,1,1,1,4,4,6,NA,NA,NA,NA,NA,2,1,3,1,M,NA,NA,NA,NA,NA,NA,NA,NA,NA,NA,NA,NA,NA,NA,NA,NA,NA,NA,NA,NA,NA,NA,NA,NA,NA,NA,NA,NA,1,NA,A3,Z04B19,4B,3A,1/16/2007,NA,1/14/2016,9
110,A0322,3,A,3A,Hindu,Friends,Friend1,1,4,M,22,NA,7,2,NA,7,NA,NA,7,NA,3,7,2,7,leva,1,2,2,4,1,3,1,1,3,1,5,2,1,3,3,3,3,NA,NA,NA,NA,NA,4,4,5,5,M,Hindu,2,2,4,1,1,1,4,1,1,5,1,3,5,4,NA,NA,NA,NA,NA,1,1,3,3,7,6,7,1,1,1,A3,Z04B21,4B,3A,12/14/2007,NA,1/14/2016,8.090410959
116,A0323,3,A,3A,Hindu,Friends,Friend1,1,1,M,23,NA,7,1,NA,7,1,7,7,2,1,6,4,8,NA,1,3,4,1,1,2,1,1,3,1,1,1,1,1,4,4,6,NA,NA,NA,NA,NA,1,1,2,3,M,NA,NA,NA,NA,NA,NA,NA,NA,NA,NA,NA,NA,NA,NA,NA,NA,NA,NA,NA,NA,NA,NA,NA,NA,NA,NA,NA,NA,1,NA,A3,Z04B22,4B,3A,5/1/2015,NA,1/14/2016,NA
123,A0324,3,A,3A,Muslim,Friends,Friend1,1,3,M,24,NA,7,2,NA,3,7,7,7,5,6,6,6,7,pathan,1,1,2,1,1,1,1,4,4,2,1,2,2,2,4,4,4,NA,NA,NA,NA,NA,3,1,5,3,M,Hindu,1,2,2,1,3,1,3,1,1,2,1,7,3,2,NA,NA,NA,NA,NA,4,2,1,5,7,1,7,1,1,0,A3,Z04B23,4B,3A,10/5/2007,NA,1/14/2016,8.282191781
130,A0325,3,A,3A,Hindu,Friends,Friend1,1,1,M,25,NA,6,2,NA,6,1,5,4,2,3,7,2,8,NA,1,1,2,1,1,3,1,2,3,2,NA,4,1,2,4,5,6,NA,NA,NA,NA,NA,1,5,3,2,M,NA,NA,NA,NA,NA,NA,NA,NA,NA,NA,NA,NA,NA,NA,NA,NA,NA,NA,NA,NA,NA,NA,NA,NA,NA,NA,NA,NA,1,NA,A3,NA,NA,3A,NA,NA,1/14/2016,NA
137,A0326,3,A,3A,Hindu,Friends,Friend1,1,1,M,26,NA,4,4,NA,7,4,7,7,7,7,6,6,NA,hindu,1,1,1,1,1,1,1,4,3,1,1,2,1,1,4,4,4,NA,NA,NA,NA,NA,1,1,3,3,M,NA,NA,NA,NA,NA,NA,NA,NA,NA,NA,NA,NA,NA,NA,NA,NA,NA,NA,NA,NA,NA,NA,NA,NA,NA,NA,NA,NA,1,NA,A3,Z04B24,4B,3A,12/2/2007,NA,1/14/2016,8.123287671
144,A0327,3,A,3A,Hindu,Friends,Friend1,1,3,M,27,NA,7,1,NA,7,1,7,7,1,NA,1,7,8,NA,1,2,1,1,1,1,1,1,4,1,2,1,1,1,7,7,1,NA,NA,NA,NA,NA,1,1,3,3,M,Hindu,1,2,2,1,3,1,3,1,1,2,1,7,3,2,NA,NA,NA,NA,NA,4,2,1,5,7,1,7,1,1,1,A3,Z04B25,4B,3A,4/29/2007,NA,1/14/2016,8.717808219
151,A0328,3,A,3A,Muslim,Friends,Friend1,1,2,M,28,NA,NA,3,NA,1,7,NA,NA,NA,2,6,NA,7,NA,1,1,1,NA,NA,4,1,2,4,1,1,2,2,1,3,NA,2,NA,NA,NA,NA,NA,NA,NA,NA,NA,M,Muslim,4,5,1,1,1,4,3,1,1,4,2,2,3,4,NA,NA,NA,NA,NA,1,1,5,5,7,1,1,7,1,1,A3,Z04B26,4B,3A,5/1/2015,NA,1/14/2016,NA
155,A0329,3,A,3A,Muslim,Friends,Friend1,1,2,M,29,NA,7,4,NA,1,6,7,1,4,7,3,2,7,NA,1,3,1,2,1,1,1,2,4,1,1,1,2,1,4,2,1,NA,NA,NA,NA,NA,1,1,3,5,M,Muslim,4,5,1,1,1,4,3,1,1,4,2,2,3,4,NA,NA,NA,NA,NA,1,1,5,5,7,1,1,7,1,1,A3,Z04B27,4B,3A,6/6/2007,NA,1/14/2016,8.6136986301369909
157,A0330,3,A,3A,Hindu,Friends,Friend1,1,6,M,30,NA,7,4,NA,7,2,7,7,5,6,4,4,1,NA,1,1,2,3,1,2,1,1,4,2,2,2,1,1,4,4,4,NA,NA,NA,NA,NA,1,1,5,5,M,Hindu,1,3,1,2,2,1,4,4,5,4,1,4,4,3,NA,NA,NA,NA,NA,3,2,4,1,7,2,7,2,1,1,A3,Z04B28,4B,3A,7/31/2007,NA,1/14/2016,8.463013699
163,A0331,3,A,3A,Hindu,Friends,Friend1,1,2,M,31,NA,7,1,NA,7,1,1,7,5,2,6,1,8,NA,1,2,1,1,1,1,1,1,4,1,1,1,1,1,4,5,2,NA,NA,NA,NA,NA,1,2,1,4,M,Muslim,4,5,1,1,1,4,3,1,1,4,2,2,3,4,NA,NA,NA,NA,NA,1,1,5,5,7,1,1,7,1,0,A3,Z04B30,4B,3A,8/14/2007,NA,1/14/2016,8.424657534
169,A0332,3,A,3A,Hindu,Friends,Friend1,1,3,M,32,NA,7,1,NA,7,1,7,7,4,4,4,4,8,NA,1,1,1,1,1,1,1,4,4,1,1,1,1,1,4,1,1,NA,NA,NA,NA,NA,1,1,5,3,M,Hindu,1,2,2,1,3,1,3,1,1,2,1,7,3,2,NA,NA,NA,NA,NA,4,2,1,5,7,1,7,1,1,1,A3,Z04B31,4B,3A,2/19/2008,NA,1/14/2016,7.906849315
176,A0333,3,A,3A,Muslim,Friends,Friend1,1,2,M,33,NA,7,1,NA,1,7,7,7,1,1,7,5,NA,shaiyar,1,1,1,1,1,1,1,4,1,1,1,1,2,1,4,1,4,NA,NA,NA,NA,NA,1,1,1,1,M,Muslim,4,5,1,1,1,4,3,1,1,4,2,2,3,4,NA,NA,NA,NA,NA,1,1,5,5,7,1,1,7,1,1,A3,Z04B33,4B,3A,9/3/2007,NA,1/14/2016,8.369863014
183,A0334,3,A,3A,Muslim,Friends,Friend1,1,10,M,34,NA,7,1,NA,1,7,7,7,1,7,7,1,8,NA,1,1,1,3,1,1,1,4,1,1,1,1,2,1,4,1,4,NA,NA,NA,NA,NA,1,1,3,1,M,Muslim,2,1,1,1,1,1,2,5,5,5,NA,4,1,7,NA,NA,NA,NA,NA,1,5,1,3,6,7,3,1,1,1,A3,Z04B34,4B,3A,6/26/2007,NA,1/14/2016,8.55890411
188,A0335,3,A,3A,Muslim,Friends,Friend1,1,10,M,35,NA,7,1,NA,1,7,7,6,1,3,4,7,7,solanki,1,1,3,2,1,1,2,1,2,2,3,2,2,2,4,1,5,NA,NA,NA,NA,NA,5,5,3,1,M,Muslim,2,1,1,1,1,1,2,5,5,5,NA,4,1,7,NA,NA,NA,NA,NA,1,5,1,3,6,7,3,1,1,1,A3,Z04B35,4B,3A,1/21/2008,NA,1/14/2016,7.98630137
191,A0336,3,A,3A,Hindu,Friends,Friend1,1,1,M,36,NA,7,1,NA,7,1,NA,7,4,4,4,4,8,NA,1,1,3,1,1,3,3,1,4,1,1,3,1,1,4,4,4,NA,NA,NA,NA,NA,1,1,5,3,M,NA,NA,NA,NA,NA,NA,NA,NA,NA,NA,NA,NA,NA,NA,NA,NA,NA,NA,NA,NA,NA,NA,NA,NA,NA,NA,NA,NA,1,NA,A3,Z04B37,4B,3A,3/17/2007,NA,1/14/2016,8.835616438
197,A0337,3,A,3A,Muslim,Friends,Friend1,1,10,M,37,NA,2,7,NA,2,7,7,5,2,2,1,6,7,NA,1,1,2,2,1,1,1,2,4,2,1,2,2,1,4,1,2,NA,NA,NA,NA,NA,1,1,5,3,M,Muslim,2,1,1,1,1,1,2,5,5,5,NA,4,1,7,NA,NA,NA,NA,NA,1,5,1,3,6,7,3,1,1,1,A3,Z04B38,4B,3A,4/1/2007,NA,1/14/2016,8.794520548
200,A0338,3,A,3A,Hindu,Friends,Friend1,1,49,F,38,NA,4,7,NA,7,3,NA,7,NA,4,7,7,8,NA,2,1,1,1,1,1,1,1,4,1,5,2,1,1,4,1,1,NA,NA,NA,NA,NA,1,1,3,5,F,other,2,1,2,1,1,1,4,1,1,1,1,4,4,4,NA,NA,NA,NA,NA,1,1,5,5,1,7,5,1,1,0,A3,Z04B41,4B,3A,12/20/2007,NA,1/14/2016,8.073972603
207,A0339,3,A,3A,Hindu,Friends,Friend1,1,38,F,39,NA,7,7,NA,7,6,NA,7,6,6,5,5,1,NA,2,1,1,2,1,2,1,1,3,1,3,2,1,1,4,4,4,NA,NA,NA,NA,NA,1,1,2,5,F,Hindu,1,1,1,1,1,1,4,1,5,2,1,4,1,1,NA,NA,NA,NA,NA,1,1,3,5,4,7,7,3,1,1,A3,Z04B42,4B,3A,12/8/2007,NA,1/14/2016,8.106849315
214,A0340,3,A,3A,Muslim,Friends,Friend1,1,39,F,40,NA,1,7,NA,1,7,4,4,1,1,4,6,7,vohra,2,1,2,1,1,1,1,1,2,2,5,2,2,2,2,3,2,NA,NA,NA,NA,NA,2,1,3,5,F,Hindu,1,1,2,1,2,1,3,1,3,2,1,4,4,4,NA,NA,NA,NA,NA,1,1,2,5,7,7,7,6,1,0,A3,Z04B43,4B,3A,12/12/2007,NA,1/14/2016,8.095890411
217,A0341,3,A,3A,Hindu,Friends,Friend1,1,7,F,41,NA,4,7,NA,7,4,4,7,NA,3,4,4,8,NA,2,2,NA,3,1,1,1,1,4,1,1,2,1,1,4,4,4,NA,NA,NA,NA,NA,1,1,5,3,M,Hindu,1,2,3,1,1,1,4,1,1,1,1,2,1,1,NA,NA,NA,NA,NA,2,1,2,4,7,3,7,4,0,1,A3,Z04B44,4B,3A,9/2/2007,NA,1/14/2016,8.37260274
220,A0342,3,A,3A,Muslim,Friends,Friend1,1,43,F,42,NA,1,6,NA,2,7,2,6,3,NA,1,5,7,don't know,2,2,3,2,1,3,2,2,4,1,1,3,2,1,4,5,5,NA,NA,NA,NA,NA,1,5,NA,NA,F,Muslim,1,2,1,1,1,1,NA,NA,1,NA,1,4,1,7,NA,NA,NA,NA,NA,1,2,5,5,1,7,1,7,1,1,A3,Z04B45,4B,3A,2/18/2008,NA,1/14/2016,7.909589041
224,A0343,3,A,3A,Muslim,Friends,Friend1,1,42,F,43,NA,1,7,NA,1,7,7,7,2,2,4,5,7,NA,2,1,2,1,1,1,1,4,NA,NA,1,NA,2,1,4,1,7,NA,NA,NA,NA,NA,1,2,5,5,F,Muslim,2,3,2,1,3,2,4,1,1,3,1,4,5,5,NA,NA,NA,NA,NA,1,5,NA,NA,1,6,2,7,1,1,A3,Z04B46,4B,3A,3/7/2007,NA,1/14/2016,8.863013699
228,A0344,3,A,3A,Muslim,Friends,Friend1,1,40,F,44,NA,1,6,NA,5,7,NA,4,4,6,4,1,7,NA,2,NA,1,2,NA,3,1,2,3,2,1,3,2,1,2,1,4,NA,NA,NA,NA,NA,5,5,3,3,F,Muslim,1,2,1,1,1,1,2,2,5,2,2,2,3,2,NA,NA,NA,NA,NA,2,1,3,5,1,7,1,7,1,1,A3,Z04B48,4B,3A,8/29/2007,NA,1/14/2016,8.383561644
235,A0346,3,A,3A,Muslim,Friends,Friend1,1,19,F,46,NA,2,6,NA,1,7,7,7,3,5,4,4,7,muslim,2,5,4,3,1,2,1,NA,4,1,1,1,2,1,4,4,4,NA,NA,NA,NA,NA,1,1,4,5,M,Hindu,1,1,1,1,1,1,5,1,1,1,1,4,5,6,NA,NA,NA,NA,NA,3,1,3,5,7,NA,7,1,0,0,A3,NA,NA,3A,NA,NA,1/14/2016,NA
242,A0347,3,A,3A,Hindu,Friends,Friend1,1,38,F,47,NA,5,6,NA,7,5,7,7,5,4,4,5,1,NA,2,1,2,2,1,1,1,4,4,1,3,2,1,1,4,3,2,NA,NA,NA,NA,NA,1,1,2,3,F,Hindu,1,1,1,1,1,1,4,1,5,2,1,4,1,1,NA,NA,NA,NA,NA,1,1,3,5,4,7,7,3,1,1,A3,Z04B50,4B,3A,5/11/2007,NA,1/14/2016,8.684931507
249,A0348,3,A,3A,Muslim,Friends,Friend1,1,42,F,48,NA,1,7,NA,1,7,7,6,2,4,5,3,7,shuny,2,1,3,3,1,2,1,2,4,2,1,4,2,1,4,4,4,NA,NA,NA,NA,NA,3,1,5,2,F,Muslim,2,3,2,1,3,2,4,1,1,3,1,4,5,5,NA,NA,NA,NA,NA,1,5,NA,NA,1,6,2,7,1,1,A3,Z04B51,4B,3A,11/6/2007,NA,1/14/2016,8.194520548
253,A0349,3,A,3A,other,Friends,Friend1,1,38,F,49,NA,1,7,NA,5,1,7,7,1,6,4,4,7,shick,2,2,1,2,1,1,1,4,4,1,1,1,3,1,4,4,4,NA,NA,NA,NA,NA,1,1,5,5,F,Hindu,1,1,1,1,1,1,4,1,5,2,1,4,1,1,NA,NA,NA,NA,NA,1,1,3,5,4,7,7,3,1,0,A3,Z04B52,4B,3A,6/29/2007,NA,1/14/2016,8.550684932
260,A0351,3,A,3A,Muslim,Friends,Friend1,1,42,F,51,NA,1,7,NA,1,7,7,7,3,1,1,5,7,sunny,2,3,1,2,2,2,1,4,4,1,1,1,2,1,4,7,7,NA,NA,NA,NA,NA,1,1,4,2,F,Muslim,2,3,2,1,3,2,4,1,1,3,1,4,5,5,NA,NA,NA,NA,NA,1,5,NA,NA,1,6,2,7,1,1,A3,Z04B54,4B,3A,10/6/2007,NA,1/14/2016,8.279452055
265,A0352,3,A,3A,Hindu,Friends,Friend1,1,47,F,52,NA,1,7,NA,7,1,4,6,1,5,5,7,1,NA,2,1,2,3,1,1,1,1,3,1,2,1,1,1,4,3,2,NA,NA,NA,NA,NA,3,1,3,2,F,Hindu,1,2,2,1,1,1,4,1,3,2,1,4,3,2,NA,NA,NA,NA,NA,1,1,2,3,5,6,7,5,1,1,A3,Z04B55,4B,3A,12/14/2007,NA,1/14/2016,8.090410959
272,A0353,3,A,3A,Hindu,Friends,Friend1,1,38,F,53,NA,1,7,NA,7,1,7,7,2,2,4,7,8,8,2,1,1,1,1,1,1,1,4,1,5,3,1,1,2,3,2,NA,NA,NA,NA,NA,1,2,3,4,F,Hindu,1,1,1,1,1,1,4,1,5,2,1,4,1,1,NA,NA,NA,NA,NA,1,1,3,5,4,7,7,3,1,1,A3,NA,NA,3A,NA,NA,1/14/2016,NA
278,A0354,3,A,3A,Hindu,Friends,Friend1,1,38,F,54,NA,1,7,NA,7,1,7,7,1,7,1,4,3,NA,2,1,1,2,1,1,1,1,3,1,1,2,1,1,2,1,1,NA,NA,NA,NA,NA,2,1,3,2,F,Hindu,1,1,1,1,1,1,4,1,5,2,1,4,1,1,NA,NA,NA,NA,NA,1,1,3,5,4,7,7,3,1,1,A3,Z04B56,4B,3A,9/11/2007,NA,1/14/2016,8.347945205
285,A0356,3,A,3A,Hindu,Friends,Friend1,1,38,F,56,NA,7,7,NA,7,4,7,6,4,4,7,6,8,NA,2,2,3,1,1,1,1,4,4,NA,3,NA,1,1,4,3,2,NA,NA,NA,NA,NA,3,3,2,3,F,Hindu,1,1,1,1,1,1,4,1,5,2,1,4,1,1,NA,NA,NA,NA,NA,1,1,3,5,4,7,7,3,1,1,A3,Z04B59,4B,3A,6/6/2008,NA,1/14/2016,7.610958904
292,A0357,3,A,3A,Hindu,Friends,Friend1,1,41,F,57,NA,6,5,NA,7,6,7,7,6,3,7,5,8,NA,2,1,3,2,4,1,1,3,5,1,1,5,1,1,4,4,2,NA,NA,NA,NA,NA,2,5,1,3,F,Hindu,2,NA,3,1,1,1,4,1,1,2,1,4,4,4,NA,NA,NA,NA,NA,1,1,5,3,4,7,7,4,1,1,A3,NA,NA,3A,NA,NA,1/14/2016,NA
299,A0358,3,A,3A,Hindu,Friends,Friend1,1,38,F,58,NA,5,7,NA,7,1,7,7,2,3,6,7,8,NA,2,2,3,2,1,2,1,1,3,1,2,2,1,1,7,4,2,NA,NA,NA,NA,NA,4,2,3,5,F,Hindu,1,1,1,1,1,1,4,1,5,2,1,4,1,1,NA,NA,NA,NA,NA,1,1,3,5,4,7,7,3,1,1,A3,Z04B61,4B,3A,5/1/2005,NA,1/14/2016,10.71232877
306,A0359,3,A,3A,Muslim,Friends,Friend1,1,42,F,59,NA,3,7,NA,2,7,7,7,2,3,NA,4,7,muslim,2,2,1,2,1,1,1,2,4,2,1,2,2,2,4,4,4,NA,NA,NA,NA,NA,1,1,3,5,F,Muslim,2,3,2,1,3,2,4,1,1,3,1,4,5,5,NA,NA,NA,NA,NA,1,5,NA,NA,1,6,2,7,1,1,A3,Z04B62,4B,3A,8/6/2007,NA,1/14/2016,8.446575342
308,A0360,3,A,3A,Hindu,Friends,Friend1,1,38,F,60,NA,2,6,NA,6,2,6,5,2,3,2,7,8,NA,2,5,2,NA,1,4,1,1,4,1,3,2,1,2,4,2,2,NA,NA,NA,NA,NA,3,1,3,5,F,Hindu,1,1,1,1,1,1,4,1,5,2,1,4,1,1,NA,NA,NA,NA,NA,1,1,3,5,4,7,7,3,1,1,A3,Z04B63,4B,3A,12/14/2007,NA,1/14/2016,8.090410959
314,A0361,3,A,3A,Hindu,Friends,Friend1,1,3,F,61,NA,6,7,NA,7,4,7,6,4,4,6,5,8,NA,2,1,1,1,1,1,1,1,4,1,1,1,1,1,7,4,4,NA,NA,NA,NA,NA,1,1,5,5,M,Hindu,1,2,2,1,3,1,3,1,1,2,1,7,3,2,NA,NA,NA,NA,NA,4,2,1,5,7,1,7,1,0,1,A3,Z04B64,4B,3A,5/28/2007,NA,1/14/2016,8.638356164
321,A0362,3,A,3A,Hindu,Friends,Friend1,1,27,F,62,NA,7,7,NA,7,1,7,7,7,2,1,7,8,NA,2,2,4,1,1,1,1,2,4,4,4,4,1,1,7,7,1,NA,NA,NA,NA,NA,1,1,3,3,M,Hindu,2,1,1,1,1,1,4,1,2,1,1,7,7,1,NA,NA,NA,NA,NA,1,1,3,3,7,1,7,1,0,1,A3,Z04B65,4B,3A,9/14/2007,NA,1/14/2016,8.339726027
328,A0363,3,A,3A,Hindu,Friends,Friend1,1,31,F,63,NA,2,7,NA,7,6,7,7,7,2,7,7,8,NA,2,1,1,2,1,2,1,1,3,3,2,4,1,1,4,4,4,NA,NA,NA,NA,NA,1,3,3,2,M,Hindu,2,1,1,1,1,1,4,1,1,1,1,4,5,2,NA,NA,NA,NA,NA,1,2,1,4,7,1,7,1,0,1,A3,NA,NA,3A,NA,NA,1/14/2016,NA
333,A0364,3,A,3A,Muslim,Friends,Friend1,1,18,F,64,NA,4,7,NA,1,7,7,7,1,1,5,4,7,muslim,2,NA,1,NA,1,1,1,4,1,4,1,2,2,1,4,3,3,NA,NA,NA,NA,NA,1,1,5,3,M,Hindu,5,2,4,1,3,1,4,1,4,3,1,2,1,1,NA,NA,NA,NA,NA,3,1,3,3,7,2,7,4,0,0,A3,Z04B66,4B,3A,7/13/2007,NA,1/14/2016,8.512328767
339,A0366,3,A,3A,Hindu,Friends,Friend1,1,18,F,66,NA,4,6,NA,NA,3,7,6,6,5,4,4,7,soni,2,1,1,1,1,1,1,4,4,1,3,3,1,1,4,4,4,NA,NA,NA,NA,NA,2,1,4,5,M,Hindu,5,2,4,1,3,1,4,1,4,3,1,2,1,1,NA,NA,NA,NA,NA,3,1,3,3,7,2,7,4,0,1,A3,Z04B69,4B,3A,3/25/2008,NA,1/14/2016,7.810958904
345,B0246,3,B,3B,Hindu,Friends,Friend1,1,12,M,46,NA,1,7,NA,7,7,1,7,7,7,7,NA,8,NA,1,4,1,1,1,4,1,2,4,1,1,1,1,NA,6,7,6,NA,NA,NA,NA,NA,5,1,4,1,M,Muslim,NA,5,1,1,1,NA,4,NA,1,1,1,3,3,3,NA,NA,NA,NA,NA,NA,4,3,NA,7,1,NA,7,1,0,B3,Z03C42,3C,2B,8/10/2008,8/10/2008,1/14/2016,7.432876712
352,B0301,3,B,3B,Muslim,Friends,Friend1,1,18,M,1,NA,7,7,NA,4,NA,4,7,4,1,1,1,7,mnsuri,1,1,3,3,1,1,1,2,1,1,1,1,2,1,2,NA,7,NA,NA,NA,NA,NA,1,1,5,3,M,Muslim,3,1,1,1,1,1,4,1,1,1,1,4,1,1,NA,NA,NA,NA,NA,2,5,2,1,7,1,1,7,1,1,B3,Z04C01,4C,3B,3/27/2008,NA,1/14/2016,7.805479452
353,B0302,3,B,3B,Muslim,Friends,Friend1,1,2,M,2,NA,1,NA,NA,1,2,NA,NA,2,1,3,NA,8,Baria,1,1,1,2,3,3,1,2,5,2,5,3,2,2,6,6,6,NA,NA,NA,NA,NA,2,1,2,3,M,Muslim,1,1,2,3,3,1,5,2,5,3,2,6,6,6,NA,NA,NA,NA,NA,2,1,2,3,1,NA,1,2,1,1,B3,NA,NA,3B,NA,NA,1/14/2016,NA
360,B0303,3,B,3B,Hindu,Friends,Friend1,1,13,M,3,NA,1,2,NA,NA,1,1,1,NA,1,NA,NA,8,NA,1,1,2,1,1,2,1,2,5,1,1,4,1,4,4,4,4,NA,NA,NA,NA,NA,1,5,1,5,M,Hindu,2,2,2,1,2,1,2,1,5,2,1,2,2,2,NA,NA,NA,NA,NA,4,2,NA,3,NA,1,7,2,1,1,B3,Z04C03,4C,3B,5/5/2008,NA,1/14/2016,7.698630137
363,B0304,3,B,3B,Muslim,Friends,Friend1,1,1,M,4,NA,6,5,NA,1,6,6,6,2,1,5,1,7,unintelligebl,1,1,1,1,1,1,1,4,4,1,1,2,2,1,4,1,4,NA,NA,NA,NA,NA,1,1,3,2,M,Muslim,1,3,3,1,1,1,1,1,1,1,1,2,NA,7,NA,NA,NA,NA,NA,1,1,5,3,7,7,4,NA,1,1,B3,Z04C04,4C,3B,5/1/2007,NA,1/14/2016,8.712328767
370,B0305,3,B,3B,Hindu,Friends,Friend1,1,6,M,5,NA,7,6,NA,6,5,5,7,7,6,7,6,8,NA,1,2,1,1,1,1,1,2,1,1,1,3,1,NA,4,4,4,NA,NA,NA,NA,NA,1,1,1,2,M,Hindu,4,1,1,1,1,1,3,NA,2,4,1,5,2,1,NA,NA,NA,NA,NA,1,1,5,5,7,1,7,1,1,1,B3,Z04C05,4C,3B,10/7/2007,NA,1/14/2016,8.276712329
377,B0306,3,B,3B,Hindu,Friends,Friend1,1,5,M,6,NA,7,1,NA,7,1,7,6,2,3,7,4,8,NA,1,4,1,1,1,1,1,4,3,NA,2,4,1,1,5,2,1,NA,NA,NA,NA,NA,1,1,5,5,M,Hindu,2,1,1,1,1,1,1,1,1,3,NA,4,4,4,NA,NA,NA,NA,NA,1,1,1,2,7,6,6,5,1,1,B3,Z04C06,4C,3B,1/30/2007,NA,1/14/2016,8.961643836
383,B0307,3,B,3B,Hindu,Friends,Friend1,1,24,M,7,NA,7,7,NA,7,1,7,7,7,4,6,1,2,NA,1,3,1,1,1,4,1,4,4,1,5,3,1,1,4,2,1,NA,NA,NA,NA,NA,1,3,5,3,M,Hindu,1,4,1,1,2,1,3,1,2,5,1,2,4,2,NA,NA,NA,NA,NA,1,1,4,5,7,1,7,1,1,1,B3,NA,NA,3B,NA,NA,1/14/2016,NA
389,B0308,3,B,3B,Muslim,Friends,Friend1,1,4,M,8,NA,7,4,NA,4,7,7,7,4,6,4,4,NA,NA,1,3,2,1,1,3,1,1,4,3,1,1,2,NA,4,3,2,NA,NA,NA,NA,NA,1,1,5,3,M,Muslim,1,1,1,1,1,1,4,1,1,2,1,4,1,4,NA,NA,NA,NA,NA,1,1,3,2,6,5,1,6,1,1,B3,Z04C08,4C,3B,11/6/2007,NA,1/14/2016,8.194520548
394,B0309,3,B,3B,Muslim,Friends,Friend1,1,8,M,9,NA,6,2,NA,1,6,6,6,NA,1,6,1,7,NA,1,1,2,1,1,1,1,4,NA,1,1,NA,2,1,7,6,6,NA,NA,NA,NA,NA,4,5,1,1,M,Muslim,3,2,1,1,3,1,4,3,1,1,NA,4,3,2,NA,NA,NA,NA,NA,1,1,5,3,7,4,4,7,1,1,B3,Z04C09,4C,3B,1/14/2008,NA,1/14/2016,8.005479452
400,B0310,3,B,3B,Hindu,Friends,Friend1,1,7,M,10,NA,7,1,NA,7,1,7,7,4,6,7,7,8,NA,1,2,1,2,1,1,1,1,4,1,1,1,1,NA,4,1,4,NA,NA,NA,NA,NA,1,1,NA,2,M,Hindu,3,1,1,1,4,1,4,1,5,3,1,4,2,1,NA,NA,NA,NA,NA,1,3,5,3,7,7,7,1,1,1,B3,Z04C10,4C,3B,8/19/2007,NA,1/14/2016,8.410958904
407,B0311,3,B,3B,Hindu,Friends,Friend1,1,10,M,11,NA,7,1,NA,7,4,7,7,1,4,7,1,8,NA,1,1,5,3,5,5,1,3,1,1,4,2,1,1,4,1,1,NA,NA,NA,NA,NA,1,1,5,5,M,Hindu,2,1,2,1,1,1,4,1,1,1,NA,4,1,4,NA,NA,NA,NA,NA,1,1,NA,2,7,1,7,1,1,1,B3,NA,NA,3B,NA,NA,1/14/2016,NA
411,B0312,3,B,3B,Muslim,Friends,Friend1,1,1,M,12,NA,7,1,NA,NA,7,7,6,7,1,1,7,8,NA,1,NA,5,1,1,1,NA,2,4,NA,1,1,2,1,3,3,3,NA,NA,NA,NA,NA,NA,4,3,NA,M,Muslim,1,3,3,1,1,1,1,1,1,1,1,2,NA,7,NA,NA,NA,NA,NA,1,1,5,3,7,7,4,NA,1,1,B3,Z04C11,4C,3B,5/12/2008,NA,1/14/2016,7.679452055
418,B0313,3,B,3B,Hindu,Friends,Friend1,1,3,M,13,NA,NA,1,NA,7,2,7,7,NA,6,1,7,2,NA,1,2,2,2,1,2,1,NA,2,1,5,2,1,1,2,2,2,NA,NA,NA,NA,NA,4,2,NA,3,M,Hindu,1,2,1,1,2,1,5,1,1,4,4,4,4,4,NA,NA,NA,NA,NA,1,5,1,5,1,2,NA,1,1,1,B3,NA,NA,3B,NA,NA,1/14/2016,NA
425,B0314,3,B,3B,Muslim,Friends,Friend1,1,3,M,14,NA,7,7,NA,1,7,4,7,7,1,4,7,8,NA,1,1,1,1,1,1,1,2,3,1,1,1,2,1,4,2,4,NA,NA,NA,NA,NA,NA,5,5,5,M,Hindu,1,2,1,1,2,1,5,1,1,4,4,4,4,4,NA,NA,NA,NA,NA,1,5,1,5,1,2,NA,1,1,0,B3,Z04C12,4C,3B,7/12/2007,NA,1/14/2016,8.515068493
432,B0315,3,B,3B,Muslim,Friends,Friend1,1,4,M,15,NA,7,3,NA,1,7,6,7,2,6,6,6,7,NA,1,1,1,1,1,1,1,4,2,1,1,4,2,1,4,2,4,NA,NA,NA,NA,NA,1,1,3,2,M,Muslim,1,1,1,1,1,1,4,1,1,2,1,4,1,4,NA,NA,NA,NA,NA,1,1,3,2,6,5,1,6,1,1,B3,Z04C13,4C,3B,11/7/2007,NA,1/14/2016,8.191780822
439,B0316,3,B,3B,Muslim,Friends,Friend1,1,10,M,16,NA,7,NA,NA,7,NA,7,NA,1,7,1,4,3,voishya,2,2,2,1,3,1,1,3,4,2,4,2,2,3,3,3,4,NA,NA,NA,NA,NA,NA,1,2,5,M,Hindu,2,1,2,1,1,1,4,1,1,1,NA,4,1,4,NA,NA,NA,NA,NA,1,1,NA,2,7,1,7,1,1,0,B3,NA,NA,3B,NA,NA,1/14/2016,NA
441,B0317,3,B,3B,Muslim,Friends,Friend1,1,1,M,17,NA,7,1,NA,1,7,4,7,7,1,4,7,7,jamati,1,5,2,3,1,4,1,2,1,5,4,1,2,1,7,1,6,NA,NA,NA,NA,NA,1,1,2,5,M,Muslim,1,3,3,1,1,1,1,1,1,1,1,2,NA,7,NA,NA,NA,NA,NA,1,1,5,3,7,7,4,NA,1,1,B3,Z04C14,4C,3B,8/28/2007,NA,1/14/2016,8.38630137
448,B0318,3,B,3B,Muslim,Friends,Friend1,1,1,M,18,NA,7,1,NA,1,7,5,7,5,1,1,5,7,sunni,1,3,1,1,1,1,1,2,4,1,1,1,2,1,4,1,1,NA,NA,NA,NA,NA,2,5,2,1,M,Muslim,1,3,3,1,1,1,1,1,1,1,1,2,NA,7,NA,NA,NA,NA,NA,1,1,5,3,7,7,4,NA,1,1,B3,Z04C15,4C,3B,10/24/2007,NA,1/14/2016,8.230136986
451,B0319,3,B,3B,Hindu,Friends,Friend1,1,4,M,19,NA,NA,6,NA,NA,NA,1,NA,3,NA,NA,6,8,NA,1,NA,NA,NA,1,2,NA,1,NA,NA,NA,NA,1,NA,7,6,7,NA,NA,NA,NA,NA,2,NA,NA,NA,M,Muslim,1,1,1,1,1,1,4,1,1,2,1,4,1,4,NA,NA,NA,NA,NA,1,1,3,2,6,5,1,6,1,0,B3,Z04C17,4C,3B,5/9/2008,NA,1/14/2016,7.687671233
458,B0320,3,B,3B,Muslim,Friends,Friend1,1,14,M,20,NA,7,1,NA,1,7,2,7,7,1,NA,2,7,sunni,1,1,1,1,4,1,1,2,4,1,1,1,2,1,4,1,1,NA,NA,NA,NA,NA,4,5,1,1,M,Muslim,1,1,1,1,1,1,3,1,1,1,1,4,2,4,NA,NA,NA,NA,NA,NA,5,5,5,7,7,1,7,1,1,B3,Z04C18,4C,3B,2/15/2007,NA,1/14/2016,8.917808219
460,B0321,3,B,3B,Muslim,Friends,Friend1,1,4,M,21,NA,7,1,NA,2,7,1,2,1,5,2,2,7,suni,1,5,2,1,1,1,1,2,2,1,1,5,2,1,5,NA,7,NA,NA,NA,NA,NA,1,1,5,5,M,Muslim,1,1,1,1,1,1,4,1,1,2,1,4,1,4,NA,NA,NA,NA,NA,1,1,3,2,6,5,1,6,1,1,B3,Z04C19,4C,3B,3/31/2008,NA,1/14/2016,7.794520548
464,B0322,3,B,3B,Hindu,Friends,Friend1,1,8,M,22,NA,7,6,NA,7,6,7,5,6,7,6,4,8,NA,1,2,1,1,1,1,1,1,1,1,1,1,1,1,4,5,4,NA,NA,NA,NA,NA,2,NA,NA,5,M,Muslim,3,2,1,1,3,1,4,3,1,1,NA,4,3,2,NA,NA,NA,NA,NA,1,1,5,3,7,4,4,7,1,0,B3,Z04C20,4C,3B,9/1/2007,NA,1/14/2016,8.375342466
467,B0323,3,B,3B,Hindu,Friends,Friend1,1,7,M,23,NA,6,2,NA,7,3,7,7,3,3,5,7,NA,mistry,1,1,1,1,1,1,1,1,3,1,1,1,1,1,4,4,1,NA,NA,NA,NA,NA,1,4,1,1,M,Hindu,3,1,1,1,4,1,4,1,5,3,1,4,2,1,NA,NA,NA,NA,NA,1,3,5,3,7,7,7,1,1,1,B3,Z04C21,4C,3B,3/1/2007,NA,1/14/2016,8.879452055
474,B0324,3,B,3B,Hindu,Friends,Friend1,1,7,M,24,NA,7,1,NA,7,1,6,6,4,4,1,4,8,NA,1,1,4,1,1,2,1,1,3,1,2,5,1,1,2,4,2,NA,NA,NA,NA,NA,1,1,4,5,M,Hindu,3,1,1,1,4,1,4,1,5,3,1,4,2,1,NA,NA,NA,NA,NA,1,3,5,3,7,7,7,1,1,1,B3,Z04C22,4C,3B,4/26/2007,NA,1/14/2016,8.726027397
479,B0325,3,B,3B,Muslim,Friends,Friend1,1,7,M,25,NA,7,1,NA,1,7,1,1,1,1,7,7,8,NA,NA,5,5,1,1,1,1,1,4,1,1,NA,2,NA,1,1,1,NA,NA,NA,NA,NA,1,3,1,3,M,Hindu,3,1,1,1,4,1,4,1,5,3,1,4,2,1,NA,NA,NA,NA,NA,1,3,5,3,7,7,7,1,1,0,B3,Z04C23,4C,3B,7/16/2007,NA,1/14/2016,8.504109589
486,B0326,3,B,3B,Muslim,Friends,Friend1,1,1,M,26,NA,7,6,NA,5,7,2,5,3,7,5,7,8,NA,1,3,3,4,3,2,2,2,3,2,4,4,2,2,1,2,3,NA,NA,NA,NA,NA,1,3,1,3,M,Muslim,1,3,3,1,1,1,1,1,1,1,1,2,NA,7,NA,NA,NA,NA,NA,1,1,5,3,7,7,4,NA,1,1,B3,Z04C24,4C,3B,1/10/2008,NA,1/14/2016,8.016438356
493,B0327,3,B,3B,Hindu,Friends,Friend1,1,8,M,27,NA,7,1,NA,6,1,6,7,2,1,4,1,8,NA,1,1,1,1,2,2,1,1,1,NA,5,2,1,1,4,2,4,NA,NA,NA,NA,NA,1,1,2,1,M,Muslim,3,2,1,1,3,1,4,3,1,1,NA,4,3,2,NA,NA,NA,NA,NA,1,1,5,3,7,4,4,7,1,0,B3,Z04C25,4C,3B,3/19/2008,NA,1/14/2016,7.82739726
499,B0328,3,B,3B,Hindu,Friends,Friend1,1,10,M,28,NA,7,7,NA,6,1,7,7,7,7,1,7,2,NA,2,1,1,1,1,1,1,1,1,1,1,1,1,1,4,7,7,NA,NA,NA,NA,NA,1,2,1,3,M,Hindu,2,1,2,1,1,1,4,1,1,1,NA,4,1,4,NA,NA,NA,NA,NA,1,1,NA,2,7,1,7,1,1,1,B3,NA,NA,3B,NA,NA,1/14/2016,NA
507,B0329,3,B,3B,Hindu,Friends,Friend1,1,17,M,29,NA,6,4,NA,6,3,4,1,6,5,4,6,8,patel,1,1,1,1,1,2,1,1,3,1,1,5,1,1,2,3,2,NA,NA,NA,NA,NA,NA,1,2,5,M,Muslim,5,2,3,1,4,1,1,5,4,1,1,7,1,6,NA,NA,NA,NA,NA,1,1,2,5,7,1,1,7,1,0,B3,Z04C26,4C,3B,11/22/2007,NA,1/14/2016,8.150684932
510,B0330,3,B,3B,Hindu,Friends,Friend1,1,5,M,30,NA,NA,2,NA,7,4,7,6,1,1,7,4,8,NA,NA,4,1,1,1,1,3,1,5,2,2,4,1,1,2,4,4,NA,NA,NA,NA,NA,1,1,1,5,M,Hindu,2,1,1,1,1,1,1,1,1,3,NA,4,4,4,NA,NA,NA,NA,NA,1,1,1,2,7,6,6,5,1,1,B3,Z04C27,4C,3B,5/13/2008,NA,1/14/2016,7.676712329
514,B0331,3,B,3B,Muslim,Friends,Friend1,1,9,M,31,NA,7,7,NA,4,7,4,7,4,1,4,7,7,NA,2,1,1,1,1,1,3,4,4,1,NA,1,2,NA,4,1,4,NA,NA,NA,NA,NA,5,1,5,5,M,Muslim,1,2,1,1,1,1,NA,1,1,NA,1,7,6,6,NA,NA,NA,NA,NA,4,5,1,1,6,2,1,6,1,1,B3,NA,NA,3B,NA,NA,1/14/2016,NA
521,B0332,3,B,3B,Muslim,Friends,Friend1,1,1,M,32,NA,6,5,NA,1,6,1,5,5,5,5,3,8,pathan,1,2,1,1,1,1,1,2,3,5,5,1,2,1,4,4,4,NA,NA,NA,NA,NA,1,1,3,3,M,Muslim,1,3,3,1,1,1,1,1,1,1,1,2,NA,7,NA,NA,NA,NA,NA,1,1,5,3,7,7,4,NA,1,1,B3,Z04C29,4C,3B,2/2/2008,NA,1/14/2016,7.953424658
528,B0333,3,B,3B,Hindu,Friends,Friend1,1,5,M,33,NA,7,1,NA,7,1,7,7,1,6,1,5,8,NA,1,1,1,1,2,1,1,2,4,1,5,1,1,1,4,NA,1,NA,NA,NA,NA,NA,1,1,2,5,M,Hindu,2,1,1,1,1,1,1,1,1,3,NA,4,4,4,NA,NA,NA,NA,NA,1,1,1,2,7,6,6,5,1,1,B3,Z04C30,4C,3B,4/24/2008,NA,1/14/2016,7.728767123
533,B0334,3,B,3B,Hindu,Friends,Friend1,1,7,M,34,NA,7,5,NA,6,5,7,7,3,3,3,7,8,NA,1,3,3,1,1,2,2,4,1,1,1,5,1,1,2,1,1,NA,NA,NA,NA,NA,5,5,2,5,M,Hindu,3,1,1,1,4,1,4,1,5,3,1,4,2,1,NA,NA,NA,NA,NA,1,3,5,3,7,7,7,1,1,1,B3,NA,NA,3B,NA,NA,1/14/2016,NA
540,B0335,3,B,3B,Hindu,Friends,Friend1,1,7,M,35,NA,7,7,NA,7,1,7,1,1,1,1,6,6,NA,1,1,1,1,1,1,1,1,3,1,4,1,1,1,2,3,7,NA,NA,NA,NA,NA,1,1,5,5,M,Hindu,3,1,1,1,4,1,4,1,5,3,1,4,2,1,NA,NA,NA,NA,NA,1,3,5,3,7,7,7,1,1,1,B3,Z04C31,4C,3B,6/7/2006,NA,1/14/2016,9.610958904
544,B0336,3,B,3B,Hindu,Friends,Friend1,1,4,M,36,NA,6,5,NA,NA,1,NA,7,1,2,5,NA,8,NA,1,2,1,1,1,2,1,2,4,3,1,4,1,1,7,3,1,NA,NA,NA,NA,NA,1,4,5,5,M,Muslim,1,1,1,1,1,1,4,1,1,2,1,4,1,4,NA,NA,NA,NA,NA,1,1,3,2,6,5,1,6,1,0,B3,Z04C32,4C,3B,9/17/2006,NA,1/14/2016,9.331506849
551,B0337,3,B,3B,Muslim,Friends,Friend1,1,1,M,37,NA,7,7,NA,1,7,7,7,1,7,7,4,NA,JAMATI,2,2,1,1,1,2,1,1,5,1,4,2,2,1,4,3,NA,NA,NA,NA,NA,NA,2,1,3,5,M,Muslim,1,3,3,1,1,1,1,1,1,1,1,2,NA,7,NA,NA,NA,NA,NA,1,1,5,3,7,7,4,NA,1,1,B3,Z04C34,4C,3B,11/2/2007,NA,1/14/2016,8.205479452
556,B0338,3,B,3B,Muslim,Friends,Friend1,1,1,M,38,NA,7,4,NA,1,7,7,6,1,5,7,7,7,NA,1,1,2,1,1,1,1,2,3,2,1,2,2,1,4,1,4,NA,NA,NA,NA,NA,1,1,5,5,M,Muslim,1,3,3,1,1,1,1,1,1,1,1,2,NA,7,NA,NA,NA,NA,NA,1,1,5,3,7,7,4,NA,1,1,B3,Z04B32,4B,3B,10/20/2007,NA,1/14/2016,8.24109589
563,B0339,3,B,3B,Muslim,Friends,Friend1,1,1,M,39,NA,7,1,NA,2,7,6,6,1,1,6,1,7,shaikh,1,1,1,3,1,2,1,2,4,5,1,2,2,1,4,2,2,NA,NA,NA,NA,NA,5,5,1,3,M,Muslim,1,3,3,1,1,1,1,1,1,1,1,2,NA,7,NA,NA,NA,NA,NA,1,1,5,3,7,7,4,NA,1,1,B3,Z04C35,4C,3B,2/28/2007,NA,1/14/2016,8.882191781
568,B0340,3,B,3B,Muslim,Friends,Friend1,1,3,M,40,NA,7,7,NA,2,7,7,6,2,5,2,6,7,shaikh,1,1,1,1,2,2,2,2,1,1,1,NA,2,1,4,4,4,NA,NA,NA,NA,NA,1,1,3,5,M,Hindu,1,2,1,1,2,1,5,1,1,4,4,4,4,4,NA,NA,NA,NA,NA,1,5,1,5,1,2,NA,1,1,0,B3,Z04C36,4C,3B,4/1/2008,NA,1/14/2016,7.791780822
575,B0341,3,B,3B,Muslim,Friends,Friend1,1,1,M,41,NA,7,1,NA,1,7,4,7,4,4,7,1,7,shaikh,1,2,1,2,1,1,1,2,1,1,1,1,2,1,4,1,4,NA,NA,NA,NA,NA,1,1,5,5,M,Muslim,1,3,3,1,1,1,1,1,1,1,1,2,NA,7,NA,NA,NA,NA,NA,1,1,5,3,7,7,4,NA,1,1,B3,Z04C37,4C,3B,10/22/2007,NA,1/14/2016,8.235616438
579,B0342,3,B,3B,Hindu,Friends,Friend1,1,3,M,42,NA,7,5,NA,7,5,5,6,5,5,1,7,8,NA,1,1,1,1,1,1,1,4,1,1,2,1,1,NA,7,2,1,NA,NA,NA,NA,NA,1,NA,2,2,M,Hindu,1,2,1,1,2,1,5,1,1,4,4,4,4,4,NA,NA,NA,NA,NA,1,5,1,5,1,2,NA,1,1,1,B3,Z04C38,4C,3B,2/14/2007,NA,1/14/2016,8.920547945
586,B0343,3,B,3B,Hindu,Friends,Friend1,1,1,M,43,NA,6,1,NA,7,4,1,6,NA,6,7,6,8,NA,2,1,1,1,1,1,NA,1,4,3,5,2,1,1,3,2,3,NA,NA,NA,NA,NA,1,3,NA,3,M,Muslim,1,3,3,1,1,1,1,1,1,1,1,2,NA,7,NA,NA,NA,NA,NA,1,1,5,3,7,7,4,NA,1,0,B3,Z04C39,4C,3B,1/23/2008,NA,1/14/2016,7.980821918
591,B0344,3,B,3B,Muslim,Friends,Friend1,1,1,M,44,NA,1,6,NA,3,7,1,6,2,2,6,6,8,NA,1,2,1,1,5,2,4,4,4,1,2,2,2,1,4,1,2,NA,NA,NA,NA,NA,2,1,1,3,M,Muslim,1,3,3,1,1,1,1,1,1,1,1,2,NA,7,NA,NA,NA,NA,NA,1,1,5,3,7,7,4,NA,1,1,B3,Z04C40,4C,3B,8/21/2007,NA,1/14/2016,8.405479452
594,B0345,3,B,3B,Hindu,Friends,Friend1,1,25,M,45,NA,7,6,NA,6,5,5,7,7,6,7,6,8,NA,1,2,1,1,1,1,1,2,1,1,1,3,1,NA,4,4,4,NA,NA,NA,NA,NA,1,1,1,3,M,Muslim,5,5,1,1,1,1,4,1,1,NA,NA,1,1,1,NA,NA,NA,NA,NA,1,3,1,3,7,1,1,7,1,0,B3,Z04C41,4C,3B,2/1/2008,NA,1/14/2016,7.956164384
597,B0347,3,B,3B,Muslim,Friends,Friend1,1,1,M,47,NA,7,6,NA,1,7,1,6,6,6,4,6,8,NA,1,3,2,2,2,2,1,2,3,1,1,4,2,1,4,4,4,NA,NA,NA,NA,NA,2,NA,NA,5,M,Muslim,1,3,3,1,1,1,1,1,1,1,1,2,NA,7,NA,NA,NA,NA,NA,1,1,5,3,7,7,4,NA,1,1,B3,Z04B40,4B,3B,8/10/2007,NA,1/14/2016,8.435616438
601,B0348,3,B,3B,Muslim,Friends,Friend1,1,59,F,48,NA,1,7,NA,4,7,7,7,1,1,4,1,7,NA,2,1,1,1,1,1,1,2,1,1,4,5,2,1,1,1,1,NA,NA,NA,NA,NA,3,1,5,5,F,Hindu,2,2,1,1,1,1,3,1,4,2,1,4,3,3,NA,NA,NA,NA,NA,1,1,5,2,5,7,1,2,1,0,B3,Z04C42,4C,3B,6/9/2005,NA,1/14/2016,10.60547945
608,B0349,3,B,3B,other,Friends,Friend1,1,50,F,49,NA,1,7,NA,NA,5,1,7,5,1,7,5,1,NA,2,4,1,1,1,4,1,1,4,5,1,4,3,NA,4,2,2,NA,NA,NA,NA,NA,4,4,5,4,F,Hindu,2,2,1,2,1,3,3,1,2,4,1,4,3,4,NA,NA,NA,NA,NA,2,1,4,5,5,7,7,2,1,0,B3,Z04C43,4C,3B,11/24/2007,NA,1/14/2016,8.145205479
611,B0350,3,B,3B,Hindu,Friends,Friend1,1,49,F,50,NA,5,7,NA,7,2,4,6,2,7,4,7,8,NA,2,2,2,1,2,1,3,1,3,1,2,4,1,1,4,3,4,NA,NA,NA,NA,NA,2,1,4,5,F,other,4,1,1,1,4,1,4,5,1,4,NA,4,2,2,NA,NA,NA,NA,NA,4,4,5,4,1,7,NA,5,1,0,B3,Z04C44,4C,3B,3/9/2008,NA,1/14/2016,7.854794521
618,B0351,3,B,3B,Hindu,Friends,Friend1,1,53,F,51,NA,4,7,NA,7,2,7,7,1,2,6,1,8,NA,2,1,1,1,1,1,1,1,4,4,3,2,1,1,4,2,1,NA,NA,NA,NA,NA,1,1,3,5,F,Hindu,1,1,1,1,1,1,4,1,3,1,1,3,2,2,NA,NA,NA,NA,NA,1,5,5,5,4,7,7,2,1,1,B3,Z04C45,4C,3B,7/5/2007,NA,1/14/2016,8.534246575
625,B0352,3,B,3B,Muslim,Friends,Friend1,1,48,F,52,NA,7,7,NA,1,7,4,7,7,1,4,7,8,NA,2,1,1,1,1,1,1,2,4,1,1,1,2,1,4,1,4,NA,NA,NA,NA,NA,4,4,5,5,F,Muslim,1,1,1,1,1,1,1,1,4,5,1,1,1,1,NA,NA,NA,NA,NA,3,1,5,5,1,7,4,7,1,1,B3,Z04B47,4B,3B,8/3/2007,NA,1/14/2016,8.454794521
627,B0353,3,B,3B,Hindu,Friends,Friend1,1,50,F,53,NA,4,7,NA,7,2,7,7,2,4,2,6,1,NA,2,1,1,1,1,1,1,2,4,1,3,1,1,1,3,2,2,NA,NA,NA,NA,NA,1,5,5,5,F,Hindu,2,2,1,2,1,3,3,1,2,4,1,4,3,4,NA,NA,NA,NA,NA,2,1,4,5,5,7,7,2,1,1,B3,NA,NA,3B,NA,NA,1/14/2016,NA
634,B0354,3,B,3B,Muslim,Friends,Friend1,1,51,F,54,NA,1,7,NA,1,7,7,7,1,1,1,7,5,sone,2,1,NA,5,3,1,3,1,2,1,1,1,2,1,2,5,4,NA,NA,NA,NA,NA,1,5,1,5,F,Hindu,1,1,1,1,1,1,4,4,3,2,1,4,2,1,NA,NA,NA,NA,NA,1,1,3,5,4,7,7,2,1,0,B3,NA,NA,3B,NA,NA,1/14/2016,NA
636,B0355,3,B,3B,Muslim,Friends,Friend1,1,1,F,55,NA,1,7,NA,2,7,NA,NA,7,1,7,1,NA,mngre,2,1,1,3,1,1,1,NA,1,1,1,1,2,1,2,1,7,NA,NA,NA,NA,NA,1,NA,NA,3,M,Muslim,1,3,3,1,1,1,1,1,1,1,1,2,NA,7,NA,NA,NA,NA,NA,1,1,5,3,7,7,4,NA,0,1,B3,Z04C48,4C,3B,8/8/2007,NA,1/14/2016,8.44109589
646,B0356,3,B,3B,Hindu,Friends,Friend1,1,51,F,56,NA,6,7,NA,7,7,7,7,6,6,6,7,8,NA,2,2,1,1,1,1,1,3,1,3,1,2,1,NA,4,4,4,NA,NA,NA,NA,NA,1,1,1,3,F,Hindu,1,1,1,1,1,1,4,4,3,2,1,4,2,1,NA,NA,NA,NA,NA,1,1,3,5,4,7,7,2,1,1,B3,Z04C49,4C,3B,6/9/2014,NA,1/14/2016,NA
649,B0357,3,B,3B,Hindu,Friends,Friend1,1,60,F,57,NA,4,7,NA,7,5,5,7,4,4,3,4,8,NA,2,1,1,1,2,1,2,2,4,5,5,5,1,4,4,3,4,NA,NA,NA,NA,NA,1,1,4,3,F,Hindu,2,3,2,2,2,2,3,1,1,5,1,2,4,3,NA,NA,NA,NA,NA,1,1,1,2,1,7,6,5,1,1,B3,Z04C50,4C,3B,6/20/2007,NA,1/14/2016,8.575342466
650,B0358,3,B,3B,Hindu,Friends,Friend1,1,52,F,58,NA,2,7,NA,5,1,2,6,6,2,3,5,8,NA,2,1,2,1,1,1,1,1,NA,NA,1,3,1,1,2,7,3,NA,NA,NA,NA,NA,1,1,5,3,F,Muslim,1,1,1,1,1,1,4,1,1,1,1,4,1,4,NA,NA,NA,NA,NA,4,4,5,5,7,7,1,7,1,0,B3,Z04C51,4C,3B,9/4/2007,NA,1/14/2016,8.367123288
659,B0359,3,B,3B,Hindu,Friends,Friend1,1,48,F,59,NA,5,7,NA,1,2,7,7,2,4,5,7,8,NA,2,2,2,1,1,1,1,1,3,1,4,2,1,1,4,3,3,NA,NA,NA,NA,NA,1,1,5,2,F,Muslim,1,1,1,1,1,1,1,1,4,5,1,1,1,1,NA,NA,NA,NA,NA,3,1,5,5,1,7,4,7,1,0,B3,Z04C52,4C,3B,10/29/2007,NA,1/14/2016,8.216438356
666,B0360,3,B,3B,Hindu,Friends,Friend1,1,48,F,60,NA,1,7,NA,6,5,7,5,6,2,1,7,8,NA,2,2,3,2,2,2,2,1,3,1,1,5,1,1,2,4,3,NA,NA,NA,NA,NA,1,1,1,2,F,Muslim,1,1,1,1,1,1,1,1,4,5,1,1,1,1,NA,NA,NA,NA,NA,3,1,5,5,1,7,4,7,1,0,B3,Z04C54,4C,3B,1/15/2007,NA,1/14/2016,9.002739726
673,B0361,3,B,3B,Hindu,Friends,Friend1,1,7,F,61,NA,1,7,NA,7,1,1,7,7,7,1,7,8,NA,2,3,1,1,1,4,1,1,4,NA,4,5,1,1,2,2,7,NA,NA,NA,NA,NA,1,1,1,2,M,Hindu,3,1,1,1,4,1,4,1,5,3,1,4,2,1,NA,NA,NA,NA,NA,1,3,5,3,7,7,7,1,0,1,B3,NA,NA,3B,NA,NA,1/14/2016,NA
680,B0362,3,B,3B,other,Friends,Friend1,1,28,F,62,NA,1,7,NA,7,1,1,5,1,1,1,4,8,NA,2,1,4,5,1,4,1,4,5,1,1,1,3,1,6,7,5,NA,NA,NA,NA,NA,5,1,5,1,M,Hindu,1,1,1,1,1,1,1,1,1,1,1,4,7,7,NA,NA,NA,NA,NA,1,2,1,3,7,7,6,1,0,0,B3,Z04C55,4C,3B,2/2/2008,NA,1/14/2016,7.953424658
689,B0363,3,B,3B,Hindu,Friends,Friend1,1,53,F,63,NA,1,7,NA,7,1,4,7,4,1,4,7,7,NA,2,1,1,1,1,1,1,1,5,4,1,3,1,3,4,4,4,NA,NA,NA,NA,NA,2,2,5,5,F,Hindu,1,1,1,1,1,1,4,1,3,1,1,3,2,2,NA,NA,NA,NA,NA,1,5,5,5,4,7,7,2,1,1,B3,Z04C57,4C,3B,1/4/2007,NA,1/14/2016,9.032876712
692,B0364,3,B,3B,Hindu,Friends,Friend1,1,48,F,64,NA,1,7,NA,7,NA,7,7,4,6,2,5,8,NA,2,1,1,1,1,1,1,1,4,1,5,1,1,1,4,1,1,NA,NA,NA,NA,NA,1,1,2,5,F,Muslim,1,1,1,1,1,1,1,1,4,5,1,1,1,1,NA,NA,NA,NA,NA,3,1,5,5,1,7,4,7,1,0,B3,NA,NA,3B,NA,NA,1/14/2016,NA
699,B0365,3,B,3B,Hindu,Friends,Friend1,1,24,F,65,NA,1,7,NA,7,1,7,7,1,6,1,NA,1,NA,2,2,1,1,1,1,1,1,2,2,5,1,1,1,4,2,3,NA,NA,NA,NA,NA,1,1,5,5,M,Hindu,1,4,1,1,2,1,3,1,2,5,1,2,4,2,NA,NA,NA,NA,NA,1,1,4,5,7,1,7,1,0,1,B3,Z04C58,4C,3B,7/3/2007,NA,1/14/2016,8.539726027
704,B0366,3,B,3B,Muslim,Friends,Friend1,1,48,F,66,NA,1,7,NA,2,7,7,7,1,NA,7,2,7,saiyed,2,2,1,1,1,2,1,3,3,1,1,1,2,1,4,1,4,NA,NA,NA,NA,NA,1,1,2,5,F,Muslim,1,1,1,1,1,1,1,1,4,5,1,1,1,1,NA,NA,NA,NA,NA,3,1,5,5,1,7,4,7,1,1,B3,Z04C59,4C,3B,3/14/2007,NA,1/14/2016,8.843835616
711,B0367,3,B,3B,Hindu,Friends,Friend1,1,7,F,67,NA,7,7,NA,7,1,6,7,4,1,7,2,3,NA,2,1,5,2,2,4,2,1,1,1,2,5,1,1,1,1,1,NA,NA,NA,NA,NA,2,1,4,3,M,Hindu,3,1,1,1,4,1,4,1,5,3,1,4,2,1,NA,NA,NA,NA,NA,1,3,5,3,7,7,7,1,0,1,B3,Z04C60,4C,3B,8/14/2007,NA,1/14/2016,8.424657534
719,B0368,3,B,3B,Muslim,Friends,Friend1,1,40,F,68,NA,2,1,NA,2,1,1,1,2,2,2,1,7,shia,2,1,2,1,1,2,1,2,3,1,1,1,2,1,4,1,2,NA,NA,NA,NA,NA,1,1,NA,NA,M,Muslim,1,1,1,2,2,2,1,1,1,NA,1,4,4,4,NA,NA,NA,NA,NA,1,1,3,5,7,7,2,7,0,1,B3,NA,NA,3B,NA,NA,1/14/2016,NA
726,B0369,3,B,3B,Hindu,Friends,Friend1,1,48,F,69,NA,1,7,NA,7,1,6,7,1,1,1,6,8,NA,2,3,2,1,1,4,1,2,4,1,3,5,1,1,4,2,2,NA,NA,NA,NA,NA,3,1,5,2,F,Muslim,1,1,1,1,1,1,1,1,4,5,1,1,1,1,NA,NA,NA,NA,NA,3,1,5,5,1,7,4,7,1,0,B3,Z04C62,4C,3B,9/17/2007,NA,1/14/2016,8.331506849
733,B0370,3,B,3B,Hindu,Friends,Friend1,1,50,F,70,NA,NA,7,NA,7,1,7,7,6,6,6,7,1,NA,2,1,1,1,2,2,1,2,3,1,5,3,1,1,4,4,4,NA,NA,NA,NA,NA,1,4,4,3,F,Hindu,2,2,1,2,1,3,3,1,2,4,1,4,3,4,NA,NA,NA,NA,NA,2,1,4,5,5,7,7,2,1,1,B3,Z04C63,4C,3B,11/1/2007,NA,1/14/2016,8.208219178
735,B0371,3,B,3B,Hindu,Friends,Friend1,1,50,F,71,NA,2,7,NA,1,1,2,1,3,5,1,2,8,NA,2,3,1,1,5,5,1,1,3,1,1,5,1,1,4,5,1,NA,NA,NA,NA,NA,1,NA,NA,NA,F,Hindu,2,2,1,2,1,3,3,1,2,4,1,4,3,4,NA,NA,NA,NA,NA,2,1,4,5,5,7,7,2,1,1,B3,Z04C64,4C,3B,4/9/2008,NA,1/14/2016,7.769863014
742,B0372,3,B,3B,Muslim,Friends,Friend1,1,52,F,72,NA,6,7,NA,2,7,4,1,4,1,NA,1,8,NA,2,1,2,1,1,3,1,2,1,1,5,1,2,NA,2,1,2,NA,NA,NA,NA,NA,1,1,5,3,F,Muslim,1,1,1,1,1,1,4,1,1,1,1,4,1,4,NA,NA,NA,NA,NA,4,4,5,5,7,7,1,7,1,1,B3,Z04C65,4C,3B,12/26/2006,NA,1/14/2016,9.057534247
744,B0373,3,B,3B,Hindu,Friends,Friend1,1,25,F,73,NA,6,7,NA,6,1,7,7,6,7,1,6,8,NA,NA,1,1,1,1,1,1,3,1,3,4,2,1,1,1,1,2,NA,NA,NA,NA,NA,2,1,2,1,M,Muslim,5,5,1,1,1,1,4,1,1,NA,NA,1,1,1,NA,NA,NA,NA,NA,1,3,1,3,7,1,1,7,0,0,B3,Z04C66,4C,3B,4/30/2008,NA,1/14/2016,7.712328767
751,C0301,3,C,3C,Hindu,Friends,Friend1,1,2,M,1,NA,7,7,NA,7,1,7,7,1,1,NA,2,8,lrlavlhi,1,1,1,1,1,1,1,NA,2,1,2,1,1,1,2,2,2,NA,NA,NA,NA,NA,NA,NA,3,3,M,Hindu,NA,1,1,1,3,1,1,1,4,1,1,3,5,3,NA,NA,NA,NA,NA,5,5,1,5,7,1,7,NA,1,1,C3,Z04A01,4A,3C,12/9/2007,NA,1/14/2016,8.104109589
755,C0302,3,C,3C,Hindu,Friends,Friend1,1,1,M,2,NA,7,1,NA,7,NA,NA,7,NA,NA,1,1,1,NA,1,NA,1,1,1,3,1,4,1,1,4,1,1,1,3,5,3,NA,NA,NA,NA,NA,5,5,1,5,M,Hindu,1,1,1,1,1,1,2,1,2,1,1,2,2,2,NA,NA,NA,NA,NA,NA,NA,3,3,7,7,7,1,1,1,C3,Z04A02,4A,3C,3/25/2008,NA,1/14/2016,7.810958904
763,C0303,3,C,3C,Hindu,Friends,Friend1,1,1,M,3,NA,NA,NA,NA,6,1,7,NA,NA,2,NA,NA,8,NA,1,5,4,NA,3,2,1,1,3,1,4,2,1,1,4,NA,NA,NA,NA,NA,NA,NA,2,1,5,1,M,Hindu,1,1,1,1,1,1,2,1,2,1,1,2,2,2,NA,NA,NA,NA,NA,NA,NA,3,3,7,7,7,1,1,1,C3,Z04A03,4A,3C,11/13/2007,NA,1/14/2016,8.175342466
770,C0304,3,C,3C,Muslim,Friends,Friend1,1,1,M,4,NA,7,1,NA,NA,7,7,3,5,6,NA,7,8,NA,1,2,2,1,2,4,1,1,3,1,1,1,2,1,2,5,7,NA,NA,NA,NA,NA,5,5,1,1,M,Hindu,1,1,1,1,1,1,2,1,2,1,1,2,2,2,NA,NA,NA,NA,NA,NA,NA,3,3,7,7,7,1,1,0,C3,Z04A04,4A,3C,8/10/2007,NA,1/14/2016,8.435616438
777,C0305,3,C,3C,Muslim,Friends,Friend1,1,14,M,5,NA,6,1,NA,6,6,1,6,6,1,6,6,8,NA,NA,2,1,1,2,4,1,1,1,1,3,3,2,NA,4,4,4,NA,NA,NA,NA,NA,1,1,NA,4,M,Hindu,1,2,NA,2,NA,4,4,1,1,2,NA,4,4,4,NA,NA,NA,NA,NA,1,1,NA,4,5,4,6,1,1,0,C3,Z04A05,4A,3C,1/18/2007,NA,1/14/2016,8.994520548
780,C0306,3,C,3C,Muslim,Friends,Friend1,1,5,M,6,NA,1,1,NA,3,NA,NA,1,NA,1,1,NA,NA,NA,1,NA,NA,1,1,1,1,1,3,NA,2,1,2,1,NA,3,NA,NA,NA,NA,NA,NA,1,NA,NA,1,M,Muslim,2,1,1,2,4,1,1,1,3,3,NA,4,4,4,NA,NA,NA,NA,NA,1,1,NA,4,6,1,6,6,1,1,C3,Z04A06,4A,3C,1/29/2008,NA,1/14/2016,7.964383562
784,C0307,3,C,3C,Muslim,Friends,Friend1,1,4,M,7,NA,7,4,NA,2,7,4,7,4,4,NA,4,8,NA,1,4,4,1,1,4,1,1,5,1,5,1,2,1,2,1,3,NA,NA,NA,NA,NA,5,1,3,1,M,Muslim,2,2,1,2,4,1,3,1,1,1,1,2,5,7,NA,NA,NA,NA,NA,5,5,1,1,7,1,NA,7,1,1,C3,Z04A07,4A,3C,3/16/2008,NA,1/14/2016,7.835616438
789,C0308,3,C,3C,Hindu,Friends,Friend1,1,1,M,8,NA,6,2,NA,6,2,6,6,2,2,2,6,8,NA,1,3,2,1,1,2,1,1,3,1,1,1,1,1,4,4,4,NA,NA,NA,NA,NA,5,5,5,1,M,Hindu,1,1,1,1,1,1,2,1,2,1,1,2,2,2,NA,NA,NA,NA,NA,NA,NA,3,3,7,7,7,1,1,1,C3,Z04A08,4A,3C,9/8/2007,NA,1/14/2016,8.356164384
796,C0309,3,C,3C,Muslim,Friends,Friend1,1,8,M,9,NA,7,NA,NA,NA,7,7,7,NA,NA,NA,NA,8,2,1,NA,1,1,1,NA,1,2,NA,NA,2,1,2,2,4,4,4,NA,NA,NA,NA,NA,1,NA,NA,5,M,Hindu,3,2,1,1,2,1,3,1,1,1,1,4,4,4,NA,NA,NA,NA,NA,5,5,5,1,6,2,6,2,1,0,C3,Z04A09,4A,3C,11/15/2007,NA,1/14/2016,8.169863014
803,C0310,3,C,3C,Muslim,Friends,Friend1,1,7,M,10,NA,2,2,NA,2,3,2,2,3,3,3,2,7,NA,1,2,2,1,5,1,5,2,3,2,1,3,2,1,4,7,4,NA,NA,NA,NA,NA,1,4,3,2,M,Muslim,4,4,1,1,4,1,5,1,5,1,1,2,1,3,NA,NA,NA,NA,NA,5,1,3,1,7,4,2,7,1,1,C3,Z04A10,4A,3C,6/26/2007,NA,1/14/2016,8.55890411
805,C0311,3,C,3C,Muslim,Friends,Friend1,1,1,M,11,NA,NA,NA,NA,NA,NA,2,NA,NA,5,NA,NA,1,NA,1,2,NA,1,1,4,1,2,NA,1,1,NA,2,1,NA,NA,NA,NA,NA,NA,NA,NA,1,1,5,5,M,Hindu,1,1,1,1,1,1,2,1,2,1,1,2,2,2,NA,NA,NA,NA,NA,NA,NA,3,3,7,7,7,1,1,0,C3,NA,NA,3C,NA,NA,1/14/2016,NA
812,C0312,3,C,3C,Muslim,Friends,Friend1,1,7,M,12,NA,NA,1,NA,NA,NA,NA,NA,1,1,NA,NA,8,NA,1,1,1,1,1,4,1,1,1,NA,NA,1,2,1,2,1,NA,NA,NA,NA,NA,NA,NA,NA,NA,NA,M,Muslim,4,4,1,1,4,1,5,1,5,1,1,2,1,3,NA,NA,NA,NA,NA,5,1,3,1,7,4,2,7,1,1,C3,Z04A12,4A,3C,7/17/2007,NA,1/14/2016,8.501369863
819,C0313,3,C,3C,Hindu,Friends,Friend1,1,8,M,13,NA,7,1,NA,7,5,6,5,1,1,1,1,8,NA,1,1,NA,1,1,2,1,1,1,1,3,1,1,1,4,4,4,NA,NA,NA,NA,NA,1,1,1,5,M,Hindu,3,2,1,1,2,1,3,1,1,1,1,4,4,4,NA,NA,NA,NA,NA,5,5,5,1,6,2,6,2,1,1,C3,Z04A13,4A,3C,1/4/2008,NA,1/14/2016,8.032876712
824,C0314,3,C,3C,Hindu,Friends,Friend1,1,4,M,14,NA,5,4,NA,6,1,3,NA,2,5,3,3,NA,NA,1,1,2,NA,2,NA,4,NA,4,1,1,2,1,NA,4,4,4,NA,NA,NA,NA,NA,1,1,NA,4,M,Muslim,2,2,1,2,4,1,3,1,1,1,1,2,5,7,NA,NA,NA,NA,NA,5,5,1,1,7,1,NA,7,1,0,C3,Z04A14,4A,3C,9/28/2007,NA,1/14/2016,8.301369863
828,C0315,3,C,3C,Hindu,Friends,Friend1,1,1,M,15,NA,6,3,NA,5,2,2,6,3,2,6,4,7,urou,1,2,1,1,1,5,1,NA,1,1,1,1,1,1,3,2,2,NA,NA,NA,NA,NA,NA,1,1,NA,M,Hindu,1,1,1,1,1,1,2,1,2,1,1,2,2,2,NA,NA,NA,NA,NA,NA,NA,3,3,7,7,7,1,1,1,C3,Z04A15,4A,3C,6/18/2007,NA,1/14/2016,8.580821918
835,C0316,3,C,3C,Muslim,Friends,Friend1,1,1,M,16,NA,6,2,NA,6,7,2,6,6,2,2,2,8,NA,1,3,4,2,1,1,1,2,2,1,4,1,2,2,4,4,4,NA,NA,NA,NA,NA,1,3,2,5,M,Hindu,1,1,1,1,1,1,2,1,2,1,1,2,2,2,NA,NA,NA,NA,NA,NA,NA,3,3,7,7,7,1,1,0,C3,NA,NA,3C,NA,NA,1/14/2016,NA
843,C0317,3,C,3C,other,Friends,Friend1,1,1,M,17,NA,6,5,NA,6,1,NA,6,NA,6,5,6,7,NA,1,5,4,2,2,4,1,1,2,3,1,NA,3,1,2,NA,NA,NA,NA,NA,NA,NA,NA,1,5,2,M,Hindu,1,1,1,1,1,1,2,1,2,1,1,2,2,2,NA,NA,NA,NA,NA,NA,NA,3,3,7,7,7,1,1,0,C3,Z04A16,4A,3C,10/24/2007,NA,1/14/2016,8.230136986
850,C0318,3,C,3C,Hindu,Friends,Friend1,1,8,M,18,NA,5,5,NA,7,1,4,7,1,2,2,5,8,NA,1,5,1,3,2,3,1,1,5,1,5,5,1,1,2,1,4,NA,NA,NA,NA,NA,2,2,4,3,M,Hindu,3,2,1,1,2,1,3,1,1,1,1,4,4,4,NA,NA,NA,NA,NA,5,5,5,1,6,2,6,2,1,1,C3,Z04A17,4A,3C,10/9/2007,NA,1/14/2016,8.271232877
855,C0319,3,C,3C,Muslim,Friends,Friend1,1,12,M,19,NA,7,4,NA,4,7,4,7,4,4,2,5,1,NA,NA,NA,NA,NA,1,NA,NA,1,1,1,5,1,2,1,5,6,4,NA,NA,NA,NA,NA,NA,1,NA,NA,M,Muslim,1,1,1,1,4,1,1,NA,NA,1,1,2,1,NA,NA,NA,NA,NA,NA,NA,NA,NA,NA,NA,1,NA,NA,1,1,C3,Z04A18,4A,3C,9/2/2006,NA,1/14/2016,9.37260274
859,C0320,3,C,3C,Muslim,Friends,Friend1,1,6,M,20,NA,5,1,NA,5,2,1,7,3,6,3,4,NA,Mawsuri,1,3,2,3,4,3,1,3,4,1,3,1,2,2,1,6,7,NA,NA,NA,NA,NA,NA,NA,NA,NA,M,Muslim,NA,NA,1,1,1,1,3,NA,2,1,1,NA,3,NA,NA,NA,NA,NA,NA,1,NA,NA,1,1,1,3,NA,1,1,C3,Z04A19,4A,3C,5/1/2007,NA,1/14/2016,8.712328767
866,C0321,3,C,3C,Muslim,Friends,Friend1,1,33,M,21,NA,4,7,NA,NA,1,3,2,5,3,2,3,7,munsari,1,2,3,3,2,2,2,2,4,3,1,2,2,1,4,2,1,NA,NA,NA,NA,NA,2,2,1,4,M,Muslim,1,NA,NA,1,NA,1,1,4,1,1,NA,6,5,4,NA,NA,NA,NA,NA,NA,NA,5,NA,2,5,2,NA,1,1,C3,Z04A20,4A,3C,11/20/2006,NA,1/14/2016,9.156164384
873,C0322,3,C,3C,Muslim,Friends,Friend1,1,1,M,22,NA,6,5,NA,NA,NA,NA,NA,NA,NA,NA,6,1,NA,1,2,1,1,1,4,1,4,NA,1,1,NA,2,1,7,7,7,NA,NA,NA,NA,NA,1,1,5,5,M,Hindu,1,1,1,1,1,1,2,1,2,1,1,2,2,2,NA,NA,NA,NA,NA,NA,NA,3,3,7,7,7,1,1,0,C3,Z04A21,4A,3C,7/1/2007,NA,1/14/2016,8.545205479
880,C0323,3,C,3C,Hindu,Friends,Friend1,1,36,M,23,NA,7,1,NA,7,1,7,7,1,7,1,7,8,NA,1,1,2,1,1,1,1,4,1,2,3,3,1,2,6,NA,NA,NA,NA,NA,NA,NA,1,1,4,4,M,Hindu,4,5,3,1,1,1,3,1,1,3,1,4,4,4,NA,NA,NA,NA,NA,1,1,5,5,5,3,7,1,1,1,C3,NA,NA,3C,NA,NA,1/14/2016,NA
881,C0324,3,C,3C,Hindu,Friends,Friend1,1,15,M,24,NA,NA,4,NA,NA,NA,NA,NA,NA,NA,NA,7,3,NA,1,NA,NA,1,4,2,NA,3,3,NA,5,2,1,1,3,3,4,NA,NA,NA,NA,NA,NA,1,NA,NA,M,Hindu,2,1,1,1,5,1,1,1,1,1,1,3,2,2,NA,NA,NA,NA,NA,NA,1,1,NA,6,3,5,2,1,1,C3,Z04A22,4A,3C,8/8/2006,NA,1/14/2016,9.44109589
886,C0326,3,C,3C,Hindu,Friends,Friend1,1,1,M,26,NA,6,NA,NA,NA,3,6,6,2,5,2,NA,8,NA,1,NA,3,1,2,2,1,1,3,1,1,5,1,1,4,4,4,NA,NA,NA,NA,NA,2,2,NA,NA,M,Hindu,1,1,1,1,1,1,2,1,2,1,1,2,2,2,NA,NA,NA,NA,NA,NA,NA,3,3,7,7,7,1,1,1,C3,Z04A24,4A,3C,3/29/2007,NA,1/14/2016,8.802739726
893,C0327,3,C,3C,Hindu,Friends,Friend1,1,1,M,27,NA,7,1,NA,4,1,6,7,1,1,7,6,8,NA,1,1,5,1,1,1,1,1,NA,1,2,1,1,1,4,4,4,NA,NA,NA,NA,NA,5,5,1,1,M,Hindu,1,1,1,1,1,1,2,1,2,1,1,2,2,2,NA,NA,NA,NA,NA,NA,NA,3,3,7,7,7,1,1,1,C3,Z04A25,4A,3C,9/10/2007,NA,1/14/2016,8.350684932
900,C0328,3,C,3C,Hindu,Friends,Friend1,1,2,M,28,NA,7,1,NA,5,1,1,7,1,2,4,6,2,NA,1,2,4,1,2,3,1,1,4,1,2,2,1,1,4,3,1,NA,NA,NA,NA,NA,1,1,2,4,M,Hindu,NA,1,1,1,3,1,1,1,4,1,1,3,5,3,NA,NA,NA,NA,NA,5,5,1,5,7,1,7,NA,1,1,C3,Z04A26,4A,3C,2/29/2008,NA,1/14/2016,7.879452055
904,C0329,3,C,3C,Hindu,Friends,Friend1,1,3,M,29,NA,5,3,NA,7,1,5,6,2,5,6,5,3,NA,1,4,5,3,1,1,1,1,1,1,3,3,1,1,4,5,4,NA,NA,NA,NA,NA,1,1,5,5,M,Hindu,5,4,NA,3,2,1,3,1,4,2,1,4,NA,NA,NA,NA,NA,NA,NA,2,1,5,1,NA,NA,6,1,1,1,C3,Z04A27,4A,3C,10/22/2007,NA,1/14/2016,8.235616438
912,C0330,3,C,3C,other,Friends,Friend1,1,1,M,30,NA,6,5,NA,NA,1,6,6,6,6,5,6,7,NA,1,5,4,2,2,4,2,1,2,3,1,1,3,1,7,NA,NA,NA,NA,NA,NA,NA,4,1,5,2,M,Hindu,1,1,1,1,1,1,2,1,2,1,1,2,2,2,NA,NA,NA,NA,NA,NA,NA,3,3,7,7,7,1,1,0,C3,Z04A28,4A,3C,5/6/2008,NA,1/14/2016,7.695890411
919,C0331,3,C,3C,Muslim,Friends,Friend1,1,11,M,31,NA,6,1,NA,1,6,1,6,1,1,1,2,8,NA,1,4,3,1,1,4,1,2,5,4,1,1,2,1,5,3,4,NA,NA,NA,NA,NA,1,NA,NA,4,M,Muslim,2,NA,1,1,4,1,NA,1,1,NA,1,NA,NA,NA,NA,NA,NA,NA,NA,1,1,5,5,NA,NA,NA,NA,1,1,C3,Z04A29,4A,3C,8/31/2007,NA,1/14/2016,8.378082192
921,C0332,3,C,3C,Muslim,Friends,Friend1,1,38,M,32,NA,NA,NA,NA,2,4,1,NA,5,4,NA,NA,1,NA,NA,NA,1,NA,NA,NA,1,1,1,1,5,1,2,1,4,NA,NA,NA,NA,NA,NA,NA,NA,NA,2,3,M,Muslim,1,NA,1,2,1,NA,NA,2,1,NA,1,4,4,4,NA,NA,NA,NA,NA,NA,1,5,1,7,NA,NA,1,1,1,C3,Z04A30,4A,3C,10/3/2007,NA,1/14/2016,8.287671233
924,C0333,3,C,3C,Muslim,Friends,Friend1,1,21,M,33,NA,2,5,NA,2,NA,5,2,2,NA,5,2,7,pathankhan,1,1,NA,NA,1,NA,1,NA,1,4,1,1,2,NA,6,5,4,NA,NA,NA,NA,NA,NA,NA,5,NA,M,Muslim,2,3,3,2,2,2,4,3,1,2,1,4,2,1,NA,NA,NA,NA,NA,2,2,1,4,4,7,NA,1,1,1,C3,Z04A31,4A,3C,10/9/2007,NA,1/14/2016,8.271232877
928,C0334,3,C,3C,Muslim,Friends,Friend1,1,6,M,34,NA,7,1,NA,1,7,7,1,1,7,7,NA,8,NA,1,1,1,1,1,5,1,4,2,1,1,NA,2,1,4,4,4,NA,NA,NA,NA,NA,2,1,1,3,M,Muslim,NA,NA,1,1,1,1,3,NA,2,1,1,NA,3,NA,NA,NA,NA,NA,NA,1,NA,NA,1,1,1,3,NA,1,1,C3,Z04A32,4A,3C,12/17/2007,NA,1/14/2016,8.082191781
931,C0335,3,C,3C,Hindu,Friends,Friend1,1,1,M,35,NA,7,7,NA,7,1,NA,7,1,1,6,4,8,gujarati,NA,1,1,1,1,1,1,1,2,1,1,1,1,1,2,2,2,NA,NA,NA,NA,NA,1,4,NA,NA,M,Hindu,1,1,1,1,1,1,2,1,2,1,1,2,2,2,NA,NA,NA,NA,NA,NA,NA,3,3,7,7,7,1,1,1,C3,Z04A33,4A,3C,4/22/2007,NA,1/14/2016,8.736986301
938,C0336,3,C,3C,Hindu,Friends,Friend1,1,1,M,36,NA,5,3,NA,7,1,5,6,2,5,6,5,3,NA,1,4,5,3,1,1,1,1,3,1,1,3,1,1,4,4,4,NA,NA,NA,NA,NA,1,1,5,5,M,Hindu,1,1,1,1,1,1,2,1,2,1,1,2,2,2,NA,NA,NA,NA,NA,NA,NA,3,3,7,7,7,1,1,1,C3,Z04A34,4A,3C,1/14/2008,NA,1/14/2016,8.005479452
945,C0337,3,C,3C,Hindu,Friends,Friend1,1,8,M,37,NA,NA,6,NA,7,NA,7,7,7,NA,NA,7,8,NA,1,NA,1,2,1,1,1,2,4,1,4,5,1,1,7,7,1,NA,NA,NA,NA,NA,1,2,2,3,M,Hindu,3,2,1,1,2,1,3,1,1,1,1,4,4,4,NA,NA,NA,NA,NA,5,5,5,1,6,2,6,2,1,1,C3,Z04A35,4A,3C,2/16/2008,NA,1/14/2016,7.915068493
951,C0338,3,C,3C,Muslim,Friends,Friend1,1,1,M,38,NA,7,NA,NA,NA,1,7,NA,NA,6,NA,6,8,NA,1,1,NA,1,2,1,NA,3,NA,2,1,NA,2,1,4,4,4,NA,NA,NA,NA,NA,NA,1,5,1,M,Hindu,1,1,1,1,1,1,2,1,2,1,1,2,2,2,NA,NA,NA,NA,NA,NA,NA,3,3,7,7,7,1,1,0,C3,Z04A37,4A,3C,2/26/2007,NA,1/14/2016,8.887671233
958,C0339,3,C,3C,Muslim,Friends,Friend1,1,8,M,39,NA,7,1,NA,1,7,7,5,1,7,7,3,8,NA,1,1,1,3,1,1,1,4,4,4,4,1,2,1,4,4,5,NA,NA,NA,NA,NA,2,2,5,4,M,Hindu,3,2,1,1,2,1,3,1,1,1,1,4,4,4,NA,NA,NA,NA,NA,5,5,5,1,6,2,6,2,1,0,C3,Z04A38,4A,3C,11/21/2006,NA,1/14/2016,9.153424658
965,C0340,3,C,3C,Muslim,Friends,Friend1,1,5,M,40,NA,7,1,NA,1,NA,6,NA,1,1,1,NA,8,NA,1,1,1,1,1,4,1,2,1,5,1,1,2,1,2,1,7,NA,NA,NA,NA,NA,2,2,NA,NA,M,Muslim,2,1,1,2,4,1,1,1,3,3,NA,4,4,4,NA,NA,NA,NA,NA,1,1,NA,4,6,1,6,6,1,1,C3,Z04A39,4A,3C,8/17/2007,NA,1/14/2016,8.416438356
972,C0341,3,C,3C,Muslim,Friends,Friend1,1,4,M,41,NA,NA,NA,NA,NA,NA,NA,5,3,7,NA,NA,7,shaikh,1,1,NA,1,1,1,1,2,5,1,1,3,2,1,4,6,3,NA,NA,NA,NA,NA,2,3,1,1,M,Muslim,2,2,1,2,4,1,3,1,1,1,1,2,5,7,NA,NA,NA,NA,NA,5,5,1,1,7,1,NA,7,1,1,C3,NA,NA,3C,NA,NA,1/14/2016,NA
979,C0342,3,C,3C,Hindu,Friends,Friend1,1,3,M,42,NA,6,6,NA,2,1,1,6,1,6,6,1,2,NA,1,3,1,2,1,1,1,1,1,1,1,2,1,1,4,5,2,NA,NA,NA,NA,NA,1,4,3,3,M,Hindu,5,4,NA,3,2,1,3,1,4,2,1,4,NA,NA,NA,NA,NA,NA,NA,2,1,5,1,NA,NA,6,1,1,1,C3,Z04A40,4A,3C,10/18/2006,NA,1/14/2016,9.246575342
986,C0343,3,C,3C,Hindu,Friends,Friend1,1,1,M,43,NA,NA,NA,NA,NA,NA,NA,7,NA,NA,1,7,7,urou,1,NA,NA,NA,NA,NA,NA,3,3,NA,5,2,1,1,6,5,4,NA,NA,NA,NA,NA,NA,1,NA,NA,M,Hindu,1,1,1,1,1,1,2,1,2,1,1,2,2,2,NA,NA,NA,NA,NA,NA,NA,3,3,7,7,7,1,1,1,C3,Z04A41,4A,3C,1/6/2008,NA,1/14/2016,8.02739726
991,C0344,3,C,3C,Hindu,Friends,Friend1,1,17,M,44,NA,7,NA,NA,7,1,NA,NA,7,NA,5,6,7,NA,1,3,1,1,1,2,1,3,1,3,1,5,1,1,4,4,4,NA,NA,NA,NA,NA,1,1,1,5,M,other,5,4,2,2,4,1,2,3,1,NA,1,2,NA,NA,NA,NA,NA,NA,NA,NA,1,5,2,6,5,6,1,1,0,C3,Z04B36,4B,3C,11/19/2007,NA,1/14/2016,8.15890411
998,C0345,3,C,3C,Hindu,Friends,Friend1,1,1,M,45,NA,7,1,NA,7,1,6,7,2,3,5,2,5,NA,1,1,1,1,1,2,1,1,1,1,3,1,1,1,4,4,4,NA,NA,NA,NA,NA,1,1,1,5,M,Hindu,1,1,1,1,1,1,2,1,2,1,1,2,2,2,NA,NA,NA,NA,NA,NA,NA,3,3,7,7,7,1,1,1,C3,Z04A42,4A,3C,11/5/2007,NA,1/14/2016,8.197260274
1005,C0346,3,C,3C,Hindu,Friends,Friend1,1,1,M,46,NA,7,1,NA,5,1,1,7,1,2,4,6,2,NA,1,2,4,NA,2,3,1,2,4,1,2,2,1,1,4,3,1,NA,NA,NA,NA,NA,1,1,2,3,M,Hindu,1,1,1,1,1,1,2,1,2,1,1,2,2,2,NA,NA,NA,NA,NA,NA,NA,3,3,7,7,7,1,1,1,C3,Z04A43,4A,3C,4/13/2007,NA,1/14/2016,8.761643836
1006,C0347,3,C,3C,Muslim,Friends,Friend1,1,10,M,47,NA,1,NA,NA,NA,2,NA,1,1,4,NA,NA,1,NA,1,1,NA,1,1,NA,1,NA,1,1,1,NA,2,1,4,3,1,NA,NA,NA,NA,NA,1,1,3,3,M,Muslim,2,2,1,5,1,5,3,2,1,3,1,4,7,4,NA,NA,NA,NA,NA,1,4,3,2,2,2,2,3,1,1,C3,Z04A44,4A,3C,4/16/2008,NA,1/14/2016,7.750684932
1007,C0348,3,C,3C,Hindu,Friends,Friend1,1,4,M,48,NA,1,NA,NA,7,1,5,6,4,1,1,7,1,NA,1,2,1,1,2,4,1,1,4,3,2,1,1,NA,4,4,4,NA,NA,NA,NA,NA,1,5,1,4,M,Muslim,2,2,1,2,4,1,3,1,1,1,1,2,5,7,NA,NA,NA,NA,NA,5,5,1,1,7,1,NA,7,1,0,C3,Z04A45,4A,3C,12/3/2007,NA,1/14/2016,8.120547945
1011,C0349,3,C,3C,Hindu,Friends,Friend1,1,8,M,49,NA,7,6,NA,7,1,7,7,7,5,5,7,8,NA,1,2,1,NA,1,1,1,4,3,1,3,3,1,1,7,7,1,NA,NA,NA,NA,NA,1,1,1,3,M,Hindu,3,2,1,1,2,1,3,1,1,1,1,4,4,4,NA,NA,NA,NA,NA,5,5,5,1,6,2,6,2,1,1,C3,Z04B39,4B,3C,12/21/2007,NA,1/14/2016,8.071232877
1018,C0350,3,C,3C,Hindu,Friends,Friend1,1,4,M,50,NA,7,1,NA,NA,NA,2,7,NA,NA,1,NA,8,NA,NA,5,5,2,1,1,1,2,1,2,5,4,1,4,4,1,4,NA,NA,NA,NA,NA,2,2,3,1,M,Muslim,2,2,1,2,4,1,3,1,1,1,1,2,5,7,NA,NA,NA,NA,NA,5,5,1,1,7,1,NA,7,1,0,C3,Z04A46,4A,3C,10/5/2007,NA,1/14/2016,8.282191781
1025,C0351,3,C,3C,Hindu,Friends,Friend1,1,52,F,51,NA,1,7,NA,7,1,7,7,1,1,7,2,7,NA,2,1,4,1,1,3,1,4,1,NA,5,NA,1,1,3,4,5,NA,NA,NA,NA,NA,NA,2,NA,NA,F,Hindu,4,1,3,1,1,1,3,2,3,5,1,2,4,1,NA,NA,NA,NA,NA,3,1,3,2,1,7,7,NA,1,1,C3,Z04A47,4A,3C,9/28/2007,NA,1/14/2016,8.301369863
1032,C0352,3,C,3C,Hindu,Friends,Friend1,1,51,F,52,NA,1,7,NA,7,NA,NA,6,6,5,6,3,8,NA,2,4,1,3,1,1,1,4,3,2,3,5,1,1,2,4,1,NA,NA,NA,NA,NA,3,1,3,2,F,Hindu,1,4,1,1,3,1,1,NA,5,NA,1,3,4,5,NA,NA,NA,NA,NA,NA,2,NA,NA,1,7,7,1,1,1,C3,Z04A48,4A,3C,2/27/2008,NA,1/14/2016,7.884931507
1039,C0353,3,C,3C,Hindu,Friends,Friend1,1,51,F,53,NA,1,7,NA,7,1,NA,7,1,1,6,4,7,gujarati,NA,1,1,1,1,1,1,1,2,1,2,1,1,1,5,4,3,NA,NA,NA,NA,NA,NA,NA,NA,1,F,Hindu,1,4,1,1,3,1,1,NA,5,NA,1,3,4,5,NA,NA,NA,NA,NA,NA,2,NA,NA,1,7,7,1,1,1,C3,Z04A49,4A,3C,10/17/2007,NA,1/14/2016,8.249315068
1046,C0355,3,C,3C,Hindu,Friends,Friend1,1,1,F,55,NA,1,7,NA,7,1,7,7,1,1,5,7,8,marathi,2,5,5,1,1,1,1,4,3,1,2,4,NA,1,5,7,3,NA,NA,NA,NA,NA,2,1,3,5,M,Hindu,1,1,1,1,1,1,2,1,2,1,1,2,2,2,NA,NA,NA,NA,NA,NA,NA,3,3,7,7,7,1,0,1,C3,Z04A51,4A,3C,4/10/2008,NA,1/14/2016,7.767123288
1053,C0356,3,C,3C,Hindu,Friends,Friend1,1,52,F,56,NA,1,7,NA,7,1,1,1,1,2,1,3,1,NA,2,1,1,1,1,1,1,4,NA,1,5,1,1,1,2,1,NA,NA,NA,NA,NA,NA,1,1,4,4,F,Hindu,4,1,3,1,1,1,3,2,3,5,1,2,4,1,NA,NA,NA,NA,NA,3,1,3,2,1,7,7,NA,1,1,C3,Z04A52,4A,3C,3/27/2008,NA,1/14/2016,7.805479452
1060,C0357,3,C,3C,Muslim,Friends,Friend1,1,57,F,57,NA,NA,7,NA,NA,NA,7,NA,NA,7,NA,NA,8,NA,NA,NA,NA,1,1,NA,1,3,2,NA,NA,2,2,NA,2,2,2,NA,NA,NA,NA,NA,NA,4,4,NA,F,Muslim,NA,NA,1,1,NA,1,2,NA,NA,2,NA,2,2,2,NA,NA,NA,NA,NA,NA,4,4,NA,NA,7,NA,NA,1,1,C3,Z04A53,4A,3C,8/25/2007,NA,1/14/2016,8.394520548
1067,C0358,3,C,3C,Hindu,Friends,Friend1,1,51,F,58,NA,1,7,NA,7,NA,7,7,5,5,1,1,1,NA,2,3,1,1,1,3,1,1,1,1,4,1,1,1,2,5,2,NA,NA,NA,NA,NA,5,5,1,5,F,Hindu,1,4,1,1,3,1,1,NA,5,NA,1,3,4,5,NA,NA,NA,NA,NA,NA,2,NA,NA,1,7,7,1,1,1,C3,Z04A54,4A,3C,3/16/2008,NA,1/14/2016,7.835616438
1072,C0359,3,C,3C,Muslim,Friends,Friend1,1,22,F,59,NA,1,6,NA,1,7,NA,6,1,5,5,5,8,NA,2,1,2,1,1,4,1,4,NA,2,1,1,2,NA,4,2,3,NA,NA,NA,NA,NA,NA,5,2,5,M,Muslim,2,1,1,1,4,1,NA,1,1,NA,1,7,7,7,NA,NA,NA,NA,NA,1,1,5,5,6,5,NA,NA,0,1,C3,Z04A55,4A,3C,10/22/2007,NA,1/14/2016,8.235616438
1077,C0360,3,C,3C,Hindu,Friends,Friend1,1,53,F,60,NA,2,7,NA,7,2,1,7,2,2,7,6,8,NA,2,2,3,5,1,2,1,1,2,1,1,5,1,1,4,4,4,NA,NA,NA,NA,NA,2,2,1,2,F,Hindu,1,1,1,1,1,1,2,1,2,1,1,5,4,3,NA,NA,NA,NA,NA,NA,NA,NA,1,1,7,7,1,1,1,C3,Z04B57,4B,3C,9/1/2007,NA,1/14/2016,8.375342466
1083,C0361,3,C,3C,Hindu,Friends,Friend1,1,53,F,61,NA,1,7,NA,7,1,7,7,1,1,NA,1,8,NA,2,1,5,2,1,1,1,1,2,1,1,1,1,1,2,4,3,NA,NA,NA,NA,NA,1,1,3,5,F,Hindu,1,1,1,1,1,1,2,1,2,1,1,5,4,3,NA,NA,NA,NA,NA,NA,NA,NA,1,1,7,7,1,1,1,C3,Z04A56,4A,3C,9/18/2007,NA,1/14/2016,8.328767123
1090,C0362,3,C,3C,Hindu,Friends,Friend1,1,53,F,62,NA,1,7,NA,7,1,7,7,1,6,1,3,1,NA,2,3,3,1,1,2,1,4,1,1,2,3,1,1,4,4,4,NA,NA,NA,NA,NA,1,1,5,5,F,Hindu,1,1,1,1,1,1,2,1,2,1,1,5,4,3,NA,NA,NA,NA,NA,NA,NA,NA,1,1,7,7,1,1,1,C3,Z04A57,4A,3C,8/13/2007,NA,1/14/2016,8.42739726
1099,C0363,3,C,3C,Muslim,Friends,Friend1,1,58,F,63,NA,NA,7,NA,2,7,7,7,NA,2,7,2,8,NA,2,NA,1,1,5,NA,NA,2,1,1,1,1,2,1,4,1,4,NA,NA,NA,NA,NA,5,NA,NA,4,F,Hindu,3,1,1,1,3,1,1,1,4,1,1,2,5,2,NA,NA,NA,NA,NA,5,5,1,5,1,7,7,NA,1,0,C3,Z04A58,4A,3C,8/25/2007,NA,1/14/2016,8.394520548
1106,C0364,3,C,3C,Hindu,Friends,Friend1,1,52,F,64,NA,7,6,NA,7,1,6,NA,1,5,7,3,8,NA,2,2,1,2,1,1,1,2,4,2,3,5,1,1,2,3,1,NA,NA,NA,NA,NA,3,1,2,3,F,Hindu,4,1,3,1,1,1,3,2,3,5,1,2,4,1,NA,NA,NA,NA,NA,3,1,3,2,1,7,7,NA,1,1,C3,Z04A59,4A,3C,12/21/2006,NA,1/14/2016,9.071232877
1113,C0365,3,C,3C,Hindu,Friends,Friend1,1,54,F,65,NA,NA,7,NA,7,1,1,7,3,5,1,1,8,NA,2,2,3,1,1,1,1,1,3,1,1,4,1,1,3,NA,NA,NA,NA,NA,NA,NA,1,1,NA,5,F,NA,NA,NA,NA,NA,NA,NA,NA,NA,NA,NA,NA,NA,NA,NA,NA,NA,NA,NA,NA,NA,NA,NA,NA,NA,NA,NA,NA,1,NA,C3,Z04A60,4A,3C,6/17/2008,NA,1/14/2016,7.580821918
1118,C0366,3,C,3C,Muslim,Friends,Friend1,1,57,F,66,NA,4,6,NA,1,7,7,7,2,6,6,1,8,NA,2,1,4,1,1,2,1,4,1,5,1,5,2,1,4,NA,NA,NA,NA,NA,NA,NA,2,1,4,5,F,Muslim,NA,NA,1,1,NA,1,2,NA,NA,2,NA,2,2,2,NA,NA,NA,NA,NA,NA,4,4,NA,NA,7,NA,NA,1,1,C3,Z04A61,4A,3C,10/16/2007,NA,1/14/2016,8.252054795
1125,C0367,3,C,3C,Muslim,Friends,Friend1,1,59,F,67,NA,NA,7,NA,NA,7,7,NA,NA,7,NA,NA,8,NA,2,NA,NA,NA,1,NA,1,2,2,2,NA,2,2,NA,2,3,4,NA,NA,NA,NA,NA,NA,4,4,4,F,Muslim,1,2,1,1,4,1,NA,2,1,1,NA,4,2,3,NA,NA,NA,NA,NA,NA,5,2,5,1,6,1,7,1,1,C3,Z04A62,4A,3C,5/24/2007,NA,1/14/2016,8.649315068
1131,C0368,3,C,3C,Muslim,Friends,Friend1,1,53,F,68,NA,2,6,NA,1,6,2,6,2,2,5,3,7,shaikn,2,1,2,1,1,2,4,2,1,2,3,3,2,1,5,6,4,NA,NA,NA,NA,NA,2,2,1,1,F,Hindu,1,1,1,1,1,1,2,1,2,1,1,5,4,3,NA,NA,NA,NA,NA,NA,NA,NA,1,1,7,7,1,1,0,C3,Z04A63,4A,3C,4/3/2008,NA,1/14/2016,7.78630137
1138,C0369,3,C,3C,Muslim,Friends,Friend1,1,54,F,69,NA,6,7,NA,6,7,7,7,6,6,1,7,NA,NA,2,1,1,1,1,3,1,4,1,NA,NA,1,2,1,2,1,2,NA,NA,NA,NA,NA,5,5,5,1,F,NA,NA,NA,NA,NA,NA,NA,NA,NA,NA,NA,NA,NA,NA,NA,NA,NA,NA,NA,NA,NA,NA,NA,NA,NA,NA,NA,NA,1,NA,C3,Z04A64,4A,3C,3/3/2007,NA,1/14/2016,8.873972603
1143,C0370,3,C,3C,Muslim,Friends,Friend1,1,54,F,70,NA,1,7,NA,1,7,1,7,1,1,7,2,6,NA,2,1,1,1,1,1,1,2,1,1,1,1,2,1,4,6,7,NA,NA,NA,NA,NA,1,1,1,5,F,NA,NA,NA,NA,NA,NA,NA,NA,NA,NA,NA,NA,NA,NA,NA,NA,NA,NA,NA,NA,NA,NA,NA,NA,NA,NA,NA,NA,1,NA,C3,Z04A65,4A,3C,3/24/2008,NA,1/14/2016,7.81369863
1150,C0371,3,C,3C,Hindu,Friends,Friend1,1,51,F,71,NA,4,NA,NA,3,NA,NA,NA,4,4,4,NA,5,NA,2,3,2,2,4,3,1,3,3,3,4,4,1,1,4,5,4,NA,NA,NA,NA,NA,1,NA,NA,1,F,Hindu,1,4,1,1,3,1,1,NA,5,NA,1,3,4,5,NA,NA,NA,NA,NA,NA,2,NA,NA,1,7,7,1,1,1,C3,Z04A66,4A,3C,10/29/2007,NA,1/14/2016,8.216438356
1157,C0372,3,C,3C,Muslim,Friends,Friend1,1,57,F,72,NA,3,7,NA,7,5,7,7,NA,4,4,6,NA,NA,2,4,NA,1,3,NA,1,3,1,1,3,3,2,3,NA,3,2,NA,NA,NA,NA,NA,2,4,1,3,F,Muslim,NA,NA,1,1,NA,1,2,NA,NA,2,NA,2,2,2,NA,NA,NA,NA,NA,NA,4,4,NA,NA,7,NA,NA,1,1,C3,Z04A67,4A,3C,12/7/2007,NA,1/14/2016,8.109589041
1163,C0373,3,C,3C,Hindu,Friends,Friend1,1,1,F,73,NA,NA,NA,NA,6,NA,7,NA,4,5,5,6,8,NA,2,3,NA,2,1,3,1,2,4,NA,2,1,1,1,7,7,7,NA,NA,NA,NA,NA,NA,4,3,NA,M,Hindu,1,1,1,1,1,1,2,1,2,1,1,2,2,2,NA,NA,NA,NA,NA,NA,NA,3,3,7,7,7,1,0,1,C3,Z04A68,4A,3C,11/2/2007,NA,1/14/2016,8.205479452
1169,A0401,4,A,4A,Hindu,Friends,Friend1,1,3,M,1,NA,7,1,NA,7,1,7,7,2,6,5,4,1,NA,1,1,1,1,1,1,1,2,4,1,3,2,1,1,4,4,4,NA,NA,NA,NA,NA,4,4,3,1,M,Hindu,1,1,1,1,2,1,4,4,2,3,1,7,7,6,NA,NA,NA,NA,NA,2,2,3,3,7,5,7,5,1,1,A4,Z05B01,5B,4A,3/7/2007,3/7/2007,1/14/2016,8.863013699
1175,A0402,4,A,4A,Muslim,Friends,Friend1,1,7,M,2,NA,7,1,NA,5,7,4,7,NA,5,1,7,7,Muslim Sunni,1,2,3,1,1,2,1,2,1,3,5,2,2,3,4,3,4,NA,NA,NA,NA,NA,2,2,1,1,M,Muslim,2,1,2,1,3,1,4,1,2,1,1,4,4,4,NA,NA,NA,NA,NA,1,2,3,5,7,1,3,7,1,1,A4,Z05B02,5B,4A,8/16/2007,8/16/2007,1/14/2016,8.419178082
1178,A0403,4,A,4A,Hindu,Friends,Friend1,1,6,M,3,NA,7,5,NA,7,5,6,6,5,5,1,5,7,Hindus,1,1,1,1,1,2,1,1,4,4,2,3,1,1,7,7,6,NA,NA,NA,NA,NA,2,2,3,3,M,Hindu,1,1,1,1,3,1,4,1,2,4,1,3,7,1,NA,NA,NA,NA,NA,5,1,4,5,7,1,7,5,1,1,A4,Z05B03,5B,4A,4/11/2007,4/11/2007,1/14/2016,8.767123288
1181,A0404,4,A,4A,Muslim,Friends,Friend1,1,3,M,4,NA,7,6,NA,5,7,7,7,6,6,5,5,7,Muslims,1,1,2,1,1,1,1,1,3,1,1,1,2,1,4,4,4,NA,NA,NA,NA,NA,1,4,2,2,M,Hindu,1,1,1,1,2,1,4,4,2,3,1,7,7,6,NA,NA,NA,NA,NA,2,2,3,3,7,5,7,5,1,0,A4,Z05B04,5B,4A,7/22/2005,7/22/2005,1/14/2016,10.48767123
1188,A0405,4,A,4A,Muslim,Friends,Friend1,1,2,M,5,NA,7,1,NA,2,6,7,6,3,3,1,7,7,Muslims,1,1,3,2,1,4,1,1,1,1,5,4,2,1,4,5,5,NA,NA,NA,NA,NA,2,2,1,5,M,Muslim,2,3,1,1,2,1,1,3,5,2,3,4,3,4,NA,NA,NA,NA,NA,2,2,1,1,7,1,5,7,1,1,A4,Z05B05,5B,4A,6/1/2007,6/1/2007,1/14/2016,8.62739726
1195,A0406,4,A,4A,Hindu,Friends,Friend1,1,3,M,6,NA,7,1,NA,7,5,7,7,5,5,1,6,8,NA,1,1,1,1,1,3,1,4,4,1,2,4,1,1,3,7,1,NA,NA,NA,NA,NA,5,1,4,5,M,Hindu,1,1,1,1,2,1,4,4,2,3,1,7,7,6,NA,NA,NA,NA,NA,2,2,3,3,7,5,7,5,1,1,A4,Z05B06,5B,4A,12/9/2006,12/9/2006,1/14/2016,9.104109589
1202,A0407,4,A,4A,Muslim,Friends,Friend1,1,2,M,7,NA,7,1,NA,3,7,7,4,5,4,7,3,7,Muslim Sunni Jamat,1,2,1,2,1,3,1,2,4,1,2,1,2,1,4,4,4,NA,NA,NA,NA,NA,1,2,3,5,M,Muslim,2,3,1,1,2,1,1,3,5,2,3,4,3,4,NA,NA,NA,NA,NA,2,2,1,1,7,1,5,7,1,1,A4,Z05B08,5B,4A,5/18/2006,5/18/2006,1/14/2016,9.665753425
1205,A0408,4,A,4A,Muslim,Friends,Friend1,1,4,M,8,NA,7,4,NA,1,6,4,4,4,4,1,4,NA,Vohra,1,3,1,2,1,2,1,1,4,1,5,5,2,1,6,NA,4,NA,NA,NA,NA,NA,2,3,4,4,M,Muslim,1,2,1,1,1,1,3,1,1,1,1,4,4,4,NA,NA,NA,NA,NA,1,4,2,2,7,6,5,7,1,1,A4,Z05B09,5B,4A,10/13/2006,10/13/2006,1/14/2016,9.260273973
1212,A0409,4,A,4A,Hindu,Friends,Friend1,1,1,M,9,NA,7,4,NA,7,5,6,7,4,6,2,6,1,NA,1,1,2,1,1,1,1,4,4,2,5,3,1,1,4,4,4,NA,NA,NA,NA,NA,1,1,3,2,M,Hindu,1,1,1,1,1,1,4,1,3,2,1,4,4,4,NA,NA,NA,NA,NA,4,4,3,1,7,1,7,1,1,1,A4,Z05B10,5B,4A,6/29/2006,6/29/2006,1/14/2016,9.550684932
1219,A0410,4,A,4A,Muslim,Friends,Friend1,1,4,M,10,NA,7,1,NA,1,7,7,1,1,1,1,3,7,Alvi Vohra,1,1,1,1,1,1,1,1,4,4,4,4,2,1,4,4,4,NA,NA,NA,NA,NA,NA,1,5,NA,M,Muslim,1,2,1,1,1,1,3,1,1,1,1,4,4,4,NA,NA,NA,NA,NA,1,4,2,2,7,6,5,7,1,1,A4,Z05B11,5B,4A,2/4/2007,2/4/2007,1/14/2016,8.947945205
1226,A0411,4,A,4A,Muslim,Friends,Friend1,1,13,M,11,NA,7,6,NA,6,7,7,5,6,5,7,1,7,Jamatti,1,1,1,4,1,1,1,1,4,1,1,2,2,1,7,3,6,NA,NA,NA,NA,NA,1,2,3,2,M,Hindu,1,2,3,1,2,1,4,1,1,5,1,4,7,7,NA,NA,NA,NA,NA,2,1,3,1,7,7,7,4,1,0,A4,Z05B12,5B,4A,3/21/2006,3/21/2006,1/14/2016,9.824657534
1233,A0412,4,A,4A,Hindu,Friends,Friend1,1,6,M,12,NA,7,5,NA,7,1,7,7,1,5,1,1,1,NA,1,1,2,1,1,3,1,4,4,1,4,5,1,2,4,1,7,NA,NA,NA,NA,NA,5,4,5,4,M,Hindu,1,1,1,1,3,1,4,1,2,4,1,3,7,1,NA,NA,NA,NA,NA,5,1,4,5,7,1,7,5,1,1,A4,Z05B14,5B,4A,11/29/2006,11/29/2006,1/14/2016,9.131506849
1240,A0413,4,A,4A,Hindu,Friends,Friend1,1,1,M,13,NA,7,7,NA,7,4,7,7,3,3,7,1,8,NA,1,1,2,3,1,2,1,1,4,1,1,5,1,1,4,7,7,NA,NA,NA,NA,NA,2,1,3,1,M,Hindu,1,1,1,1,1,1,4,1,3,2,1,4,4,4,NA,NA,NA,NA,NA,4,4,3,1,7,1,7,1,1,1,A4,Z05A11,5A,4A,5/9/2006,NA,1/14/2016,9.690410959
1247,A0414,4,A,4A,other,Friends,Friend1,1,1,M,14,NA,7,4,NA,1,7,1,7,5,1,1,7,7,Vohra,1,3,2,1,1,1,1,1,4,1,2,1,3,1,3,1,2,NA,NA,NA,NA,NA,1,1,4,2,M,Hindu,1,1,1,1,1,1,4,1,3,2,1,4,4,4,NA,NA,NA,NA,NA,4,4,3,1,7,1,7,1,1,0,A4,Z05B15,5B,4A,9/30/2006,9/30/2006,1/14/2016,9.295890411
1254,A0415,4,A,4A,Hindu,Friends,Friend1,1,4,M,15,NA,6,6,NA,6,3,5,7,2,4,2,4,1,NA,1,4,5,2,1,4,1,4,3,2,4,5,1,1,4,3,4,NA,NA,NA,NA,NA,1,1,4,1,M,Muslim,1,2,1,1,1,1,3,1,1,1,1,4,4,4,NA,NA,NA,NA,NA,1,4,2,2,7,6,5,7,1,0,A4,Z05B16,5B,4A,12/12/2006,12/12/2006,1/14/2016,9.095890411
1261,A0416,4,A,4A,Hindu,Friends,Friend1,1,2,M,16,NA,7,6,NA,6,NA,6,7,3,1,NA,6,7,Sindhi,1,1,2,1,1,1,1,4,4,1,5,1,1,1,4,4,4,NA,NA,NA,NA,NA,1,1,3,5,M,Muslim,2,3,1,1,2,1,1,3,5,2,3,4,3,4,NA,NA,NA,NA,NA,2,2,1,1,7,1,5,7,1,0,A4,NA,NA,4A,NA,9/6/2006,1/14/2016,9.361643836
1268,A0417,4,A,4A,Muslim,Friends,Friend1,1,2,M,17,NA,7,1,NA,1,7,6,7,4,4,5,7,7,Sunni,1,1,1,1,1,2,1,2,4,1,1,4,2,1,6,2,2,NA,NA,NA,NA,NA,3,2,1,1,M,Muslim,2,3,1,1,2,1,1,3,5,2,3,4,3,4,NA,NA,NA,NA,NA,2,2,1,1,7,1,5,7,1,1,A4,Z05B17,5B,4A,12/20/2006,12/20/2006,1/14/2016,9.073972603
1275,A0418,4,A,4A,Muslim,Friends,Friend1,1,7,M,18,NA,7,1,NA,5,7,4,5,2,6,3,1,NA,Muslim Malek,NA,4,1,1,1,1,1,2,4,1,1,2,2,1,4,1,2,NA,NA,NA,NA,NA,1,1,5,3,M,Muslim,2,1,2,1,3,1,4,1,2,1,1,4,4,4,NA,NA,NA,NA,NA,1,2,3,5,7,1,3,7,1,1,A4,Z05B18,5B,4A,9/25/2006,9/26/2006,1/14/2016,9.309589041
1279,A0419,4,A,4A,Hindu,Friends,Friend1,1,1,M,19,NA,7,2,NA,7,2,7,7,2,2,7,2,8,NA,1,3,1,1,1,1,1,1,4,4,NA,3,1,1,7,2,1,NA,NA,NA,NA,NA,2,2,2,5,M,Hindu,1,1,1,1,1,1,4,1,3,2,1,4,4,4,NA,NA,NA,NA,NA,4,4,3,1,7,1,7,1,1,1,A4,Z05B19,5B,4A,5/11/2007,NA,1/14/2016,8.684931507
1286,A0420,4,A,4A,Hindu,Friends,Friend1,1,3,M,20,NA,7,7,NA,7,2,7,7,6,7,7,5,1,NA,1,1,1,1,1,1,1,4,2,1,2,1,1,1,4,7,7,NA,NA,NA,NA,NA,1,1,1,1,M,Hindu,1,1,1,1,2,1,4,4,2,3,1,7,7,6,NA,NA,NA,NA,NA,2,2,3,3,7,5,7,5,1,1,A4,Z05B20,5B,4A,2/9/2007,2/9/2007,1/14/2016,8.934246575
1293,A0421,4,A,4A,Muslim,Friends,Friend1,1,7,M,21,NA,7,6,NA,5,7,7,6,6,4,7,3,7,Muslims,1,1,1,1,1,1,1,2,4,1,1,1,2,1,4,3,5,NA,NA,NA,NA,NA,1,1,5,3,M,Muslim,2,1,2,1,3,1,4,1,2,1,1,4,4,4,NA,NA,NA,NA,NA,1,2,3,5,7,1,3,7,1,1,A4,Z05B21,5B,4A,9/14/2006,9/14/2006,1/14/2016,9.339726027
1300,A0422,4,A,4A,Hindu,Friends,Friend1,1,3,M,22,NA,NA,NA,NA,NA,NA,NA,NA,NA,NA,NA,NA,NA,Hindu,1,5,2,3,2,1,NA,1,2,3,1,4,1,1,3,3,3,NA,NA,NA,NA,NA,NA,2,4,2,M,Hindu,1,1,1,1,2,1,4,4,2,3,1,7,7,6,NA,NA,NA,NA,NA,2,2,3,3,7,5,7,5,1,1,A4,Z05A23,5A,4A,5/6/2007,5/6/2007,1/14/2016,8.698630137
1306,A0423,4,A,4A,Hindu,Friends,Friend1,1,3,M,23,NA,7,7,NA,7,4,7,7,6,6,7,6,1,NA,1,1,1,1,1,1,1,1,4,4,1,4,1,1,4,4,4,NA,NA,NA,NA,NA,3,1,5,5,M,Hindu,1,1,1,1,2,1,4,4,2,3,1,7,7,6,NA,NA,NA,NA,NA,2,2,3,3,7,5,7,5,1,1,A4,Z05B22,5B,4A,3/1/2007,NA,1/14/2016,8.879452055
1313,A0424,4,A,4A,Hindu,Friends,Friend1,1,1,M,24,NA,7,6,NA,7,7,7,7,7,5,7,3,1,NA,1,1,1,1,1,1,1,1,4,1,3,1,1,1,4,4,4,NA,NA,NA,NA,NA,1,1,1,1,M,Hindu,1,1,1,1,1,1,4,1,3,2,1,4,4,4,NA,NA,NA,NA,NA,4,4,3,1,7,1,7,1,1,1,A4,Z05B23,5B,4A,7/3/2006,7/3/2006,1/14/2016,9.539726027
1320,A0425,4,A,4A,Hindu,Friends,Friend1,1,3,M,25,NA,7,5,NA,7,6,7,7,6,6,5,5,8,NA,1,2,3,1,1,2,1,1,4,1,1,4,1,1,4,4,4,NA,NA,NA,NA,NA,2,1,2,4,M,Hindu,1,1,1,1,2,1,4,4,2,3,1,7,7,6,NA,NA,NA,NA,NA,2,2,3,3,7,5,7,5,1,1,A4,Z05B25,5B,4A,5/1/2015,NA,1/14/2016,NA
1327,A0426,4,A,4A,Hindu,Friends,Friend1,1,4,M,26,NA,7,1,NA,7,7,7,7,5,7,4,1,2,NA,1,3,1,2,1,2,1,1,4,1,1,1,1,1,7,2,1,NA,NA,NA,NA,NA,1,2,5,1,M,Muslim,1,2,1,1,1,1,3,1,1,1,1,4,4,4,NA,NA,NA,NA,NA,1,4,2,2,7,6,5,7,1,0,A4,Z05B26,5B,4A,7/22/2006,7/22/2006,1/14/2016,9.487671233
1334,A0429,4,A,4A,Hindu,Friends,Friend1,1,9,M,29,NA,6,4,NA,6,6,6,7,5,5,4,4,8,NA,1,2,2,1,1,2,1,1,4,2,5,1,1,NA,3,2,2,NA,NA,NA,NA,NA,1,2,1,3,M,Hindu,1,2,1,1,1,1,4,2,5,3,1,4,4,4,NA,NA,NA,NA,NA,1,1,3,2,7,4,7,5,1,1,A4,NA,NA,4A,NA,9/12/2005,1/14/2016,10.34520548
1338,A0430,4,A,4A,Muslim,Friends,Friend1,1,2,M,30,NA,7,1,NA,2,7,7,7,2,2,5,4,7,Muslims,1,1,1,1,1,1,1,2,4,1,1,1,2,1,7,6,6,NA,NA,NA,NA,NA,2,2,3,2,M,Muslim,2,3,1,1,2,1,1,3,5,2,3,4,3,4,NA,NA,NA,NA,NA,2,2,1,1,7,1,5,7,1,1,A4,Z05B30,5B,4A,3/21/2007,3/21/2007,1/14/2016,8.824657534
1345,A0431,4,A,4A,Muslim,Friends,Friend1,1,16,M,31,NA,7,1,NA,6,7,7,6,6,6,6,2,7,Shia,1,2,1,2,1,1,1,2,4,1,1,2,2,1,4,3,3,NA,NA,NA,NA,NA,2,2,3,2,M,Hindu,1,2,1,1,1,1,4,1,5,1,1,4,4,4,NA,NA,NA,NA,NA,1,1,3,5,7,6,6,NA,1,0,A4,Z05B31,5B,4A,12/29/2005,12/29/2005,1/14/2016,10.04931507
1350,A0432,4,A,4A,Muslim,Friends,Friend1,1,6,M,32,NA,7,2,NA,1,7,7,2,3,4,3,7,7,Saiyed,1,1,1,2,1,1,1,2,4,1,1,2,2,1,5,4,4,NA,NA,NA,NA,NA,1,1,1,2,M,Hindu,1,1,1,1,3,1,4,1,2,4,1,3,7,1,NA,NA,NA,NA,NA,5,1,4,5,7,1,7,5,1,0,A4,Z05B32,5B,4A,4/14/2007,4/14/2007,1/14/2016,8.75890411
1355,A0433,4,A,4A,Hindu,Friends,Friend1,1,12,M,33,NA,NA,1,NA,NA,6,NA,7,1,6,6,6,8,NA,1,3,1,1,1,4,1,4,4,1,1,1,1,1,4,2,2,NA,NA,NA,NA,NA,2,2,4,2,M,Hindu,1,2,1,1,3,1,4,1,4,5,2,4,1,7,NA,NA,NA,NA,NA,5,4,5,4,7,5,7,1,1,1,A4,Z05C35,5C,4A,1/23/2007,1/23/2007,1/14/2016,8.980821918
1362,A0434,4,A,4A,Hindu,Friends,Friend1,1,15,M,34,NA,7,1,NA,7,5,7,7,3,4,5,6,8,NA,1,4,2,1,1,4,1,4,4,3,3,2,1,2,4,5,4,NA,NA,NA,NA,NA,1,1,3,1,M,Hindu,4,5,2,1,4,1,3,2,4,5,1,4,3,4,NA,NA,NA,NA,NA,1,1,4,1,6,6,6,3,1,1,A4,Z05B33,5B,4A,7/20/2006,7/20/2006,1/14/2016,9.493150685
1368,A0435,4,A,4A,Hindu,Friends,Friend1,1,15,M,35,NA,4,4,NA,6,3,6,4,5,4,3,6,6,Jain,1,2,3,4,2,3,2,2,4,2,3,2,1,2,3,3,3,NA,NA,NA,NA,NA,1,1,2,3,M,Hindu,4,5,2,1,4,1,3,2,4,5,1,4,3,4,NA,NA,NA,NA,NA,1,1,4,1,6,6,6,3,1,1,A4,Z05B34,5B,4A,2/26/2007,NA,1/14/2016,8.887671233
1375,A0436,4,A,4A,Hindu,Friends,Friend1,1,12,M,36,NA,6,6,NA,6,4,6,6,5,6,6,4,1,NA,1,1,1,1,1,2,1,1,4,1,2,2,1,2,4,2,1,NA,NA,NA,NA,NA,2,2,5,2,M,Hindu,1,2,1,1,3,1,4,1,4,5,2,4,1,7,NA,NA,NA,NA,NA,5,4,5,4,7,5,7,1,1,1,A4,Z05B35,5B,4A,10/14/2006,10/14/2006,1/14/2016,9.257534247
1382,A0437,4,A,4A,Hindu,Friends,Friend1,1,1,M,37,NA,7,7,NA,7,6,7,7,1,5,7,7,1,NA,1,1,1,1,1,1,1,1,4,1,1,1,1,1,7,4,4,NA,NA,NA,NA,NA,1,1,5,5,M,Hindu,1,1,1,1,1,1,4,1,3,2,1,4,4,4,NA,NA,NA,NA,NA,4,4,3,1,7,1,7,1,1,1,A4,Z05B36,5B,4A,3/1/2007,3/1/2007,1/14/2016,8.879452055
1389,A0438,4,A,4A,Hindu,Friends,Friend1,1,35,F,38,NA,4,NA,NA,7,6,7,7,6,3,7,5,8,NA,2,1,1,1,1,1,1,4,4,1,3,2,1,1,2,2,3,NA,NA,NA,NA,NA,2,5,1,3,M,Hindu,2,3,4,2,3,2,4,2,3,2,2,3,3,3,NA,NA,NA,NA,NA,1,1,2,3,4,4,6,3,0,1,A4,Z05B38,5B,4A,10/5/2006,10/5/2006,1/14/2016,9.282191781
1396,A0439,4,A,4A,Hindu,Friends,Friend1,1,38,F,39,NA,1,7,NA,7,4,7,7,5,6,4,6,1,NA,2,2,1,1,2,2,1,1,NA,1,1,NA,1,1,4,4,4,NA,NA,NA,NA,NA,1,1,5,3,F,Hindu,1,1,1,1,1,1,4,1,3,2,1,2,2,3,NA,NA,NA,NA,NA,2,5,1,3,4,NA,7,6,1,1,A4,Z05B39,5B,4A,4/12/2006,4/12/2006,1/14/2016,9.764383562
1403,A0440,4,A,4A,other,Friends,Friend1,1,41,F,40,NA,2,7,NA,1,7,6,7,7,6,4,4,7,Vohra,2,2,1,1,1,2,1,1,3,1,1,4,3,1,6,3,2,NA,NA,NA,NA,NA,1,1,1,2,F,Hindu,1,2,1,1,2,1,4,2,3,2,1,4,5,3,NA,NA,NA,NA,NA,1,1,3,1,1,7,7,5,1,0,A4,Z05B41,5B,4A,2/1/2007,NA,1/14/2016,8.956164384
1410,A0441,4,A,4A,Hindu,Friends,Friend1,1,49,F,41,NA,1,7,NA,7,5,7,7,3,5,6,3,8,NA,2,1,2,1,1,2,1,1,4,2,3,2,1,1,4,5,3,NA,NA,NA,NA,NA,1,1,3,1,F,Muslim,2,2,3,1,1,1,4,2,1,3,1,4,3,3,NA,NA,NA,NA,NA,2,2,3,2,2,7,6,6,1,0,A4,Z05B42,5B,4A,2/22/2007,2/22/2007,1/14/2016,8.898630137
1411,A0442,4,A,4A,Hindu,Friends,Friend1,1,43,F,42,NA,1,7,NA,7,3,7,7,2,5,6,1,1,NA,2,1,2,1,1,1,1,4,4,1,2,2,1,2,4,3,2,NA,NA,NA,NA,NA,1,1,2,2,F,Hindu,2,2,2,1,1,1,3,1,2,1,1,4,4,2,NA,NA,NA,NA,NA,2,2,3,5,6,7,7,5,1,1,A4,Z05B43,5B,4A,9/14/2006,9/14/2006,1/14/2016,9.339726027
1417,A0443,4,A,4A,Hindu,Friends,Friend1,1,42,F,43,NA,6,7,NA,7,5,7,7,6,6,7,1,8,NA,2,2,2,2,1,1,1,4,3,1,2,1,1,1,4,4,2,NA,NA,NA,NA,NA,2,2,3,5,F,Hindu,1,2,1,1,1,1,4,1,2,2,2,4,3,2,NA,NA,NA,NA,NA,1,1,2,2,1,7,7,3,1,1,A4,Z05C45,5C,4A,11/8/2006,11/8/2006,1/14/2016,9.189041096
1421,A0444,4,A,4A,Hindu,Friends,Friend1,1,15,F,44,NA,4,7,NA,6,1,6,5,6,6,5,5,1,NA,2,3,4,1,1,1,1,1,4,1,2,2,1,1,4,4,4,NA,NA,NA,NA,NA,2,2,3,2,M,Hindu,4,5,2,1,4,1,3,2,4,5,1,4,3,4,NA,NA,NA,NA,NA,1,1,4,1,6,6,6,3,0,1,A4,NA,NA,4A,NA,9/6/2006,1/14/2016,9.361643836
1426,A0445,4,A,4A,Hindu,Friends,Friend1,1,6,F,45,NA,6,7,NA,7,6,6,6,6,6,4,4,8,NA,2,1,1,1,1,1,1,4,4,1,2,2,1,2,4,1,1,NA,NA,NA,NA,NA,2,2,5,2,M,Hindu,1,1,1,1,3,1,4,1,2,4,1,3,7,1,NA,NA,NA,NA,NA,5,1,4,5,7,1,7,5,0,1,A4,Z05B44,5B,4A,7/22/2006,7/22/2006,1/14/2016,9.487671233
1433,A0446,4,A,4A,Muslim,Friends,Friend1,1,40,F,46,NA,1,7,NA,6,7,5,6,4,4,4,6,7,Vohra Muslim,2,2,1,2,1,2,1,1,4,1,1,1,2,1,4,6,4,NA,NA,NA,NA,NA,1,2,3,2,F,other,2,1,1,1,2,1,3,1,1,4,1,6,3,2,NA,NA,NA,NA,NA,1,1,1,2,2,7,1,7,1,0,A4,Z05B45,5B,4A,10/25/2006,10/25/2006,1/14/2016,9.22739726
1438,A0447,4,A,4A,Muslim,Friends,Friend1,1,39,F,47,NA,1,7,NA,3,5,3,6,6,6,6,5,7,Vohra,2,2,2,2,1,3,1,1,4,1,2,1,2,1,NA,3,4,NA,NA,NA,NA,NA,4,4,1,3,F,Hindu,2,1,1,2,2,1,NA,1,1,NA,1,4,4,4,NA,NA,NA,NA,NA,1,1,5,3,1,7,7,4,1,0,A4,Z05B46,5B,4A,9/24/2006,9/24/2006,1/14/2016,9.312328767
1445,A0448,4,A,4A,Hindu,Friends,Friend1,1,43,F,48,NA,4,7,NA,7,4,7,7,3,4,4,5,8,NA,2,2,3,2,1,1,1,NA,4,1,2,4,1,1,4,2,1,NA,NA,NA,NA,NA,2,2,3,2,F,Hindu,2,2,2,1,1,1,3,1,2,1,1,4,4,2,NA,NA,NA,NA,NA,2,2,3,5,6,7,7,5,1,1,A4,Z05B47,5B,4A,9/24/2006,9/24/2006,1/14/2016,9.312328767
1452,A0449,4,A,4A,Muslim,Friends,Friend1,1,41,F,49,NA,2,7,NA,6,6,7,6,5,5,5,4,7,Muslims,2,2,2,3,1,1,1,2,4,2,1,3,2,1,4,3,3,NA,NA,NA,NA,NA,2,2,3,2,F,Hindu,1,2,1,1,2,1,4,2,3,2,1,4,5,3,NA,NA,NA,NA,NA,1,1,3,1,1,7,7,5,1,0,A4,Z05B48,5B,4A,9/4/2006,9/4/2006,1/14/2016,9.367123288
1459,A0450,4,A,4A,Muslim,Friends,Friend1,1,40,F,50,NA,2,7,NA,4,7,7,7,2,5,5,5,7,Muslim,2,1,3,2,1,2,1,2,4,1,1,3,2,1,4,1,4,NA,NA,NA,NA,NA,1,1,3,5,F,other,2,1,1,1,2,1,3,1,1,4,1,6,3,2,NA,NA,NA,NA,NA,1,1,1,2,2,7,1,7,1,0,A4,Z05B49,5B,4A,7/28/2006,7/28/2006,1/14/2016,9.471232877
1465,A0451,4,A,4A,Muslim,Friends,Friend1,1,42,F,51,NA,1,7,NA,5,7,7,7,5,7,7,6,7,Sunni,2,1,1,1,1,1,1,2,4,1,1,1,2,1,4,2,4,NA,NA,NA,NA,NA,2,2,1,3,F,Hindu,1,2,1,1,1,1,4,1,2,2,2,4,3,2,NA,NA,NA,NA,NA,1,1,2,2,1,7,7,3,1,0,A4,Z05B50,5B,4A,3/10/2007,3/10/2007,1/14/2016,8.854794521
1472,A0452,4,A,4A,Muslim,Friends,Friend1,1,45,F,52,NA,6,7,NA,3,7,4,7,4,7,7,4,7,Sunni,2,1,1,1,1,2,1,2,4,4,1,4,2,1,4,1,4,NA,NA,NA,NA,NA,2,2,5,2,F,Hindu,1,1,1,1,1,1,4,1,2,2,2,4,1,1,NA,NA,NA,NA,NA,2,2,5,2,6,7,7,6,1,0,A4,Z05B51,5B,4A,10/5/2006,10/5/2006,1/14/2016,9.282191781
1479,A0453,4,A,4A,Hindu,Friends,Friend1,1,19,F,53,NA,5,6,NA,7,5,5,7,5,5,7,5,8,NA,2,1,3,1,2,1,1,1,4,3,1,2,1,1,6,7,4,NA,NA,NA,NA,NA,1,3,2,2,M,Hindu,3,1,1,1,1,1,4,4,NA,3,1,7,2,1,NA,NA,NA,NA,NA,2,2,2,5,7,2,7,2,0,1,A4,Z05B52,5B,4A,5/11/2007,5/11/2007,1/14/2016,8.684931507
1482,A0454,4,A,4A,Muslim,Friends,Friend1,1,40,F,54,NA,1,7,NA,1,7,7,6,1,3,5,5,7,Muslim,2,1,2,1,1,1,1,4,1,1,1,1,2,1,3,3,4,NA,NA,NA,NA,NA,1,1,2,2,F,other,2,1,1,1,2,1,3,1,1,4,1,6,3,2,NA,NA,NA,NA,NA,1,1,1,2,2,7,1,7,1,0,A4,Z05B53,5B,4A,12/13/2006,NA,1/14/2016,9.093150685
1488,A0455,4,A,4A,Muslim,Friends,Friend1,1,40,F,55,NA,1,7,NA,5,7,7,7,NA,7,7,3,7,Vohra,2,1,1,1,1,1,1,1,4,1,1,1,2,1,7,4,4,NA,NA,NA,NA,NA,1,1,2,3,F,other,2,1,1,1,2,1,3,1,1,4,1,6,3,2,NA,NA,NA,NA,NA,1,1,1,2,2,7,1,7,1,0,A4,Z05B54,5B,4A,1/23/2007,NA,1/14/2016,8.980821918
1490,A0456,4,A,4A,Hindu,Friends,Friend1,1,42,F,56,NA,1,7,NA,7,3,3,7,2,5,5,7,8,NA,2,1,1,1,1,2,1,1,4,1,2,1,1,1,4,4,4,NA,NA,NA,NA,NA,1,2,1,1,F,Hindu,1,2,1,1,1,1,4,1,2,2,2,4,3,2,NA,NA,NA,NA,NA,1,1,2,2,1,7,7,3,1,1,A4,Z05A54,5A,4A,5/1/2015,8/28/2006,1/14/2016,NA
1497,A0457,4,A,4A,Hindu,Friends,Friend1,1,42,F,57,NA,4,7,NA,7,4,7,7,6,4,4,6,8,NA,2,2,1,1,1,2,1,1,4,2,5,2,1,1,4,5,3,NA,NA,NA,NA,NA,1,3,2,2,F,Hindu,1,2,1,1,1,1,4,1,2,2,2,4,3,2,NA,NA,NA,NA,NA,1,1,2,2,1,7,7,3,1,1,A4,Z05B55,5B,4A,10/26/2006,NA,1/14/2016,9.224657534
1501,A0458,4,A,4A,Hindu,Friends,Friend1,1,41,F,58,NA,1,7,NA,7,1,7,7,3,4,5,6,1,NA,2,1,3,1,1,2,1,1,4,1,1,2,1,1,4,4,4,NA,NA,NA,NA,NA,2,1,5,3,F,Hindu,1,2,1,1,2,1,4,2,3,2,1,4,5,3,NA,NA,NA,NA,NA,1,1,3,1,1,7,7,5,1,1,A4,Z05B57,5B,4A,1/28/2006,1/28/2006,1/14/2016,9.967123288
1506,A0460,4,A,4A,Hindu,Friends,Friend1,1,11,F,60,NA,6,7,NA,7,6,7,7,7,6,7,1,8,NA,2,3,3,2,1,2,1,2,3,2,3,3,1,2,4,7,4,NA,NA,NA,NA,NA,1,1,4,2,M,Muslim,1,1,4,1,1,1,4,1,1,2,1,7,3,6,NA,NA,NA,NA,NA,1,2,3,2,7,6,6,7,0,0,A4,NA,NA,4A,NA,4/24/2006,1/14/2016,9.731506849
1514,A0461,4,A,4A,Hindu,Friends,Friend1,1,1,F,61,NA,4,7,NA,7,2,7,7,2,7,5,2,1,NA,2,3,3,1,1,1,1,1,4,1,1,2,1,1,2,5,3,NA,NA,NA,NA,NA,2,2,2,4,M,Hindu,1,1,1,1,1,1,4,1,3,2,1,4,4,4,NA,NA,NA,NA,NA,4,4,3,1,7,1,7,1,0,1,A4,Z05B59,5B,4A,10/24/2005,10/24/2005,1/14/2016,10.23013699
1520,A0462,4,A,4A,Hindu,Friends,Friend1,1,48,F,62,NA,4,7,NA,7,4,7,7,6,6,7,6,8,NA,2,2,1,1,1,1,1,2,4,1,2,1,1,1,4,7,4,NA,NA,NA,NA,NA,3,1,5,5,F,Hindu,2,3,2,1,1,1,4,1,2,4,1,4,2,1,NA,NA,NA,NA,NA,2,2,3,2,4,7,7,4,1,1,A4,Z05B60,5B,4A,3/27/2006,3/27/2006,1/14/2016,9.808219178
1527,A0463,4,A,4A,Hindu,Friends,Friend1,1,42,F,63,NA,1,7,NA,7,1,7,7,6,5,6,1,8,NA,2,1,1,2,1,1,1,4,4,1,3,2,1,1,4,4,4,NA,NA,NA,NA,NA,1,5,4,1,F,Hindu,1,2,1,1,1,1,4,1,2,2,2,4,3,2,NA,NA,NA,NA,NA,1,1,2,2,1,7,7,3,1,1,A4,Z05B61,5B,4A,6/1/2008,7/1/2005,1/14/2016,7.624657534
1534,A0464,4,A,4A,Hindu,Friends,Friend1,1,39,F,64,NA,1,7,NA,7,5,7,4,7,4,7,2,1,NA,2,1,2,2,1,3,1,1,4,1,1,1,1,1,4,4,4,NA,NA,NA,NA,NA,1,1,3,1,F,Hindu,2,1,1,2,2,1,NA,1,1,NA,1,4,4,4,NA,NA,NA,NA,NA,1,1,5,3,1,7,7,4,1,1,A4,Z05B63,5B,4A,12/19/2006,12/19/2006,1/14/2016,9.076712329
1536,A0465,4,A,4A,Hindu,Friends,Friend1,1,39,F,65,NA,2,7,NA,6,2,5,7,3,4,3,4,8,NA,2,1,2,2,1,3,1,1,4,4,1,2,1,1,3,4,6,NA,NA,NA,NA,NA,2,3,NA,4,F,Hindu,2,1,1,2,2,1,NA,1,1,NA,1,4,4,4,NA,NA,NA,NA,NA,1,1,5,3,1,7,7,4,1,1,A4,Z05B64,5B,4A,9/9/2006,9/9/2006,1/14/2016,9.353424658
1543,B0401,4,B,4B,Hindu,Friends,Friend1,1,3,M,1,NA,7,6,NA,7,1,7,7,6,6,7,4,1,NA,1,1,2,1,1,1,1,1,1,2,2,3,1,1,4,5,3,NA,NA,NA,NA,NA,1,1,5,2,M,Hindu,2,4,1,1,3,1,4,1,5,3,2,7,4,4,NA,NA,NA,NA,NA,1,2,5,2,6,1,5,NA,1,1,B4,Z05C01,5C,4B,2/22/2007,NA,1/14/2016,8.898630137
1550,B0403,4,B,4B,Hindu,Friends,Friend1,1,1,M,3,NA,6,1,NA,5,NA,7,7,6,3,6,3,8,NA,1,2,4,1,1,3,1,4,4,1,5,3,1,2,7,4,4,NA,NA,NA,NA,NA,1,2,5,2,M,Hindu,1,2,1,1,1,1,1,2,2,3,1,4,5,3,NA,NA,NA,NA,NA,1,1,5,2,7,6,7,1,1,1,B4,Z05C02,5C,4B,1/3/2007,1/3/2007,1/14/2016,9.035616438
1557,B0404,4,B,4B,Hindu,Friends,Friend1,1,1,M,4,NA,7,3,NA,6,NA,6,6,2,2,3,5,1,brahmin,1,2,1,1,1,1,1,1,3,1,2,2,1,1,4,4,4,NA,NA,NA,NA,NA,4,3,5,4,M,Hindu,1,2,1,1,1,1,1,2,2,3,1,4,5,3,NA,NA,NA,NA,NA,1,1,5,2,7,6,7,1,1,1,B4,Z05C03,5C,4B,3/5/2007,NA,1/14/2016,8.868493151
1564,B0405,4,B,4B,Hindu,Friends,Friend1,1,6,M,5,NA,7,1,NA,7,4,7,7,5,6,7,6,8,NA,1,3,1,2,1,2,1,1,4,1,3,5,1,1,4,5,4,NA,NA,NA,NA,NA,1,1,NA,3,M,Hindu,5,2,1,1,3,1,3,1,4,5,1,4,1,4,NA,NA,NA,NA,NA,5,5,2,1,7,4,3,1,1,1,B4,Z05B07,5B,4B,9/5/2006,NA,1/14/2016,9.364383562
1571,B0406,4,B,4B,Hindu,Friends,Friend1,1,5,M,6,NA,7,4,NA,3,1,6,3,3,3,4,1,8,NA,1,5,2,1,1,3,1,4,3,1,4,5,1,1,4,1,4,NA,NA,NA,NA,NA,5,5,2,1,M,Hindu,3,1,2,1,2,1,4,1,3,5,1,4,5,4,NA,NA,NA,NA,NA,1,1,NA,3,7,1,7,4,1,1,B4,Z05C04,5C,4B,6/23/2006,6/23/2006,1/14/2016,9.567123288
1578,B0407,4,B,4B,Muslim,Friends,Friend1,1,7,M,7,NA,7,6,NA,2,1,7,4,7,7,7,4,1,NA,1,1,1,NA,1,2,1,4,3,3,3,5,2,2,4,2,2,NA,NA,NA,NA,NA,1,5,2,4,M,Muslim,1,1,NA,1,2,1,3,3,3,5,2,4,2,2,NA,NA,NA,NA,NA,1,5,2,4,7,6,2,1,1,1,B4,Z05C05,5C,4B,4/23/2006,NA,1/14/2016,9.734246575
1585,B0408,4,B,4B,Muslim,Friends,Friend1,1,7,M,8,NA,7,2,NA,5,NA,NA,6,7,7,6,7,8,NA,1,2,3,1,1,1,1,2,4,1,1,2,2,1,3,1,4,NA,NA,NA,NA,NA,1,1,1,2,M,Muslim,1,1,NA,1,2,1,3,3,3,5,2,4,2,2,NA,NA,NA,NA,NA,1,5,2,4,7,6,2,1,1,1,B4,Z05C06,5C,4B,12/11/2006,12/11/2006,1/14/2016,9.098630137
1591,B0409,4,B,4B,Hindu,Friends,Friend1,1,5,M,9,NA,7,6,NA,7,5,7,7,7,7,6,7,1,NA,1,1,2,1,1,3,1,1,1,1,1,1,1,1,3,3,3,NA,NA,NA,NA,NA,1,1,3,1,M,Hindu,3,1,2,1,2,1,4,1,3,5,1,4,5,4,NA,NA,NA,NA,NA,1,1,NA,3,7,1,7,4,1,1,B4,Z05C07,5C,4B,5/2/2007,5/2/2007,1/14/2016,8.709589041
1598,B0410,4,B,4B,Muslim,Friends,Friend1,1,1,M,10,NA,7,NA,NA,7,6,7,1,5,6,6,6,8,NA,1,NA,2,1,1,1,1,2,2,4,1,4,2,1,2,1,7,NA,NA,NA,NA,NA,4,4,4,4,M,Hindu,1,2,1,1,1,1,1,2,2,3,1,4,5,3,NA,NA,NA,NA,NA,1,1,5,2,7,6,7,1,1,0,B4,Z05C08,5C,4B,10/10/2006,NA,1/14/2016,9.268493151
1605,B0411,4,B,4B,Hindu,Friends,Friend1,1,5,M,11,NA,7,4,NA,7,4,7,7,6,5,5,4,7,haswari,1,2,2,3,1,2,1,4,3,1,1,2,1,1,4,1,1,NA,NA,NA,NA,NA,2,1,5,3,M,Hindu,3,1,2,1,2,1,4,1,3,5,1,4,5,4,NA,NA,NA,NA,NA,1,1,NA,3,7,1,7,4,1,1,B4,Z05C09,5C,4B,4/28/2006,NA,1/14/2016,9.720547945
1612,B0412,4,B,4B,Muslim,Friends,Friend1,1,7,M,12,NA,1,3,NA,3,1,1,1,1,3,3,1,8,NA,1,1,2,1,1,3,1,1,NA,4,1,NA,2,1,7,1,7,NA,NA,NA,NA,NA,NA,NA,NA,NA,M,Muslim,1,1,NA,1,2,1,3,3,3,5,2,4,2,2,NA,NA,NA,NA,NA,1,5,2,4,7,6,2,1,1,1,B4,NA,NA,4B,NA,NA,1/14/2016,NA
1619,B0413,4,B,4B,Hindu,Friends,Friend1,1,1,M,13,NA,7,5,NA,7,1,5,6,6,7,6,5,8,NA,1,2,2,1,2,1,1,4,NA,NA,1,5,1,1,3,2,2,NA,NA,NA,NA,NA,2,2,3,2,M,Hindu,1,2,1,1,1,1,1,2,2,3,1,4,5,3,NA,NA,NA,NA,NA,1,1,5,2,7,6,7,1,1,1,B4,Z05C10,5C,4B,8/25/2007,NA,1/14/2016,8.394520548
1626,B0414,4,B,4B,Hindu,Friends,Friend1,1,4,M,14,NA,7,2,NA,7,5,7,7,5,1,6,7,1,NA,1,1,2,2,1,1,1,4,4,4,5,1,1,1,4,4,4,NA,NA,NA,NA,NA,4,5,2,1,M,Hindu,2,1,1,1,1,1,3,1,2,2,1,4,4,4,NA,NA,NA,NA,NA,4,3,5,4,7,3,6,NA,1,1,B4,Z05C11,5C,4B,9/27/2006,NA,1/14/2016,9.304109589
1633,B0415,4,B,4B,Hindu,Friends,Friend1,1,5,M,15,NA,6,3,NA,7,NA,7,7,4,4,7,4,2,hindus,1,2,3,1,1,1,1,1,NA,1,5,5,1,1,4,2,4,NA,NA,NA,NA,NA,1,1,3,4,M,Hindu,3,1,2,1,2,1,4,1,3,5,1,4,5,4,NA,NA,NA,NA,NA,1,1,NA,3,7,1,7,4,1,1,B4,NA,NA,4B,NA,1/26/2007,1/14/2016,8.97260274
1641,B0417,4,B,4B,Muslim,Friends,Friend1,1,16,M,17,NA,7,6,NA,6,7,6,5,6,5,4,4,7,muslim,1,1,2,1,2,1,1,2,4,1,1,1,2,2,6,6,6,NA,NA,NA,NA,NA,1,3,2,NA,M,NA,NA,NA,NA,NA,NA,NA,NA,NA,NA,NA,NA,NA,NA,NA,NA,NA,NA,NA,NA,NA,NA,NA,NA,NA,NA,NA,NA,1,NA,B4,Z05C15,5C,4B,2/14/2007,2/14/2007,1/14/2016,8.920547945
1648,B0418,4,B,4B,Muslim,Friends,Friend1,1,37,M,18,NA,7,2,NA,3,7,7,6,4,2,7,6,7,NA,1,3,1,1,2,2,1,2,3,1,1,2,2,1,2,1,2,NA,NA,NA,NA,NA,2,1,NA,3,M,Muslim,3,3,4,1,2,1,4,1,3,5,NA,4,NA,4,NA,NA,NA,NA,NA,3,2,NA,4,7,4,4,NA,1,1,B4,Z05C16,5C,4B,4/24/2006,4/24/2006,1/14/2016,9.731506849
1650,B0419,4,B,4B,Hindu,Friends,Friend1,1,9,M,19,NA,6,3,NA,6,5,7,7,5,4,7,3,2,NA,1,2,2,1,1,2,1,1,3,2,4,4,1,1,7,4,4,NA,NA,NA,NA,NA,2,3,1,3,M,Hindu,1,2,1,1,3,1,1,1,1,1,1,3,3,3,NA,NA,NA,NA,NA,1,1,3,1,7,6,7,5,1,1,B4,Z05C17,5C,4B,12/15/2006,12/15/2006,1/14/2016,9.087671233
1657,B0420,4,B,4B,Muslim,Friends,Friend1,1,7,M,20,NA,1,NA,NA,7,2,7,7,7,7,7,4,1,NA,2,NA,NA,1,NA,NA,NA,2,3,1,5,2,2,1,7,7,7,NA,NA,NA,NA,NA,NA,NA,NA,NA,M,Muslim,1,1,NA,1,2,1,3,3,3,5,2,4,2,2,NA,NA,NA,NA,NA,1,5,2,4,7,6,2,1,1,1,B4,Z05C18,5C,4B,5/16/2006,NA,1/14/2016,9.671232877
1660,B0421,4,B,4B,Hindu,Friends,Friend1,1,14,M,21,NA,4,3,NA,7,6,7,7,6,6,6,4,8,NA,1,NA,4,NA,1,1,1,3,4,1,1,2,1,1,4,3,4,NA,NA,NA,NA,NA,1,1,3,5,M,Hindu,1,2,2,1,1,1,4,4,5,1,1,4,4,4,NA,NA,NA,NA,NA,4,5,2,1,7,2,7,5,1,1,B4,Z05C19,5C,4B,6/8/2007,6/7/2015,1/14/2016,8.608219178
1667,B0422,4,B,4B,Hindu,Friends,Friend1,1,1,M,22,NA,7,5,NA,7,5,7,7,5,7,7,5,8,NA,1,1,4,1,1,1,1,4,4,1,1,1,1,1,6,6,6,NA,NA,NA,NA,NA,4,2,NA,4,M,Hindu,1,2,1,1,1,1,1,2,2,3,1,4,5,3,NA,NA,NA,NA,NA,1,1,5,2,7,6,7,1,1,1,B4,Z05C20,5C,4B,6/30/2007,NA,1/14/2016,8.547945205
1674,B0423,4,B,4B,Hindu,Friends,Friend1,1,4,M,23,NA,NA,5,NA,7,3,7,7,NA,6,5,1,1,NA,1,1,1,2,2,2,1,1,2,1,2,3,1,NA,4,4,2,NA,NA,NA,NA,NA,2,2,4,1,M,Hindu,2,1,1,1,1,1,3,1,2,2,1,4,4,4,NA,NA,NA,NA,NA,4,3,5,4,7,3,6,NA,1,1,B4,Z05C21,5C,4B,8/11/2006,8/11/2006,1/14/2016,9.432876712
1679,B0424,4,B,4B,Muslim,Friends,Friend1,1,7,M,24,NA,1,4,NA,4,1,1,1,4,2,4,1,8,NA,1,3,2,1,1,3,1,4,1,4,4,1,2,1,1,1,3,NA,NA,NA,NA,NA,4,3,5,1,M,Muslim,1,1,NA,1,2,1,3,3,3,5,2,4,2,2,NA,NA,NA,NA,NA,1,5,2,4,7,6,2,1,1,1,B4,Z05C22,5C,4B,2/8/2007,NA,1/14/2016,8.936986301
1686,B0425,4,B,4B,Muslim,Friends,Friend1,1,7,M,25,NA,7,1,NA,2,7,7,7,2,2,7,1,NA,vohra,1,1,1,2,1,1,1,2,2,2,1,2,2,1,4,4,4,NA,NA,NA,NA,NA,5,5,1,2,M,Muslim,1,1,NA,1,2,1,3,3,3,5,2,4,2,2,NA,NA,NA,NA,NA,1,5,2,4,7,6,2,1,1,1,B4,Z05C23,5C,4B,6/14/2006,6/14/2006,1/14/2016,9.591780822
1693,B0426,4,B,4B,Hindu,Friends,Friend1,1,3,M,26,NA,7,4,NA,7,6,7,7,4,4,4,7,8,NA,1,2,2,3,1,3,1,1,3,1,1,3,1,2,6,4,4,NA,NA,NA,NA,NA,1,1,3,2,M,Hindu,2,4,1,1,3,1,4,1,5,3,2,7,4,4,NA,NA,NA,NA,NA,1,2,5,2,6,1,5,NA,1,1,B4,Z05C24,5C,4B,9/3/2006,NA,1/14/2016,9.369863014
1700,B0427,4,B,4B,Hindu,Friends,Friend1,1,4,M,27,NA,7,5,NA,6,2,6,5,5,5,6,5,NA,NA,1,1,2,1,1,3,1,1,3,2,1,1,1,1,4,4,2,NA,NA,NA,NA,NA,2,2,3,1,M,Hindu,2,1,1,1,1,1,3,1,2,2,1,4,4,4,NA,NA,NA,NA,NA,4,3,5,4,7,3,6,NA,1,1,B4,Z05C25,5C,4B,11/10/2006,11/10/2006,1/14/2016,9.183561644
1707,B0428,4,B,4B,Hindu,Friends,Friend1,1,3,M,28,NA,7,2,NA,7,6,7,6,6,6,6,6,8,NA,1,1,1,1,1,1,1,2,3,1,3,2,1,1,4,4,4,NA,NA,NA,NA,NA,1,4,2,2,M,Hindu,2,4,1,1,3,1,4,1,5,3,2,7,4,4,NA,NA,NA,NA,NA,1,2,5,2,6,1,5,NA,1,1,B4,Z05C26,5C,4B,4/19/2006,4/19/2006,1/14/2016,9.745205479
1711,B0429,4,B,4B,Hindu,Friends,Friend1,1,6,M,29,NA,7,5,NA,7,1,1,7,7,7,6,6,1,NA,1,2,2,1,1,1,1,1,4,1,5,2,1,1,NA,2,NA,NA,NA,NA,NA,NA,NA,1,NA,NA,M,Hindu,5,2,1,1,3,1,3,1,4,5,1,4,1,4,NA,NA,NA,NA,NA,5,5,2,1,7,4,3,1,1,1,B4,Z05C27,5C,4B,3/23/2007,3/23/2007,1/14/2016,8.819178082
1718,B0430,4,B,4B,Hindu,Friends,Friend1,1,5,M,30,NA,7,5,NA,7,5,7,7,3,5,3,5,8,NA,1,1,1,1,1,1,1,1,1,1,5,1,1,1,4,4,4,NA,NA,NA,NA,NA,2,2,3,1,M,Hindu,3,1,2,1,2,1,4,1,3,5,1,4,5,4,NA,NA,NA,NA,NA,1,1,NA,3,7,1,7,4,1,1,B4,Z05B24,5B,4B,12/7/2005,12/7/2005,1/14/2016,10.10958904
1725,B0431,4,B,4B,Hindu,Friends,Friend1,1,1,M,31,NA,7,6,NA,7,3,7,7,6,6,7,7,8,hindi,1,1,2,1,1,1,1,1,3,1,4,1,1,1,4,7,7,NA,NA,NA,NA,NA,1,1,1,1,M,Hindu,1,2,1,1,1,1,1,2,2,3,1,4,5,3,NA,NA,NA,NA,NA,1,1,5,2,7,6,7,1,1,1,B4,NA,NA,4B,NA,6/16/2007,1/14/2016,8.58630137
1732,B0432,4,B,4B,Muslim,Friends,Friend1,1,1,M,32,NA,7,4,NA,5,7,NA,6,NA,6,6,4,8,NA,1,2,4,2,1,2,1,NA,1,4,1,2,2,1,5,4,7,NA,NA,NA,NA,NA,3,3,3,1,M,Hindu,1,2,1,1,1,1,1,2,2,3,1,4,5,3,NA,NA,NA,NA,NA,1,1,5,2,7,6,7,1,1,0,B4,Z05C28,5C,4B,8/28/2006,8/28/2006,1/14/2016,9.38630137
1740,B0434,4,B,4B,Hindu,Friends,Friend1,1,1,M,34,NA,7,NA,NA,7,NA,NA,NA,NA,7,5,NA,1,NA,1,NA,2,NA,1,2,1,1,4,1,NA,NA,1,1,4,4,4,NA,NA,NA,NA,NA,3,NA,2,NA,M,Hindu,1,2,1,1,1,1,1,2,2,3,1,4,5,3,NA,NA,NA,NA,NA,1,1,5,2,7,6,7,1,1,1,B4,Z05C30,5C,4B,6/1/2007,1/27/2007,1/14/2016,8.62739726
1745,B0436,4,B,4B,Hindu,Friends,Friend1,1,5,M,36,NA,7,1,NA,7,NA,6,4,5,4,4,NA,8,NA,1,2,3,1,2,2,1,1,4,4,4,4,1,1,4,6,2,NA,NA,NA,NA,NA,1,2,1,2,M,Hindu,3,1,2,1,2,1,4,1,3,5,1,4,5,4,NA,NA,NA,NA,NA,1,1,NA,3,7,1,7,4,1,1,B4,Z05C33,5C,4B,10/30/2006,NA,1/14/2016,9.21369863
1752,B0437,4,B,4B,Muslim,Friends,Friend1,1,10,M,37,NA,7,4,NA,4,NA,7,4,4,4,NA,6,8,NA,1,3,3,4,1,2,1,2,4,1,3,5,2,NA,4,NA,4,NA,NA,NA,NA,NA,3,2,NA,4,M,Muslim,NA,2,1,1,1,1,2,4,1,4,1,2,1,7,NA,NA,NA,NA,NA,4,4,4,4,7,NA,7,6,1,1,B4,Z05C34,5C,4B,2/15/2005,NA,1/14/2016,10.91780822
1753,B0438,4,B,4B,Hindu,Friends,Friend1,1,3,M,38,NA,5,5,NA,7,6,7,6,6,6,6,6,8,NA,1,2,4,2,1,1,1,4,4,1,1,2,1,1,4,1,1,NA,NA,NA,NA,NA,1,4,NA,2,M,Hindu,2,4,1,1,3,1,4,1,5,3,2,7,4,4,NA,NA,NA,NA,NA,1,2,5,2,6,1,5,NA,1,1,B4,Z05C36,5C,4B,12/25/2006,12/25/2006,1/14/2016,9.060273973
1760,B0439,4,B,4B,other,Friends,Friend1,1,5,M,39,NA,7,2,NA,6,1,NA,2,NA,7,7,1,7,shah,1,1,1,2,1,1,1,1,4,1,5,2,3,2,4,5,3,NA,NA,NA,NA,NA,1,2,5,1,M,Hindu,3,1,2,1,2,1,4,1,3,5,1,4,5,4,NA,NA,NA,NA,NA,1,1,NA,3,7,1,7,4,1,0,B4,Z05C37,5C,4B,5/6/2006,5/6/2006,1/14/2016,9.698630137
1767,B0440,4,B,4B,other,Friends,Friend1,1,1,M,40,NA,7,3,NA,7,1,7,7,5,6,6,4,1,NA,1,1,3,4,1,1,1,1,4,1,1,2,3,1,2,3,3,NA,NA,NA,NA,NA,2,1,3,1,M,Hindu,1,2,1,1,1,1,1,2,2,3,1,4,5,3,NA,NA,NA,NA,NA,1,1,5,2,7,6,7,1,1,0,B4,Z05C38,5C,4B,3/6/2007,3/6/2007,1/14/2016,8.865753425
1774,B0441,4,B,4B,Muslim,Friends,Friend1,1,9,M,41,NA,6,5,NA,5,7,NA,3,6,5,6,NA,NA,shaikh,1,2,1,2,1,2,1,2,4,1,1,1,2,NA,4,NA,6,NA,NA,NA,NA,NA,2,2,2,5,M,Hindu,1,2,1,1,3,1,1,1,1,1,1,3,3,3,NA,NA,NA,NA,NA,1,1,3,1,7,6,7,5,1,0,B4,Z05C39,5C,4B,3/1/2007,NA,1/14/2016,8.879452055
1779,B0442,4,B,4B,Hindu,Friends,Friend1,1,1,M,42,NA,7,5,NA,7,5,7,6,5,5,7,7,1,NA,1,3,2,1,1,2,1,2,4,1,3,2,1,1,4,6,6,NA,NA,NA,NA,NA,3,1,2,4,M,Hindu,1,2,1,1,1,1,1,2,2,3,1,4,5,3,NA,NA,NA,NA,NA,1,1,5,2,7,6,7,1,1,1,B4,Z05C40,5C,4B,5/11/2007,5/11/2007,1/14/2016,8.684931507
1786,B0444,4,B,4B,Hindu,Friends,Friend1,1,1,M,44,NA,6,NA,NA,6,6,4,6,2,6,1,3,8,NA,1,1,5,2,1,3,2,1,1,1,1,5,1,1,5,3,1,NA,NA,NA,NA,NA,5,1,NA,3,M,Hindu,1,2,1,1,1,1,1,2,2,3,1,4,5,3,NA,NA,NA,NA,NA,1,1,5,2,7,6,7,1,1,1,B4,NA,NA,4B,NA,NA,1/14/2016,NA
1793,B0445,4,B,4B,Hindu,Friends,Friend1,1,5,M,45,NA,7,6,NA,6,5,7,7,6,4,4,6,8,NA,1,2,3,1,1,1,1,1,4,1,2,3,1,1,4,4,2,NA,NA,NA,NA,NA,1,1,NA,3,M,Hindu,3,1,2,1,2,1,4,1,3,5,1,4,5,4,NA,NA,NA,NA,NA,1,1,NA,3,7,1,7,4,1,1,B4,Z05C42,5C,4B,1/10/2007,1/10/2007,1/14/2016,9.016438356
1800,B0446,4,B,4B,Hindu,Friends,Friend1,1,9,M,46,NA,7,2,NA,7,4,7,7,4,6,7,1,8,NA,1,2,1,1,1,2,1,4,3,2,4,2,1,1,3,3,2,NA,NA,NA,NA,NA,1,1,NA,5,M,Hindu,1,2,1,1,3,1,1,1,1,1,1,3,3,3,NA,NA,NA,NA,NA,1,1,3,1,7,6,7,5,1,1,B4,Z05C43,5C,4B,1/31/2007,NA,1/14/2016,8.95890411
1804,B0448,4,B,4B,Muslim,Friends,Friend1,1,47,F,48,NA,1,7,NA,3,7,7,7,6,1,6,7,NA,eid,2,1,1,1,1,1,1,2,3,1,1,2,2,1,4,1,6,NA,NA,NA,NA,NA,4,4,3,3,F,NA,NA,NA,NA,NA,NA,NA,NA,NA,NA,NA,NA,NA,NA,NA,NA,NA,NA,NA,NA,NA,NA,NA,NA,NA,NA,NA,NA,1,NA,B4,Z05C46,5C,4B,8/10/2006,8/10/2006,1/14/2016,9.435616438
1811,B0449,4,B,4B,Hindu,Friends,Friend1,1,47,F,49,NA,6,7,NA,6,5,7,6,6,5,4,6,8,NA,2,2,3,1,1,2,1,1,4,1,2,3,1,2,4,3,2,NA,NA,NA,NA,NA,2,2,NA,2,F,NA,NA,NA,NA,NA,NA,NA,NA,NA,NA,NA,NA,NA,NA,NA,NA,NA,NA,NA,NA,NA,NA,NA,NA,NA,NA,NA,NA,1,NA,B4,Z05C47,5C,4B,5/3/2006,5/3/2006,1/14/2016,9.706849315
1818,B0450,4,B,4B,Hindu,Friends,Friend1,1,48,F,50,NA,6,7,NA,7,5,7,7,2,6,7,6,1,hindi,2,1,2,1,1,1,1,1,4,3,2,1,1,1,4,4,4,NA,NA,NA,NA,NA,1,1,4,3,F,Muslim,1,1,1,1,1,1,3,1,1,2,1,4,1,6,NA,NA,NA,NA,NA,4,4,3,3,1,7,3,7,1,0,B4,Z05C48,5C,4B,5/5/2007,5/5/2007,1/14/2016,8.701369863
1825,B0451,4,B,4B,Hindu,Friends,Friend1,1,50,F,51,NA,NA,NA,NA,7,1,6,7,2,5,7,7,8,NA,2,3,1,1,1,1,1,4,4,5,2,5,1,1,7,7,7,NA,NA,NA,NA,NA,1,3,4,5,F,Hindu,1,2,1,1,1,1,4,3,2,1,1,4,4,4,NA,NA,NA,NA,NA,1,1,4,3,6,7,7,5,1,1,B4,Z05C49,5C,4B,5/1/2006,4/29/2006,1/14/2016,9.712328767
1832,B0452,4,B,4B,Muslim,Friends,Friend1,1,49,F,52,NA,5,7,NA,5,7,7,7,6,6,6,6,8,NA,2,2,2,1,1,2,1,1,4,1,1,3,2,1,4,2,3,NA,NA,NA,NA,NA,1,1,NA,2,F,Hindu,2,3,1,1,2,1,4,1,2,3,2,4,3,2,NA,NA,NA,NA,NA,2,2,NA,2,6,7,6,5,1,0,B4,Z05C50,5C,4B,8/28/2006,8/28/2006,1/14/2016,9.38630137
1839,B0453,4,B,4B,Hindu,Friends,Friend1,1,47,F,53,NA,2,7,NA,7,7,7,7,7,2,2,7,8,NA,2,3,2,2,2,2,2,1,1,1,1,5,1,1,4,3,3,NA,NA,NA,NA,NA,5,5,4,1,F,NA,NA,NA,NA,NA,NA,NA,NA,NA,NA,NA,NA,NA,NA,NA,NA,NA,NA,NA,NA,NA,NA,NA,NA,NA,NA,NA,NA,1,NA,B4,Z05C51,5C,4B,12/7/2006,12/7/2006,1/14/2016,9.109589041
1846,B0454,4,B,4B,Muslim,Friends,Friend1,1,51,F,54,NA,1,7,NA,3,7,NA,7,1,NA,4,7,7,memon,2,1,1,3,1,1,1,4,4,5,2,5,2,1,4,1,7,NA,NA,NA,NA,NA,1,1,5,5,F,Hindu,3,1,1,1,1,1,4,5,2,5,1,7,7,7,NA,NA,NA,NA,NA,1,3,4,5,NA,NA,7,1,1,0,B4,Z05C52,5C,4B,7/20/2006,NA,1/14/2016,9.493150685
1853,B0456,4,B,4B,Muslim,Friends,Friend1,1,48,F,56,NA,5,7,NA,2,7,6,6,4,3,3,2,8,NA,2,3,2,1,1,3,1,1,3,1,4,1,2,1,4,3,4,NA,NA,NA,NA,NA,3,4,3,2,F,Muslim,1,1,1,1,1,1,3,1,1,2,1,4,1,6,NA,NA,NA,NA,NA,4,4,3,3,1,7,3,7,1,1,B4,Z05C54,5C,4B,5/19/2007,NA,1/14/2016,8.663013699
1860,B0457,4,B,4B,Hindu,Friends,Friend1,1,49,F,57,NA,5,7,NA,7,3,NA,6,NA,5,5,6,7,patel,2,1,2,1,1,1,1,1,3,1,2,2,1,1,4,1,1,NA,NA,NA,NA,NA,2,2,1,3,F,Hindu,2,3,1,1,2,1,4,1,2,3,2,4,3,2,NA,NA,NA,NA,NA,2,2,NA,2,6,7,6,5,1,1,B4,Z05C55,5C,4B,2/1/2007,NA,1/14/2016,8.956164384
1867,B0458,4,B,4B,Hindu,Friends,Friend1,1,49,F,58,NA,4,7,NA,7,3,NA,7,NA,5,6,4,8,NA,2,1,2,1,1,2,1,1,3,1,4,2,1,1,4,1,1,NA,NA,NA,NA,NA,1,1,3,1,F,Hindu,2,3,1,1,2,1,4,1,2,3,2,4,3,2,NA,NA,NA,NA,NA,2,2,NA,2,6,7,6,5,1,1,B4,Z05C56,5C,4B,3/23/2007,3/23/2007,1/14/2016,8.819178082
1874,B0459,4,B,4B,Muslim,Friends,Friend1,1,54,F,59,NA,7,7,NA,7,7,7,7,7,7,7,1,8,NA,2,1,1,1,1,1,1,2,2,1,1,1,2,1,4,3,3,NA,NA,NA,NA,NA,4,4,4,4,F,Muslim,1,1,3,1,1,1,4,5,2,5,1,4,1,7,NA,NA,NA,NA,NA,1,1,5,5,1,7,3,7,1,1,B4,Z05C57,5C,4B,4/30/2006,NA,1/14/2016,9.715068493
1881,B0460,4,B,4B,Muslim,Friends,Friend1,1,51,F,60,NA,4,7,NA,5,7,7,7,6,3,7,6,8,NA,2,2,2,1,1,1,1,2,4,1,1,2,2,1,4,2,3,NA,NA,NA,NA,NA,1,1,3,2,F,Hindu,3,1,1,1,1,1,4,5,2,5,1,7,7,7,NA,NA,NA,NA,NA,1,3,4,5,NA,NA,7,1,1,0,B4,Z05C58,5C,4B,11/20/2006,NA,1/14/2016,9.156164384
1886,B0461,4,B,4B,Hindu,Friends,Friend1,1,3,F,61,NA,2,7,NA,4,7,7,7,6,6,6,1,8,NA,2,1,5,1,1,4,1,2,4,1,5,5,1,1,2,2,3,NA,NA,NA,NA,NA,3,5,1,3,M,Hindu,2,4,1,1,3,1,4,1,5,3,2,7,4,4,NA,NA,NA,NA,NA,1,2,5,2,6,1,5,NA,0,1,B4,Z05C59,5C,4B,2/22/2006,2/22/2006,1/14/2016,9.898630137
1893,B0462,4,B,4B,Muslim,Friends,Friend1,1,47,F,62,NA,2,1,NA,1,7,1,7,4,1,3,7,7,NA,2,3,1,1,1,1,1,NA,3,1,1,1,2,1,4,1,2,NA,NA,NA,NA,NA,3,5,2,1,F,NA,NA,NA,NA,NA,NA,NA,NA,NA,NA,NA,NA,NA,NA,NA,NA,NA,NA,NA,NA,NA,NA,NA,NA,NA,NA,NA,NA,1,NA,B4,Z05B62,5B,4B,3/25/2006,NA,1/14/2016,9.81369863
1900,B0463,4,B,4B,Hindu,Friends,Friend1,1,22,F,63,NA,7,7,NA,4,2,7,NA,3,NA,2,7,6,NA,2,3,1,2,1,1,1,1,4,1,4,2,1,1,4,5,4,NA,NA,NA,NA,NA,1,1,1,4,M,Hindu,1,4,1,1,1,1,4,1,1,1,1,6,6,6,NA,NA,NA,NA,NA,4,2,NA,4,7,5,7,5,0,1,B4,Z05C60,5C,4B,10/24/2006,NA,1/14/2016,9.230136986
1906,B0464,4,B,4B,Muslim,Friends,Friend1,1,48,F,64,NA,7,7,NA,2,NA,6,7,7,3,7,7,8,NA,2,4,3,1,1,1,1,2,4,2,1,3,2,1,4,3,2,NA,NA,NA,NA,NA,1,1,2,5,F,Muslim,1,1,1,1,1,1,3,1,1,2,1,4,1,6,NA,NA,NA,NA,NA,4,4,3,3,1,7,3,7,1,1,B4,Z05C61,5C,4B,2/14/2007,2/14/2007,1/14/2016,8.920547945
1913,B0465,4,B,4B,Hindu,Friends,Friend1,1,49,F,65,NA,1,7,NA,7,1,7,6,6,2,7,1,1,NA,2,1,1,2,1,1,1,3,4,1,1,1,1,1,4,4,4,NA,NA,NA,NA,NA,1,1,5,5,F,Hindu,2,3,1,1,2,1,4,1,2,3,2,4,3,2,NA,NA,NA,NA,NA,2,2,NA,2,6,7,6,5,1,1,B4,Z05C62,5C,4B,2/21/2006,NA,1/14/2016,9.901369863
1920,B0466,4,B,4B,Hindu,Friends,Friend1,1,47,F,66,NA,1,7,NA,7,3,7,7,7,7,7,5,8,NA,2,3,2,1,1,1,1,1,3,1,5,2,1,1,7,7,7,NA,NA,NA,NA,NA,1,1,5,2,F,NA,NA,NA,NA,NA,NA,NA,NA,NA,NA,NA,NA,NA,NA,NA,NA,NA,NA,NA,NA,NA,NA,NA,NA,NA,NA,NA,NA,1,NA,B4,Z05C63,5C,4B,10/6/2006,10/5/2006,1/14/2016,9.279452055
1927,B0467,4,B,4B,Hindu,Friends,Friend1,1,47,F,67,NA,2,1,NA,1,2,1,1,2,2,1,2,8,NA,2,1,1,1,2,1,1,2,3,1,1,1,1,1,1,1,1,NA,NA,NA,NA,NA,1,1,1,1,F,NA,NA,NA,NA,NA,NA,NA,NA,NA,NA,NA,NA,NA,NA,NA,NA,NA,NA,NA,NA,NA,NA,NA,NA,NA,NA,NA,NA,1,NA,B4,Z05C64,5C,4B,10/9/2006,NA,1/14/2016,9.271232877
1934,C0401,4,C,4C,Hindu,Friends,Friend1,1,22,M,1,NA,4,1,NA,7,4,7,6,5,5,2,6,1,NA,1,1,1,2,1,1,1,1,3,1,1,2,1,1,1,1,1,NA,NA,NA,NA,NA,1,1,3,2,M,Hindu,2,3,1,1,3,1,2,1,1,1,1,4,1,2,NA,NA,NA,NA,NA,1,1,NA,NA,7,6,7,2,1,1,C4,Z05A02,5A,4C,9/4/2006,NA,1/14/2016,9.367123288
1938,C0402,4,C,4C,Hindu,Friends,Friend1,1,1,M,2,NA,7,5,NA,7,2,6,6,1,2,4,6,1,NA,1,1,1,1,1,2,1,4,4,4,1,1,1,1,4,3,2,NA,NA,NA,NA,NA,1,1,5,5,M,Hindu,1,1,2,1,1,1,3,1,1,2,1,1,1,1,NA,NA,NA,NA,NA,1,1,3,2,4,1,7,4,1,1,C4,Z05A03,5A,4C,10/17/2006,10/17/2006,1/14/2016,9.249315068
1945,C0403,4,C,4C,Hindu,Friends,Friend1,1,2,M,3,NA,7,1,NA,7,1,7,6,7,1,7,7,7,Marathi,1,1,5,1,1,1,1,4,2,4,4,5,1,1,4,2,1,NA,NA,NA,NA,NA,1,1,5,5,M,Hindu,1,1,1,1,2,1,4,4,1,1,1,4,3,2,NA,NA,NA,NA,NA,1,1,5,5,7,5,7,2,1,1,C4,NA,NA,4C,NA,NA,1/14/2016,NA
1949,C0404,4,C,4C,Hindu,Friends,Friend1,1,1,M,4,NA,7,7,NA,7,5,7,7,6,7,6,6,8,NA,1,1,1,1,1,2,1,4,1,2,1,3,1,1,4,4,4,NA,NA,NA,NA,NA,1,1,5,1,M,Hindu,1,1,2,1,1,1,3,1,1,2,1,1,1,1,NA,NA,NA,NA,NA,1,1,3,2,4,1,7,4,1,1,C4,Z05A04,5A,4C,1/26/2007,NA,1/14/2016,8.97260274
1956,C0405,4,C,4C,Muslim,Friends,Friend1,1,2,M,5,NA,7,1,NA,1,1,7,7,1,5,7,2,7,Alve,1,1,1,2,1,1,1,2,4,4,4,5,2,1,4,7,4,NA,NA,NA,NA,NA,1,1,5,3,M,Hindu,1,1,1,1,2,1,4,4,1,1,1,4,3,2,NA,NA,NA,NA,NA,1,1,5,5,7,5,7,2,1,0,C4,Z05A05,5A,4C,6/21/2006,NA,1/14/2016,9.57260274
1960,C0406,4,C,4C,Hindu,Friends,Friend1,1,17,M,6,NA,7,1,NA,7,5,7,7,2,5,4,6,1,NA,1,1,4,2,1,2,1,4,4,1,2,1,1,1,1,4,4,NA,NA,NA,NA,NA,1,3,1,4,M,Muslim,2,5,1,5,4,2,2,1,1,2,1,4,1,1,NA,NA,NA,NA,NA,1,3,4,2,6,3,7,7,1,0,C4,Z05A06,5A,4C,11/25/2005,11/25/2005,1/14/2016,10.14246575
1965,C0407,4,C,4C,Hindu,Friends,Friend1,1,9,M,7,NA,7,5,NA,7,5,7,7,5,2,5,7,8,NA,1,1,1,1,1,2,1,2,1,1,5,5,1,1,2,4,5,NA,NA,NA,NA,NA,1,1,5,1,M,Hindu,1,3,1,5,NA,NA,3,1,3,2,1,1,4,1,NA,NA,NA,NA,NA,1,1,4,5,5,6,7,1,1,1,C4,Z05A07,5A,4C,11/28/2006,11/28/2006,1/14/2016,9.134246575
1968,C0408,4,C,4C,Muslim,Friends,Friend1,1,13,M,8,NA,6,1,NA,5,7,6,3,4,6,5,5,8,NA,1,1,1,1,1,2,1,2,3,NA,1,1,2,2,2,1,2,NA,NA,NA,NA,NA,1,3,3,3,M,Muslim,2,1,1,2,1,1,4,1,1,2,1,4,5,3,NA,NA,NA,NA,NA,1,1,1,4,6,4,3,6,1,1,C4,Z05A09,5A,4C,12/28/2006,NA,1/14/2016,9.052054795
1972,C0409,4,C,4C,Hindu,Friends,Friend1,1,1,M,9,NA,5,6,NA,7,1,6,7,4,NA,3,6,4,NA,1,1,3,1,5,NA,NA,1,3,1,3,2,1,1,1,4,1,NA,NA,NA,NA,NA,1,1,4,5,M,Hindu,1,1,2,1,1,1,3,1,1,2,1,1,1,1,NA,NA,NA,NA,NA,1,1,3,2,4,1,7,4,1,1,C4,Z05A10,5A,4C,10/9/2006,NA,1/14/2016,9.271232877
1979,C0410,4,C,4C,Hindu,Friends,Friend1,1,9,M,10,NA,NA,NA,NA,7,1,5,6,2,2,5,5,1,NA,1,1,2,1,2,3,1,4,4,1,2,3,1,1,6,2,7,NA,NA,NA,NA,NA,1,1,NA,NA,M,Hindu,1,3,1,5,NA,NA,3,1,3,2,1,1,4,1,NA,NA,NA,NA,NA,1,1,4,5,5,6,7,1,1,1,C4,Z05A12,5A,4C,11/9/2006,NA,1/14/2016,9.18630137
1980,C0411,4,C,4C,Muslim,Friends,Friend1,1,1,M,11,NA,7,2,NA,2,NA,NA,NA,NA,3,NA,2,NA,Sunni,1,1,2,NA,2,2,1,2,2,1,4,5,2,1,5,5,7,NA,NA,NA,NA,NA,2,2,4,3,M,Hindu,1,1,2,1,1,1,3,1,1,2,1,1,1,1,NA,NA,NA,NA,NA,1,1,3,2,4,1,7,4,1,0,C4,Z05A13,5A,4C,8/4/2006,8/4/2006,1/14/2016,9.452054795
1984,C0413,4,C,4C,Muslim,Friends,Friend1,1,1,M,13,NA,6,4,NA,3,6,6,6,2,3,6,2,7,Alvi,1,2,1,1,2,1,1,2,4,1,1,2,2,1,4,5,3,NA,NA,NA,NA,NA,1,1,1,4,M,Hindu,1,1,2,1,1,1,3,1,1,2,1,1,1,1,NA,NA,NA,NA,NA,1,1,3,2,4,1,7,4,1,0,C4,Z05A15,5A,4C,11/10/2006,NA,1/14/2016,9.183561644
1990,C0414,4,C,4C,Muslim,Friends,Friend1,1,8,M,14,NA,6,6,NA,3,6,6,6,6,1,6,1,7,Mahadawala,1,2,1,1,3,NA,1,2,3,1,5,5,2,1,7,7,7,NA,NA,NA,NA,NA,1,1,2,3,M,Muslim,1,1,1,1,2,1,3,NA,1,1,2,2,1,2,NA,NA,NA,NA,NA,1,3,3,3,6,1,5,7,1,1,C4,Z05A16,5A,4C,10/19/2006,NA,1/14/2016,9.243835616
1997,C0415,4,C,4C,Muslim,Friends,Friend1,1,8,M,15,NA,7,4,NA,5,NA,2,4,4,3,6,3,7,Amati,1,3,4,2,5,2,1,4,4,1,1,5,2,1,NA,1,4,NA,NA,NA,NA,NA,2,1,NA,4,M,Muslim,1,1,1,1,2,1,3,NA,1,1,2,2,1,2,NA,NA,NA,NA,NA,1,3,3,3,6,1,5,7,1,1,C4,Z05A17,5A,4C,9/23/2006,NA,1/14/2016,9.315068493
2004,C0416,4,C,4C,Hindu,Friends,Friend1,1,1,M,16,NA,7,6,NA,7,4,7,7,5,5,1,7,8,NA,1,1,1,2,2,2,1,1,3,4,5,5,1,1,4,2,4,NA,NA,NA,NA,NA,1,1,3,3,M,Hindu,1,1,2,1,1,1,3,1,1,2,1,1,1,1,NA,NA,NA,NA,NA,1,1,3,2,4,1,7,4,1,1,C4,Z05A18,5A,4C,5/13/2006,5/13/2006,1/14/2016,9.679452055
2011,C0417,4,C,4C,Muslim,Friends,Friend1,1,6,M,17,NA,6,3,NA,7,7,7,6,7,3,6,4,7,Mohiti,1,2,5,1,5,4,2,2,2,1,1,2,2,1,4,1,1,NA,NA,NA,NA,NA,1,3,4,2,M,Hindu,1,4,2,1,2,1,4,1,2,1,1,1,4,4,NA,NA,NA,NA,NA,1,3,1,4,7,1,7,5,1,0,C4,Z05A19,5A,4C,5/22/2007,NA,1/14/2016,8.654794521
2018,C0419,4,C,4C,Hindu,Friends,Friend1,1,1,M,19,NA,1,2,NA,7,2,1,5,NA,7,3,7,8,NA,1,5,1,2,1,2,1,2,3,4,2,5,1,1,4,3,5,NA,NA,NA,NA,NA,2,5,1,5,M,Hindu,1,1,2,1,1,1,3,1,1,2,1,1,1,1,NA,NA,NA,NA,NA,1,1,3,2,4,1,7,4,1,1,C4,Z05A21,5A,4C,8/22/2006,NA,1/14/2016,9.402739726
2025,C0420,4,C,4C,Hindu,Friends,Friend1,1,1,M,20,NA,6,2,NA,7,2,6,2,2,6,6,2,8,NA,1,1,1,1,1,1,1,1,1,1,1,4,1,1,4,1,1,NA,NA,NA,NA,NA,1,1,1,3,M,Hindu,1,1,2,1,1,1,3,1,1,2,1,1,1,1,NA,NA,NA,NA,NA,1,1,3,2,4,1,7,4,1,1,C4,Z05A22,5A,4C,9/30/2006,NA,1/14/2016,9.295890411
2030,C0421,4,C,4C,Hindu,Friends,Friend1,1,3,M,21,NA,7,5,NA,7,4,NA,7,5,4,4,3,8,NA,1,2,3,1,1,4,1,1,4,1,4,5,1,1,4,4,2,NA,NA,NA,NA,NA,1,1,3,3,M,Hindu,1,5,1,1,1,1,2,4,4,5,1,4,2,1,NA,NA,NA,NA,NA,1,1,5,5,7,1,7,1,1,1,C4,Z05A24,5A,4C,11/21/2005,11/21/2012,1/14/2016,10.15342466
2036,C0422,4,C,4C,Hindu,Friends,Friend1,1,1,M,22,NA,7,6,NA,7,2,7,7,6,5,5,6,8,NA,1,2,3,1,1,3,1,1,2,1,1,1,1,1,4,1,2,NA,NA,NA,NA,NA,1,1,NA,NA,M,Hindu,1,1,2,1,1,1,3,1,1,2,1,1,1,1,NA,NA,NA,NA,NA,1,1,3,2,4,1,7,4,1,1,C4,Z05A25,5A,4C,8/12/2007,NA,1/14/2016,8.430136986
2043,C0423,4,C,4C,Hindu,Friends,Friend1,1,6,M,23,NA,7,5,NA,7,5,6,6,5,5,2,7,3,NA,1,2,2,3,1,3,1,2,2,1,1,3,1,1,3,1,3,NA,NA,NA,NA,NA,1,2,3,5,M,Hindu,1,4,2,1,2,1,4,1,2,1,1,1,4,4,NA,NA,NA,NA,NA,1,3,1,4,7,1,7,5,1,1,C4,Z05A26,5A,4C,1/30/2007,NA,1/14/2016,8.961643836
2047,C0424,4,C,4C,Hindu,Friends,Friend1,1,1,M,24,NA,7,5,NA,7,1,7,6,6,4,5,6,7,Hindu,1,2,1,2,1,3,1,1,3,1,2,2,1,1,4,4,4,NA,NA,NA,NA,NA,1,1,4,3,M,Hindu,1,1,2,1,1,1,3,1,1,2,1,1,1,1,NA,NA,NA,NA,NA,1,1,3,2,4,1,7,4,1,1,C4,Z05A27,5A,4C,6/1/2007,NA,1/14/2016,8.62739726
2054,C0425,4,C,4C,Hindu,Friends,Friend1,1,3,M,25,NA,7,4,NA,NA,NA,7,7,6,7,6,6,8,NA,1,1,1,1,1,2,1,1,1,2,1,3,1,1,4,6,4,NA,NA,NA,NA,NA,1,1,1,3,M,Hindu,1,5,1,1,1,1,2,4,4,5,1,4,2,1,NA,NA,NA,NA,NA,1,1,5,5,7,1,7,1,1,1,C4,Z05A28,5A,4C,1/11/2007,1/11/2007,1/14/2016,9.01369863
2061,C0426,4,C,4C,Hindu,Friends,Friend1,1,1,M,26,NA,7,1,NA,7,2,7,7,3,2,6,6,2,NA,1,1,1,2,1,2,1,1,2,1,1,1,1,1,4,4,NA,NA,NA,NA,NA,NA,1,NA,NA,5,M,Hindu,1,1,2,1,1,1,3,1,1,2,1,1,1,1,NA,NA,NA,NA,NA,1,1,3,2,4,1,7,4,1,1,C4,Z05A29,5A,4C,1/13/2007,1/13/2007,1/14/2016,9.008219178
2069,C0427,4,C,4C,Hindu,Friends,Friend1,1,7,M,27,NA,6,6,NA,7,7,6,6,6,3,3,6,8,NA,1,2,3,1,2,2,1,1,4,3,3,2,1,2,1,1,1,NA,NA,NA,NA,NA,1,3,3,5,M,Hindu,1,1,1,1,2,1,1,1,5,5,1,2,4,5,NA,NA,NA,NA,NA,1,1,5,1,7,5,7,5,1,1,C4,Z05B27,5B,4C,5/1/2015,NA,1/14/2016,NA
2070,C0429,4,C,4C,Muslim,Friends,Friend1,1,8,M,29,NA,7,NA,NA,3,7,NA,6,7,6,4,5,7,Sunni,1,1,NA,3,1,3,1,2,4,1,NA,2,2,1,4,1,3,NA,NA,NA,NA,NA,1,1,5,5,M,Muslim,1,1,1,1,2,1,3,NA,1,1,2,2,1,2,NA,NA,NA,NA,NA,1,3,3,3,6,1,5,7,1,1,C4,Z05A31,5A,4C,12/7/2006,NA,1/14/2016,9.109589041
2078,C0430,4,C,4C,Hindu,Friends,Friend1,1,1,M,30,NA,7,4,NA,7,3,7,7,6,7,2,7,7,NA,1,2,1,1,1,1,1,4,3,1,1,2,1,1,1,NA,1,NA,NA,NA,NA,NA,1,1,3,2,M,Hindu,1,1,2,1,1,1,3,1,1,2,1,1,1,1,NA,NA,NA,NA,NA,1,1,3,2,4,1,7,4,1,1,C4,Z05A32,5A,4C,4/15/2007,4/15/2007,1/14/2016,8.756164384
2085,C0431,4,C,4C,Hindu,Friends,Friend1,1,34,M,31,NA,6,1,NA,6,1,6,1,1,3,7,6,8,NA,1,1,1,1,1,5,1,4,5,5,1,5,1,1,1,2,1,NA,NA,NA,NA,NA,1,4,1,3,M,Hindu,3,NA,3,1,3,1,2,1,1,2,1,4,4,4,NA,NA,NA,NA,NA,1,1,3,5,7,6,7,2,1,1,C4,Z05A33,5A,4C,12/4/2006,NA,1/14/2016,9.117808219
2086,C0432,4,C,4C,Muslim,Friends,Friend1,1,13,M,32,NA,6,6,NA,1,7,6,3,6,4,7,3,7,Purawalu,1,2,3,2,1,1,1,2,3,1,1,1,2,1,4,2,2,NA,NA,NA,NA,NA,1,1,2,5,M,Muslim,2,1,1,2,1,1,4,1,1,2,1,4,5,3,NA,NA,NA,NA,NA,1,1,1,4,6,4,3,6,1,1,C4,Z05A34,5A,4C,12/5/2006,NA,1/14/2016,9.115068493
2093,C0433,4,C,4C,Muslim,Friends,Friend1,1,6,M,33,NA,1,4,NA,2,7,1,6,2,4,5,4,7,Sunni,1,1,1,2,1,1,1,2,3,1,1,2,2,1,3,3,2,NA,NA,NA,NA,NA,1,3,2,3,M,Hindu,1,4,2,1,2,1,4,1,2,1,1,1,4,4,NA,NA,NA,NA,NA,1,3,1,4,7,1,7,5,1,0,C4,Z05B29,5B,4C,12/1/2005,NA,1/14/2016,10.1260274
2096,C0434,4,C,4C,Hindu,Friends,Friend1,1,1,M,34,NA,7,6,NA,7,2,7,6,6,6,6,6,8,NA,1,3,NA,3,1,3,1,1,2,1,1,2,1,1,4,4,4,NA,NA,NA,NA,NA,1,1,3,5,M,Hindu,1,1,2,1,1,1,3,1,1,2,1,1,1,1,NA,NA,NA,NA,NA,1,1,3,2,4,1,7,4,1,1,C4,Z05A35,5A,4C,3/7/2007,NA,1/14/2016,8.863013699
2099,C0435,4,C,4C,Hindu,Friends,Friend1,1,1,M,35,NA,7,1,NA,7,1,2,7,1,1,1,7,NA,NA,1,1,5,1,5,1,1,NA,NA,1,5,NA,1,1,NA,NA,NA,NA,NA,NA,NA,NA,1,1,5,5,M,Hindu,1,1,2,1,1,1,3,1,1,2,1,1,1,1,NA,NA,NA,NA,NA,1,1,3,2,4,1,7,4,1,1,C4,Z05A36,5A,4C,8/10/2006,NA,1/14/2016,9.435616438
2106,C0436,4,C,4C,Muslim,Friends,Friend1,1,1,M,36,NA,7,1,NA,1,7,4,7,4,7,7,1,7,Shaikh,1,1,2,1,1,1,1,1,3,1,1,5,2,2,4,4,4,NA,NA,NA,NA,NA,1,1,5,2,M,Hindu,1,1,2,1,1,1,3,1,1,2,1,1,1,1,NA,NA,NA,NA,NA,1,1,3,2,4,1,7,4,1,0,C4,Z05A37,5A,4C,12/23/2005,NA,1/14/2016,10.06575342
2113,C0437,4,C,4C,Muslim,Friends,Friend1,1,1,M,37,NA,7,2,NA,3,7,7,7,3,3,7,5,7,Muslim,1,1,1,1,1,1,1,2,3,5,3,5,2,1,4,1,2,NA,NA,NA,NA,NA,1,1,2,5,M,Hindu,1,1,2,1,1,1,3,1,1,2,1,1,1,1,NA,NA,NA,NA,NA,1,1,3,2,4,1,7,4,1,0,C4,Z05A38,5A,4C,9/13/2006,NA,1/14/2016,9.342465753
2120,C0438,4,C,4C,Muslim,Friends,Friend1,1,14,M,38,NA,7,1,NA,1,7,NA,7,4,7,7,1,7,Shaik,1,1,2,1,1,1,1,2,3,1,1,5,2,1,4,4,4,NA,NA,NA,NA,NA,1,1,2,4,M,Muslim,2,1,1,3,NA,1,3,1,5,5,1,7,7,7,NA,NA,NA,NA,NA,1,1,2,3,6,6,3,6,1,1,C4,Z05A39,5A,4C,7/28/2007,NA,1/14/2016,8.471232877
2123,C0439,4,C,4C,Muslim,Friends,Friend1,1,12,M,39,NA,NA,NA,NA,2,NA,7,7,NA,7,2,4,NA,Sodagar,1,3,5,1,1,3,1,1,2,2,1,5,2,2,5,6,3,NA,NA,NA,NA,NA,1,5,4,3,M,NA,NA,NA,NA,NA,NA,NA,NA,NA,NA,NA,NA,NA,NA,NA,NA,NA,NA,NA,NA,NA,NA,NA,NA,NA,NA,NA,NA,1,NA,C4,NA,NA,4C,NA,4/20/2006,1/14/2016,9.742465753
2130,C0440,4,C,4C,Muslim,Friends,Friend1,1,4,M,40,NA,7,4,NA,4,7,7,7,NA,4,4,5,7,Vohra,1,3,1,1,1,2,1,1,2,1,2,1,2,1,4,3,3,NA,NA,NA,NA,NA,1,2,2,3,M,Hindu,1,1,1,1,2,1,1,2,1,3,1,4,4,4,NA,NA,NA,NA,NA,1,1,5,1,7,7,7,5,1,0,C4,Z05A40,5A,4C,11/24/2006,NA,1/14/2016,9.145205479
2134,C0441,4,C,4C,Muslim,Friends,Friend1,1,1,M,41,NA,6,1,NA,1,7,7,7,2,5,3,6,7,Alvi Vohra,1,2,1,2,1,2,1,1,4,1,1,1,2,1,4,2,3,NA,NA,NA,NA,NA,1,1,5,3,M,Hindu,1,1,2,1,1,1,3,1,1,2,1,1,1,1,NA,NA,NA,NA,NA,1,1,3,2,4,1,7,4,1,0,C4,Z05B37,5B,4C,8/7/2005,NA,1/14/2016,10.44383562
2141,C0442,4,C,4C,Hindu,Friends,Friend1,1,1,M,42,NA,7,5,NA,7,1,5,7,1,1,7,7,8,NA,1,1,1,1,5,1,1,1,1,1,NA,1,1,2,4,4,4,NA,NA,NA,NA,NA,1,1,2,5,M,Hindu,1,1,2,1,1,1,3,1,1,2,1,1,1,1,NA,NA,NA,NA,NA,1,1,3,2,4,1,7,4,1,1,C4,NA,NA,4C,NA,NA,1/14/2016,NA
2147,C0443,4,C,4C,Hindu,Friends,Friend1,1,1,F,43,NA,7,7,NA,7,2,7,7,2,6,6,7,8,NA,2,1,1,1,1,1,1,4,1,1,1,2,1,1,4,6,3,NA,NA,NA,NA,NA,1,1,5,3,M,Hindu,1,1,2,1,1,1,3,1,1,2,1,1,1,1,NA,NA,NA,NA,NA,1,1,3,2,4,1,7,4,0,1,C4,Z05B40,5B,4C,10/11/2006,NA,1/14/2016,9.265753425
2154,C0444,4,C,4C,Muslim,Friends,Friend1,1,49,F,44,NA,1,7,NA,4,7,2,7,NA,3,1,5,7,NA,2,2,1,1,1,2,1,2,4,1,2,1,2,1,5,4,4,NA,NA,NA,NA,NA,4,1,1,3,F,Muslim,1,1,2,1,2,1,4,1,1,2,1,4,1,1,NA,NA,NA,NA,NA,2,1,5,3,2,7,5,7,1,1,C4,Z05A41,5A,4C,8/3/2006,8/3/2006,1/14/2016,9.454794521
2156,C0446,4,C,4C,Muslim,Friends,Friend1,1,57,F,46,NA,2,NA,NA,NA,NA,4,NA,NA,NA,3,NA,8,NA,2,1,5,4,1,1,1,2,4,1,2,5,2,2,3,3,3,NA,NA,NA,NA,NA,1,1,3,4,F,Hindu,1,1,2,1,1,1,3,1,1,2,1,4,4,4,NA,NA,NA,NA,NA,1,1,5,1,1,7,7,1,1,0,C4,Z05A43,5A,4C,11/9/2006,NA,1/14/2016,9.18630137
2160,C0447,4,C,4C,Hindu,Friends,Friend1,1,43,F,47,NA,2,6,NA,6,5,6,6,6,6,NA,5,7,Jadhav,2,1,1,1,1,2,1,4,2,1,4,1,1,1,2,6,3,NA,NA,NA,NA,NA,1,1,3,1,F,Hindu,1,1,1,1,1,1,1,1,1,2,1,4,6,3,NA,NA,NA,NA,NA,1,1,5,3,7,7,7,2,1,1,C4,Z05A44,5A,4C,3/7/2007,NA,1/14/2016,8.863013699
2167,C0448,4,C,4C,Hindu,Friends,Friend1,1,50,F,48,NA,2,7,NA,7,4,7,6,1,2,5,4,7,Hindi,2,3,2,1,1,4,1,2,4,2,3,5,1,1,4,2,3,NA,NA,NA,NA,NA,2,4,3,5,F,Hindu,1,1,1,1,2,1,4,1,3,2,1,4,4,4,NA,NA,NA,NA,NA,1,1,2,3,NA,7,1,3,1,1,C4,Z05A46,5A,4C,10/12/2006,NA,1/14/2016,9.263013699
2168,C0449,4,C,4C,Muslim,Friends,Friend1,1,44,F,49,NA,2,7,NA,5,7,7,7,5,5,6,6,7,Saiyed,2,1,1,2,1,2,1,2,4,1,1,2,2,1,4,1,1,NA,NA,NA,NA,NA,2,1,5,3,F,Muslim,2,1,1,1,2,1,4,1,2,1,1,5,4,4,NA,NA,NA,NA,NA,4,1,1,3,1,7,4,7,1,1,C4,Z05A47,5A,4C,12/12/2006,12/12/2005,1/14/2016,9.095890411
2174,C0450,4,C,4C,Hindu,Friends,Friend1,1,47,F,50,NA,NA,7,NA,1,3,7,1,1,5,6,3,8,NA,2,1,1,1,1,2,1,1,4,1,3,2,1,1,4,4,4,NA,NA,NA,NA,NA,1,1,2,3,F,Hindu,1,1,1,1,2,1,2,1,4,1,1,2,6,3,NA,NA,NA,NA,NA,1,1,3,1,2,6,6,5,1,1,C4,Z05A48,5A,4C,12/15/2006,NA,1/14/2016,9.087671233
2178,C0451,4,C,4C,Muslim,Friends,Friend1,1,43,F,51,NA,4,7,NA,4,7,7,3,6,3,4,5,7,Saiyed,2,3,3,1,1,2,1,2,5,4,3,1,2,1,4,6,3,NA,NA,NA,NA,NA,1,1,1,2,F,Hindu,1,1,1,1,1,1,1,1,1,2,1,4,6,3,NA,NA,NA,NA,NA,1,1,5,3,7,7,7,2,1,0,C4,Z05A49,5A,4C,11/10/2006,11/10/2006,1/14/2016,9.183561644
2185,C0452,4,C,4C,Hindu,Friends,Friend1,1,43,F,52,NA,1,7,NA,7,1,7,7,1,1,1,1,8,NA,2,1,2,1,5,1,1,2,4,1,2,1,1,1,5,5,4,NA,NA,NA,NA,NA,2,2,1,3,F,Hindu,1,1,1,1,1,1,1,1,1,2,1,4,6,3,NA,NA,NA,NA,NA,1,1,5,3,7,7,7,2,1,1,C4,Z05A51,5A,4C,11/6/2006,NA,1/14/2016,9.194520548
2187,C0453,4,C,4C,Hindu,Friends,Friend1,1,43,F,53,NA,1,7,NA,7,6,7,7,5,5,5,6,8,NA,2,1,1,2,1,1,1,4,2,1,1,1,1,2,2,1,1,NA,NA,NA,NA,NA,1,1,3,3,F,Hindu,1,1,1,1,1,1,1,1,1,2,1,4,6,3,NA,NA,NA,NA,NA,1,1,5,3,7,7,7,2,1,1,C4,Z05A52,5A,4C,12/18/2006,12/18/2006,1/14/2016,9.079452055
2193,C0454,4,C,4C,Muslim,Friends,Friend1,1,44,F,54,NA,4,7,NA,1,7,7,7,4,4,7,4,NA,Sunni,2,1,1,1,1,1,1,2,1,1,1,2,2,1,4,3,3,NA,NA,NA,NA,NA,1,1,5,3,F,Muslim,2,1,1,1,2,1,4,1,2,1,1,5,4,4,NA,NA,NA,NA,NA,4,1,1,3,1,7,4,7,1,1,C4,Z05A53,5A,4C,12/22/2005,NA,1/14/2016,10.06849315
2195,C0455,4,C,4C,Hindu,Friends,Friend1,1,43,F,55,NA,1,7,NA,7,1,7,7,6,5,3,1,7,Patel,2,2,1,1,1,2,1,1,3,1,1,5,1,1,2,1,1,NA,NA,NA,NA,NA,1,3,1,2,F,Hindu,1,1,1,1,1,1,1,1,1,2,1,4,6,3,NA,NA,NA,NA,NA,1,1,5,3,7,7,7,2,1,1,C4,Z05A55,5A,4C,1/26/2007,NA,1/14/2016,8.97260274
2197,C0456,4,C,4C,Muslim,Friends,Friend1,1,46,F,56,NA,1,7,NA,1,7,7,7,1,4,6,4,7,Sunni,2,1,1,1,2,2,1,2,4,2,1,2,2,1,4,2,2,NA,NA,NA,NA,NA,1,1,NA,NA,F,Muslim,1,5,4,1,1,1,4,1,2,5,2,3,3,3,NA,NA,NA,NA,NA,1,1,3,4,2,NA,NA,NA,1,1,C4,Z05A56,5A,4C,3/10/2007,3/10/2007,1/14/2016,8.854794521
2204,C0457,4,C,4C,Hindu,Friends,Friend1,1,44,F,57,NA,1,7,NA,7,1,3,7,NA,5,7,6,7,Marathi,2,1,1,2,1,1,1,4,3,1,1,2,1,1,4,4,4,NA,NA,NA,NA,NA,1,1,5,1,F,Muslim,2,1,1,1,2,1,4,1,2,1,1,5,4,4,NA,NA,NA,NA,NA,4,1,1,3,1,7,4,7,1,0,C4,Z05A57,5A,4C,4/3/2007,NA,1/14/2016,8.789041096
2208,C0459,4,C,4C,Hindu,Friends,Friend1,1,50,F,59,NA,1,7,NA,7,2,7,7,1,1,2,5,6,NA,2,1,1,1,1,1,1,4,4,NA,4,NA,1,1,4,2,2,NA,NA,NA,NA,NA,1,1,1,3,F,Hindu,1,1,1,1,2,1,4,1,3,2,1,4,4,4,NA,NA,NA,NA,NA,1,1,2,3,NA,7,1,3,1,1,C4,NA,NA,4C,NA,8/26/2006,1/14/2016,9.391780822
2209,C0460,4,C,4C,Muslim,Friends,Friend1,1,46,F,60,NA,2,7,NA,4,5,6,4,4,4,5,5,8,NA,2,1,1,1,1,2,1,4,3,1,1,5,2,1,4,5,5,NA,NA,NA,NA,NA,1,3,1,3,F,Muslim,1,5,4,1,1,1,4,1,2,5,2,3,3,3,NA,NA,NA,NA,NA,1,1,3,4,2,NA,NA,NA,1,1,C4,Z05A60,5A,4C,9/14/2006,NA,1/14/2016,9.339726027
2211,C0461,4,C,4C,Hindu,Friends,Friend1,1,46,F,61,NA,5,7,NA,7,5,5,7,7,7,7,NA,6,NA,2,1,3,1,1,1,1,1,4,1,2,3,1,1,3,2,4,NA,NA,NA,NA,NA,5,5,1,5,F,Muslim,1,5,4,1,1,1,4,1,2,5,2,3,3,3,NA,NA,NA,NA,NA,1,1,3,4,2,NA,NA,NA,1,0,C4,Z05A61,5A,4C,2/26/2007,NA,1/14/2016,8.887671233
2215,C0462,4,C,4C,Muslim,Friends,Friend1,1,43,F,62,NA,2,6,NA,5,7,6,3,1,2,7,2,7,Saiyed,2,1,4,5,1,1,1,2,3,1,1,1,2,2,4,4,4,NA,NA,NA,NA,NA,1,1,5,5,F,Hindu,1,1,1,1,1,1,1,1,1,2,1,4,6,3,NA,NA,NA,NA,NA,1,1,5,3,7,7,7,2,1,0,C4,NA,NA,4C,NA,NA,1/14/2016,NA
2222,C0463,4,C,4C,Hindu,Friends,Friend1,1,43,F,63,NA,6,7,NA,7,5,7,7,6,7,6,5,8,NA,2,1,1,2,1,1,1,2,3,1,5,3,1,1,4,3,4,NA,NA,NA,NA,NA,1,2,5,2,F,Hindu,1,1,1,1,1,1,1,1,1,2,1,4,6,3,NA,NA,NA,NA,NA,1,1,5,3,7,7,7,2,1,1,C4,Z05A62,5A,4C,6/1/2001,12/26/2006,1/14/2016,14.63013699
2225,C0464,4,C,4C,Hindu,Friends,Friend1,1,43,F,64,NA,2,7,NA,7,3,6,7,3,5,5,6,8,NA,2,2,2,1,1,2,1,4,4,4,3,2,1,1,4,2,5,NA,NA,NA,NA,NA,2,1,4,4,F,Hindu,1,1,1,1,1,1,1,1,1,2,1,4,6,3,NA,NA,NA,NA,NA,1,1,5,3,7,7,7,2,1,1,C4,Z05A63,5A,4C,5/3/2007,NA,1/14/2016,8.706849315
2232,C0465,4,C,4C,Muslim,Friends,Friend1,1,49,F,65,NA,1,7,NA,1,7,1,7,1,4,7,5,8,NA,2,2,1,1,1,4,1,2,1,1,1,2,2,1,4,2,1,NA,NA,NA,NA,NA,1,1,2,3,F,Muslim,1,1,2,1,2,1,4,1,1,2,1,4,1,1,NA,NA,NA,NA,NA,2,1,5,3,2,7,5,7,1,1,C4,NA,NA,4C,NA,NA,1/14/2016,NA
2235,A0501,5,A,5A,Muslim,Friends,Friend1,1,2,M,1,2,7,2,5,5,7,7,3,5,7,1,2,6,NA,1,1,1,2,1,2,1,3,3,1,2,2,2,1,4,1,4,1,1,2,2,1,2,2,1,1,M,Muslim,1,2,1,1,1,1,1,1,1,5,1,4,4,4,2,2,1,1,1,1,1,1,2,7,5,6,7,1,1,A5,Z06B01,6B,5A,9/2/2004,NA,1/14/2016,11.37260274
2242,A0502,5,A,5A,Muslim,Friends,Friend1,1,1,M,2,4,7,5,7,6,7,6,7,5,7,7,6,8,NA,1,1,2,1,1,1,1,2,1,1,1,5,2,1,4,4,4,2,2,1,1,1,1,1,1,2,M,Muslim,1,1,2,1,2,1,3,1,2,2,1,4,1,4,1,1,2,2,1,2,2,1,1,7,2,5,7,1,1,A5,Z06B02,6B,5A,7/21/2005,7/21/2005,1/14/2016,10.49041096
2251,A0503,5,A,5A,Muslim,Friends,Friend1,1,1,M,3,1,7,6,7,2,7,6,6,4,6,5,5,8,NA,1,1,1,1,1,2,1,2,4,1,1,1,2,3,4,4,4,3,1,1,1,1,1,3,3,1,M,Muslim,1,1,2,1,2,1,3,1,2,2,1,4,1,4,1,1,2,2,1,2,2,1,1,7,2,5,7,1,1,A5,NA,NA,5A,NA,NA,1/14/2016,NA
2256,A0504,5,A,5A,Hindu,Friends,Friend1,1,2,M,4,2,7,7,6,7,5,5,7,5,2,6,2,8,NA,1,3,2,3,1,1,1,1,2,1,1,5,1,1,4,5,7,1,1,2,1,1,1,5,1,3,M,Muslim,1,2,1,1,1,1,1,1,1,5,1,4,4,4,2,2,1,1,1,1,1,1,2,7,5,6,7,1,0,A5,Z06B03,6B,5A,10/31/2005,10/31/2005,1/14/2016,10.2109589
2263,A0505,5,A,5A,Hindu,Friends,Friend1,1,3,M,5,5,7,6,6,7,6,7,7,6,7,7,6,3,NA,1,1,2,2,2,1,1,2,4,1,4,1,1,1,4,4,4,2,1,1,1,1,1,1,2,2,M,Muslim,1,1,1,1,2,1,4,1,1,1,3,4,4,4,3,1,1,1,1,1,3,3,1,7,6,2,7,1,0,A5,Z06B04,6B,5A,9/6/2005,9/6/2005,1/14/2016,10.36164384
2270,A0506,5,A,5A,Hindu,Friends,Friend1,1,10,M,6,6,7,7,6,6,6,7,6,7,6,5,5,8,NA,1,1,1,1,1,1,1,4,4,1,3,1,1,1,7,7,7,3,1,1,1,1,1,1,5,3,M,Muslim,1,1,2,1,1,1,4,1,5,2,1,4,1,4,2,3,3,1,4,1,1,5,3,1,1,1,7,1,0,A5,Z06B05,6B,5A,9/14/2005,9/14/2005,1/14/2016,10.33972603
2277,A0507,5,A,5A,Hindu,Friends,Friend1,1,12,M,7,5,7,1,6,NA,2,7,7,5,3,6,5,8,NA,1,3,3,1,2,2,1,2,1,3,2,1,1,2,4,2,1,3,1,2,2,2,1,1,2,2,M,Hindu,2,3,4,1,2,1,5,5,1,4,1,4,1,5,3,4,1,1,3,2,5,1,3,7,4,3,4,1,1,A5,Z06B06,6B,5A,3/10/2006,3/10/2006,1/14/2016,9.854794521
2284,A0508,5,A,5A,Hindu,Friends,Friend1,1,4,M,8,4,7,4,7,7,4,7,7,4,5,4,4,8,NA,1,1,1,1,1,1,2,1,1,3,4,3,1,2,4,1,1,3,3,3,3,2,1,2,3,2,M,Hindu,3,2,3,1,1,1,2,1,1,5,1,4,5,7,1,1,2,1,1,1,5,1,3,7,7,7,5,1,1,A5,Z06B07,6B,5A,6/27/2005,6/27/2005,1/14/2016,10.55616438
2291,A0509,5,A,5A,Hindu,Friends,Friend1,1,5,M,9,2,6,2,3,7,1,6,6,5,3,3,3,8,NA,1,1,1,1,1,1,1,1,3,1,5,2,1,3,4,2,3,1,1,1,1,2,1,5,5,2,M,Hindu,1,2,2,2,1,1,4,1,4,1,1,4,4,4,2,1,1,1,1,1,1,2,2,7,6,7,6,1,1,A5,Z06B08,6B,5A,7/27/2005,7/27/2005,1/14/2016,10.4739726
2298,A0510,5,A,5A,Muslim,Friends,Friend1,1,2,M,10,1,1,1,7,1,7,7,3,7,4,1,6,8,NA,1,1,1,2,1,1,1,1,4,1,5,2,2,1,4,1,4,2,3,3,1,4,1,1,5,3,M,Muslim,1,2,1,1,1,1,1,1,1,5,1,4,4,4,2,2,1,1,1,1,1,1,2,7,5,6,7,1,1,A5,Z06B09,6B,5A,4/7/2006,4/7/2006,1/14/2016,9.778082192
2302,A0511,5,A,5A,Muslim,Friends,Friend1,1,1,M,11,7,7,1,7,2,7,7,NA,2,2,2,7,6,NA,1,1,1,1,1,1,1,2,4,1,1,1,2,1,4,1,1,1,2,1,1,1,1,1,1,5,M,Muslim,1,1,2,1,2,1,3,1,2,2,1,4,1,4,1,1,2,2,1,2,2,1,1,7,2,5,7,1,1,A5,Z06B10,6B,5A,9/17/2005,9/17/2005,1/14/2016,10.33150685
2309,A0512,5,A,5A,Hindu,Friends,Friend1,1,7,M,12,6,7,4,6,3,4,4,2,5,3,1,2,4,NA,1,2,3,4,1,2,1,2,5,5,1,4,1,1,4,1,5,3,4,1,1,3,2,5,1,3,M,Hindu,3,3,1,2,2,1,1,3,2,1,2,4,2,1,3,1,2,2,2,1,1,2,2,7,1,NA,2,1,1,A5,Z06B11,6B,5A,10/10/2005,10/10/2005,1/14/2016,10.26849315
2316,A0513,5,A,5A,Hindu,Friends,Friend1,1,7,M,13,6,7,6,7,7,7,7,7,7,7,5,7,7,LEVA PATEL,1,1,1,1,1,1,1,4,3,1,4,3,1,1,3,4,3,2,1,1,1,1,1,1,2,2,M,Hindu,3,3,1,2,2,1,1,3,2,1,2,4,2,1,3,1,2,2,2,1,1,2,2,7,1,NA,2,1,1,A5,Z06B12,6B,5A,3/18/2006,3/18/2006,1/14/2016,9.832876712
2319,A0514,5,A,5A,Muslim,Friends,Friend1,1,1,M,14,7,7,7,7,7,7,7,7,7,6,7,3,7,NA,1,1,1,1,1,1,1,1,4,1,1,2,2,1,4,1,7,2,1,1,1,4,1,1,5,3,M,Muslim,1,1,2,1,2,1,3,1,2,2,1,4,1,4,1,1,2,2,1,2,2,1,1,7,2,5,7,1,1,A5,Z06B13,6B,5A,3/8/2005,NA,1/14/2016,10.86027397
2326,A0515,5,A,5A,Hindu,Friends,Friend1,1,9,M,15,5,6,6,6,7,7,6,7,4,5,6,5,7,KAYASTHA,1,2,4,3,1,2,1,1,1,1,3,2,1,1,5,4,4,1,1,1,1,1,1,1,5,3,M,Hindu,1,1,1,1,1,1,3,1,5,2,3,4,2,3,1,1,1,1,2,1,5,5,2,6,2,7,1,1,1,A5,Z06C11,6C,5A,5/3/2005,NA,1/14/2016,10.70684932
2333,A0516,5,A,5A,Muslim,Friends,Friend1,1,1,M,16,2,7,2,7,2,7,7,7,7,2,7,6,8,NA,1,1,1,1,1,1,1,2,1,1,1,1,2,1,1,7,1,1,5,4,2,3,1,2,2,1,M,Muslim,1,1,2,1,2,1,3,1,2,2,1,4,1,4,1,1,2,2,1,2,2,1,1,7,2,5,7,1,1,A5,Z06B14,6B,5A,11/16/2005,11/16/2005,1/14/2016,10.16712329
2340,A0518,5,A,5A,Hindu,Friends,Friend1,1,4,M,18,4,7,4,4,7,3,6,4,4,4,6,4,8,NA,1,1,1,2,1,1,1,1,3,1,2,1,1,1,4,4,2,1,2,1,1,1,1,1,5,3,M,Hindu,3,2,3,1,1,1,2,1,1,5,1,4,5,7,1,1,2,1,1,1,5,1,3,7,7,7,5,1,1,A5,Z06B15,6B,5A,9/3/2005,9/3/2005,1/14/2016,10.36986301
2342,A0519,5,A,5A,Muslim,Friends,Friend1,1,11,M,19,2,7,1,7,1,7,7,7,1,7,2,6,NA,MEMON,1,1,1,1,1,1,1,4,1,1,1,1,2,1,1,1,7,5,1,1,2,1,1,1,5,1,M,Muslim,1,1,1,1,1,1,4,1,1,1,1,4,1,1,1,2,1,1,1,1,1,1,5,7,1,2,7,1,1,A5,Z06B16,6B,5A,10/20/2004,NA,1/14/2016,11.24109589
2349,A0520,5,A,5A,Muslim,Friends,Friend1,1,3,M,20,4,6,4,6,1,7,4,NA,6,6,6,5,7,SHUNI,1,3,1,1,1,3,2,2,4,2,1,2,2,1,4,1,5,3,1,2,2,3,2,3,4,3,M,Muslim,1,1,1,1,2,1,4,1,1,1,3,4,4,4,3,1,1,1,1,1,3,3,1,7,6,2,7,1,1,A5,Z06B17,6B,5A,8/12/2005,8/12/2005,1/14/2016,10.43013699
2355,A0521,5,A,5A,Muslim,Friends,Friend1,1,2,M,21,1,7,6,7,1,7,7,5,4,3,7,3,8,NA,1,2,1,1,1,3,1,2,4,2,1,1,2,1,4,1,4,2,3,2,5,1,1,1,3,2,M,Muslim,1,2,1,1,1,1,1,1,1,5,1,4,4,4,2,2,1,1,1,1,1,1,2,7,5,6,7,1,1,A5,Z06B18,6B,5A,1/18/2006,1/18/2006,1/14/2016,9.994520548
2362,A0522,5,A,5A,Hindu,Friends,Friend1,1,7,M,22,3,7,6,3,7,6,7,7,4,5,5,2,8,NA,1,2,3,1,1,2,1,1,3,1,1,5,1,1,4,7,7,2,2,2,2,1,2,2,1,3,M,Hindu,3,3,1,2,2,1,1,3,2,1,2,4,2,1,3,1,2,2,2,1,1,2,2,7,1,NA,2,1,1,A5,Z06B19,6B,5A,2/27/2006,2/27/2006,1/14/2016,9.884931507
2369,A0523,5,A,5A,Hindu,Friends,Friend1,1,4,M,23,NA,6,NA,6,5,3,6,7,2,2,6,6,8,NA,1,4,1,2,1,1,1,1,5,4,2,5,1,1,4,4,4,4,1,3,1,1,1,1,NA,NA,M,Hindu,3,2,3,1,1,1,2,1,1,5,1,4,5,7,1,1,2,1,1,1,5,1,3,7,7,7,5,1,1,A5,Z06B20,6B,5A,6/8/2005,NA,1/14/2016,10.60821918
2376,A0524,5,A,5A,Hindu,Friends,Friend1,1,15,M,24,1,7,1,7,7,1,7,6,2,2,7,7,NA,PATEL,1,1,1,1,2,1,1,1,2,1,1,1,1,1,4,4,4,5,1,1,1,1,1,1,3,3,M,Hindu,2,4,3,1,2,1,1,1,3,2,1,5,4,4,1,1,1,1,1,1,1,5,3,6,6,7,7,1,1,A5,Z06B21,6B,5A,12/7/2005,12/7/2005,1/14/2016,10.10958904
2382,A0525,5,A,5A,Hindu,Friends,Friend1,1,5,M,25,1,6,1,7,6,1,3,7,7,3,1,6,8,NA,1,1,2,1,1,1,1,1,3,1,2,2,1,1,2,2,1,1,1,1,1,2,1,1,2,5,M,Hindu,1,2,2,2,1,1,4,1,4,1,1,4,4,4,2,1,1,1,1,1,1,2,2,7,6,7,6,1,1,A5,Z06B22,6B,5A,7/6/2006,NA,1/14/2016,9.531506849
2389,A0526,5,A,5A,Muslim,Friends,Friend1,1,2,M,26,6,7,5,7,6,7,7,6,6,5,7,7,NA,NA,1,1,2,1,1,1,1,2,4,1,1,5,2,1,4,4,4,2,1,1,1,2,1,1,1,2,M,Muslim,1,2,1,1,1,1,1,1,1,5,1,4,4,4,2,2,1,1,1,1,1,1,2,7,5,6,7,1,1,A5,Z06B23,6B,5A,8/24/2005,8/24/2005,1/14/2016,10.39726027
2396,A0527,5,A,5A,Muslim,Friends,Friend1,1,3,M,27,1,7,1,6,1,7,5,6,4,6,NA,2,NA,PATHAN,1,2,1,1,1,1,1,2,3,1,1,1,2,1,4,3,3,2,1,2,1,1,1,1,5,5,M,Muslim,1,1,1,1,2,1,4,1,1,1,3,4,4,4,3,1,1,1,1,1,3,3,1,7,6,2,7,1,1,A5,Z06B24,6B,5A,10/14/2005,NA,1/14/2016,10.25753425
2401,A0528,5,A,5A,Muslim,Friends,Friend1,1,2,M,28,2,7,1,7,5,6,4,7,6,4,7,2,8,NA,1,3,2,5,1,3,1,2,4,1,5,1,2,2,4,1,4,3,1,1,1,1,5,1,5,5,M,Muslim,1,2,1,1,1,1,1,1,1,5,1,4,4,4,2,2,1,1,1,1,1,1,2,7,5,6,7,1,1,A5,Z06B25,6B,5A,9/11/2005,9/11/2005,1/14/2016,10.34794521
2408,A0529,5,A,5A,Muslim,Friends,Friend1,1,3,M,29,6,7,7,7,NA,7,7,6,1,5,6,1,8,NA,1,NA,3,NA,2,3,1,3,4,1,1,5,2,1,7,7,7,1,1,3,1,1,1,5,1,3,M,Muslim,1,1,1,1,2,1,4,1,1,1,3,4,4,4,3,1,1,1,1,1,3,3,1,7,6,2,7,1,1,A5,Z06B26,6B,5A,3/28/2006,3/28/2006,1/14/2016,9.805479452
2416,A0530,5,A,5A,Muslim,Friends,Friend1,1,3,M,30,4,7,4,4,5,7,7,7,4,5,3,1,7,JAMATI,1,1,1,1,2,1,2,2,1,1,1,1,2,1,4,2,4,3,1,1,3,3,1,1,2,3,M,Muslim,1,1,1,1,2,1,4,1,1,1,3,4,4,4,3,1,1,1,1,1,3,3,1,7,6,2,7,1,1,A5,Z06B27,6B,5A,12/16/2005,12/16/2005,1/14/2016,10.08493151
2423,A0531,5,A,5A,Jain,Friends,Friend1,1,3,M,31,2,7,6,7,7,4,4,6,3,7,7,6,NA,JAIN,1,2,2,1,1,3,1,1,4,2,5,1,3,2,4,4,4,1,3,3,2,1,1,1,2,3,M,Muslim,1,1,1,1,2,1,4,1,1,1,3,4,4,4,3,1,1,1,1,1,3,3,1,7,6,2,7,1,0,A5,Z06B28,6B,5A,3/11/2006,3/11/2006,1/14/2016,9.852054795
2430,A0532,5,A,5A,Muslim,Friends,Friend1,1,6,M,32,6,7,1,6,5,7,7,7,6,4,6,2,8,NA,1,1,1,1,1,1,1,2,2,1,1,1,2,1,4,1,7,5,1,1,1,1,1,3,3,5,M,Hindu,1,1,1,1,1,1,4,1,3,1,1,7,7,7,3,1,1,1,1,1,1,5,3,7,7,6,6,1,0,A5,Z06B29,6B,5A,9/16/2004,NA,1/14/2016,11.33424658
2437,A0533,5,A,5A,Hindu,Friends,Friend1,1,1,M,33,1,7,1,7,7,5,2,7,1,1,7,1,1,NA,1,1,1,1,1,1,1,1,3,1,1,2,1,1,4,6,7,1,1,1,1,1,1,5,5,1,M,Muslim,1,1,2,1,2,1,3,1,2,2,1,4,1,4,1,1,2,2,1,2,2,1,1,7,2,5,7,1,0,A5,Z06B30,6B,5A,9/9/2005,NA,1/14/2016,10.35342466
2444,A0534,5,A,5A,Muslim,Friends,Friend1,1,2,M,34,2,6,4,6,4,7,6,6,4,4,3,4,7,SUNNI,1,1,1,1,1,1,1,2,3,1,1,1,2,1,4,3,4,4,3,4,3,1,3,1,4,4,M,Muslim,1,2,1,1,1,1,1,1,1,5,1,4,4,4,2,2,1,1,1,1,1,1,2,7,5,6,7,1,1,A5,NA,NA,5A,NA,5/30/2005,1/14/2016,10.63287671
2451,A0536,5,A,5A,Hindu,Friends,Friend1,1,12,M,36,5,7,7,7,6,6,7,7,7,6,7,1,7,GUARAV SAMAJ,1,1,1,1,1,1,1,4,3,1,2,2,1,1,1,1,1,2,1,1,1,2,1,1,5,3,M,Hindu,2,3,4,1,2,1,5,5,1,4,1,4,1,5,3,4,1,1,3,2,5,1,3,7,4,3,4,1,1,A5,Z06B32,6B,5A,9/16/2005,4/16/2005,1/14/2016,10.33424658
2456,A0537,5,A,5A,Hindu,Friends,Friend1,1,9,M,37,1,7,1,7,7,7,7,6,7,6,7,7,7,NA,1,2,1,2,1,2,1,4,4,1,5,3,1,2,4,4,4,3,1,1,1,1,5,1,5,5,M,Hindu,1,1,1,1,1,1,3,1,5,2,3,4,2,3,1,1,1,1,2,1,5,5,2,6,2,7,1,1,1,A5,Z06B33,6B,5A,4/6/2005,4/6/2005,1/14/2016,10.78082192
2463,A0538,5,A,5A,Muslim,Friends,Friend1,1,1,M,38,7,7,1,1,2,7,7,7,1,6,3,2,NA,MUSLIMS,1,1,1,1,1,1,1,1,3,1,1,1,2,1,1,1,7,1,1,1,5,1,5,3,1,1,M,Muslim,1,1,2,1,2,1,3,1,2,2,1,4,1,4,1,1,2,2,1,2,2,1,1,7,2,5,7,1,1,A5,Z06B34,6B,5A,9/6/2005,9/6/2005,1/14/2016,10.36164384
2470,A0539,5,A,5A,Muslim,Friends,Friend1,1,42,F,39,1,2,7,7,6,6,6,6,7,6,7,3,7,SHAIKH,2,1,1,1,1,1,1,4,1,4,4,4,2,2,7,7,7,1,1,5,1,1,1,1,3,1,F,Hindu,1,3,1,1,2,1,4,1,1,4,1,4,5,5,2,1,4,2,1,2,2,4,4,1,7,7,3,1,0,A5,Z06B35,6B,5A,4/1/2006,4/1/2006,1/14/2016,9.794520548
2477,A0540,5,A,5A,Hindu,Friends,Friend1,1,51,F,40,4,2,6,6,1,2,5,7,2,7,5,5,8,NA,2,1,1,4,1,4,1,1,1,2,5,3,1,3,4,2,3,2,2,1,1,1,1,1,5,2,F,Hindu,2,4,3,1,3,1,3,1,4,1,1,4,4,4,2,1,1,1,2,1,1,5,2,1,7,7,4,1,1,A5,Z06B36,6B,5A,4/28/2006,4/28/2006,1/14/2016,9.720547945
2481,A0541,5,A,5A,Hindu,Friends,Friend1,1,44,F,41,NA,6,7,NA,7,1,7,6,1,6,7,6,1,NA,2,2,1,1,1,1,1,2,3,1,3,3,1,1,4,4,4,2,1,1,1,1,2,1,5,3,F,Muslim,1,3,1,1,1,1,5,1,3,5,1,4,3,3,3,1,1,1,1,1,1,3,5,2,6,3,6,1,0,A5,Z06B37,6B,5A,11/2/2005,11/2/2005,1/14/2016,10.20547945
2486,A0542,5,A,5A,Hindu,Friends,Friend1,1,39,F,42,1,1,7,7,7,3,7,7,5,5,6,5,8,NA,2,1,3,1,1,2,1,4,4,1,1,4,1,1,4,5,5,2,1,4,2,1,2,2,4,4,F,Muslim,1,1,1,1,1,1,1,4,4,4,2,7,7,7,1,1,5,1,1,1,1,3,1,2,7,6,6,1,0,A5,Z06B39,6B,5A,5/13/2005,NA,1/14/2016,10.67945205
2493,A0543,5,A,5A,Muslim,Friends,Friend1,1,39,F,43,6,NA,7,6,2,7,1,6,6,7,NA,1,NA,SUNNI,2,1,1,1,1,1,1,2,3,4,1,1,2,1,4,7,5,1,1,1,1,1,1,1,5,5,F,Muslim,1,1,1,1,1,1,1,4,4,4,2,7,7,7,1,1,5,1,1,1,1,3,1,2,7,6,6,1,1,A5,Z06B40,6B,5A,8/26/2005,NA,1/14/2016,10.39178082
2498,A0544,5,A,5A,Muslim,Friends,Friend1,1,41,F,44,3,2,6,7,3,6,6,7,2,3,3,4,8,NA,2,1,3,1,1,1,1,2,5,1,3,5,2,1,4,3,3,3,1,1,1,1,1,1,3,5,F,Hindu,2,1,1,1,1,1,3,1,3,3,1,4,4,4,2,1,1,1,1,2,1,5,3,6,7,7,1,1,0,A5,Z06B42,6B,5A,3/9/2005,3/9/2005,1/14/2016,10.85753425
2504,A0545,5,A,5A,Hindu,Friends,Friend1,1,39,F,45,1,6,7,5,7,2,7,5,3,5,2,3,8,NA,2,3,2,2,1,1,1,2,3,1,5,4,1,1,4,4,6,2,3,4,1,2,2,2,4,1,F,Muslim,1,1,1,1,1,1,1,4,4,4,2,7,7,7,1,1,5,1,1,1,1,3,1,2,7,6,6,1,0,A5,Z06B43,6B,5A,1/10/2006,1/10/2006,1/14/2016,10.01643836
2511,A0546,5,A,5A,Muslim,Friends,Friend1,1,47,F,46,1,1,7,4,4,6,6,6,4,4,5,4,7,SUNI,2,1,1,1,1,1,1,2,5,1,1,1,2,1,4,1,1,1,1,1,1,1,1,1,5,1,F,Hindu,1,1,2,1,1,1,3,3,4,2,3,4,4,4,1,1,1,1,1,1,1,5,3,4,7,6,6,1,0,A5,NA,NA,5A,NA,10/2/2005,1/14/2016,10.29041096
2518,A0547,5,A,5A,Hindu,Friends,Friend1,1,39,F,47,1,4,7,7,6,6,4,4,4,4,1,1,1,NA,2,1,1,2,1,1,1,4,3,3,4,2,1,3,4,4,4,1,1,1,1,1,1,1,5,3,F,Muslim,1,1,1,1,1,1,1,4,4,4,2,7,7,7,1,1,5,1,1,1,1,3,1,2,7,6,6,1,0,A5,Z06B45,6B,5A,5/11/2005,5/11/2005,1/14/2016,10.68493151
2522,A0548,5,A,5A,Hindu,Friends,Friend1,1,47,F,48,3,1,7,6,6,2,6,6,2,2,4,6,7,NA,2,3,5,1,1,4,2,1,NA,1,2,NA,1,2,4,7,4,3,3,4,1,1,1,1,4,4,F,Hindu,1,1,2,1,1,1,3,3,4,2,3,4,4,4,1,1,1,1,1,1,1,5,3,4,7,6,6,1,1,A5,Z06B46,6B,5A,7/23/2006,NA,1/14/2016,9.484931507
2524,A0549,5,A,5A,Hindu,Friends,Friend1,1,42,F,49,2,4,7,6,7,5,6,5,5,5,4,4,1,NA,2,1,2,3,1,1,1,1,4,3,2,2,1,2,4,1,2,2,1,1,1,2,1,2,5,3,F,Hindu,1,3,1,1,2,1,4,1,1,4,1,4,5,5,2,1,4,2,1,2,2,4,4,1,7,7,3,1,1,A5,Z06B47,6B,5A,4/26/2005,4/26/2004,1/14/2016,10.7260274
2529,A0550,5,A,5A,Muslim,Friends,Friend1,1,39,F,50,1,1,7,7,2,7,7,7,6,5,3,6,8,NA,2,1,1,1,1,1,1,4,2,1,2,1,2,1,4,1,4,3,2,1,1,2,1,1,5,3,F,Muslim,1,1,1,1,1,1,1,4,4,4,2,7,7,7,1,1,5,1,1,1,1,3,1,2,7,6,6,1,1,A5,Z06B48,6B,5A,3/19/2005,1/8/2005,1/14/2016,10.83013699
2536,A0551,5,A,5A,Hindu,Friends,Friend1,1,39,F,51,2,1,7,NA,7,4,7,6,NA,6,2,3,1,NA,2,2,4,3,1,3,1,1,3,1,4,1,1,1,4,4,4,2,1,1,1,2,1,1,5,2,F,Muslim,1,1,1,1,1,1,1,4,4,4,2,7,7,7,1,1,5,1,1,1,1,3,1,2,7,6,6,1,0,A5,Z06B49,6B,5A,4/6/2005,6/4/2005,1/14/2016,10.78082192
2543,A0552,5,A,5A,Hindu,Friends,Friend1,1,42,F,52,2,2,7,7,7,1,6,5,4,7,7,3,8,NA,2,1,2,4,1,2,1,1,4,1,2,4,1,1,4,4,4,3,1,1,2,1,2,4,2,4,F,Hindu,1,3,1,1,2,1,4,1,1,4,1,4,5,5,2,1,4,2,1,2,2,4,4,1,7,7,3,1,1,A5,Z06B50,6B,5A,5/12/2005,5/12/2005,1/14/2016,10.68219178
2550,A0553,5,A,5A,Muslim,Friends,Friend1,1,39,F,53,1,1,7,7,5,7,4,7,4,5,5,5,8,NA,2,1,2,1,1,1,1,2,4,1,1,1,2,1,2,1,7,1,1,2,1,1,1,1,2,2,F,Muslim,1,1,1,1,1,1,1,4,4,4,2,7,7,7,1,1,5,1,1,1,1,3,1,2,7,6,6,1,1,A5,Z06B51,6B,5A,8/15/2005,8/15/2005,1/14/2016,10.42191781
2551,A0554,5,A,5A,Hindu,Friends,Friend1,1,39,F,54,1,1,7,6,7,6,7,7,4,7,6,5,8,NA,2,1,1,3,1,1,1,1,4,1,2,1,1,1,4,4,4,3,1,1,1,1,1,1,5,2,F,Muslim,1,1,1,1,1,1,1,4,4,4,2,7,7,7,1,1,5,1,1,1,1,3,1,2,7,6,6,1,0,A5,Z06C58,6C,5A,6/1/2008,8/26/2005,1/14/2016,7.624657534
2558,A0555,5,A,5A,Hindu,Friends,Friend1,1,40,F,55,2,1,4,6,6,4,7,7,5,3,6,2,8,NA,2,1,1,2,2,2,1,1,2,1,4,3,1,1,4,3,2,3,4,1,2,1,2,1,4,3,F,Hindu,1,1,4,1,4,1,1,2,5,3,3,4,2,3,2,2,1,1,1,1,1,5,2,2,6,1,2,1,1,A5,Z06B52,6B,5A,7/4/2005,7/4/2005,1/14/2016,10.5369863
2565,A0556,5,A,5A,Hindu,Friends,Friend1,1,40,F,56,2,6,7,7,5,6,4,7,5,5,6,4,8,NA,2,2,3,1,1,2,1,1,2,1,1,2,1,2,3,4,2,2,2,1,1,1,1,2,1,2,F,Hindu,1,1,4,1,4,1,1,2,5,3,3,4,2,3,2,2,1,1,1,1,1,5,2,2,6,1,2,1,1,A5,Z06B53,6B,5A,7/4/2005,7/4/2005,1/14/2016,10.5369863
2571,A0557,5,A,5A,Muslim,Friends,Friend1,1,45,F,57,4,6,7,7,7,7,7,6,7,4,7,1,7,SUNY,2,1,1,2,1,1,1,2,4,1,1,1,2,1,4,4,4,1,1,1,1,1,1,1,5,5,F,Hindu,3,2,2,1,1,1,3,1,5,4,1,4,4,6,2,3,4,1,2,2,2,4,1,6,7,7,2,1,0,A5,Z06B54,6B,5A,8/23/2005,8/23/2005,1/14/2016,10.4
2578,A0558,5,A,5A,Muslim,Friends,Friend1,1,46,F,58,2,1,7,7,5,7,6,7,5,2,5,6,7,SUNY/MUSLIM,2,1,1,2,1,1,2,2,4,1,1,4,2,1,7,1,7,5,2,5,3,3,1,1,3,4,F,Muslim,1,1,1,1,1,1,5,1,1,1,1,4,1,1,1,1,1,1,1,1,1,5,1,1,7,4,6,1,1,A5,Z06B56,6B,5A,2/22/2006,2/22/2006,1/14/2016,9.898630137
2585,A0559,5,A,5A,Muslim,Friends,Friend1,1,39,F,59,2,4,6,6,2,6,6,6,5,5,2,3,7,SUNNI,2,1,2,2,3,1,1,2,4,4,1,2,2,1,4,4,4,1,1,1,4,1,1,1,2,1,F,Muslim,1,1,1,1,1,1,1,4,4,4,2,7,7,7,1,1,5,1,1,1,1,3,1,2,7,6,6,1,1,A5,Z06B57,6B,5A,11/9/2005,11/9/2005,1/14/2016,10.18630137
2592,A0560,5,A,5A,Hindu,Friends,Friend1,1,51,F,60,1,1,7,5,7,7,5,6,6,1,7,1,1,NA,2,2,1,1,3,2,1,2,4,1,3,2,1,1,7,2,5,5,2,5,3,2,1,1,3,4,F,Hindu,2,4,3,1,3,1,3,1,4,1,1,4,4,4,2,1,1,1,2,1,1,5,2,1,7,7,4,1,1,A5,Z06B58,6B,5A,5/17/2005,5/17/2005,1/14/2016,10.66849315
2599,A0562,5,A,5A,Hindu,Friends,Friend1,1,40,F,62,5,3,7,5,6,5,7,6,4,4,4,4,8,NA,2,1,2,1,1,1,1,1,3,1,3,2,1,1,7,1,1,2,2,2,3,2,1,1,3,3,F,Hindu,1,1,4,1,4,1,1,2,5,3,3,4,2,3,2,2,1,1,1,1,1,5,2,2,6,1,2,1,1,A5,Z06B60,6B,5A,8/17/2005,8/17/2005,1/14/2016,10.41643836
2605,A0563,5,A,5A,Hindu,Friends,Friend1,1,42,F,63,5,2,6,6,7,1,6,7,5,6,5,3,1,NA,2,2,2,4,1,2,1,1,3,1,3,5,1,1,4,4,4,3,1,1,2,1,1,1,4,4,F,Hindu,1,3,1,1,2,1,4,1,1,4,1,4,5,5,2,1,4,2,1,2,2,4,4,1,7,7,3,1,1,A5,Z06B61,6B,5A,8/30/2005,8/31/2005,1/14/2016,10.38082192
2612,A0564,5,A,5A,Muslim,Friends,Friend1,1,43,F,64,2,2,4,7,2,7,6,4,5,5,3,1,7,SUNNE,2,4,1,3,2,2,1,1,4,1,1,1,2,1,4,4,4,4,1,3,5,1,1,1,3,5,F,Muslim,1,1,1,1,1,1,3,4,1,1,1,4,7,5,1,1,1,1,1,1,1,5,5,NA,7,2,7,1,1,A5,Z06B62,6B,5A,6/11/2006,6/11/2006,1/14/2016,9.6
2619,B0501,5,B,5B,Hindu,Friends,Friend1,1,2,M,1,4,7,6,2,6,6,5,5,5,5,7,4,8,NA,1,5,5,4,3,5,2,4,4,5,5,4,1,4,6,4,4,1,1,1,2,1,1,1,5,3,M,Muslim,1,1,1,1,1,1,1,2,1,2,1,5,4,4,1,1,1,1,1,1,1,1,5,7,4,5,7,1,0,B5,Z06C01,6C,5B,11/3/2004,11/3/2004,1/14/2016,11.20273973
2621,B0502,5,B,5B,Muslim,Friends,Friend1,1,1,M,2,6,7,4,6,5,7,7,7,6,6,4,6,7,MAHEDVIYA,1,1,1,1,1,1,1,2,1,2,1,2,2,1,5,4,4,1,1,1,1,1,1,1,1,5,M,Hindu,5,5,4,3,5,2,4,5,5,4,4,6,4,4,1,1,1,2,1,1,1,5,3,7,6,6,6,1,0,B5,Z06C02,6C,5B,11/1/2005,11/1/2005,1/14/2016,10.20821918
2628,B0504,5,B,5B,Muslim,Friends,Friend1,1,5,M,4,5,6,6,6,6,7,7,6,6,5,6,6,7,SUNNI,1,1,1,2,1,1,1,2,3,1,1,1,2,1,4,2,4,1,1,1,2,2,1,1,5,5,M,Muslim,2,2,3,1,1,1,3,2,1,1,1,4,2,4,1,2,4,1,3,1,1,4,5,7,1,NA,2,1,1,B5,Z06A08,6A,5B,8/7/2005,8/7/2005,1/14/2016,10.44383562
2635,B0505,5,B,5B,Muslim,Friends,Friend1,1,4,M,5,5,7,1,4,NA,2,6,4,5,6,3,5,8,NA,1,2,2,3,1,1,1,1,3,2,1,1,2,1,4,2,4,1,2,4,1,3,1,1,4,5,M,Muslim,1,1,2,1,1,1,3,1,1,1,1,4,2,4,1,1,1,2,2,1,1,5,5,6,6,6,7,1,1,B5,Z06C04,6C,5B,8/11/2006,8/11/2006,1/14/2016,9.432876712
2638,B0507,5,B,5B,Hindu,Friends,Friend1,1,1,M,7,1,6,5,6,7,6,7,5,6,7,5,5,8,NA,1,1,1,1,1,2,1,4,4,1,2,1,1,1,6,7,6,1,1,1,1,1,1,1,3,2,M,Hindu,5,5,4,3,5,2,4,5,5,4,4,6,4,4,1,1,1,2,1,1,1,5,3,7,6,6,6,1,1,B5,Z06C05,6C,5B,9/20/2005,9/20/2005,1/14/2016,10.32328767
2645,B0508,5,B,5B,Hindu,Friends,Friend1,1,3,M,8,2,7,3,3,6,3,4,7,1,3,6,2,8,NA,1,1,3,2,3,2,1,1,4,1,2,3,1,1,4,5,6,2,1,2,1,1,2,1,4,3,M,NA,NA,NA,NA,NA,NA,NA,NA,NA,NA,NA,NA,NA,NA,NA,NA,NA,NA,NA,NA,NA,NA,NA,NA,NA,NA,NA,NA,1,NA,B5,Z06C06,6C,5B,9/16/2005,9/16/2005,1/14/2016,10.33424658
2652,B0509,5,B,5B,Muslim,Friends,Friend1,1,3,M,9,7,7,4,7,5,7,NA,7,4,7,7,4,7,SULAIMANI,1,1,1,1,1,1,1,2,3,1,2,2,2,1,4,2,3,1,1,2,1,1,1,1,5,5,M,NA,NA,NA,NA,NA,NA,NA,NA,NA,NA,NA,NA,NA,NA,NA,NA,NA,NA,NA,NA,NA,NA,NA,NA,NA,NA,NA,NA,1,NA,B5,Z06C07,6C,5B,10/17/2005,10/17/2005,1/14/2016,10.24931507
2657,B0510,5,B,5B,Hindu,Friends,Friend1,1,2,M,10,3,6,5,5,7,3,7,6,6,6,6,1,7,MOCHI,1,1,2,2,2,1,1,1,4,1,1,2,1,1,4,4,4,3,2,1,1,1,1,2,5,3,M,Muslim,1,1,1,1,1,1,1,2,1,2,1,5,4,4,1,1,1,1,1,1,1,1,5,7,4,5,7,1,0,B5,Z06C08,6C,5B,4/14/2006,4/14/2006,1/14/2016,9.75890411
2664,B0511,5,B,5B,Hindu,Friends,Friend1,1,1,M,11,4,7,5,4,5,6,7,4,6,4,2,5,7,MARATHA,1,1,2,1,1,2,2,4,4,5,2,2,1,1,4,4,4,2,2,3,1,3,1,2,5,3,M,Hindu,5,5,4,3,5,2,4,5,5,4,4,6,4,4,1,1,1,2,1,1,1,5,3,7,6,6,6,1,1,B5,Z06C09,6C,5B,8/27/2005,8/27/2005,1/14/2016,10.3890411
2671,B0512,5,B,5B,Hindu,Friends,Friend1,1,14,M,12,NA,7,1,7,7,1,7,7,5,6,3,6,8,NA,1,1,1,2,1,1,1,1,4,1,5,2,1,1,4,4,1,2,1,1,1,1,1,1,5,1,M,Hindu,2,1,3,2,1,1,4,2,5,3,2,4,3,2,2,1,1,2,1,1,1,5,4,6,3,7,3,1,1,B5,Z06C10,6C,5B,5/7/2006,5/7/2006,1/14/2016,9.695890411
2676,B0513,5,B,5B,Hindu,Friends,Friend1,1,1,M,13,4,7,4,6,7,4,7,6,5,6,6,4,8,NA,1,2,2,4,1,3,1,4,4,1,5,1,1,1,4,4,4,1,2,1,1,1,1,1,5,3,M,Hindu,5,5,4,3,5,2,4,5,5,4,4,6,4,4,1,1,1,2,1,1,1,5,3,7,6,6,6,1,1,B5,Z06C12,6C,5B,11/1/2005,NA,1/14/2016,10.20821918
2684,B0514,5,B,5B,Hindu,Friends,Friend1,1,2,M,14,5,6,3,6,7,3,6,6,3,5,6,2,8,NA,1,2,1,3,2,1,1,1,4,2,5,3,1,2,4,3,2,2,1,1,2,1,1,1,5,4,M,Muslim,1,1,1,1,1,1,1,2,1,2,1,5,4,4,1,1,1,1,1,1,1,1,5,7,4,5,7,1,0,B5,Z06C13,6C,5B,7/13/2005,7/13/2005,1/14/2016,10.51232877
2691,B0515,5,B,5B,Muslim,Friends,Friend1,1,2,M,15,1,7,6,7,1,4,7,6,5,5,7,4,7,MUSLIM [DAUDI BOHRA/VOHRA],1,1,1,1,1,1,1,1,4,1,1,1,2,1,4,1,1,1,1,1,1,1,5,1,5,3,M,Muslim,1,1,1,1,1,1,1,2,1,2,1,5,4,4,1,1,1,1,1,1,1,1,5,7,4,5,7,1,1,B5,Z06C14,6C,5B,1/8/2006,1/8/2006,1/14/2016,10.02191781
2699,B0516,5,B,5B,Hindu,Friends,Friend1,1,10,M,16,2,7,6,4,7,4,7,6,6,7,4,5,7,NA,1,1,3,2,1,1,1,1,1,1,2,2,1,1,4,7,2,1,1,1,1,1,1,1,5,3,M,Hindu,1,2,2,2,1,1,4,1,1,2,1,4,4,4,3,2,1,1,1,1,2,5,3,6,5,7,3,1,1,B5,Z06C15,6C,5B,1/19/2006,1/19/2006,1/14/2016,9.991780822
2704,B0517,5,B,5B,Hindu,Friends,Friend1,1,8,M,17,1,6,4,7,4,3,6,6,5,2,6,5,8,NA,1,3,2,2,1,1,1,1,4,1,2,2,1,1,3,4,2,1,1,3,2,4,2,1,5,3,M,Hindu,1,3,2,3,2,1,4,1,2,3,1,4,5,6,2,1,2,1,1,2,1,4,3,7,3,6,3,1,1,B5,Z06C16,6C,5B,3/25/2005,NA,1/14/2016,10.81369863
2711,B0518,5,B,5B,Muslim,Friends,Friend1,1,2,M,18,5,6,4,6,6,6,6,6,6,6,7,5,7,SIYA,1,1,1,2,1,1,1,1,4,1,1,1,2,1,4,3,4,1,1,1,2,1,1,2,4,3,M,Muslim,1,1,1,1,1,1,1,2,1,2,1,5,4,4,1,1,1,1,1,1,1,1,5,7,4,5,7,1,1,B5,Z06C17,6C,5B,1/29/2006,1/29/2006,1/14/2016,9.964383562
2719,B0519,5,B,5B,Hindu,Friends,Friend1,1,3,M,19,6,4,4,6,7,3,5,5,4,4,6,1,8,NA,1,1,4,2,1,2,1,1,4,1,5,2,1,1,4,4,2,3,2,1,2,3,1,2,5,3,M,NA,NA,NA,NA,NA,NA,NA,NA,NA,NA,NA,NA,NA,NA,NA,NA,NA,NA,NA,NA,NA,NA,NA,NA,NA,NA,NA,NA,1,NA,B5,Z06C18,6C,5B,4/5/2006,4/5/2006,1/14/2016,9.783561644
2726,B0520,5,B,5B,Hindu,Friends,Friend1,1,3,M,20,6,7,6,7,7,6,6,7,6,6,6,6,8,NA,1,2,1,2,1,1,1,1,3,2,5,2,1,1,4,2,2,2,1,1,1,1,1,1,5,3,M,NA,NA,NA,NA,NA,NA,NA,NA,NA,NA,NA,NA,NA,NA,NA,NA,NA,NA,NA,NA,NA,NA,NA,NA,NA,NA,NA,NA,1,NA,B5,Z06C19,6C,5B,12/30/2005,12/30/2005,1/14/2016,10.04657534
2732,B0521,5,B,5B,Hindu,Friends,Friend1,1,2,M,21,5,6,6,6,6,6,5,6,5,6,6,1,8,NA,1,4,3,5,1,4,1,1,4,1,2,2,1,3,5,3,4,1,1,1,1,1,1,1,5,4,M,Muslim,1,1,1,1,1,1,1,2,1,2,1,5,4,4,1,1,1,1,1,1,1,1,5,7,4,5,7,1,0,B5,Z06C20,6C,5B,8/4/2005,8/4/2005,1/14/2016,10.45205479
2740,B0522,5,B,5B,Hindu,Friends,Friend1,1,17,M,22,4,7,7,7,7,4,7,7,7,4,7,4,2,NA,1,1,1,3,1,1,1,2,4,1,1,1,1,1,4,1,1,1,1,1,1,1,1,1,5,1,M,Hindu,3,2,2,1,1,1,4,1,2,2,1,3,4,2,1,1,3,2,4,2,1,5,3,6,4,4,3,1,1,B5,Z06C21,6C,5B,1/9/2006,11/9/2006,1/14/2016,10.01917808
2747,B0523,5,B,5B,Muslim,Friends,Friend1,1,6,M,23,5,5,5,7,5,7,5,7,4,5,7,2,7,SUNNI,1,1,2,3,1,1,1,1,4,1,1,1,2,1,4,4,4,3,1,1,2,1,4,2,5,2,M,NA,NA,NA,NA,NA,NA,NA,NA,NA,NA,NA,NA,NA,NA,NA,NA,NA,NA,NA,NA,NA,NA,NA,NA,NA,NA,NA,NA,1,NA,B5,Z06C22,6C,5B,5/4/2005,5/4/2005,1/14/2016,10.70410959
2752,B0524,5,B,5B,Hindu,Friends,Friend1,1,10,M,24,5,7,6,5,7,5,7,6,5,5,4,5,1,NA,1,1,1,1,1,1,1,2,4,1,5,3,1,1,4,7,3,1,2,1,1,1,3,1,5,5,M,Hindu,1,2,2,2,1,1,4,1,1,2,1,4,4,4,3,2,1,1,1,1,2,5,3,6,5,7,3,1,1,B5,Z06C23,6C,5B,10/16/2005,10/16/2005,1/14/2016,10.25205479
2759,B0525,5,B,5B,Hindu,Friends,Friend1,1,7,M,25,2,7,4,7,7,4,7,6,4,6,4,2,8,NA,1,2,1,1,1,3,1,4,4,1,5,2,1,1,1,1,2,1,1,1,2,1,1,2,5,4,M,Hindu,1,1,1,1,2,1,4,1,2,1,1,6,7,6,1,1,1,1,1,1,1,3,2,6,5,7,6,1,1,B5,NA,NA,5B,NA,NA,1/14/2016,NA
2766,B0526,5,B,5B,other,Friends,Friend1,1,23,M,26,2,7,1,4,1,7,7,7,3,6,5,6,8,NA,1,1,1,2,1,1,1,1,4,1,5,3,NA,1,4,2,4,1,5,3,1,1,1,3,1,3,M,Muslim,1,2,3,1,1,1,4,1,1,1,1,4,4,4,3,1,1,2,1,4,2,5,2,5,5,5,7,1,0,B5,Z06C24,6C,5B,6/16/2005,6/16/2005,1/14/2016,10.58630137
2769,B0527,5,B,5B,other,Friends,Friend1,1,11,M,27,1,7,7,7,7,7,7,7,6,7,6,4,8,NA,1,1,1,1,1,1,1,4,4,1,5,1,NA,1,4,4,4,1,1,1,2,1,1,1,5,1,M,Hindu,1,2,1,1,2,2,4,5,2,2,1,4,4,4,2,2,3,1,3,1,2,5,3,7,5,5,6,1,0,B5,Z06C26,6C,5B,2/23/2005,2/23/2005,1/14/2016,10.89589041
2776,B0528,5,B,5B,other,Friends,Friend1,1,16,M,28,6,7,2,6,7,5,7,5,6,7,6,3,7,JAIN,1,1,1,1,1,1,1,1,1,1,1,2,NA,1,4,2,2,1,1,1,1,1,3,2,5,2,M,Hindu,1,3,2,1,1,1,1,1,2,2,1,4,7,2,1,1,1,1,1,1,1,5,3,7,6,7,4,1,0,B5,Z06C27,6C,5B,5/31/2006,5/31/2006,1/14/2016,9.630136986
2780,B0529,5,B,5B,other,Friends,Friend1,1,3,M,29,7,7,1,7,4,7,7,7,7,7,4,4,7,SUNNI,1,1,1,1,1,1,1,2,1,1,1,1,NA,2,4,4,4,1,1,1,1,1,1,1,5,5,M,NA,NA,NA,NA,NA,NA,NA,NA,NA,NA,NA,NA,NA,NA,NA,NA,NA,NA,NA,NA,NA,NA,NA,NA,NA,NA,NA,NA,1,NA,B5,Z06C28,6C,5B,3/10/2005,NA,1/14/2016,10.85479452
2787,B0530,5,B,5B,Muslim,Friends,Friend1,1,1,M,30,4,7,1,5,7,6,6,6,7,6,7,1,7,SUNNI,1,2,1,3,2,2,1,3,3,1,2,2,2,3,7,7,7,2,1,1,1,1,1,1,5,3,M,Hindu,5,5,4,3,5,2,4,5,5,4,4,6,4,4,1,1,1,2,1,1,1,5,3,7,6,6,6,1,0,B5,Z06C29,6C,5B,8/22/2004,NA,1/14/2016,11.40273973
2794,B0531,5,B,5B,Muslim,Friends,Friend1,1,6,M,31,4,7,2,6,4,7,7,6,5,4,6,2,7,SUNNI,1,1,2,2,1,1,1,2,3,1,1,1,2,1,4,3,4,2,2,1,1,1,1,2,4,3,M,NA,NA,NA,NA,NA,NA,NA,NA,NA,NA,NA,NA,NA,NA,NA,NA,NA,NA,NA,NA,NA,NA,NA,NA,NA,NA,NA,NA,1,NA,B5,Z06C30,6C,5B,4/5/2005,5/5/2005,1/14/2016,10.78356164
2801,B0532,5,B,5B,Hindu,Friends,Friend1,1,3,M,32,1,7,1,7,7,5,7,1,7,1,7,1,8,NA,1,1,1,1,1,1,1,1,4,1,5,3,1,1,4,4,4,1,1,1,1,3,1,1,5,1,M,NA,NA,NA,NA,NA,NA,NA,NA,NA,NA,NA,NA,NA,NA,NA,NA,NA,NA,NA,NA,NA,NA,NA,NA,NA,NA,NA,NA,1,NA,B5,Z06C31,6C,5B,9/16/2005,9/16/2005,1/14/2016,10.33424658
2810,B0533,5,B,5B,Hindu,Friends,Friend1,1,23,M,33,1,7,1,7,7,1,7,1,1,6,4,6,8,NA,1,1,5,1,1,1,1,2,2,1,2,1,1,1,6,4,5,1,5,4,1,2,5,3,1,3,M,Muslim,1,2,3,1,1,1,4,1,1,1,1,4,4,4,3,1,1,2,1,4,2,5,2,5,5,5,7,1,0,B5,NA,NA,5B,NA,11/1/2005,1/14/2016,10.20821918
2813,B0534,5,B,5B,other,Friends,Friend1,1,2,M,34,4,7,5,7,6,4,7,7,4,6,7,2,8,NA,1,1,1,2,2,1,1,2,4,2,4,2,NA,1,4,3,5,2,1,1,1,1,1,1,5,3,M,Muslim,1,1,1,1,1,1,1,2,1,2,1,5,4,4,1,1,1,1,1,1,1,1,5,7,4,5,7,1,0,B5,Z06C32,6C,5B,5/26/2006,5/26/2006,1/14/2016,9.643835616
2819,B0535,5,B,5B,Hindu,Friends,Friend1,1,12,M,35,6,7,7,6,7,5,7,7,6,6,7,1,1,NA,1,1,1,1,1,1,1,1,4,1,4,4,1,1,4,4,4,1,1,1,1,1,1,1,5,3,M,Hindu,1,1,2,1,1,1,4,1,5,2,1,4,4,1,2,1,1,1,1,1,1,5,1,7,1,7,1,1,1,B5,Z06C33,6C,5B,10/1/2004,10/1/2004,1/14/2016,11.29315068
2826,B0536,5,B,5B,Muslim,Friends,Friend1,1,4,M,36,2,7,1,7,4,4,7,7,2,2,5,6,7,ALVI VOHRA,1,1,1,1,1,1,1,1,1,1,1,1,2,1,4,3,4,1,3,1,1,1,2,1,4,2,M,Muslim,1,1,2,1,1,1,3,1,1,1,1,4,2,4,1,1,1,2,2,1,1,5,5,6,6,6,7,1,1,B5,Z06C34,6C,5B,3/12/2005,3/12/2005,1/14/2016,10.84931507
2834,B0537,5,B,5B,Muslim,Friends,Friend1,1,2,M,37,2,7,6,3,3,7,7,4,3,2,6,4,7,ALVI VOHRA,1,1,2,1,2,1,2,1,4,1,1,1,2,1,4,3,4,1,1,1,1,1,1,1,3,1,M,Muslim,1,1,1,1,1,1,1,2,1,2,1,5,4,4,1,1,1,1,1,1,1,1,5,7,4,5,7,1,1,B5,Z06C35,6C,5B,9/4/2005,9/4/2005,1/14/2016,10.36712329
2842,B0538,5,B,5B,other,Friends,Friend1,1,15,F,38,1,5,7,7,1,7,7,6,3,6,4,3,7,DOVADI VOHRA,2,1,3,1,2,3,1,1,3,1,1,2,NA,1,3,2,2,4,1,1,2,2,1,1,5,3,M,Muslim,1,1,1,1,1,1,4,1,1,1,1,4,1,1,1,1,1,1,1,5,1,5,3,7,6,1,4,0,0,B5,Z06C36,6C,5B,6/21/2006,NA,1/14/2016,9.57260274
2847,B0539,5,B,5B,Hindu,Friends,Friend1,1,45,F,39,1,3,6,7,7,2,6,5,5,3,4,4,2,NA,2,2,1,3,1,2,1,4,4,1,3,2,1,2,4,3,2,2,2,1,1,1,1,1,5,2,F,other,1,1,1,1,1,1,4,1,1,1,1,3,2,2,2,2,1,3,1,1,1,3,4,5,7,4,6,1,0,B5,Z06C37,6C,5B,7/8/2005,NA,1/14/2016,10.5260274
2854,B0540,5,B,5B,Muslim,Friends,Friend1,1,36,F,40,1,1,7,7,1,7,7,6,4,5,7,1,7,ALVI VOHRA,2,1,1,1,1,1,1,1,1,1,1,1,2,1,4,4,3,1,1,1,1,1,1,1,5,5,M,Muslim,1,1,1,1,1,1,1,1,1,1,1,4,3,4,1,3,1,1,1,2,1,4,2,7,1,4,4,0,1,B5,Z06C38,6C,5B,4/21/2006,4/21/2006,1/14/2016,9.739726027
2864,B0541,5,B,5B,Muslim,Friends,Friend1,1,43,F,41,6,1,7,7,2,7,7,5,6,5,6,6,7,SHAIKH,2,1,1,2,2,1,2,2,4,1,1,5,2,1,4,2,7,3,2,3,3,2,3,1,3,2,F,Muslim,3,1,1,1,1,1,3,1,1,1,1,4,4,4,3,1,2,2,1,1,2,5,3,1,7,4,7,1,1,B5,Z06C39,6C,5B,5/8/2004,5/8/2004,1/14/2016,11.69315068
2868,B0542,5,B,5B,Hindu,Friends,Friend1,1,10,F,42,4,4,4,NA,7,6,4,5,4,4,4,4,8,DON'T KNOW,2,1,4,1,1,1,1,1,4,1,2,1,1,1,4,4,7,1,1,1,1,1,1,1,5,3,M,Hindu,1,2,2,2,1,1,4,1,1,2,1,4,4,4,3,2,1,1,1,1,2,5,3,6,5,7,3,0,1,B5,Z06C40,6C,5B,8/29/2005,8/29/2005,1/14/2016,10.38356164
2875,B0543,5,B,5B,Muslim,Friends,Friend1,1,41,F,43,5,1,7,6,4,7,7,5,6,4,7,5,7,SUNNI,2,3,1,1,1,1,1,2,3,1,1,1,2,1,4,4,4,3,1,2,2,1,1,2,5,3,F,Muslim,1,1,2,2,1,2,4,1,1,5,1,4,2,7,3,2,3,3,2,3,1,3,2,1,7,2,7,1,1,B5,Z06C41,6C,5B,10/27/2005,10/27/2005,1/14/2016,10.22191781
2878,B0544,5,B,5B,other,Friends,Friend1,1,42,F,44,3,1,7,7,7,1,7,7,2,5,6,3,8,NA,2,1,1,1,1,2,1,1,4,1,4,3,NA,2,4,4,3,3,3,2,2,2,2,3,3,1,F,Hindu,1,4,1,1,1,1,4,1,2,1,1,4,4,7,1,1,1,1,1,1,1,5,3,4,4,7,6,1,0,B5,Z06B41,6B,5B,6/17/2006,6/17/2006,1/14/2016,9.583561644
2885,B0545,5,B,5B,other,Friends,Friend1,1,38,F,45,4,5,7,6,4,6,7,7,5,5,5,5,7,ALVI VOHARA,2,1,1,1,1,1,1,1,4,1,1,1,3,1,3,2,2,2,2,1,3,1,1,1,3,4,F,other,1,3,1,2,3,1,3,1,1,2,1,3,2,2,4,1,1,2,2,1,1,5,3,5,7,1,7,1,1,B5,Z06C42,6C,5B,1/14/2006,1/14/2006,1/14/2016,10.00547945
2894,B0546,5,B,5B,Hindu,Friends,Friend1,1,49,F,46,1,4,7,7,7,2,7,7,5,6,4,6,1,NA,2,1,1,1,1,1,1,2,5,1,5,5,1,1,4,4,5,2,1,1,1,3,1,1,3,2,F,other,1,2,2,2,2,1,4,1,5,2,1,4,5,3,2,1,2,1,1,1,2,5,2,2,7,6,5,1,0,B5,Z06B44,6B,5B,1/16/2006,1/16/2006,1/14/2016,10
2896,B0547,5,B,5B,Muslim,Friends,Friend1,1,5,F,47,5,5,7,7,5,7,6,7,5,6,6,3,7,NA,2,1,1,1,1,1,1,1,3,1,1,5,2,1,4,3,2,2,1,1,1,1,1,1,2,1,M,Muslim,2,2,3,1,1,1,3,2,1,1,1,4,2,4,1,2,4,1,3,1,1,4,5,7,1,NA,2,0,1,B5,Z06C43,6C,5B,10/3/2005,10/3/2005,1/14/2016,10.28767123
2903,B0548,5,B,5B,Muslim,Friends,Friend1,1,40,F,48,5,4,4,7,5,7,7,6,6,6,6,3,7,ALAVI VOHRA,2,1,1,2,1,1,1,1,1,1,1,1,2,1,4,2,2,2,1,1,2,2,1,1,1,3,F,Muslim,1,1,1,1,1,1,1,1,1,1,1,4,4,3,1,1,1,1,1,1,1,5,5,1,7,1,7,1,1,B5,Z06C44,6C,5B,10/27/2005,10/26/2005,1/14/2016,10.22191781
2909,B0549,5,B,5B,other,Friends,Friend1,1,38,F,49,5,2,7,7,6,5,6,6,5,6,5,4,8,NA,2,1,2,2,2,2,1,4,4,1,5,2,NA,1,4,5,3,2,1,2,1,1,1,2,5,2,F,other,1,3,1,2,3,1,3,1,1,2,1,3,2,2,4,1,1,2,2,1,1,5,3,5,7,1,7,1,1,B5,Z06C45,6C,5B,4/26/2005,4/26/2005,1/14/2016,10.7260274
2916,B0550,5,B,5B,Muslim,Friends,Friend1,1,39,F,50,4,4,7,6,1,7,7,6,6,6,4,7,7,MEHEDVI MUSLIM,2,1,1,1,1,1,1,2,1,1,2,4,2,1,4,4,4,1,1,1,1,1,1,1,5,5,F,Hindu,2,1,3,1,2,1,4,1,3,2,2,4,3,2,2,2,1,1,1,1,1,5,2,3,6,7,2,1,0,B5,Z06C46,6C,5B,8/2/2005,8/2/2005,1/14/2016,10.45753425
2923,B0551,5,B,5B,Hindu,Friends,Friend1,1,35,F,51,2,4,7,6,6,5,6,6,5,6,5,4,8,NA,2,2,2,2,1,1,1,1,3,3,2,2,1,1,4,4,3,3,2,2,2,2,1,1,5,2,M,Hindu,1,1,1,1,1,1,4,1,4,4,1,4,4,4,1,1,1,1,1,1,1,5,3,7,7,7,5,0,1,B5,Z06C47,6C,5B,10/17/2005,10/17/2005,1/14/2016,10.24931507
2930,B0552,5,B,5B,Muslim,Friends,Friend1,1,41,F,52,1,3,7,5,2,7,7,6,5,6,6,2,7,SUNNI,2,1,1,3,1,1,1,2,4,1,1,3,2,1,3,2,2,2,1,1,2,1,4,2,2,1,F,Muslim,1,1,2,2,1,2,4,1,1,5,1,4,2,7,3,2,3,3,2,3,1,3,2,1,7,2,7,1,1,B5,Z06C48,6C,5B,6/1/2005,6/1/2005,1/14/2016,10.62739726
2933,B0553,5,B,5B,Hindu,Friends,Friend1,1,10,F,53,1,6,7,7,7,5,6,7,6,6,7,1,8,NA,2,1,1,1,1,1,1,1,4,4,1,1,1,1,4,4,4,1,1,1,1,1,1,1,3,5,M,Hindu,1,2,2,2,1,1,4,1,1,2,1,4,4,4,3,2,1,1,1,1,2,5,3,6,5,7,3,0,1,B5,Z06C49,6C,5B,1/1/2001,NA,1/14/2016,15.04383562
2941,B0554,5,B,5B,Hindu,Friends,Friend1,1,41,F,54,3,4,7,6,7,2,6,6,5,6,5,5,8,NA,2,2,2,2,1,1,1,1,2,1,3,1,1,2,4,4,4,4,4,1,1,1,2,1,5,2,F,Muslim,1,1,2,2,1,2,4,1,1,5,1,4,2,7,3,2,3,3,2,3,1,3,2,1,7,2,7,1,0,B5,Z06C50,6C,5B,4/20/2006,4/20/2006,1/14/2016,9.742465753
2951,B0555,5,B,5B,Hindu,Friends,Friend1,1,39,F,55,2,5,7,7,7,5,7,6,5,6,6,1,7,NA,2,1,1,1,1,1,1,1,4,1,2,2,1,1,4,1,1,3,2,1,1,1,1,1,5,4,F,Hindu,2,1,3,1,2,1,4,1,3,2,2,4,3,2,2,2,1,1,1,1,1,5,2,3,6,7,2,1,1,B5,Z06C51,6C,5B,11/28/2005,11/28/2005,1/14/2016,10.13424658
2955,B0556,5,B,5B,Hindu,Friends,Friend1,1,21,F,56,1,3,7,7,7,4,7,7,3,3,3,3,2,NA,2,1,1,3,1,1,1,2,4,1,1,1,1,1,2,1,1,1,1,1,1,1,1,1,5,1,M,Hindu,4,3,5,1,4,1,4,1,2,2,3,5,3,4,1,1,1,1,1,1,1,5,4,6,6,6,6,0,1,B5,Z06C52,6C,5B,6/6/2005,6/6/2005,1/14/2016,10.61369863
2962,B0557,5,B,5B,Hindu,Friends,Friend1,1,44,F,57,7,4,4,7,6,4,7,5,7,5,4,4,8,NA,2,1,1,1,1,1,1,1,4,1,5,3,1,1,4,4,4,1,1,1,2,1,2,1,2,2,F,other,1,1,1,1,2,1,4,1,4,3,2,4,4,3,3,3,2,2,2,2,3,3,1,1,7,7,1,1,0,B5,Z06C53,6C,5B,5/5/2005,5/5/2005,1/14/2016,10.70136986
2965,B0558,5,B,5B,Hindu,Friends,Friend1,1,20,F,58,1,1,7,7,7,5,7,7,6,7,7,1,8,NA,2,1,1,1,1,1,1,1,4,1,3,3,1,1,4,4,4,1,1,1,2,1,1,1,5,5,M,Hindu,2,1,2,1,1,1,3,2,5,2,1,4,2,2,2,1,1,1,1,1,1,5,3,7,6,7,6,0,1,B5,Z06C54,6C,5B,8/30/2005,NA,1/14/2016,10.38082192
2972,B0559,5,B,5B,Hindu,Friends,Friend1,1,39,F,59,4,1,7,6,7,6,7,7,5,5,6,7,8,NA,2,1,1,1,1,1,1,1,4,1,3,2,1,1,3,1,1,1,1,1,2,1,1,2,4,3,F,Hindu,2,1,3,1,2,1,4,1,3,2,2,4,3,2,2,2,1,1,1,1,1,5,2,3,6,7,2,1,1,B5,Z06C55,6C,5B,9/16/2005,9/16/2005,1/14/2016,10.33424658
2979,B0560,5,B,5B,Hindu,Friends,Friend1,1,39,F,60,1,6,7,7,7,4,6,6,6,5,6,4,1,NA,2,1,2,1,1,1,1,1,4,1,1,1,1,1,7,6,4,1,1,1,1,1,1,1,5,3,F,Hindu,2,1,3,1,2,1,4,1,3,2,2,4,3,2,2,2,1,1,1,1,1,5,2,3,6,7,2,1,1,B5,Z06C56,6C,5B,11/9/2005,11/9/2005,1/14/2016,10.18630137
2986,B0562,5,B,5B,Muslim,Friends,Friend1,1,2,F,62,2,4,3,7,3,7,4,2,3,1,4,4,7,JAMADAR,2,1,1,3,1,1,1,2,4,1,1,4,2,1,4,3,4,2,2,2,1,1,1,1,5,1,M,Muslim,1,1,1,1,1,1,1,2,1,2,1,5,4,4,1,1,1,1,1,1,1,1,5,7,4,5,7,0,1,B5,Z06C59,6C,5B,6/29/2006,6/29/2006,1/14/2016,9.550684932
2989,B0564,5,B,5B,other,Friends,Friend1,1,41,F,64,4,1,7,6,4,7,7,5,6,4,7,5,7,SUNNI-->MUSLIMS,2,1,1,4,2,1,1,2,4,2,1,1,NA,1,4,4,4,4,1,1,1,1,1,NA,5,5,F,Muslim,1,1,2,2,1,2,4,1,1,5,1,4,2,7,3,2,3,3,2,3,1,3,2,1,7,2,7,1,0,B5,Z06C62,6C,5B,5/26/2005,5/26/2005,1/14/2016,10.64383562
2992,B0565,5,B,5B,Hindu,Friends,Friend1,1,39,F,65,6,1,7,7,7,6,7,7,5,4,7,1,8,NA,2,1,1,1,1,1,1,1,4,1,1,3,1,1,4,1,3,5,3,2,2,1,1,2,5,5,F,Hindu,2,1,3,1,2,1,4,1,3,2,2,4,3,2,2,2,1,1,1,1,1,5,2,3,6,7,2,1,1,B5,Z06C63,6C,5B,11/25/2005,11/25/2008,1/14/2016,10.14246575
2997,C0501,5,C,5C,Muslim,Friends,Friend1,1,20,M,1,2,6,6,6,2,6,6,6,6,6,1,6,6,NA,1,3,4,4,1,3,1,2,NA,5,2,NA,2,2,2,3,3,4,1,4,1,1,1,4,1,1,M,Muslim,5,3,2,2,1,2,4,1,1,1,1,4,1,4,5,5,5,1,2,5,1,4,1,6,3,1,7,1,1,C5,NA,NA,5C,NA,NA,1/14/2016,NA
2998,C0502,5,C,5C,Hindu,Friends,Friend1,1,3,M,2,1,1,NA,4,7,7,7,7,6,6,7,1,8,NA,1,5,3,1,1,5,1,1,2,4,3,1,1,1,2,1,7,3,4,1,5,1,1,1,2,1,M,Hindu,1,1,1,1,1,1,1,1,4,2,1,4,4,4,1,1,1,1,1,1,1,5,5,7,1,7,2,1,1,C5,Z06A02,6A,5C,6/1/2006,NA,1/14/2016,9.62739726
3004,C0503,5,C,5C,Hindu,Friends,Friend1,1,2,M,3,5,7,1,7,7,2,7,7,5,5,7,5,8,NA,1,1,1,1,1,1,1,4,1,1,4,2,1,1,4,4,4,1,1,1,1,1,1,1,5,5,M,Hindu,5,3,1,1,5,1,2,4,3,1,1,2,1,7,3,4,1,5,1,1,1,2,1,1,NA,7,7,1,1,C5,Z06A03,6A,5C,5/1/2005,NA,1/14/2016,10.71232877
3011,C0504,5,C,5C,Hindu,Friends,Friend1,1,3,M,4,1,7,4,7,7,1,6,6,4,5,5,4,1,NA,1,NA,2,2,1,1,1,1,1,1,2,2,1,1,4,5,5,5,1,2,1,1,1,1,5,3,M,Hindu,1,1,1,1,1,1,1,1,4,2,1,4,4,4,1,1,1,1,1,1,1,5,5,7,1,7,2,1,1,C5,Z06A04,6A,5C,5/1/2015,2/4/2006,1/14/2016,NA
3015,C0505,5,C,5C,Hindu,Friends,Friend1,1,3,M,5,7,7,6,6,NA,NA,7,7,5,4,5,4,8,NA,1,2,2,1,1,2,1,4,4,1,3,2,1,1,4,3,3,2,1,2,1,1,1,2,5,4,M,Hindu,1,1,1,1,1,1,1,1,4,2,1,4,4,4,1,1,1,1,1,1,1,5,5,7,1,7,2,1,1,C5,NA,NA,5C,NA,NA,1/14/2016,NA
3020,C0506,5,C,5C,Hindu,Friends,Friend1,1,3,M,6,7,7,7,7,7,3,3,NA,7,4,NA,3,2,Other,1,1,1,1,1,1,1,1,5,4,4,4,1,1,4,6,2,1,1,2,NA,1,2,1,1,2,M,Hindu,1,1,1,1,1,1,1,1,4,2,1,4,4,4,1,1,1,1,1,1,1,5,5,7,1,7,2,1,1,C5,NA,NA,5C,NA,7/22/2004,1/14/2016,11.48767123
3025,C0507,5,C,5C,Muslim,Friends,Friend1,1,16,M,7,4,4,4,4,1,7,7,6,4,6,5,7,7,Suni,1,1,1,4,1,3,1,2,1,1,1,2,2,1,4,4,7,1,5,3,5,5,1,3,3,3,M,Muslim,4,1,1,1,5,1,4,1,1,1,1,3,2,3,5,NA,1,2,1,1,1,3,5,7,4,1,7,1,1,C5,Z06A06,6A,5C,7/14/2005,NA,1/14/2016,10.50958904
3027,C0508,5,C,5C,Muslim,Friends,Friend1,1,3,M,8,6,7,6,1,6,7,7,7,5,4,6,2,NA,Vora,1,1,2,NA,1,3,1,2,5,1,1,5,2,1,2,4,5,3,3,2,1,5,3,4,2,1,M,Hindu,1,1,1,1,1,1,1,1,4,2,1,4,4,4,1,1,1,1,1,1,1,5,5,7,1,7,2,1,0,C5,Z06A10,6A,5C,5/4/2005,NA,1/14/2016,10.70410959
3034,C0509,5,C,5C,Hindu,Friends,Friend1,1,4,M,9,7,7,4,1,7,2,2,7,2,5,7,4,7,Thakor,1,2,1,1,1,4,1,2,4,1,4,1,1,1,1,7,6,2,1,3,5,4,3,2,2,1,M,Hindu,NA,2,2,1,1,1,1,1,2,2,1,4,5,5,5,1,2,1,1,1,1,5,3,7,4,7,1,1,1,C5,Z06A11,6A,5C,12/30/2005,12/30/2005,1/14/2016,10.04657534
3041,C0510,5,C,5C,Muslim,Friends,Friend1,1,1,M,10,5,7,5,4,6,7,6,7,7,6,5,5,8,NA,1,1,1,1,1,2,1,1,4,1,1,1,2,1,4,4,4,1,5,5,4,1,1,5,5,2,M,Muslim,3,4,4,1,3,1,NA,5,2,NA,2,2,3,3,4,1,4,1,1,1,4,1,1,6,6,2,6,1,1,C5,Z06A13,6A,5C,5/9/2005,NA,1/14/2016,10.69041096
3048,C0511,5,C,5C,Hindu,Friends,Friend1,1,3,M,11,3,1,4,7,7,5,4,1,3,1,7,7,7,NA,1,2,3,1,2,1,1,2,4,1,5,4,1,1,3,3,3,2,3,5,1,1,1,5,1,1,M,Hindu,1,1,1,1,1,1,1,1,4,2,1,4,4,4,1,1,1,1,1,1,1,5,5,7,1,7,2,1,1,C5,Z06A16,6A,5C,12/3/2005,NA,1/14/2016,10.12054795
3055,C0512,5,C,5C,Muslim,Friends,Friend1,1,3,M,12,5,1,NA,1,4,1,1,1,7,2,NA,NA,NA,Sunai,1,3,4,1,4,2,5,2,3,1,1,1,2,1,4,4,4,2,3,4,1,5,1,4,3,2,M,Hindu,1,1,1,1,1,1,1,1,4,2,1,4,4,4,1,1,1,1,1,1,1,5,5,7,1,7,2,1,0,C5,NA,NA,5C,NA,2/13/2006,1/14/2016,9.923287671
3062,C0513,5,C,5C,Muslim,Friends,Friend1,1,12,M,13,2,7,6,4,4,7,7,7,5,4,6,3,7,SUNNI,1,1,1,1,1,1,1,3,3,1,1,1,2,1,6,1,6,1,1,1,1,1,1,1,1,1,M,Muslim,3,4,1,4,2,5,3,1,1,1,1,4,4,4,2,3,4,1,5,1,4,3,2,1,NA,4,1,1,1,C5,Z06A18,6A,5C,1/10/2006,NA,1/14/2016,10.01643836
3067,C0514,5,C,5C,Hindu,Friends,Friend1,1,3,M,14,4,6,4,5,7,1,4,6,4,5,3,5,7,NA,1,1,NA,1,2,3,1,1,4,1,2,2,1,1,4,2,2,2,4,4,3,2,2,3,3,2,M,Hindu,1,1,1,1,1,1,1,1,4,2,1,4,4,4,1,1,1,1,1,1,1,5,5,7,1,7,2,1,1,C5,Z06A19,6A,5C,8/8/2005,8/8/2005,1/14/2016,10.44109589
3073,C0515,5,C,5C,Hindu,Friends,Friend1,1,18,M,15,1,7,7,7,7,5,7,7,7,4,7,7,8,NA,1,2,1,1,1,2,1,2,3,4,1,3,1,1,2,7,1,2,2,2,2,2,2,2,2,3,M,Hindu,1,2,1,1,2,1,4,2,5,5,1,4,2,3,4,4,4,5,5,1,2,1,NA,6,6,7,2,1,1,C5,Z06A20,6A,5C,8/12/2005,NA,1/14/2016,10.43013699
3074,C0516,5,C,5C,Muslim,Friends,Friend1,1,7,M,16,4,7,4,4,1,7,2,6,4,7,6,5,7,Sunni,1,4,1,1,1,5,1,4,4,1,1,1,2,1,3,2,3,5,NA,1,2,1,1,1,3,5,M,Muslim,1,1,4,1,3,1,1,1,1,2,1,4,4,7,1,5,3,5,5,1,3,3,3,4,4,1,7,1,1,C5,NA,NA,5C,NA,NA,1/14/2016,NA
3076,C0517,5,C,5C,Hindu,Friends,Friend1,1,3,M,17,6,7,3,7,7,1,7,7,5,6,7,6,NA,Suther Misery,1,1,1,1,1,1,1,1,4,1,NA,2,1,1,4,4,4,1,1,1,1,1,1,1,5,2,M,Hindu,1,1,1,1,1,1,1,1,4,2,1,4,4,4,1,1,1,1,1,1,1,5,5,7,1,7,2,1,1,C5,Z06A22,6A,5C,1/18/2005,1/18/2004,1/14/2016,10.99452055
3083,C0518,5,C,5C,Hindu,Friends,Friend1,1,2,M,18,2,6,6,7,7,2,6,2,4,5,7,3,8,NA,1,1,2,1,1,2,1,4,4,2,5,5,1,1,4,2,3,4,4,4,5,5,1,2,1,NA,M,Hindu,5,3,1,1,5,1,2,4,3,1,1,2,1,7,3,4,1,5,1,1,1,2,1,1,NA,7,7,1,1,C5,Z06A23,6A,5C,6/13/2005,NA,1/14/2016,10.59452055
3090,C0519,5,C,5C,Hindu,Friends,Friend1,1,4,M,19,1,7,1,7,7,2,7,7,1,4,5,5,7,NA,1,4,2,1,1,3,1,1,4,1,1,1,1,1,3,4,4,5,1,1,1,2,1,1,5,1,M,Hindu,NA,2,2,1,1,1,1,1,2,2,1,4,5,5,5,1,2,1,1,1,1,5,3,7,4,7,1,1,1,C5,Z06A24,6A,5C,3/6/2006,NA,1/14/2016,9.865753425
3096,C0520,5,C,5C,Muslim,Friends,Friend1,1,13,M,20,5,6,3,4,1,7,6,5,NA,NA,NA,2,NA,Sunni,1,5,3,2,2,1,2,1,4,1,1,1,2,1,4,1,4,5,5,5,1,2,5,1,4,1,M,Muslim,1,1,1,1,1,1,3,1,1,1,1,6,1,6,1,1,1,1,1,1,1,1,1,7,6,4,7,1,1,C5,Z06A25,6A,5C,11/9/2014,NA,1/14/2016,NA
3098,C0521,5,C,5C,Hindu,Friends,Friend1,1,2,M,21,1,7,4,6,7,5,5,6,4,4,3,3,8,NA,1,1,1,2,1,2,1,2,4,1,5,1,1,4,4,3,2,3,2,1,2,2,1,2,3,5,M,Hindu,5,3,1,1,5,1,2,4,3,1,1,2,1,7,3,4,1,5,1,1,1,2,1,1,NA,7,7,1,1,C5,Z06A26,6A,5C,7/22/2006,7/22/2006,1/14/2016,9.487671233
3105,C0522,5,C,5C,Muslim,Friends,Friend1,1,3,M,22,5,7,5,7,5,7,7,7,6,5,7,5,7,Pathan,1,5,1,1,1,1,1,2,2,1,1,1,2,1,4,4,4,1,1,1,1,1,1,1,1,3,M,Hindu,1,1,1,1,1,1,1,1,4,2,1,4,4,4,1,1,1,1,1,1,1,5,5,7,1,7,2,1,0,C5,Z06A27,6A,5C,8/29/2005,NA,1/14/2016,10.38356164
3112,C0523,5,C,5C,Hindu,Friends,Friend1,1,3,M,23,7,7,6,6,7,3,7,NA,7,7,5,NA,8,NA,1,1,1,1,1,1,1,1,4,1,3,1,1,1,4,4,6,5,1,1,1,1,1,5,5,5,M,Hindu,1,1,1,1,1,1,1,1,4,2,1,4,4,4,1,1,1,1,1,1,1,5,5,7,1,7,2,1,1,C5,Z06A28,6A,5C,12/28/2005,NA,1/14/2016,10.05205479
3121,C0524,5,C,5C,Hindu,Friends,Friend1,1,4,M,24,4,6,4,4,6,4,4,6,4,4,4,4,7,NA,1,2,2,1,1,2,1,4,4,2,2,3,1,1,4,2,2,2,1,1,1,1,2,1,5,2,M,Hindu,NA,2,2,1,1,1,1,1,2,2,1,4,5,5,5,1,2,1,1,1,1,5,3,7,4,7,1,1,1,C5,Z06C25,6C,5C,5/1/2015,6/5/2005,1/14/2016,NA
3125,C0525,5,C,5C,Hindu,Friends,Friend1,1,3,M,25,3,7,2,2,7,1,NA,7,5,6,5,3,8,NA,1,1,NA,3,1,2,1,2,4,1,1,5,1,1,4,3,5,2,4,4,2,2,2,1,2,2,M,Hindu,1,1,1,1,1,1,1,1,4,2,1,4,4,4,1,1,1,1,1,1,1,5,5,7,1,7,2,1,1,C5,Z06A29,6A,5C,12/26/2005,NA,1/14/2016,10.05753425
3132,C0526,5,C,5C,Muslim,Friends,Friend1,1,12,M,26,2,7,6,2,3,6,6,6,2,2,1,7,7,NA,1,3,4,2,5,2,4,2,4,4,4,5,2,1,4,7,4,5,3,3,1,1,1,5,3,1,M,Muslim,3,4,1,4,2,5,3,1,1,1,1,4,4,4,2,3,4,1,5,1,4,3,2,1,NA,4,1,1,1,C5,NA,NA,5C,NA,NA,1/14/2016,NA
3139,C0527,5,C,5C,Muslim,Friends,Friend1,1,4,M,27,7,7,1,1,3,7,7,6,6,3,4,2,NA,Sunni,1,1,1,2,1,1,1,2,4,2,1,2,2,2,4,1,1,3,1,1,1,1,1,1,5,5,M,Hindu,NA,2,2,1,1,1,1,1,2,2,1,4,5,5,5,1,2,1,1,1,1,5,3,7,4,7,1,1,0,C5,Z06A30,6A,5C,5/19/2006,NA,1/14/2016,9.663013699
3146,C0528,5,C,5C,Muslim,Friends,Friend1,1,7,M,28,1,7,4,7,3,7,2,NA,4,3,3,5,8,NA,1,1,1,1,1,2,1,2,3,1,4,4,2,1,4,4,4,1,2,2,1,1,1,1,5,3,M,Muslim,1,1,4,1,3,1,1,1,1,2,1,4,4,7,1,5,3,5,5,1,3,3,3,4,4,1,7,1,1,C5,Z06A31,6A,5C,11/4/2005,NA,1/14/2016,10.2
3153,C0530,5,C,5C,Hindu,Friends,Friend1,1,3,M,30,6,7,1,7,7,4,7,7,7,6,4,6,NA,Other,1,1,1,2,1,1,1,1,4,1,1,1,1,1,7,7,7,5,1,1,2,1,1,1,5,4,M,Hindu,1,1,1,1,1,1,1,1,4,2,1,4,4,4,1,1,1,1,1,1,1,5,5,7,1,7,2,1,1,C5,Z06A33,6A,5C,9/17/2005,NA,1/14/2016,10.33150685
3160,C0531,5,C,5C,Muslim,Friends,Friend1,1,18,M,31,4,7,4,7,4,7,7,6,6,5,7,1,NA,Avivola,1,1,1,1,1,1,1,1,4,1,4,3,2,1,6,7,3,3,2,2,1,3,1,1,5,1,M,Hindu,1,2,1,1,2,1,4,2,5,5,1,4,2,3,4,4,4,5,5,1,2,1,NA,6,6,7,2,1,0,C5,Z06A34,6A,5C,6/1/2007,NA,1/14/2016,8.62739726
3166,C0533,5,C,5C,Hindu,Friends,Friend1,1,19,M,33,7,7,1,6,7,1,7,6,5,6,6,1,8,NA,1,1,3,2,1,2,1,2,2,2,1,3,1,1,4,3,3,1,5,5,5,5,1,1,5,3,M,Hindu,4,2,1,1,3,1,4,1,1,1,1,3,4,4,5,1,1,1,2,1,1,5,1,7,1,7,2,1,1,C5,Z06A35,6A,5C,12/5/2005,NA,1/14/2016,10.11506849
3171,C0534,5,C,5C,Muslim,Friends,Friend1,1,1,M,34,7,7,7,5,6,7,7,6,7,6,6,3,NA,VOHRA,1,1,1,3,3,1,1,1,3,1,1,3,2,1,4,3,4,1,1,1,1,1,1,1,5,2,M,Muslim,3,4,4,1,3,1,NA,5,2,NA,2,2,3,3,4,1,4,1,1,1,4,1,1,6,6,2,6,1,1,C5,Z06A37,6A,5C,6/5/2005,NA,1/14/2016,10.61643836
3178,C0535,5,C,5C,Hindu,Friends,Friend1,1,2,M,35,6,7,1,2,7,1,7,4,2,3,5,3,1,NA,1,3,2,1,1,3,1,2,4,1,3,4,1,2,4,3,2,3,1,2,3,4,5,5,1,1,M,Hindu,5,3,1,1,5,1,2,4,3,1,1,2,1,7,3,4,1,5,1,1,1,2,1,1,NA,7,7,1,1,C5,Z06A38,6A,5C,3/17/2005,NA,1/14/2016,10.83561644
3185,C0536,5,C,5C,Muslim,Friends,Friend1,1,41,F,36,1,2,7,7,4,6,7,5,6,6,3,2,NA,Dawoodivohra,2,1,1,2,1,2,1,4,3,1,2,3,2,1,5,6,6,5,2,2,1,1,1,1,3,4,F,Hindu,2,1,1,1,2,1,4,1,3,2,1,NA,2,4,2,5,1,1,1,1,1,2,5,5,7,6,3,1,0,C5,Z06A39,6A,5C,12/19/2005,NA,1/14/2016,10.07671233
3192,C0537,5,C,5C,other,Friends,Friend1,1,38,F,37,6,5,7,5,7,3,4,6,NA,5,5,6,7,Sindi,2,3,4,1,1,2,1,4,4,4,5,5,3,1,4,4,4,4,4,2,4,3,1,5,5,2,F,NA,NA,NA,NA,NA,NA,NA,NA,NA,NA,NA,NA,NA,NA,NA,NA,NA,NA,NA,NA,NA,NA,NA,NA,NA,NA,NA,NA,1,NA,C5,Z06A40,6A,5C,9/29/2005,NA,1/14/2016,10.29863014
3199,C0539,5,C,5C,Hindu,Friends,Friend1,1,37,F,39,4,4,7,4,7,1,7,7,1,4,4,7,8,NA,2,1,3,1,1,1,1,1,3,2,5,2,1,3,4,4,1,1,3,1,1,1,1,1,1,1,F,other,3,4,1,1,2,1,4,4,5,5,1,4,4,4,4,4,2,4,3,1,5,5,2,5,7,7,3,1,0,C5,Z06A42,6A,5C,8/9/2005,NA,1/14/2016,10.43835616
3204,C0540,5,C,5C,Hindu,Friends,Friend1,1,36,F,40,6,2,7,7,7,2,6,7,6,4,2,3,8,NA,2,1,1,1,1,1,1,1,3,2,4,2,1,1,4,2,3,1,5,5,1,1,1,5,5,2,F,Muslim,1,1,2,1,2,1,3,1,2,3,1,5,6,6,5,2,2,1,1,1,1,3,4,2,7,4,6,1,0,C5,Z06A45,6A,5C,2/22/2006,NA,1/14/2016,9.898630137
3210,C0541,5,C,5C,Hindu,Friends,Friend1,1,37,F,41,2,5,7,7,6,3,6,2,4,5,3,7,8,NA,2,2,1,1,1,2,1,4,4,1,3,2,1,1,NA,2,4,2,5,1,1,1,1,1,2,5,F,other,3,4,1,1,2,1,4,4,5,5,1,4,4,4,4,4,2,4,3,1,5,5,2,5,7,7,3,1,0,C5,Z06A46,6A,5C,4/26/2005,4/26/2005,1/14/2016,10.7260274
3213,C0542,5,C,5C,Hindu,Friends,Friend1,1,36,F,42,3,4,7,6,7,2,7,6,6,5,5,6,1,NA,2,4,3,4,1,3,1,4,4,2,3,4,1,1,4,4,4,3,2,3,2,1,1,1,2,2,F,Muslim,1,1,2,1,2,1,3,1,2,3,1,5,6,6,5,2,2,1,1,1,1,3,4,2,7,4,6,1,0,C5,Z06A47,6A,5C,1/5/2006,NA,1/14/2016,10.03013699
3220,C0543,5,C,5C,other,Friends,Friend1,1,36,F,43,1,7,7,7,6,7,7,7,7,5,7,7,7,Alvi Vahra,2,1,1,1,1,2,1,3,1,1,1,2,3,1,4,4,4,1,1,1,1,1,1,1,1,5,F,Muslim,1,1,2,1,2,1,3,1,2,3,1,5,6,6,5,2,2,1,1,1,1,3,4,2,7,4,6,1,0,C5,Z06A48,6A,5C,3/21/2006,3/21/2006,1/14/2016,9.824657534
3226,C0544,5,C,5C,Muslim,Friends,Friend1,1,36,F,44,7,5,7,3,4,7,7,7,5,5,5,1,7,Mansuri,2,1,1,1,1,1,1,2,3,1,1,1,2,1,7,7,7,2,2,2,2,2,2,5,2,5,F,Muslim,1,1,2,1,2,1,3,1,2,3,1,5,6,6,5,2,2,1,1,1,1,3,4,2,7,4,6,1,1,C5,Z06A49,6A,5C,5/15/2006,5/15/2006,1/14/2016,9.673972603
3233,C0545,5,C,5C,Muslim,Friends,Friend1,1,38,F,45,3,3,7,6,1,7,1,3,3,6,1,3,7,SUNNI,2,1,2,2,1,3,1,4,4,1,2,1,2,1,7,1,7,1,5,2,5,5,5,3,1,1,F,NA,NA,NA,NA,NA,NA,NA,NA,NA,NA,NA,NA,NA,NA,NA,NA,NA,NA,NA,NA,NA,NA,NA,NA,NA,NA,NA,NA,1,NA,C5,NA,NA,5C,NA,5/4/2006,1/14/2016,9.704109589
3240,C0546,5,C,5C,Muslim,Friends,Friend1,1,38,F,46,1,6,7,4,4,7,7,7,7,7,7,2,NA,Sunni,2,1,1,1,1,1,1,2,4,1,1,1,2,1,7,7,7,1,1,1,1,1,1,1,3,1,F,NA,NA,NA,NA,NA,NA,NA,NA,NA,NA,NA,NA,NA,NA,NA,NA,NA,NA,NA,NA,NA,NA,NA,NA,NA,NA,NA,NA,1,NA,C5,Z06A50,6A,5C,11/17/2005,11/17/2005,1/14/2016,10.16438356
3247,C0547,5,C,5C,Hindu,Friends,Friend1,1,44,F,47,4,3,5,4,7,4,6,7,7,5,7,7,1,NA,2,1,1,1,1,2,1,4,NA,2,4,3,1,1,4,4,4,1,5,5,1,5,3,3,2,1,F,Muslim,1,1,1,1,1,1,3,1,1,1,1,7,7,7,2,2,2,2,2,2,5,2,5,5,7,4,7,1,0,C5,NA,NA,5C,NA,NA,1/14/2016,NA
3251,C0548,5,C,5C,Hindu,Friends,Friend1,1,40,F,48,2,2,7,7,7,1,7,7,6,4,5,4,8,NA,2,1,1,1,1,2,1,1,3,2,1,2,1,1,4,2,2,1,5,5,5,1,1,5,5,2,F,Hindu,1,1,1,1,1,1,3,2,4,2,1,4,2,3,1,5,5,1,1,1,5,5,2,2,7,7,2,1,1,C5,Z06A51,6A,5C,5/1/2015,5/20/2005,1/14/2016,NA
3254,C0549,5,C,5C,Hindu,Friends,Friend1,1,48,F,49,3,4,7,7,7,3,4,7,6,5,6,5,8,NA,2,3,2,2,1,3,1,1,3,2,3,2,1,1,4,5,4,1,1,4,1,5,1,1,2,4,F,Hindu,1,1,1,1,2,1,3,2,1,2,1,4,2,2,1,5,5,5,1,1,5,5,2,2,7,7,1,1,1,C5,Z06A52,6A,5C,9/16/2005,NA,1/14/2016,10.33424658
3260,C0550,5,C,5C,Hindu,Friends,Friend1,1,39,F,50,6,2,7,1,7,2,7,7,6,2,6,4,NA,Lava Patel,2,1,1,1,1,3,1,1,4,1,1,1,1,1,4,4,4,2,1,3,1,4,1,1,5,1,F,Hindu,1,3,1,1,1,1,3,2,5,2,3,4,4,1,1,3,1,1,1,1,1,1,1,4,7,7,1,1,1,C5,Z06A53,6A,5C,4/11/2004,NA,1/14/2016,11.76712329
3263,C0551,5,C,5C,Muslim,Friends,Friend1,1,38,F,51,2,6,7,3,4,7,7,7,6,5,6,2,7,SUNNI,2,1,1,2,1,1,1,3,2,1,1,2,2,2,7,2,6,1,1,1,1,1,1,1,1,1,F,NA,NA,NA,NA,NA,NA,NA,NA,NA,NA,NA,NA,NA,NA,NA,NA,NA,NA,NA,NA,NA,NA,NA,NA,NA,NA,NA,NA,1,NA,C5,Z06A54,6A,5C,11/29/2005,11/29/2005,1/14/2016,10.13150685
3267,C0552,5,C,5C,Muslim,Friends,Friend1,1,44,F,52,7,4,4,4,4,7,NA,7,7,7,7,7,8,NA,2,1,2,1,1,1,1,2,5,1,1,1,2,1,4,3,3,1,1,1,1,1,1,2,1,2,F,Muslim,1,1,1,1,1,1,3,1,1,1,1,7,7,7,2,2,2,2,2,2,5,2,5,5,7,4,7,1,1,C5,Z06A55,6A,5C,2/28/2005,2/28/2005,1/14/2016,10.88219178
3271,C0553,5,C,5C,Muslim,Friends,Friend1,1,40,F,53,4,5,5,7,4,7,3,7,3,5,7,1,7,Saiyed,2,1,1,1,NA,1,1,2,2,1,1,1,2,1,4,4,4,1,1,1,1,1,1,1,5,3,F,Hindu,1,1,1,1,1,1,3,2,4,2,1,4,2,3,1,5,5,1,1,1,5,5,2,2,7,7,2,1,0,C5,Z06A56,6A,5C,11/18/2005,NA,1/14/2016,10.16164384
3275,C0554,5,C,5C,Hindu,Friends,Friend1,1,39,F,54,1,5,6,7,6,3,6,6,7,7,3,4,2,NA,2,1,2,1,1,1,1,2,2,1,2,4,1,1,7,4,4,1,1,1,1,1,1,1,1,1,F,Hindu,1,3,1,1,1,1,3,2,5,2,3,4,4,1,1,3,1,1,1,1,1,1,1,4,7,7,1,1,1,C5,Z06A57,6A,5C,2/27/2005,2/27/2006,1/14/2016,10.88493151
3282,C0555,5,C,5C,Hindu,Friends,Friend1,1,49,F,55,4,6,7,4,7,3,7,7,5,6,6,4,8,NA,2,1,1,1,1,1,1,2,3,1,4,1,1,1,4,3,3,3,3,2,1,1,1,1,5,2,F,Hindu,3,2,2,1,3,1,3,2,3,2,1,4,5,4,1,1,4,1,5,1,1,2,4,4,7,7,3,1,1,C5,Z06C60,6C,5C,3/11/2006,2/11/2006,1/14/2016,9.852054795
3287,C0556,5,C,5C,Muslim,Friends,Friend1,1,46,F,56,4,1,6,6,2,7,7,7,NA,5,6,5,NA,Qureshi,2,1,2,1,1,1,1,2,3,2,1,1,2,1,6,4,5,NA,1,1,1,1,1,1,5,3,F,Muslim,1,1,1,1,1,1,4,1,1,1,1,7,7,7,1,1,1,1,1,1,1,3,1,6,7,4,7,1,1,C5,Z06A59,6A,5C,5/18/2006,5/18/2006,1/14/2016,9.665753425
3288,C0557,5,C,5C,Muslim,Friends,Friend1,1,37,F,57,3,1,7,7,5,7,7,6,7,5,7,6,NA,4,2,1,1,1,1,1,1,2,4,4,4,4,2,1,4,2,3,5,1,2,4,1,1,1,5,2,F,other,3,4,1,1,2,1,4,4,5,5,1,4,4,4,4,4,2,4,3,1,5,5,2,5,7,7,3,1,0,C5,Z06A60,6A,5C,5/11/2005,5/11/2005,1/14/2016,10.68493151
3295,C0558,5,C,5C,Hindu,Friends,Friend1,1,17,F,58,2,2,7,NA,6,NA,4,7,2,NA,5,NA,NA,Hurygen,2,1,3,2,1,2,1,1,4,3,5,2,1,3,4,4,3,NA,2,5,4,2,2,2,2,1,M,Hindu,1,1,1,1,1,1,4,1,NA,2,1,4,4,4,1,1,1,1,1,1,1,5,2,7,3,7,1,0,1,C5,Z06A61,6A,5C,1/9/2006,NA,1/14/2016,10.01917808
3300,C0559,5,C,5C,Hindu,Friends,Friend1,1,48,F,59,3,4,6,7,6,4,6,5,5,5,5,5,NA,Hindu,2,2,3,2,1,2,1,1,2,1,2,2,1,1,4,3,3,3,1,1,1,1,1,2,4,5,F,Hindu,1,1,1,1,2,1,3,2,1,2,1,4,2,2,1,5,5,5,1,1,5,5,2,2,7,7,1,1,1,C5,Z06C61,6C,5C,6/1/2015,7/28/2005,1/14/2016,NA
3306,C0560,5,C,5C,Hindu,Friends,Friend1,1,37,F,60,5,1,7,1,7,2,NA,7,1,1,5,1,7,NA,2,1,2,1,1,3,1,1,2,1,5,3,1,1,4,4,5,5,1,2,1,5,1,1,5,1,F,other,3,4,1,1,2,1,4,4,5,5,1,4,4,4,4,4,2,4,3,1,5,5,2,5,7,7,3,1,0,C5,Z06A62,6A,5C,12/10/2004,12/10/2004,1/14/2016,11.10136986
3310,C0562,5,C,5C,Muslim,Friends,Friend1,1,46,F,62,6,1,7,7,6,7,7,7,4,6,7,5,8,NA,2,3,1,1,1,2,1,3,2,2,4,3,2,1,4,4,5,1,1,1,1,1,1,1,3,2,F,Muslim,1,1,1,1,1,1,4,1,1,1,1,7,7,7,1,1,1,1,1,1,1,3,1,6,7,4,7,1,1,C5,NA,NA,5C,NA,NA,1/14/2016,NA
3316,A0601,6,A,6A,Muslim,Friends,Friend1,1,1,M,1,4,7,6,4,4,7,7,6,6,4,7,3,8,NA,1,2,2,1,1,1,2,1,3,2,1,1,2,1,4,4,4,2,1,1,3,1,1,1,4,3,M,Muslim,2,2,1,1,1,2,3,2,1,1,1,4,4,4,2,1,1,3,1,1,1,4,3,7,6,4,7,1,1,A6,Z07B01,7B,6A,9/22/2004,9/22/2004,1/14/2016,11.31780822
3323,A0602,6,A,6A,Muslim,Friends,Friend1,1,4,M,2,4,7,4,7,6,7,7,6,6,6,4,6,8,NA,1,1,3,1,1,1,3,2,1,1,1,1,2,1,4,4,4,2,1,2,2,2,1,1,5,4,M,Hindu,3,3,4,1,2,3,2,1,3,2,1,4,3,3,1,3,1,2,2,3,1,5,4,5,4,6,3,1,0,A6,Z07B02,7B,6A,9/11/2004,NA,1/14/2016,11.34794521
3330,A0603,6,A,6A,Muslim,Friends,Friend1,1,5,M,3,4,7,4,7,7,3,7,6,4,6,6,5,2,NA,1,2,1,3,1,2,1,4,3,1,2,4,1,2,4,3,3,2,1,2,1,1,1,1,5,3,M,Hindu,4,2,5,1,3,1,4,1,5,1,1,6,2,2,1,1,1,1,1,1,1,5,5,6,6,7,4,1,0,A6,Z07B03,7B,6A,3/26/2005,3/26/2005,1/14/2016,10.8109589
3337,A0604,6,A,6A,Hindu,Friends,Friend1,1,2,M,4,2,5,4,6,6,3,6,7,4,5,5,4,8,NA,1,3,3,4,1,2,3,1,2,1,3,2,1,1,4,3,3,1,3,1,2,2,3,1,5,4,M,Muslim,1,3,1,1,1,3,1,1,1,1,1,4,4,4,2,1,2,2,2,1,1,5,4,7,4,6,7,1,0,A6,Z07B04,7B,6A,2/7/2005,2/7/2005,1/14/2016,10.93972603
3342,A0605,6,A,6A,Hindu,Friends,Friend1,1,1,M,5,3,6,6,7,7,4,4,6,4,6,6,5,NA,Brahmin,1,4,2,5,1,3,1,1,4,1,5,1,1,1,6,2,2,1,1,1,1,1,1,1,5,5,M,Muslim,2,2,1,1,1,2,3,2,1,1,1,4,4,4,2,1,1,3,1,1,1,4,3,7,6,4,7,1,0,A6,Z07B05,7B,6A,12/18/2004,12/18/2004,1/14/2016,11.07945205
3349,A0606,6,A,6A,Hindu,Friends,Friend1,1,1,M,6,4,7,6,6,7,4,NA,5,4,4,3,5,2,NA,1,2,1,1,2,1,1,1,3,1,2,2,1,1,4,1,1,1,3,2,3,2,3,1,2,1,M,Muslim,2,2,1,1,1,2,3,2,1,1,1,4,4,4,2,1,1,3,1,1,1,4,3,7,6,4,7,1,0,A6,Z07A07,7A,6A,5/1/2008,2/21/2004,1/14/2016,7.709589041
3356,A0607,6,A,6A,Hindu,Friends,Friend1,1,5,M,7,5,7,4,6,7,6,6,7,6,6,6,6,2,NA,1,2,1,2,2,1,1,1,4,1,3,2,1,1,4,4,4,1,1,1,1,2,1,1,2,3,M,Hindu,4,2,5,1,3,1,4,1,5,1,1,6,2,2,1,1,1,1,1,1,1,5,5,6,6,7,4,1,1,A6,Z07B07,7B,6A,1/2/2005,1/2/2005,1/14/2016,11.03835616
3362,A0609,6,A,6A,Hindu,Friends,Friend1,1,1,M,9,1,7,1,6,6,6,6,7,6,7,6,1,8,NA,1,1,1,1,1,2,1,4,4,4,4,4,1,1,7,7,7,1,1,1,2,1,1,1,5,2,M,Muslim,2,2,1,1,1,2,3,2,1,1,1,4,4,4,2,1,1,3,1,1,1,4,3,7,6,4,7,1,0,A6,Z07A11,7A,6A,4/5/2005,4/5/2005,1/14/2016,10.78356164
3369,A0610,6,A,6A,Hindu,Friends,Friend1,1,1,M,10,1,7,1,7,6,2,7,6,6,5,3,4,7,NA,1,3,3,2,1,2,1,1,4,1,3,2,1,2,4,3,3,2,1,1,1,1,1,1,5,5,M,Muslim,2,2,1,1,1,2,3,2,1,1,1,4,4,4,2,1,1,3,1,1,1,4,3,7,6,4,7,1,0,A6,Z07B09,7B,6A,1/14/2005,1/14/2005,1/14/2016,11.00547945
3376,A0611,6,A,6A,Hindu,Friends,Friend1,1,3,M,11,1,6,1,7,7,1,6,7,4,5,5,6,8,NA,1,2,2,1,1,1,1,1,4,2,5,4,1,3,7,2,1,4,1,2,3,1,1,1,5,3,M,Muslim,2,1,3,1,2,1,3,1,2,4,2,4,3,3,2,1,2,1,1,1,1,5,3,7,4,7,3,1,0,A6,Z07B10,7B,6A,8/19/2005,8/19/2005,1/14/2016,10.4109589
3383,A0612,6,A,6A,Hindu,Friends,Friend1,1,9,M,12,1,7,4,7,7,1,7,7,4,4,4,4,8,NA,1,1,1,1,1,1,1,1,3,1,1,1,1,1,2,2,2,3,5,3,1,1,1,1,5,5,M,Hindu,1,1,1,1,2,1,4,4,4,4,1,7,7,7,1,1,1,2,1,1,1,5,2,7,1,6,6,1,1,A6,Z07B11,7B,6A,3/6/2004,3/6/2004,1/14/2016,11.86575342
3390,A0613,6,A,6A,Hindu,Friends,Friend1,1,9,M,13,6,6,1,6,6,6,6,6,6,6,6,6,8,NA,1,2,2,2,3,2,1,4,4,2,2,2,1,2,4,7,7,2,3,3,2,3,1,1,1,3,M,Hindu,1,1,1,1,2,1,4,4,4,4,1,7,7,7,1,1,1,2,1,1,1,5,2,7,1,6,6,1,1,A6,Z07B12,7B,6A,4/15/2005,4/15/2005,1/14/2016,10.75616438
3397,A0614,6,A,6A,Muslim,Friends,Friend1,1,1,M,14,1,7,1,5,2,7,7,7,2,4,4,4,8,NA,1,1,2,1,1,1,1,1,4,1,1,1,2,1,4,1,7,1,1,1,2,3,1,1,5,3,M,Muslim,2,2,1,1,1,2,3,2,1,1,1,4,4,4,2,1,1,3,1,1,1,4,3,7,6,4,7,1,1,A6,Z07B13,7B,6A,9/30/2004,9/30/2004,1/14/2016,11.29589041
3404,A0615,6,A,6A,Hindu,Friends,Friend1,1,7,M,15,1,7,1,7,7,5,7,7,7,7,4,7,2,NA,1,1,1,1,1,1,1,4,1,2,2,3,1,1,4,4,4,4,1,1,3,2,1,1,5,3,M,Hindu,2,1,2,2,1,1,4,1,3,2,1,4,4,4,1,1,1,1,2,1,1,2,3,7,4,7,6,1,1,A6,Z07B14,7B,6A,3/13/2005,3/13/2005,1/14/2016,10.84657534
3410,A0616,6,A,6A,Hindu,Friends,Friend1,1,4,M,16,4,7,4,7,7,3,7,7,5,5,3,4,8,NA,1,2,1,1,2,1,1,1,3,1,4,3,1,1,4,2,4,4,1,1,1,1,1,1,1,3,M,Hindu,3,3,4,1,2,3,2,1,3,2,1,4,3,3,1,3,1,2,2,3,1,5,4,5,4,6,3,1,1,A6,Z07B15,7B,6A,9/7/2004,9/7/2004,1/14/2016,11.35890411
3424,A0617,6,A,6A,Hindu,Friends,Friend1,1,3,M,17,6,7,6,7,7,7,7,7,7,7,5,6,8,NA,1,2,1,1,1,1,1,1,1,1,4,2,1,1,4,4,4,1,1,1,1,1,1,1,5,3,M,Muslim,2,1,3,1,2,1,3,1,2,4,2,4,3,3,2,1,2,1,1,1,1,5,3,7,4,7,3,1,0,A6,Z07B16,7B,6A,8/29/2004,8/29/2004,1/14/2016,11.38356164
3431,A0618,6,A,6A,Muslim,Friends,Friend1,1,2,M,18,4,6,4,6,5,7,7,6,6,6,5,4,8,NA,1,1,1,1,1,1,1,2,3,1,2,1,2,1,3,2,2,3,1,1,2,1,2,1,2,2,M,Muslim,1,3,1,1,1,3,1,1,1,1,1,4,4,4,2,1,2,2,2,1,1,5,4,7,4,6,7,1,1,A6,Z07B18,7B,6A,1/28/2004,1/28/2004,1/14/2016,11.96986301
3435,A0619,6,A,6A,Muslim,Friends,Friend1,1,10,M,19,1,7,7,7,7,3,NA,7,7,6,7,7,2,Mharatha,1,1,1,2,1,1,1,4,5,1,1,1,1,1,7,4,4,2,2,3,1,1,3,1,1,5,M,Hindu,3,3,2,1,2,1,4,1,3,2,2,4,3,3,2,1,1,1,1,1,1,5,5,7,1,6,2,1,0,A6,Z07B19,7B,6A,9/8/2004,9/8/2004,1/14/2016,11.35616438
3442,A0620,6,A,6A,Jain,Friends,Friend1,1,3,M,20,3,7,3,7,7,4,7,7,4,7,4,4,8,NA,1,1,1,1,1,1,1,2,1,1,2,1,3,1,4,2,1,2,1,1,1,1,2,1,5,2,M,Muslim,2,1,3,1,2,1,3,1,2,4,2,4,3,3,2,1,2,1,1,1,1,5,3,7,4,7,3,1,0,A6,Z07B20,7B,6A,8/16/2004,NA,1/14/2016,11.41917808
3449,A0621,6,A,6A,Jain,Friends,Friend1,1,3,M,21,1,7,4,7,7,1,7,6,3,5,4,7,8,NA,1,2,2,2,1,1,1,1,3,NA,2,4,3,2,4,5,6,2,2,3,1,3,2,1,2,3,M,Muslim,2,1,3,1,2,1,3,1,2,4,2,4,3,3,2,1,2,1,1,1,1,5,3,7,4,7,3,1,0,A6,Z07B21,7B,6A,11/18/2004,11/18/2004,1/14/2016,11.16164384
3453,A0622,6,A,6A,Muslim,Friends,Friend1,1,2,M,22,5,6,5,5,5,7,6,6,6,6,6,5,8,NA,1,2,3,4,2,1,2,2,1,1,1,1,2,1,5,7,7,1,1,1,2,1,1,1,3,5,M,Muslim,1,3,1,1,1,3,1,1,1,1,1,4,4,4,2,1,2,2,2,1,1,5,4,7,4,6,7,1,1,A6,Z07A39,7A,6A,9/17/2004,NA,1/14/2016,11.33150685
3460,A0623,6,A,6A,Jain,Friends,Friend1,1,1,M,23,3,7,7,4,6,4,6,5,4,5,3,2,3,NA,1,2,1,3,1,2,1,1,2,1,4,2,3,2,4,5,3,1,2,3,2,1,1,1,5,5,M,Muslim,2,2,1,1,1,2,3,2,1,1,1,4,4,4,2,1,1,3,1,1,1,4,3,7,6,4,7,1,0,A6,Z07B22,7B,6A,4/9/2004,4/9/2004,1/14/2016,11.77260274
3467,A0624,6,A,6A,Muslim,Friends,Friend1,1,1,M,24,4,6,5,3,2,7,5,4,4,4,6,3,8,NA,1,3,2,3,1,2,1,2,4,1,1,1,2,1,5,7,7,2,1,1,3,1,1,1,1,3,M,Muslim,2,2,1,1,1,2,3,2,1,1,1,4,4,4,2,1,1,3,1,1,1,4,3,7,6,4,7,1,1,A6,Z07B23,7B,6A,4/1/2005,4/1/2005,1/14/2016,10.79452055
3474,A0625,6,A,6A,Hindu,Friends,Friend1,1,4,M,25,3,6,6,7,7,5,6,7,5,6,7,2,8,NA,1,2,2,2,1,1,2,2,2,1,1,2,1,1,4,5,3,1,1,1,2,2,1,1,4,2,M,Hindu,3,3,4,1,2,3,2,1,3,2,1,4,3,3,1,3,1,2,2,3,1,5,4,5,4,6,3,1,1,A6,Z07C34,7C,6A,5/1/2008,3/12/2004,1/14/2016,7.709589041
3480,A0626,6,A,6A,Hindu,Friends,Friend1,1,3,M,26,1,7,1,7,6,2,7,7,2,4,5,2,1,NA,1,1,1,2,1,4,1,1,5,1,5,1,1,1,4,4,4,1,1,1,1,1,1,1,3,3,M,Muslim,2,1,3,1,2,1,3,1,2,4,2,4,3,3,2,1,2,1,1,1,1,5,3,7,4,7,3,1,0,A6,Z07A43,7A,6A,2/21/2005,5/21/2005,1/14/2016,10.90136986
3488,A0627,6,A,6A,Hindu,Friends,Friend1,1,40,F,27,4,3,6,7,6,4,6,6,6,4,7,3,8,NA,2,3,4,2,1,3,1,1,2,2,5,3,1,2,4,2,1,1,1,1,1,1,1,1,5,5,F,Muslim,1,1,2,1,1,1,3,1,1,1,1,4,2,4,3,2,1,1,1,1,1,5,5,1,6,1,7,1,0,A6,Z07B25,7B,6A,12/29/2004,12/29/2004,1/14/2016,11.04931507
3493,A0628,6,A,6A,Muslim,Friends,Friend1,1,34,F,28,4,2,7,6,4,7,7,7,4,5,4,4,6,NA,2,1,1,1,1,1,2,2,3,1,1,3,2,1,4,1,3,4,1,1,2,1,2,1,2,2,F,NA,NA,NA,NA,NA,NA,NA,NA,NA,NA,NA,NA,NA,NA,NA,NA,NA,NA,NA,NA,NA,NA,NA,NA,NA,NA,NA,NA,1,NA,A6,Z07B27,7B,6A,11/1/2004,11/1/2004,1/14/2016,11.20821918
3499,A0629,6,A,6A,Hindu,Friends,Friend1,1,30,F,29,2,4,7,7,7,1,NA,6,7,4,4,2,8,NA,2,1,1,2,1,1,2,1,1,3,5,4,1,1,4,1,1,4,3,2,3,1,1,3,5,2,F,Hindu,2,1,3,2,2,1,4,1,2,3,2,4,3,3,3,1,1,2,1,2,1,1,4,4,4,7,1,1,1,A6,Z07C40,7C,6A,5/1/2015,5/9/2005,1/14/2016,NA
3506,A0630,6,A,6A,Hindu,Friends,Friend1,1,29,F,30,4,4,4,5,7,1,6,6,4,4,4,4,2,NA,2,2,1,3,2,2,1,4,4,1,2,3,1,2,4,3,3,3,1,1,2,1,2,1,1,4,F,Hindu,1,1,2,1,1,2,1,3,5,4,1,4,1,1,4,3,2,3,1,1,3,5,2,4,7,7,1,1,1,A6,Z07B28,7B,6A,7/23/2005,NA,1/14/2016,10.48493151
3513,A0631,6,A,6A,Hindu,Friends,Friend1,1,30,F,31,2,1,7,7,7,4,7,6,4,4,4,2,2,NA,2,2,1,3,1,2,1,1,4,1,4,2,1,2,4,3,NA,3,1,1,1,1,2,1,5,3,F,Hindu,2,1,3,2,2,1,4,1,2,3,2,4,3,3,3,1,1,2,1,2,1,1,4,4,4,7,1,1,1,A6,Z07B29,7B,6A,1/8/2005,1/8/2005,1/14/2016,11.02191781
3518,A0633,6,A,6A,Hindu,Friends,Friend1,1,45,F,33,4,4,7,6,7,5,6,6,6,6,5,5,8,NA,2,2,1,2,1,2,1,1,1,1,4,2,1,2,6,4,2,3,2,2,3,1,1,1,5,3,F,Hindu,1,2,1,1,1,1,3,4,2,3,1,4,3,3,2,2,1,2,1,2,1,2,2,4,7,7,5,1,1,A6,Z07B31,7B,6A,8/12/2004,8/12/2004,1/14/2016,11.43013699
3524,A0635,6,A,6A,Muslim,Friends,Friend1,1,28,F,35,4,1,7,7,4,7,7,7,4,5,7,7,8,NA,2,1,1,1,1,1,1,1,NA,1,NA,1,2,1,4,1,1,1,1,1,3,2,2,1,5,4,F,Muslim,1,1,1,1,1,2,3,1,1,3,1,4,1,3,4,1,1,2,1,2,1,2,2,2,7,4,7,1,1,A6,Z07B33,7B,6A,12/6/2004,12/6/2004,1/14/2016,11.11232877
3530,A0636,6,A,6A,Muslim,Friends,Friend1,1,29,F,36,2,2,6,4,2,6,7,5,1,6,4,2,7,NA,2,1,1,3,2,1,2,4,5,1,1,1,2,2,5,1,1,1,1,2,3,1,3,2,1,5,F,Hindu,1,1,2,1,1,2,1,3,5,4,1,4,1,1,4,3,2,3,1,1,3,5,2,4,7,7,1,1,0,A6,Z07B34,7B,6A,4/20/2005,NA,1/14/2016,10.74246575
3537,A0637,6,A,6A,Muslim,Friends,Friend1,1,28,F,37,3,4,7,7,6,6,7,7,5,6,6,6,8,NA,2,1,2,2,1,1,2,1,4,1,1,1,2,1,4,3,5,1,1,1,2,1,1,1,1,5,F,Muslim,1,1,1,1,1,2,3,1,1,3,1,4,1,3,4,1,1,2,1,2,1,2,2,2,7,4,7,1,1,A6,Z07B36,7B,6A,8/21/2004,8/21/2004,1/14/2016,11.40547945
3542,A0638,6,A,6A,Muslim,Friends,Friend1,1,32,F,38,1,1,4,4,1,7,7,7,1,1,4,4,NA,NA,2,2,1,3,1,2,1,2,3,1,2,1,2,1,4,3,4,5,1,2,2,1,2,1,3,5,F,NA,NA,NA,NA,NA,NA,NA,NA,NA,NA,NA,NA,NA,NA,NA,NA,NA,NA,NA,NA,NA,NA,NA,NA,NA,NA,NA,NA,1,NA,A6,Z07B37,7B,6A,1/1/2005,1/1/2005,1/14/2016,11.04109589
3549,A0639,6,A,6A,Hindu,Friends,Friend1,1,30,F,39,3,3,7,7,6,2,6,6,5,7,6,6,3,NA,2,1,1,3,1,2,1,3,3,1,1,2,1,1,4,5,6,2,1,1,1,1,1,1,5,3,F,Hindu,2,1,3,2,2,1,4,1,2,3,2,4,3,3,3,1,1,2,1,2,1,1,4,4,4,7,1,1,1,A6,Z07B38,7B,6A,11/29/2004,11/29/2004,1/14/2016,11.13150685
3556,A0640,6,A,6A,Muslim,Friends,Friend1,1,27,F,40,4,1,6,4,1,7,7,4,1,4,6,4,NA,Islam,2,1,1,2,1,1,1,2,3,1,1,1,2,1,4,2,4,3,2,1,1,1,1,1,5,5,F,Hindu,3,4,2,1,3,1,2,2,5,3,2,4,2,1,1,1,1,1,1,1,1,5,5,3,6,6,4,1,0,A6,Z07B39,7B,6A,1/18/2005,1/18/2005,1/14/2016,10.99452055
3563,A0642,6,A,6A,Muslim,Friends,Friend1,1,28,F,42,1,1,7,7,3,7,7,7,6,7,7,1,6,Muslim,2,1,1,3,3,1,1,4,4,1,1,2,2,1,4,4,4,1,1,1,1,1,1,1,5,1,F,Muslim,1,1,1,1,1,2,3,1,1,3,1,4,1,3,4,1,1,2,1,2,1,2,2,2,7,4,7,1,1,A6,Z07B41,7B,6A,7/20/2004,7/20/2004,1/14/2016,11.49315068
3570,A0643,6,A,6A,Hindu,Friends,Friend1,1,30,F,43,5,4,7,6,7,6,7,6,6,6,6,4,3,NA,2,3,1,NA,1,2,1,4,3,1,4,2,NA,1,4,4,1,NA,1,1,2,1,2,1,2,4,F,Hindu,2,1,3,2,2,1,4,1,2,3,2,4,3,3,3,1,1,2,1,2,1,1,4,4,4,7,1,1,1,A6,Z07B42,7B,6A,3/3/2005,3/3/2005,1/14/2016,10.8739726
3577,A0644,6,A,6A,Hindu,Friends,Friend1,1,27,F,44,4,1,7,7,7,7,7,7,3,6,6,5,1,NA,2,1,1,4,1,1,1,2,3,1,4,2,1,1,4,4,3,5,1,1,1,1,1,1,1,5,F,Hindu,3,4,2,1,3,1,2,2,5,3,2,4,2,1,1,1,1,1,1,1,1,5,5,3,6,6,4,1,1,A6,Z07B43,7B,6A,1/11/2005,NA,1/14/2016,11.01369863
3584,A0645,6,A,6A,Hindu,Friends,Friend1,1,33,F,45,3,4,7,7,7,5,7,6,3,3,5,5,3,NA,2,1,2,1,1,1,1,1,3,4,2,3,1,1,4,3,3,2,2,1,2,1,2,1,2,2,F,Hindu,2,1,2,1,2,1,1,1,4,2,2,6,4,2,3,2,2,3,1,1,1,5,3,4,7,7,5,1,1,A6,Z07B44,7B,6A,3/9/2004,3/9/2004,1/14/2016,11.85753425
3591,A0646,6,A,6A,Hindu,Friends,Friend1,1,27,F,46,2,3,7,5,6,2,4,4,3,4,4,NA,8,NA,2,1,3,1,1,2,2,1,3,1,4,2,1,1,4,2,2,3,2,2,2,1,1,2,5,2,F,Hindu,3,4,2,1,3,1,2,2,5,3,2,4,2,1,1,1,1,1,1,1,1,5,5,3,6,6,4,1,1,A6,Z07B45,7B,6A,7/11/2004,7/11/2004,1/14/2016,11.51780822
3594,A0647,6,A,6A,Hindu,Friends,Friend1,1,7,F,47,4,7,7,7,7,1,7,7,7,4,4,4,1,NA,2,1,1,1,1,1,1,1,3,1,4,3,1,1,4,4,3,1,1,2,1,1,1,1,5,1,M,Hindu,2,1,2,2,1,1,4,1,3,2,1,4,4,4,1,1,1,1,2,1,1,2,3,7,4,7,6,0,1,A6,Z07B46,7B,6A,8/18/2004,8/18/2004,1/14/2016,11.41369863
3600,A0648,6,A,6A,Hindu,Friends,Friend1,1,13,F,48,6,5,6,6,5,4,5,5,4,6,4,3,1,NA,2,5,5,3,4,4,2,1,3,2,5,3,1,3,7,3,3,2,2,2,3,2,3,1,5,2,M,Hindu,2,2,2,3,2,1,4,2,2,2,2,4,7,7,2,3,3,2,3,1,1,1,3,6,1,6,6,0,1,A6,Z07B47,7B,6A,9/12/2004,NA,1/14/2016,11.34520548
3604,A0649,6,A,6A,Hindu,Friends,Friend1,1,27,F,49,5,6,7,6,7,6,NA,6,6,5,7,4,3,NA,2,1,3,2,1,1,1,1,3,1,4,2,1,2,4,3,3,3,1,1,2,1,1,1,4,4,F,Hindu,3,4,2,1,3,1,2,2,5,3,2,4,2,1,1,1,1,1,1,1,1,5,5,3,6,6,4,1,1,A6,Z07B48,7B,6A,9/4/2004,9/4/2004,1/14/2016,11.36712329
3611,A0650,6,A,6A,Hindu,Friends,Friend1,1,31,F,50,4,2,7,7,7,5,7,6,6,5,5,4,8,NA,2,5,4,3,3,1,2,1,2,1,2,2,1,2,6,5,5,2,1,1,1,1,4,1,4,4,F,Hindu,2,1,3,1,2,1,4,1,4,2,2,4,3,NA,3,1,1,1,1,2,1,5,3,1,7,7,4,1,1,A6,Z07B49,7B,6A,5/18/2004,5/18/2004,1/14/2016,11.66575342
3618,A0651,6,A,6A,Muslim,Friends,Friend1,1,30,F,51,2,4,7,4,4,5,7,6,4,5,2,1,8,Muslim,2,1,3,1,1,1,1,2,4,1,2,1,2,2,4,3,3,3,1,3,1,5,1,4,1,5,F,Hindu,2,1,3,2,2,1,4,1,2,3,2,4,3,3,3,1,1,2,1,2,1,1,4,4,4,7,1,1,0,A6,Z07B50,7B,6A,12/22/2004,12/22/2004,1/14/2016,11.06849315
3626,A0652,6,A,6A,Muslim,Friends,Friend1,1,28,F,52,4,1,7,6,3,7,7,6,5,4,6,4,7,Muslim,2,1,1,2,2,1,2,2,4,1,2,5,2,1,4,3,4,3,1,1,3,1,1,1,5,3,F,Muslim,1,1,1,1,1,2,3,1,1,3,1,4,1,3,4,1,1,2,1,2,1,2,2,2,7,4,7,1,1,A6,Z07C53,7C,6A,1/11/2005,1/11/2005,1/14/2016,11.01369863
3633,A0653,6,A,6A,Muslim,Friends,Friend1,1,31,F,53,4,3,6,4,5,7,7,4,6,4,4,4,8,Muslim,2,1,2,1,1,2,2,2,3,1,1,1,2,2,4,3,3,3,1,2,1,3,1,1,1,5,F,Hindu,2,1,3,1,2,1,4,1,4,2,2,4,3,NA,3,1,1,1,1,2,1,5,3,1,7,7,4,1,0,A6,Z07B52,7B,6A,7/13/2004,7/13/2004,1/14/2016,11.51232877
3640,A0655,6,A,6A,Jain,Friends,Friend1,1,33,F,55,6,4,7,7,7,2,6,7,6,4,4,4,8,NA,2,4,2,2,2,3,1,1,3,1,5,2,3,2,4,3,3,3,2,3,2,1,1,5,5,2,F,Hindu,2,1,2,1,2,1,1,1,4,2,2,6,4,2,3,2,2,3,1,1,1,5,3,4,7,7,5,1,0,A6,Z07B54,7B,6A,12/24/2004,12/24/2004,1/14/2016,11.0630137
3647,A0656,6,A,6A,Hindu,Friends,Friend1,1,30,F,56,4,5,7,6,7,4,6,7,4,6,4,6,3,NA,2,2,1,1,1,2,2,2,2,4,3,1,1,1,6,2,4,2,3,3,2,2,1,1,3,3,F,Hindu,2,1,3,2,2,1,4,1,2,3,2,4,3,3,3,1,1,2,1,2,1,1,4,4,4,7,1,1,1,A6,Z07B55,7B,6A,11/15/2004,11/15/2004,1/14/2016,11.16986301
3652,A0657,6,A,6A,Jain,Friends,Friend1,1,33,F,57,2,5,7,6,7,5,7,7,3,5,6,6,8,NA,2,1,1,1,1,2,1,1,4,4,5,2,3,1,4,2,1,2,1,2,1,3,2,1,5,5,F,Hindu,2,1,2,1,2,1,1,1,4,2,2,6,4,2,3,2,2,3,1,1,1,5,3,4,7,7,5,1,0,A6,Z07B56,7B,6A,2/4/2005,2/4/2005,1/14/2016,10.94794521
3657,A0658,6,A,6A,Muslim,Friends,Friend1,1,28,F,58,4,4,6,4,6,7,6,4,5,5,7,4,8,NA,2,1,1,1,1,1,1,1,3,1,1,3,2,2,4,4,4,3,1,1,2,1,2,1,5,2,F,Muslim,1,1,1,1,1,2,3,1,1,3,1,4,1,3,4,1,1,2,1,2,1,2,2,2,7,4,7,1,1,A6,Z07B57,7B,6A,10/2/2003,NA,1/14/2016,12.29315068
3664,A0659,6,A,6A,Hindu,Friends,Friend1,1,48,F,59,4,4,4,7,6,4,6,7,4,4,4,4,2,NA,2,3,3,2,1,3,2,1,3,1,5,3,1,3,4,2,2,2,1,1,3,1,1,2,4,3,F,Hindu,5,5,3,4,4,2,3,2,5,3,3,7,3,3,2,2,2,3,2,3,1,5,2,5,6,5,4,1,1,A6,Z07B59,7B,6A,8/17/2005,8/17/2005,1/14/2016,10.41643836
3668,A0661,6,A,6A,Hindu,Friends,Friend1,1,3,F,61,1,3,7,7,7,4,7,4,4,4,4,4,8,NA,2,1,2,2,1,2,1,4,3,1,5,5,1,3,4,4,2,1,1,2,1,1,1,1,3,2,M,Muslim,2,1,3,1,2,1,3,1,2,4,2,4,3,3,2,1,2,1,1,1,1,5,3,7,4,7,3,0,0,A6,Z07B62,7B,6A,2/1/2005,2/1/2005,1/14/2016,10.95616438
3676,A0662,6,A,6A,Hindu,Friends,Friend1,1,45,F,62,2,2,6,5,7,5,7,7,4,5,4,2,1,NA,2,1,1,1,1,2,1,2,2,1,3,3,1,1,4,3,3,3,1,1,3,1,1,1,2,3,F,Hindu,1,2,1,1,1,1,3,4,2,3,1,4,3,3,2,2,1,2,1,2,1,2,2,4,7,7,5,1,1,A6,Z07B63,7B,6A,4/9/2005,NA,1/14/2016,10.77260274
3679,A0664,6,A,6A,Hindu,Friends,Friend1,1,29,F,64,4,3,7,6,5,4,6,4,5,6,5,3,2,NA,2,2,3,4,1,1,2,4,3,1,3,2,1,2,5,4,4,2,2,2,2,3,1,1,2,3,F,Hindu,1,1,2,1,1,2,1,3,5,4,1,4,1,1,4,3,2,3,1,1,3,5,2,4,7,7,1,1,1,A6,Z07B65,7B,6A,5/3/2005,5/3/2005,1/14/2016,10.70684932
3686,B0601,6,B,6B,Muslim,Friends,Friend1,1,8,M,1,4,7,4,4,5,7,7,4,4,4,4,4,7,NA,1,1,1,1,1,1,1,1,5,1,1,1,2,1,3,3,3,3,3,1,1,2,3,3,4,4,M,Muslim,2,2,1,1,1,1,2,1,2,1,3,4,4,3,2,2,1,1,1,1,1,3,3,7,5,3,7,1,1,B6,Z07C01,7C,6B,3/5/2005,NA,1/14/2016,10.86849315
3689,B0602,6,B,6B,Hindu,Friends,Friend1,1,3,M,2,1,7,4,7,3,1,3,6,3,3,3,1,2,NA,1,3,1,2,1,2,1,4,4,4,5,2,NA,1,7,7,1,2,1,1,2,1,1,1,2,5,M,Hindu,1,3,2,3,1,2,3,4,2,2,1,3,3,2,1,2,3,2,1,1,1,3,2,5,2,7,1,1,1,B6,Z07C02,7C,6B,11/9/2004,9/11/2004,1/14/2016,11.18630137
3696,B0603,6,B,6B,Hindu,Friends,Friend1,1,2,M,3,7,5,2,NA,7,1,6,4,2,3,5,6,2,NA,1,1,3,2,3,1,2,1,3,4,2,2,1,1,3,3,2,1,2,3,2,1,1,1,3,2,M,Hindu,3,1,2,1,2,1,4,4,5,2,1,7,7,1,2,1,1,2,1,1,1,2,5,7,4,3,1,1,1,B6,Z07C03,7C,6B,8/31/2004,8/31/2003,1/14/2016,11.37808219
3703,B0604,6,B,6B,Hindu,Friends,Friend1,1,3,M,4,5,7,7,7,7,6,7,7,6,7,7,1,2,NA,1,1,1,1,1,1,1,4,3,1,2,2,1,1,4,7,2,5,5,5,5,5,4,5,1,5,M,Hindu,1,3,2,3,1,2,3,4,2,2,1,3,3,2,1,2,3,2,1,1,1,3,2,5,2,7,1,1,1,B6,Z07C04,7C,6B,12/30/2004,12/30/2004,1/14/2016,11.04657534
3709,B0605,6,B,6B,Muslim,Friends,Friend1,1,8,M,5,NA,NA,2,2,3,7,7,NA,NA,NA,NA,NA,6,NA,1,1,4,1,1,1,3,2,4,2,1,3,2,1,4,3,4,2,1,1,2,1,5,2,5,1,M,Muslim,2,2,1,1,1,1,2,1,2,1,3,4,4,3,2,2,1,1,1,1,1,3,3,7,5,3,7,1,1,B6,Z07C05,7C,6B,12/16/2004,12/16/2004,1/14/2016,11.08493151
3716,B0606,6,B,6B,Hindu,Friends,Friend1,1,1,M,6,1,4,4,5,7,4,2,6,4,4,1,5,1,NA,1,2,3,1,1,1,1,4,3,1,2,2,1,1,4,5,7,2,2,2,1,3,1,1,3,2,M,Muslim,1,1,1,1,1,1,5,1,1,1,1,3,3,3,3,3,1,1,2,3,3,4,4,7,4,5,7,1,0,B6,NA,NA,6B,NA,11/12/2004,1/14/2016,11.17808219
3723,B0607,6,B,6B,Muslim,Friends,Friend1,1,1,M,7,2,7,7,6,3,NA,6,7,6,5,2,7,7,NA,1,1,1,2,1,1,1,2,4,1,1,1,2,1,4,4,4,1,1,1,3,4,5,1,5,3,M,Muslim,1,1,1,1,1,1,5,1,1,1,1,3,3,3,3,3,1,1,2,3,3,4,4,7,4,5,7,1,1,B6,Z07C06,7C,6B,12/8/2004,NA,1/14/2016,11.10684932
3730,B0608,6,B,6B,Muslim,Friends,Friend1,1,1,M,8,4,7,5,7,3,7,7,7,5,7,4,6,6,NA,1,2,2,1,1,1,1,1,2,1,2,1,2,3,4,4,3,2,2,1,1,1,1,1,3,3,M,Muslim,1,1,1,1,1,1,5,1,1,1,1,3,3,3,3,3,1,1,2,3,3,4,4,7,4,5,7,1,1,B6,Z07B06,7B,6B,12/24/2004,NA,1/14/2016,11.0630137
3737,B0609,6,B,6B,Hindu,Friends,Friend1,1,4,M,9,1,7,7,7,5,6,1,6,3,2,3,7,2,NA,1,2,1,1,1,1,1,4,3,1,4,2,1,3,4,4,4,1,1,2,5,1,3,1,5,1,M,Hindu,1,1,1,1,1,1,3,1,2,2,1,4,7,2,5,5,5,5,5,4,5,1,5,7,7,7,6,1,1,B6,Z07C07,7C,6B,9/27/2003,8/27/2003,1/14/2016,12.30684932
3744,B0610,6,B,6B,Hindu,Friends,Friend1,1,3,M,10,2,7,1,7,6,1,6,6,5,6,5,6,2,NA,1,2,2,1,1,1,1,4,3,1,2,2,1,1,7,7,3,5,2,2,1,1,1,1,2,2,M,Hindu,1,3,2,3,1,2,3,4,2,2,1,3,3,2,1,2,3,2,1,1,1,3,2,5,2,7,1,1,1,B6,Z07C08,7C,6B,9/4/2004,9/4/2004,1/14/2016,11.36712329
3751,B0611,6,B,6B,Hindu,Friends,Friend1,1,2,M,11,2,7,3,6,7,1,NA,7,4,5,NA,3,6,NA,1,1,2,1,1,1,1,4,2,1,1,2,1,1,7,4,5,2,3,2,2,1,1,1,2,4,M,Hindu,3,1,2,1,2,1,4,4,5,2,1,7,7,1,2,1,1,2,1,1,1,2,5,7,4,3,1,1,1,B6,Z07C09,7C,6B,12/29/2004,NA,1/14/2016,11.04931507
3758,B0612,6,B,6B,Muslim,Friends,Friend1,1,1,M,12,6,7,1,1,1,7,4,5,2,1,6,4,6,NA,1,3,1,2,2,1,2,2,NA,2,1,1,2,1,4,1,7,5,1,3,2,1,2,1,3,4,M,Muslim,1,1,1,1,1,1,5,1,1,1,1,3,3,3,3,3,1,1,2,3,3,4,4,7,4,5,7,1,1,B6,NA,NA,6B,NA,12/28/2003,1/14/2016,12.05479452
3765,B0614,6,B,6B,Hindu,Friends,Friend1,1,2,M,14,6,7,4,7,7,2,6,7,5,6,6,5,2,NA,1,2,1,2,1,1,2,1,2,1,2,2,1,1,7,5,4,2,1,1,2,2,1,1,2,2,M,Hindu,3,1,2,1,2,1,4,4,5,2,1,7,7,1,2,1,1,2,1,1,1,2,5,7,4,3,1,1,1,B6,Z07C12,7C,6B,3/16/2005,3/16/2005,1/14/2016,10.83835616
3772,B0615,6,B,6B,Muslim,Friends,Friend1,1,5,M,15,1,7,7,7,1,7,3,6,4,7,7,4,2,NA,1,NA,1,2,2,1,1,2,1,4,5,1,2,1,7,5,7,1,5,2,1,3,1,1,2,3,M,Muslim,1,4,1,1,1,3,4,2,1,3,1,4,3,4,2,1,1,2,1,5,2,5,1,NA,2,3,7,1,1,B6,Z07C13,7C,6B,7/22/2004,NA,1/14/2016,11.48767123
3779,B0616,6,B,6B,Hindu,Friends,Friend1,1,2,M,16,1,7,6,7,7,6,6,6,2,3,7,4,2,NA,1,3,1,3,2,2,1,1,3,1,2,5,1,1,3,4,4,4,1,1,1,1,5,1,5,5,M,Hindu,3,1,2,1,2,1,4,4,5,2,1,7,7,1,2,1,1,2,1,1,1,2,5,7,4,3,1,1,1,B6,Z07C14,7C,6B,1/1/2005,1/1/2005,1/14/2016,11.04109589
3786,B0617,6,B,6B,Muslim,Friends,Friend1,1,4,M,17,1,7,1,7,1,7,3,6,1,3,1,2,2,NA,1,NA,NA,NA,1,1,1,2,1,1,1,1,2,1,4,1,3,1,5,3,1,5,1,1,3,5,M,Hindu,1,1,1,1,1,1,3,1,2,2,1,4,7,2,5,5,5,5,5,4,5,1,5,7,7,7,6,1,0,B6,NA,NA,6B,NA,2/24/2004,1/14/2016,11.89589041
3793,B0618,6,B,6B,Muslim,Friends,Friend1,1,12,M,18,NA,NA,NA,NA,NA,NA,NA,NA,NA,NA,4,NA,8,NA,1,1,NA,1,1,1,1,2,1,1,1,2,2,1,4,4,4,5,1,5,1,5,5,2,2,1,M,Muslim,3,1,2,2,1,2,NA,2,1,1,1,4,1,7,5,1,3,2,1,2,1,3,4,7,1,1,7,1,1,B6,NA,NA,6B,NA,9/21/2003,1/14/2016,12.32328767
3800,B0620,6,B,6B,Muslim,Friends,Friend1,1,12,M,20,NA,7,NA,7,1,7,6,6,5,6,7,3,8,8,1,1,1,1,1,1,1,4,2,1,2,1,2,1,4,4,4,2,3,4,1,2,1,3,5,2,M,Muslim,3,1,2,2,1,2,NA,2,1,1,1,4,1,7,5,1,3,2,1,2,1,3,4,7,1,1,7,1,1,B6,Z07C16,7C,6B,9/7/2004,NA,1/14/2016,11.35890411
3807,B0621,6,B,6B,Muslim,Friends,Friend1,1,7,M,21,5,6,6,7,5,7,7,5,5,6,7,5,8,NA,1,2,2,1,1,1,1,2,2,1,1,1,2,1,4,4,4,NA,1,2,NA,1,1,1,3,3,M,Muslim,1,1,2,1,1,1,4,1,1,1,1,4,4,4,1,1,1,3,4,5,1,5,3,7,7,3,NA,1,1,B6,Z07C17,7C,6B,6/6/2004,6/6/2004,1/14/2016,11.61369863
3814,B0622,6,B,6B,Hindu,Friends,Friend1,1,2,M,22,3,7,1,5,7,1,6,7,2,1,4,7,1,NA,1,5,1,1,3,2,1,1,1,4,2,3,1,1,4,4,2,1,4,3,2,1,3,1,1,1,M,Hindu,3,1,2,1,2,1,4,4,5,2,1,7,7,1,2,1,1,2,1,1,1,2,5,7,4,3,1,1,1,B6,Z07C18,7C,6B,1/20/2004,1/20/2004,1/14/2016,11.99178082
3821,B0623,6,B,6B,Hindu,Friends,Friend1,1,2,M,23,1,7,1,7,7,1,7,7,4,2,7,7,8,NA,1,2,1,1,1,1,1,NA,1,1,2,1,1,1,4,4,3,3,1,1,1,1,3,2,1,1,M,Hindu,3,1,2,1,2,1,4,4,5,2,1,7,7,1,2,1,1,2,1,1,1,2,5,7,4,3,1,1,1,B6,Z07C19,7C,6B,9/5/2004,NA,1/14/2016,11.36438356
3828,B0624,6,B,6B,Muslim,Friends,Friend1,1,5,M,24,2,7,7,5,1,7,6,4,1,4,NA,NA,6,NA,1,1,1,1,1,1,1,2,4,1,1,1,2,1,4,4,4,3,1,1,1,1,5,1,1,2,M,Muslim,1,4,1,1,1,3,4,2,1,3,1,4,3,4,2,1,1,2,1,5,2,5,1,NA,2,3,7,1,1,B6,Z07C20,7C,6B,8/30/2004,NA,1/14/2016,11.38082192
3837,B0625,6,B,6B,Hindu,Friends,Friend1,1,2,M,25,1,7,5,5,7,3,7,7,4,6,5,4,3,NA,1,1,1,1,2,1,2,1,3,1,1,2,1,1,6,7,7,2,1,2,1,1,2,1,5,3,M,Hindu,3,1,2,1,2,1,4,4,5,2,1,7,7,1,2,1,1,2,1,1,1,2,5,7,4,3,1,1,1,B6,Z07C21,7C,6B,2/8/2005,2/8/2004,1/14/2016,10.9369863
3844,B0628,6,B,6B,other,Friends,Friend1,1,2,M,28,7,7,7,7,7,7,7,7,7,7,7,7,1,NA,1,1,1,1,1,1,1,3,1,1,1,1,1,1,7,7,7,5,5,5,5,5,3,5,3,5,M,Hindu,3,1,2,1,2,1,4,4,5,2,1,7,7,1,2,1,1,2,1,1,1,2,5,7,4,3,1,1,0,B6,Z07C24,7C,6B,8/12/2004,8/12/2004,1/14/2016,11.43013699
3851,B0629,6,B,6B,Hindu,Friends,Friend1,1,4,M,29,3,7,5,7,7,4,2,3,1,5,1,NA,2,NA,1,2,3,1,1,2,1,2,1,1,4,3,1,1,4,5,3,2,1,2,1,1,1,2,5,1,M,Hindu,1,1,1,1,1,1,3,1,2,2,1,4,7,2,5,5,5,5,5,4,5,1,5,7,7,7,6,1,1,B6,Z07C25,7C,6B,6/24/2003,NA,1/14/2016,12.56712329
3858,B0630,6,B,6B,Muslim,Friends,Friend1,1,8,M,30,3,7,5,7,4,3,7,5,6,5,4,5,8,DOWERE NOHARA,1,1,3,3,1,3,2,4,5,1,4,1,3,3,4,5,5,2,1,1,3,1,2,2,3,3,M,Muslim,2,2,1,1,1,1,2,1,2,1,3,4,4,3,2,2,1,1,1,1,1,3,3,7,5,3,7,1,1,B6,Z07C26,7C,6B,1/28/2004,1/16/2006,1/14/2016,11.96986301
3865,B0631,6,B,6B,Muslim,Friends,Friend1,1,12,M,31,2,6,5,7,4,3,5,5,1,3,1,5,7,NA,1,3,1,2,3,2,1,2,2,5,1,NA,2,2,3,1,2,3,2,2,1,1,2,2,1,3,M,Muslim,3,1,2,2,1,2,NA,2,1,1,1,4,1,7,5,1,3,2,1,2,1,3,4,7,1,1,7,1,1,B6,NA,NA,6B,NA,4/3/2004,1/14/2016,11.7890411
3873,B0632,6,B,6B,Muslim,Friends,Friend1,1,5,M,32,NA,1,NA,NA,NA,NA,NA,NA,NA,1,NA,NA,7,NA,1,2,2,3,1,3,1,2,3,1,4,2,2,1,4,1,3,1,1,2,2,1,1,1,1,4,M,Muslim,1,4,1,1,1,3,4,2,1,3,1,4,3,4,2,1,1,2,1,5,2,5,1,NA,2,3,7,1,1,B6,Z07C27,7C,6B,12/17/2004,NA,1/14/2016,11.08219178
3880,B0634,6,B,6B,Muslim,Friends,Friend1,1,1,M,34,7,6,5,2,NA,4,5,NA,1,3,7,NA,6,NA,1,4,NA,1,1,NA,1,2,4,1,1,3,2,2,4,2,7,3,1,2,1,1,1,1,1,NA,M,Muslim,1,1,1,1,1,1,5,1,1,1,1,3,3,3,3,3,1,1,2,3,3,4,4,7,4,5,7,1,1,B6,Z07C29,7C,6B,3/25/2005,NA,1/14/2016,10.81369863
3887,B0635,6,B,6B,Muslim,Friends,Friend1,1,1,M,35,5,7,7,3,1,7,5,6,7,6,5,1,7,NA,1,1,1,1,1,1,2,2,4,1,1,1,2,1,7,5,5,1,1,1,3,1,1,1,1,1,M,Muslim,1,1,1,1,1,1,5,1,1,1,1,3,3,3,3,3,1,1,2,3,3,4,4,7,4,5,7,1,1,B6,Z07C30,7C,6B,8/23/2004,8/23/2004,1/14/2016,11.4
3894,B0636,6,B,6B,Hindu,Friends,Friend1,1,4,M,36,2,7,6,7,6,6,7,7,6,6,7,6,1,NA,1,1,1,1,1,1,1,4,1,1,1,5,1,1,4,1,1,1,1,1,3,1,1,1,4,1,M,Hindu,1,1,1,1,1,1,3,1,2,2,1,4,7,2,5,5,5,5,5,4,5,1,5,7,7,7,6,1,1,B6,Z07C31,7C,6B,5/7/2005,NA,1/14/2016,10.69589041
3901,B0637,6,B,6B,Hindu,Friends,Friend1,1,10,M,37,3,5,4,4,6,3,5,4,4,4,3,4,6,NA,1,1,3,4,1,2,1,1,3,1,3,3,1,1,4,5,3,2,1,1,3,1,2,1,5,5,M,Hindu,2,2,1,1,1,1,3,1,2,2,1,7,7,3,5,2,2,1,1,1,1,2,2,7,1,6,1,1,1,B6,Z07C32,7C,6B,5/29/2004,NA,1/14/2016,11.63561644
3909,B0639,6,B,6B,Hindu,Friends,Friend1,1,2,M,39,5,6,5,7,NA,6,6,6,6,6,5,NA,6,NA,1,1,2,2,1,2,1,1,NA,2,4,2,1,2,4,4,4,2,2,2,1,3,2,3,4,3,M,Hindu,3,1,2,1,2,1,4,4,5,2,1,7,7,1,2,1,1,2,1,1,1,2,5,7,4,3,1,1,1,B6,Z07C35,7C,6B,1/28/2005,1/28/2005,1/14/2016,10.96712329
3916,B0640,6,B,6B,Hindu,Friends,Friend1,1,2,M,40,1,7,2,7,7,1,NA,7,3,4,6,3,1,NA,1,2,3,1,1,2,1,1,2,1,3,1,1,1,4,3,4,2,2,1,1,1,1,1,NA,2,M,Hindu,3,1,2,1,2,1,4,4,5,2,1,7,7,1,2,1,1,2,1,1,1,2,5,7,4,3,1,1,1,B6,Z07C36,7C,6B,11/29/2004,11/29/2004,1/14/2016,11.13150685
3923,B0641,6,B,6B,Muslim,Friends,Friend1,1,5,M,41,2,7,7,6,1,7,2,7,2,1,2,5,7,NA,1,2,1,1,1,2,1,2,4,1,1,1,2,1,4,4,4,1,1,2,1,5,1,1,5,5,M,Muslim,1,4,1,1,1,3,4,2,1,3,1,4,3,4,2,1,1,2,1,5,2,5,1,NA,2,3,7,1,1,B6,Z07C37,7C,6B,9/29/2004,NA,1/14/2016,11.29863014
3931,B0644,6,B,6B,Muslim,Friends,Friend1,1,43,F,44,5,1,7,7,5,6,7,6,6,6,5,4,NA,BOHRA,2,1,1,2,2,1,1,1,3,1,1,3,3,1,4,2,3,2,1,1,4,1,5,1,5,1,F,NA,NA,NA,NA,NA,NA,NA,NA,NA,NA,NA,NA,NA,NA,NA,NA,NA,NA,NA,NA,NA,NA,NA,NA,NA,NA,NA,NA,1,NA,B6,Z07B26,7B,6B,10/20/2004,10/20/2004,1/14/2016,11.24109589
3935,B0645,6,B,6B,Hindu,Friends,Friend1,1,44,F,45,1,4,7,7,7,1,7,7,7,4,5,5,4,NA,2,2,2,1,1,1,1,1,4,1,3,2,1,1,7,7,6,2,1,1,1,1,1,1,5,5,F,Muslim,1,1,2,2,1,1,3,1,1,3,1,4,2,3,2,1,1,4,1,5,1,5,1,1,7,5,6,1,0,B6,Z07C41,7C,6B,12/9/2004,NA,1/14/2016,11.10410959
3942,B0646,6,B,6B,Hindu,Friends,Friend1,1,25,F,46,1,7,7,7,7,1,7,7,5,6,3,5,2,NA,2,1,1,1,1,1,1,4,3,1,2,2,1,1,7,6,3,5,5,5,2,5,5,5,3,5,M,Hindu,1,1,1,2,1,2,3,1,1,2,1,6,7,7,2,1,2,1,1,2,1,5,3,7,5,7,3,0,1,B6,Z07C42,7C,6B,12/23/2004,12/23/2004,1/14/2016,11.06575342
3949,B0647,6,B,6B,Hindu,Friends,Friend1,1,44,F,47,1,1,7,5,6,5,6,6,5,5,3,4,8,NA,2,1,1,1,1,1,1,1,3,1,4,NA,1,2,4,2,4,2,1,1,1,3,1,1,3,3,F,Muslim,1,1,2,2,1,1,3,1,1,3,1,4,2,3,2,1,1,4,1,5,1,5,1,1,7,5,6,1,0,B6,Z07C43,7C,6B,1/14/2004,1/14/2004,1/14/2016,12.00821918
3954,B0648,6,B,6B,Hindu,Friends,Friend1,1,45,F,48,5,6,7,7,7,6,7,7,7,7,5,6,8,NA,2,1,1,2,1,1,1,NA,3,2,2,2,1,1,4,6,7,2,1,1,2,1,5,2,5,2,F,Hindu,2,2,1,1,1,1,4,1,3,2,1,7,7,6,2,1,1,1,1,1,1,5,5,4,7,7,1,1,1,B6,Z07C44,7C,6B,3/10/2005,3/10/2005,1/14/2016,10.85479452
3960,B0649,6,B,6B,Muslim,Friends,Friend1,1,43,F,49,2,4,7,7,5,7,7,6,6,7,6,1,6,NA,2,NA,2,1,1,3,1,3,4,2,1,1,2,1,7,4,4,3,2,1,1,1,4,1,5,5,F,NA,NA,NA,NA,NA,NA,NA,NA,NA,NA,NA,NA,NA,NA,NA,NA,NA,NA,NA,NA,NA,NA,NA,NA,NA,NA,NA,NA,1,NA,B6,Z07B35,7B,6B,4/17/2004,4/17/2004,1/14/2016,11.75068493
3967,B0650,6,B,6B,Muslim,Friends,Friend1,1,44,F,50,4,5,7,7,6,7,7,7,6,6,6,5,8,NA,2,2,2,1,1,1,1,1,2,1,1,1,2,1,7,1,3,1,1,1,1,1,1,1,5,2,F,Muslim,1,1,2,2,1,1,3,1,1,3,1,4,2,3,2,1,1,4,1,5,1,5,1,1,7,5,6,1,1,B6,Z07C45,7C,6B,6/7/2004,NA,1/14/2016,11.6109589
3974,B0651,6,B,6B,Muslim,Friends,Friend1,1,43,F,51,7,4,7,5,2,2,7,7,4,NA,7,7,8,NA,2,3,4,1,1,1,2,2,4,1,5,1,2,4,4,4,7,3,1,4,1,5,5,1,1,5,F,NA,NA,NA,NA,NA,NA,NA,NA,NA,NA,NA,NA,NA,NA,NA,NA,NA,NA,NA,NA,NA,NA,NA,NA,NA,NA,NA,NA,1,NA,B6,Z07C46,7C,6B,12/20/2004,12/20/2004,1/14/2016,11.0739726
3981,B0652,6,B,6B,Hindu,Friends,Friend1,1,45,F,52,4,6,4,7,7,4,7,7,5,6,5,6,6,NA,2,2,1,4,1,2,1,1,3,1,2,1,1,1,4,4,4,4,1,1,1,1,5,1,5,5,F,Hindu,2,2,1,1,1,1,4,1,3,2,1,7,7,6,2,1,1,1,1,1,1,5,5,4,7,7,1,1,1,B6,Z07C47,7C,6B,9/21/2004,9/21/2004,1/14/2016,11.32054795
3988,B0654,6,B,6B,Hindu,Friends,Friend1,1,45,F,54,5,6,7,6,7,1,6,5,4,5,6,2,8,NA,2,1,1,1,1,1,1,1,2,2,5,4,1,3,4,5,5,1,1,4,2,1,1,1,3,4,F,Hindu,2,2,1,1,1,1,4,1,3,2,1,7,7,6,2,1,1,1,1,1,1,5,5,4,7,7,1,1,1,B6,Z07C49,7C,6B,10/1/2004,10/1/2004,1/14/2016,11.29315068
3995,B0655,6,B,6B,Hindu,Friends,Friend1,1,45,F,55,2,2,6,6,6,2,6,2,2,2,2,6,8,NA,2,3,1,1,1,2,1,1,4,1,5,2,1,1,7,4,1,1,3,2,2,1,1,1,2,2,F,Hindu,2,2,1,1,1,1,4,1,3,2,1,7,7,6,2,1,1,1,1,1,1,5,5,4,7,7,1,1,1,B6,Z07C50,7C,6B,10/20/2004,10/20/2004,1/14/2016,11.24109589
4002,B0656,6,B,6B,Hindu,Friends,Friend1,1,46,F,56,2,2,6,6,4,1,7,2,3,6,5,3,7,NA,2,4,2,2,2,1,1,1,4,1,1,1,1,1,4,3,3,3,4,3,2,2,2,1,4,3,F,Hindu,1,1,1,1,1,1,3,1,2,2,1,7,6,3,5,5,5,2,5,5,5,3,5,7,7,7,1,1,1,B6,NA,NA,6B,NA,3/18/2005,1/14/2016,10.83287671
4009,B0657,6,B,6B,Hindu,Friends,Friend1,1,46,F,57,4,2,7,5,7,4,7,6,6,7,4,7,7,NA,2,1,1,1,2,1,1,1,3,1,2,1,1,1,4,4,1,5,1,3,5,5,1,3,1,1,F,Hindu,1,1,1,1,1,1,3,1,2,2,1,7,6,3,5,5,5,2,5,5,5,3,5,7,7,7,1,1,1,B6,Z07C51,7C,6B,12/19/2004,12/19/2004,1/14/2016,11.07671233
4016,B0658,6,B,6B,Muslim,Friends,Friend1,1,44,F,58,4,4,7,4,4,7,7,4,4,7,4,4,8,NA,2,1,1,2,1,1,1,2,3,3,1,2,2,1,4,1,7,2,1,2,5,1,3,4,1,1,F,Muslim,1,1,2,2,1,1,3,1,1,3,1,4,2,3,2,1,1,4,1,5,1,5,1,1,7,5,6,1,1,B6,Z07C52,7C,6B,6/3/2004,6/3/2004,1/14/2016,11.62191781
4019,B0659,6,B,6B,Hindu,Friends,Friend1,1,50,F,59,2,6,7,6,7,1,7,6,3,5,5,7,1,NA,2,1,1,1,2,1,2,1,4,1,1,1,1,1,4,4,7,3,1,2,2,3,2,2,5,5,F,Muslim,2,2,1,1,1,1,2,1,1,1,1,7,1,3,1,1,1,1,1,1,1,5,2,5,7,6,7,1,0,B6,Z07C54,7C,6B,5/9/2004,5/9/2004,1/14/2016,11.69041096
4026,B0660,6,B,6B,Hindu,Friends,Friend1,1,45,F,60,1,1,7,5,7,1,7,5,2,4,6,6,8,NA,2,1,1,1,1,1,1,1,1,2,2,1,1,1,7,6,5,3,1,2,1,3,NA,1,NA,3,F,Hindu,2,2,1,1,1,1,4,1,3,2,1,7,7,6,2,1,1,1,1,1,1,5,5,4,7,7,1,1,1,B6,NA,NA,6B,NA,12/18/2004,1/14/2016,11.07945205
4033,B0661,6,B,6B,Muslim,Friends,Friend1,1,44,F,61,1,2,7,7,3,7,7,6,5,5,2,6,7,NA,2,1,1,1,1,1,1,2,4,1,1,1,2,1,4,2,7,2,1,1,1,1,NA,1,1,NA,F,Muslim,1,1,2,2,1,1,3,1,1,3,1,4,2,3,2,1,1,4,1,5,1,5,1,1,7,5,6,1,1,B6,Z07C55,7C,6B,2/22/2005,NA,1/14/2016,10.89863014
4040,B0663,6,B,6B,Muslim,Friends,Friend1,1,43,F,63,4,5,7,6,4,7,6,6,4,6,4,4,NA,SUNEE,2,2,1,1,2,1,2,2,2,4,5,3,2,NA,4,1,7,1,2,1,3,1,1,1,5,4,F,NA,NA,NA,NA,NA,NA,NA,NA,NA,NA,NA,NA,NA,NA,NA,NA,NA,NA,NA,NA,NA,NA,NA,NA,NA,NA,NA,NA,1,NA,B6,Z07C57,7C,6B,10/4/2004,10/4/2004,1/14/2016,11.28493151
4047,B0664,6,B,6B,Muslim,Friends,Friend1,1,44,F,64,2,1,7,7,3,7,6,6,1,7,7,7,8,NA,2,1,1,1,1,1,1,2,1,1,1,1,2,1,7,7,2,3,2,2,2,2,1,2,3,2,F,Muslim,1,1,2,2,1,1,3,1,1,3,1,4,2,3,2,1,1,4,1,5,1,5,1,1,7,5,6,1,1,B6,Z07C58,7C,6B,11/20/2004,NA,1/14/2016,11.15616438
4053,B0665,6,B,6B,Hindu,Friends,Friend1,1,46,F,65,1,1,7,7,7,1,7,7,6,6,2,4,1,NA,2,1,1,3,1,2,1,4,3,1,2,3,1,3,3,2,1,2,1,1,1,3,5,1,5,1,F,Hindu,1,1,1,1,1,1,3,1,2,2,1,7,6,3,5,5,5,2,5,5,5,3,5,7,7,7,1,1,1,B6,Z07B60,7B,6B,5/1/2008,8/30/2004,1/14/2016,7.709589041
4060,C0601,6,C,6C,Muslim,Friends,Friend1,1,8,M,1,4,7,NA,3,4,NA,NA,3,4,4,3,NA,8,NA,1,1,1,1,1,1,1,2,5,1,1,2,2,1,4,1,3,3,4,1,1,3,4,1,4,2,M,Hindu,1,1,1,1,1,1,3,1,1,3,1,3,3,4,2,3,2,4,2,2,2,2,3,7,5,7,3,1,0,C6,Z07A01,7A,6C,5/14/2005,NA,1/14/2016,10.67671233
4067,C0602,6,C,6C,Hindu,Friends,Friend1,1,5,M,2,5,7,3,7,7,4,6,7,6,6,7,4,2,NA,1,1,1,2,1,2,1,1,4,1,2,1,1,1,6,4,4,2,1,1,1,1,2,1,5,2,M,Hindu,2,1,2,1,2,1,4,1,1,2,1,4,1,1,4,2,1,1,1,3,1,2,4,6,4,6,4,1,1,C6,Z07A02,7A,6C,9/5/2004,NA,1/14/2016,11.36438356
4073,C0603,6,C,6C,Muslim,Friends,Friend1,1,2,M,3,2,7,6,7,5,7,7,6,2,7,1,3,8,NA,1,3,2,2,1,3,1,1,4,2,1,3,2,1,3,2,2,1,1,2,2,4,1,1,3,3,M,Hindu,1,1,2,1,2,1,4,1,2,1,1,6,4,4,2,1,1,1,1,2,1,5,2,7,3,7,4,1,0,C6,NA,NA,6C,NA,NA,1/14/2016,NA
4080,C0604,6,C,6C,Hindu,Friends,Friend1,1,5,M,4,1,7,1,7,7,1,1,7,1,1,1,7,1,NA,1,1,1,1,1,1,1,1,5,4,5,1,1,1,2,7,7,1,1,1,1,1,1,1,1,5,M,Hindu,2,1,2,1,2,1,4,1,1,2,1,4,1,1,4,2,1,1,1,3,1,2,4,6,4,6,4,1,1,C6,Z07A05,7A,6C,1/1/2005,NA,1/14/2016,11.04109589
4087,C0605,6,C,6C,Hindu,Friends,Friend1,1,17,M,5,4,6,4,7,6,4,6,7,6,6,4,5,1,NA,1,2,1,2,1,2,1,2,4,1,1,2,1,1,4,1,1,4,2,1,1,1,3,1,2,4,M,Hindu,2,2,1,1,2,1,2,1,5,4,1,4,3,2,1,2,3,2,2,1,2,2,2,7,6,7,6,1,1,C6,Z07A06,7A,6C,10/15/2003,NA,1/14/2016,12.25753425
4093,C0606,6,C,6C,Hindu,Friends,Friend1,1,3,M,6,4,7,6,5,7,5,7,6,2,7,1,3,8,NA,1,3,2,2,1,3,1,1,4,2,5,3,1,1,3,2,2,1,1,2,2,4,1,1,3,3,M,Muslim,3,2,2,1,3,1,4,2,1,3,1,3,2,2,1,1,2,2,4,1,1,3,3,7,6,5,7,1,0,C6,Z07A08,7A,6C,9/28/2004,NA,1/14/2016,11.30136986
4097,C0607,6,C,6C,Hindu,Friends,Friend1,1,4,M,7,2,7,4,6,7,2,7,7,5,6,6,6,8,NA,1,1,2,1,1,2,1,1,NA,1,NA,1,1,1,4,3,3,4,2,1,3,5,5,3,5,3,M,Hindu,1,1,1,1,1,1,5,4,5,1,1,2,7,7,1,1,1,1,1,1,1,1,5,7,1,7,1,1,1,C6,Z07A09,7A,6C,5/7/2004,NA,1/14/2016,11.69589041
4102,C0608,6,C,6C,Hindu,Friends,Friend1,1,27,M,8,5,7,5,7,7,3,7,7,6,6,5,5,8,Jadhar,1,1,1,1,1,1,1,2,3,1,1,3,1,1,3,3,4,2,3,2,4,2,2,2,2,3,M,Hindu,4,3,5,2,2,1,4,1,2,3,1,7,7,7,1,2,4,3,5,1,3,2,5,7,1,7,1,1,1,C6,Z07A10,7A,6C,4/6/2005,NA,1/14/2016,10.78082192
4104,C0610,6,C,6C,Muslim,Friends,Friend1,1,1,M,10,1,7,7,7,1,7,7,NA,1,7,7,3,8,NA,1,1,1,1,1,1,2,4,4,1,1,1,2,1,4,1,7,5,5,5,1,1,1,1,5,2,M,Muslim,1,1,1,1,1,1,5,1,1,2,1,4,1,3,3,4,1,1,3,4,1,4,2,7,NA,4,NA,1,1,C6,Z07A13,7A,6C,2/9/2005,NA,1/14/2016,10.93424658
4111,C0611,6,C,6C,Hindu,Friends,Friend1,1,4,M,11,1,7,1,7,7,6,7,7,7,4,4,1,8,NA,1,2,NA,1,1,1,1,1,2,1,1,2,1,1,3,1,1,3,1,3,1,2,5,1,5,3,M,Hindu,1,1,1,1,1,1,5,4,5,1,1,2,7,7,1,1,1,1,1,1,1,1,5,7,1,7,1,1,1,C6,Z07A14,7A,6C,8/3/2004,NA,1/14/2016,11.45479452
4118,C0613,6,C,6C,Muslim,Friends,Friend1,1,1,M,13,2,7,1,7,4,7,6,7,1,5,3,3,6,Sunni,1,2,1,1,2,1,1,2,3,1,5,1,2,1,4,1,7,2,1,1,1,3,1,1,5,3,M,Muslim,1,1,1,1,1,1,5,1,1,2,1,4,1,3,3,4,1,1,3,4,1,4,2,7,NA,4,NA,1,1,C6,Z07A15,7A,6C,5/18/2004,NA,1/14/2016,11.66575342
4125,C0614,6,C,6C,Muslim,Friends,Friend1,1,1,M,14,2,7,7,7,3,7,2,7,4,7,1,2,6,NA,1,1,2,1,1,2,1,2,5,1,2,3,2,2,3,4,5,1,2,1,2,2,1,1,1,2,M,Muslim,1,1,1,1,1,1,5,1,1,2,1,4,1,3,3,4,1,1,3,4,1,4,2,7,NA,4,NA,1,1,C6,Z07A16,7A,6C,2/24/2004,NA,1/14/2016,11.89589041
4132,C0616,6,C,6C,Hindu,Friends,Friend1,1,2,M,16,2,7,6,4,7,4,4,6,5,5,4,5,2,NA,1,1,2,1,1,2,1,4,4,1,5,5,1,1,4,3,2,1,2,1,1,1,5,1,5,2,M,Hindu,1,1,2,1,2,1,4,1,2,1,1,6,4,4,2,1,1,1,1,2,1,5,2,7,3,7,4,1,1,C6,Z07A18,7A,6C,6/22/2005,NA,1/14/2016,10.56986301
4139,C0617,6,C,6C,Hindu,Friends,Friend1,1,4,M,17,4,7,6,7,7,6,7,7,6,5,6,5,8,NA,1,2,2,1,1,2,1,1,2,1,5,4,1,1,4,3,2,1,2,3,2,2,1,2,2,2,M,Hindu,1,1,1,1,1,1,5,4,5,1,1,2,7,7,1,1,1,1,1,1,1,1,5,7,1,7,1,1,1,C6,NA,NA,6C,NA,NA,1/14/2016,NA
4146,C0618,6,C,6C,Hindu,Friends,Friend1,1,4,M,18,1,7,1,7,7,4,7,6,5,5,2,6,7,NA,1,1,2,2,1,2,1,1,4,1,5,1,1,3,4,2,3,2,1,1,3,1,5,1,5,3,M,Hindu,1,1,1,1,1,1,5,4,5,1,1,2,7,7,1,1,1,1,1,1,1,1,5,7,1,7,1,1,1,C6,Z07A19,7A,6C,5/20/2004,NA,1/14/2016,11.66027397
4153,C0619,6,C,6C,Hindu,Friends,Friend1,1,2,M,19,5,6,5,7,7,5,7,6,6,6,5,5,2,NA,1,2,2,1,1,2,1,1,4,1,1,1,1,1,4,4,2,2,1,3,1,5,1,1,2,2,M,Hindu,1,1,2,1,2,1,4,1,2,1,1,6,4,4,2,1,1,1,1,2,1,5,2,7,3,7,4,1,1,C6,Z07A20,7A,6C,6/28/2005,NA,1/14/2016,10.55342466
4160,C0620,6,C,6C,Hindu,Friends,Friend1,1,4,M,20,1,7,5,6,7,1,2,7,3,6,1,6,2,NA,1,2,2,1,1,1,1,1,4,1,2,1,1,1,5,6,2,1,2,2,1,3,1,1,1,2,M,Hindu,1,1,1,1,1,1,5,4,5,1,1,2,7,7,1,1,1,1,1,1,1,1,5,7,1,7,1,1,1,C6,Z07A21,7A,6C,8/28/2004,NA,1/14/2016,11.38630137
4167,C0621,6,C,6C,Hindu,Friends,Friend1,1,2,M,21,2,6,4,7,7,4,7,6,6,6,4,1,2,NA,1,1,2,2,1,1,1,1,4,1,1,1,1,1,4,4,4,1,1,2,1,3,1,1,5,2,M,Hindu,1,1,2,1,2,1,4,1,2,1,1,6,4,4,2,1,1,1,1,2,1,5,2,7,3,7,4,1,1,C6,Z07A22,7A,6C,6/8/2005,NA,1/14/2016,10.60821918
4174,C0624,6,C,6C,Muslim,Friends,Friend1,1,3,M,24,2,7,4,6,5,7,5,7,3,5,4,6,6,NA,1,2,1,NA,1,3,2,2,1,1,1,2,2,2,4,3,3,2,1,2,3,1,5,1,3,4,M,Muslim,3,2,2,1,3,1,4,2,1,3,1,3,2,2,1,1,2,2,4,1,1,3,3,7,6,5,7,1,1,C6,Z07B17,7B,6C,12/16/2004,NA,1/14/2016,11.08493151
4181,C0625,6,C,6C,Muslim,Friends,Friend1,1,5,M,25,2,4,1,5,1,7,7,7,4,2,3,2,8,Pathan,1,2,1,3,1,3,2,2,4,3,4,5,2,3,4,2,6,3,1,2,2,4,2,2,5,4,M,Hindu,2,1,2,1,2,1,4,1,1,2,1,4,1,1,4,2,1,1,1,3,1,2,4,6,4,6,4,1,0,C6,Z07A25,7A,6C,7/5/2005,NA,1/14/2016,10.53424658
4188,C0626,6,C,6C,Hindu,Friends,Friend1,1,5,M,26,2,7,1,1,7,6,7,7,5,7,1,7,7,Marathi,1,2,1,1,1,1,2,4,3,1,2,2,1,1,2,1,1,4,5,4,4,4,4,5,5,2,M,Hindu,2,1,2,1,2,1,4,1,1,2,1,4,1,1,4,2,1,1,1,3,1,2,4,6,4,6,4,1,1,C6,Z07A26,7A,6C,3/23/2005,NA,1/14/2016,10.81917808
4195,C0627,6,C,6C,Hindu,Friends,Friend1,1,3,M,27,1,7,1,6,7,1,NA,6,3,2,4,5,4,NA,1,4,3,5,2,2,1,1,4,1,2,3,1,1,7,7,7,1,2,4,3,5,1,3,2,5,M,Muslim,3,2,2,1,3,1,4,2,1,3,1,3,2,2,1,1,2,2,4,1,1,3,3,7,6,5,7,1,0,C6,Z07A29,7A,6C,8/3/2004,NA,1/14/2016,11.45479452
4202,C0628,6,C,6C,Hindu,Friends,Friend1,1,6,M,28,4,7,6,4,7,3,7,6,5,4,7,1,7,NA,1,1,1,2,1,1,1,1,1,1,1,2,1,1,7,4,4,2,1,1,1,1,1,1,3,3,M,Hindu,3,2,2,1,3,1,4,2,5,3,1,3,2,2,1,1,2,2,4,1,1,3,3,7,6,7,5,1,1,C6,Z07A30,7A,6C,11/27/2004,NA,1/14/2016,11.1369863
4209,C0629,6,C,6C,Hindu,Friends,Friend1,1,7,M,29,3,7,6,6,7,5,7,1,5,4,6,3,3,NA,1,3,2,1,1,1,1,1,3,1,2,2,1,1,4,6,7,1,1,1,2,1,5,5,5,4,M,Hindu,1,2,1,1,2,1,NA,1,NA,1,1,4,3,3,4,2,1,3,5,5,3,5,3,7,4,7,2,1,1,C6,Z07A31,7A,6C,1/19/2004,NA,1/14/2016,11.99452055
4216,C0630,6,C,6C,Muslim,Friends,Friend1,1,1,M,30,1,7,5,7,2,7,1,7,7,7,1,1,7,Muslim,1,2,1,1,2,2,1,2,3,1,3,1,2,1,NA,4,4,4,2,4,1,4,4,2,5,2,M,Muslim,1,1,1,1,1,1,5,1,1,2,1,4,1,3,3,4,1,1,3,4,1,4,2,7,NA,4,NA,1,1,C6,NA,NA,6C,NA,NA,1/14/2016,NA
4223,C0631,6,C,6C,Muslim,Friends,Friend1,1,10,M,31,2,6,NA,1,NA,1,5,NA,6,2,3,NA,6,NA,1,3,2,1,2,1,1,2,1,1,5,4,2,1,5,7,1,5,4,1,2,1,2,4,5,4,M,Muslim,1,1,1,1,1,2,4,1,1,1,1,4,1,7,5,5,5,1,1,1,1,5,2,7,7,1,7,1,1,C6,Z07A32,7A,6C,1/13/2005,1/13/2000,1/14/2016,11.00821918
4230,C0632,6,C,6C,Hindu,Friends,Friend1,1,3,M,32,NA,NA,7,1,5,5,1,6,7,7,1,3,8,NA,1,1,2,2,1,3,1,1,1,1,3,2,1,1,3,3,3,1,1,2,2,4,1,1,5,3,M,Muslim,3,2,2,1,3,1,4,2,1,3,1,3,2,2,1,1,2,2,4,1,1,3,3,7,6,5,7,1,0,C6,Z07A33,7A,6C,7/22/2004,NA,1/14/2016,11.48767123
4237,C0634,6,C,6C,Muslim,Friends,Friend1,1,13,M,34,7,7,6,6,7,7,6,7,7,6,7,6,7,Muslim,1,1,1,2,1,1,1,2,3,1,1,3,2,1,4,6,5,1,1,1,1,1,1,1,5,3,M,Muslim,2,1,1,2,1,1,3,1,5,1,1,4,1,7,2,1,1,1,3,1,1,5,3,7,1,4,7,1,1,C6,NA,NA,6C,NA,NA,1/14/2016,NA
4244,C0635,6,C,6C,Muslim,Friends,Friend1,1,1,M,35,2,7,2,7,2,7,1,7,2,2,2,3,7,NA,1,2,1,1,2,2,1,2,3,1,4,1,2,1,2,2,2,4,2,4,4,4,4,2,5,2,M,Muslim,1,1,1,1,1,1,5,1,1,2,1,4,1,3,3,4,1,1,3,4,1,4,2,7,NA,4,NA,1,1,C6,Z07A35,7A,6C,6/25/2004,NA,1/14/2016,11.56164384
4249,C0636,6,C,6C,Muslim,Friends,Friend1,1,1,M,36,7,6,5,7,6,7,4,7,5,2,1,4,NA,Muslim,1,2,2,1,1,1,2,1,4,1,5,5,2,2,4,4,4,2,1,4,1,3,5,3,2,1,M,Muslim,1,1,1,1,1,1,5,1,1,2,1,4,1,3,3,4,1,1,3,4,1,4,2,7,NA,4,NA,1,1,C6,Z07A36,7A,6C,1/18/2004,NA,1/14/2016,11.99726027
4256,C0638,6,C,6C,Hindu,Friends,Friend1,1,4,M,38,1,7,5,7,7,3,2,7,3,5,1,3,7,NA,1,2,1,1,1,2,1,1,2,1,1,1,1,1,4,3,3,1,1,2,2,1,4,1,5,1,M,Hindu,1,1,1,1,1,1,5,4,5,1,1,2,7,7,1,1,1,1,1,1,1,1,5,7,1,7,1,1,1,C6,Z07A38,7A,6C,9/1/2004,NA,1/14/2016,11.37534247
4267,C0640,6,C,6C,Hindu,Friends,Friend1,1,4,M,40,1,7,6,7,7,5,6,7,6,6,3,4,2,NA,1,1,2,1,1,1,1,2,1,1,1,2,1,2,4,5,3,1,1,1,2,1,2,1,4,3,M,Hindu,1,1,1,1,1,1,5,4,5,1,1,2,7,7,1,1,1,1,1,1,1,1,5,7,1,7,1,1,1,C6,Z07A41,7A,6C,5/1/2008,NA,1/14/2016,7.709589041
4274,C0642,6,C,6C,Muslim,Friends,Friend1,1,43,F,42,3,3,7,7,6,7,7,7,6,6,6,6,7,NA,2,1,2,1,1,2,1,1,3,1,3,1,2,1,7,6,6,5,5,5,2,5,5,3,5,5,F,Muslim,1,1,1,1,1,1,2,1,1,1,1,7,7,7,3,1,1,1,1,1,1,4,1,2,6,3,7,1,1,C6,Z07A44,7A,6C,12/24/2004,12/24/2004,1/14/2016,11.0630137
4285,C0643,6,C,6C,Muslim,Friends,Friend1,1,42,F,43,7,2,6,7,3,7,7,7,7,7,7,7,7,NA,2,1,1,1,1,1,1,2,2,1,1,1,2,1,7,7,7,3,1,1,1,1,1,1,4,1,F,Muslim,1,2,1,1,2,1,3,1,3,1,1,7,6,6,5,5,5,2,5,5,3,5,5,3,7,6,7,1,1,C6,Z06A44,6A,6C,10/18/2004,NA,1/14/2016,11.24657534
4291,C0644,6,C,6C,Muslim,Friends,Friend1,1,47,F,44,1,6,6,7,2,7,7,7,2,2,1,1,6,Islam,2,1,1,1,1,1,1,2,4,1,1,3,2,1,NA,3,4,5,1,1,2,1,4,2,5,3,F,Muslim,1,1,2,1,1,1,1,1,1,1,1,4,4,4,5,1,1,3,1,1,2,4,4,4,7,4,7,1,1,C6,Z07A46,7A,6C,8/15/2004,NA,1/14/2016,11.42191781
4298,C0646,6,C,6C,Muslim,Friends,Friend1,1,42,F,46,1,2,7,7,2,7,5,6,4,6,7,5,7,NA,2,2,2,1,1,2,1,2,1,2,2,5,2,1,7,7,7,4,5,3,5,5,4,5,2,1,F,Muslim,1,2,1,1,2,1,3,1,3,1,1,7,6,6,5,5,5,2,5,5,3,5,5,3,7,6,7,1,1,C6,Z07A48,7A,6C,7/12/2004,NA,1/14/2016,11.51506849
4305,C0647,6,C,6C,Muslim,Friends,Friend1,1,43,F,47,4,4,7,7,4,7,7,5,3,5,5,6,8,NA,2,1,1,2,1,1,1,4,1,1,1,1,2,1,4,4,4,5,1,1,3,1,1,2,4,4,F,Muslim,1,1,1,1,1,1,2,1,1,1,1,7,7,7,3,1,1,1,1,1,1,4,1,2,6,3,7,1,1,C6,Z07A49,7A,6C,1/9/2005,1/9/2000,1/14/2016,11.01917808
4312,C0648,6,C,6C,Muslim,Friends,Friend1,1,47,F,48,1,1,7,4,3,4,7,5,6,3,2,3,8,NA,2,1,1,4,3,1,1,1,3,1,1,3,2,4,2,1,1,1,1,1,3,1,2,1,2,3,F,Muslim,1,1,2,1,1,1,1,1,1,1,1,4,4,4,5,1,1,3,1,1,2,4,4,4,7,4,7,1,1,C6,Z07A50,7A,6C,7/15/2004,NA,1/14/2016,11.50684932
4317,C0649,6,C,6C,Hindu,Friends,Friend1,1,42,F,49,4,4,4,7,4,4,7,7,4,4,4,6,6,NA,2,1,3,1,1,1,2,2,3,1,1,1,1,2,4,4,4,3,1,2,2,1,2,1,3,3,F,Muslim,1,2,1,1,2,1,3,1,3,1,1,7,6,6,5,5,5,2,5,5,3,5,5,3,7,6,7,1,0,C6,Z07A51,7A,6C,6/24/2004,6/24/2004,1/14/2016,11.56438356
4324,C0650,6,C,6C,Muslim,Friends,Friend1,1,44,F,50,2,6,7,7,1,7,4,6,3,5,6,3,7,NA,2,1,1,NA,2,2,1,2,4,4,4,4,2,3,4,4,3,1,1,1,2,2,5,1,5,3,F,Muslim,1,1,1,1,1,1,4,1,1,3,1,NA,3,4,5,1,1,2,1,4,2,5,3,6,6,2,7,1,1,C6,Z07A52,7A,6C,8/29/2004,8/29/2004,1/14/2016,11.38356164
4331,C0651,6,C,6C,Muslim,Friends,Friend1,1,33,F,51,1,7,1,7,NA,7,1,7,7,7,1,4,1,NA,NA,4,5,1,1,2,1,2,5,5,5,1,2,1,5,4,4,1,1,1,3,3,1,1,1,5,M,NA,NA,NA,NA,NA,NA,NA,NA,NA,NA,NA,NA,NA,NA,NA,NA,NA,NA,NA,NA,NA,NA,NA,NA,NA,NA,NA,NA,0,NA,C6,Z07A53,7A,6C,8/16/2004,NA,1/14/2016,11.41917808
4338,C0652,6,C,6C,Hindu,Friends,Friend1,1,47,F,52,4,4,7,7,7,7,1,4,4,1,6,6,8,NA,2,2,1,2,2,3,1,2,5,1,1,1,1,4,4,5,3,3,4,1,2,3,2,3,4,5,F,Muslim,1,1,2,1,1,1,1,1,1,1,1,4,4,4,5,1,1,3,1,1,2,4,4,4,7,4,7,1,0,C6,Z07A54,7A,6C,5/13/2004,5/1/2004,1/14/2016,11.67945205
4345,C0653,6,C,6C,Hindu,Friends,Friend1,1,51,F,53,1,1,7,4,7,4,7,7,4,4,4,1,1,NA,2,2,3,1,1,2,1,2,2,4,1,1,1,4,4,5,3,3,1,1,2,3,1,1,5,5,F,Muslim,4,5,1,1,2,1,5,5,5,1,1,5,4,4,1,1,1,3,3,1,1,1,5,7,1,NA,7,1,0,C6,Z07A55,7A,6C,8/22/2004,8/22/2004,1/14/2016,11.40273973
4349,C0655,6,C,6C,Muslim,Friends,Friend1,1,14,F,55,4,6,7,4,4,7,6,6,7,7,7,5,8,NA,2,2,1,3,1,1,1,1,3,1,1,1,2,1,4,6,7,1,1,1,3,1,5,1,3,5,M,Muslim,1,2,1,1,2,1,5,1,2,3,2,3,4,5,1,2,1,2,2,1,1,1,2,7,7,3,7,0,1,C6,Z07A57,7A,6C,5/20/2005,NA,1/14/2016,10.66027397
4356,C0657,6,C,6C,Muslim,Friends,Friend1,1,43,F,57,4,1,7,7,4,7,7,7,7,4,6,5,7,NA,2,2,1,1,1,1,1,2,3,1,1,1,2,1,4,6,7,1,1,1,3,1,1,1,5,2,F,Muslim,1,1,1,1,1,1,2,1,1,1,1,7,7,7,3,1,1,1,1,1,1,4,1,2,6,3,7,1,1,C6,Z07B51,7B,6C,5/31/2004,5/31/2004,1/14/2016,11.63013699
4364,C0659,6,C,6C,Hindu,Friends,Friend1,1,5,F,59,3,5,7,7,7,4,6,5,5,5,4,4,8,NA,2,2,2,2,1,2,1,4,1,1,2,2,1,2,4,3,3,2,1,1,2,2,2,1,3,2,M,Hindu,2,1,2,1,2,1,4,1,1,2,1,4,1,1,4,2,1,1,1,3,1,2,4,6,4,6,4,0,1,C6,Z07A60,7A,6C,3/24/2004,NA,1/14/2016,11.81643836
4370,C0660,6,C,6C,Muslim,Friends,Friend1,1,43,F,60,1,2,7,7,2,7,NA,1,NA,NA,5,4,8,NA,2,1,4,3,1,2,1,2,4,1,1,2,2,1,4,7,7,2,1,4,1,1,1,1,5,3,F,Muslim,1,1,1,1,1,1,2,1,1,1,1,7,7,7,3,1,1,1,1,1,1,4,1,2,6,3,7,1,1,C6,Z07A61,7A,6C,6/9/2004,NA,1/14/2016,11.60547945
4378,C0661,6,C,6C,Muslim,Friends,Friend1,1,42,F,61,1,3,7,7,3,7,7,7,6,6,5,6,7,NA,2,1,2,1,1,1,1,2,2,1,1,1,2,1,2,3,NA,3,1,2,1,2,2,1,4,5,F,Muslim,1,2,1,1,2,1,3,1,3,1,1,7,6,6,5,5,5,2,5,5,3,5,5,3,7,6,7,1,1,C6,Z07B58,7B,6C,10/28/2004,NA,1/14/2016,11.21917808
4385,C0662,6,C,6C,Hindu,Friends,Friend1,1,44,F,62,1,5,NA,NA,NA,4,NA,NA,2,NA,NA,NA,2,NA,2,4,NA,5,1,3,2,2,4,1,3,2,1,1,4,4,5,5,2,1,4,3,1,2,5,4,F,Muslim,1,1,1,1,1,1,4,1,1,3,1,NA,3,4,5,1,1,2,1,4,2,5,3,6,6,2,7,1,0,C6,Z07A62,7A,6C,12/27/2004,NA,1/14/2016,11.05479452
4392,C0663,6,C,6C,Hindu,Friends,Friend1,1,9,F,63,4,7,7,6,7,7,6,7,7,4,7,4,2,NA,2,5,4,4,1,2,1,2,5,5,5,5,1,4,4,3,4,1,1,1,1,1,5,1,3,1,M,NA,NA,NA,NA,NA,NA,NA,NA,NA,NA,NA,NA,NA,NA,NA,NA,NA,NA,NA,NA,NA,NA,NA,NA,NA,NA,NA,NA,0,NA,C6,Z07A63,7A,6C,8/24/2004,8/24/2004,1/14/2016,11.39726027
4396,C0664,6,C,6C,Muslim,Friends,Friend1,1,42,F,64,1,4,4,7,4,NA,NA,7,4,4,1,6,6,NA,2,NA,2,1,1,2,1,1,NA,1,1,NA,2,2,4,4,4,2,1,2,2,1,2,1,3,3,F,Muslim,1,2,1,1,2,1,3,1,3,1,1,7,6,6,5,5,5,2,5,5,3,5,5,3,7,6,7,1,1,C6,Z07A64,7A,6C,9/17/2004,NA,1/14/2016,11.33150685
4402,A0701,7,A,7A,Hindu,Friends,Friend1,1,2,M,1,5,6,4,6,6,5,6,4,5,4,5,6,1,NA,1,2,3,2,1,3,1,1,NA,1,NA,2,1,1,4,4,4,2,2,2,2,2,1,2,4,3,M,Hindu,4,1,4,1,3,1,1,2,5,3,3,3,3,3,1,1,1,1,1,1,2,4,3,7,4,7,7,1,1,A7,Z08B01,8B,7A,1/24/2004,1/24/2004,1/14/2016,11.98082192
4409,A0702,7,A,7A,Hindu,Friends,Friend1,1,3,M,2,7,7,4,7,7,7,7,7,7,7,6,6,3,NA,1,4,1,4,1,3,1,4,1,2,5,3,1,3,3,3,3,1,1,1,1,1,1,2,4,3,M,NA,NA,NA,NA,NA,NA,NA,NA,NA,NA,NA,NA,NA,NA,NA,NA,NA,NA,NA,NA,NA,NA,NA,NA,NA,NA,NA,NA,1,NA,A7,Z08B02,8B,7A,1/8/2004,1/8/2004,1/14/2016,12.02465753
4416,A0704,7,A,7A,Hindu,Friends,Friend1,1,1,M,4,6,7,1,6,7,5,7,7,5,6,6,4,3,NA,1,1,1,2,1,2,1,1,3,1,4,2,1,1,4,3,3,1,1,1,2,1,3,1,5,2,M,Hindu,2,3,2,1,3,1,NA,1,NA,2,1,4,4,4,2,2,2,2,2,1,2,4,3,6,4,6,5,1,1,A7,Z08B03,8B,7A,10/20/2003,10/20/2003,1/14/2016,12.24383562
4423,A0705,7,A,7A,Muslim,Friends,Friend1,1,8,M,5,5,6,6,5,6,6,6,5,6,5,5,4,NA,Sunni,1,2,3,2,2,2,2,2,1,1,1,1,2,2,6,4,4,1,1,1,1,1,1,1,5,5,M,Muslim,2,1,2,1,1,1,4,2,1,2,1,4,4,4,1,1,1,2,1,2,2,5,2,6,3,5,6,1,1,A7,Z08B04,8B,7A,7/21/2003,7/21/2003,1/14/2016,12.49315068
4430,A0706,7,A,7A,Hindu,Friends,Friend1,1,1,M,6,3,7,5,6,7,6,6,6,6,5,6,3,8,NA,1,2,3,3,1,2,1,2,4,1,3,2,1,2,4,4,4,3,3,3,3,2,1,3,5,3,M,Hindu,2,3,2,1,3,1,NA,1,NA,2,1,4,4,4,2,2,2,2,2,1,2,4,3,6,4,6,5,1,1,A7,Z08A04,8A,7A,1/12/2004,1/12/2004,1/14/2016,12.01369863
4437,A0707,7,A,7A,Hindu,Friends,Friend1,1,6,M,7,7,7,4,7,7,6,7,6,6,6,6,6,8,NA,1,2,1,1,1,3,1,1,3,1,1,2,1,2,6,4,4,2,1,1,1,1,1,1,5,5,M,Hindu,2,3,3,1,2,1,4,1,3,2,2,4,4,4,3,3,3,3,2,1,3,5,3,7,5,7,6,1,1,A7,Z08B05,8B,7A,1/29/2004,1/29/2004,1/14/2016,11.96712329
4444,A0708,7,A,7A,Muslim,Friends,Friend1,1,3,M,8,5,6,3,6,5,6,6,6,5,5,5,6,7,Tai,1,2,1,2,1,1,1,2,4,2,1,2,2,1,4,4,4,1,1,1,2,1,2,2,5,2,M,NA,NA,NA,NA,NA,NA,NA,NA,NA,NA,NA,NA,NA,NA,NA,NA,NA,NA,NA,NA,NA,NA,NA,NA,NA,NA,NA,NA,1,NA,A7,Z08B06,8B,7A,3/1/2004,3/1/2004,1/14/2016,11.87945205
4451,A0709,7,A,7A,Hindu,Friends,Friend1,1,10,M,9,6,4,6,4,7,7,4,4,6,4,6,4,2,NA,1,3,5,4,1,4,5,4,3,2,5,2,1,3,4,4,5,1,1,1,2,1,1,2,5,2,M,Hindu,5,5,5,1,5,1,3,1,1,1,1,4,4,4,1,1,1,1,1,1,1,5,3,6,6,6,6,1,1,A7,Z08B07,8B,7A,1/27/2004,1/27/2004,1/14/2016,11.97260274
4458,A0710,7,A,7A,Hindu,Friends,Friend1,1,1,M,10,4,6,6,6,6,6,6,6,6,6,6,6,1,NA,1,5,5,5,1,5,1,1,3,1,1,1,1,1,4,4,4,1,1,1,1,1,1,1,5,3,M,Hindu,2,3,2,1,3,1,NA,1,NA,2,1,4,4,4,2,2,2,2,2,1,2,4,3,6,4,6,5,1,1,A7,Z08B08,8B,7A,10/20/2002,10/20/2002,1/14/2016,13.24383562
4465,A0712,7,A,7A,Hindu,Friends,Friend1,1,9,M,12,7,7,1,7,7,7,4,4,4,4,7,1,NA,ModhGhaci,1,3,1,3,1,5,1,1,4,5,5,5,1,4,4,4,2,1,1,1,1,1,1,1,5,5,M,Hindu,3,5,4,1,4,5,3,2,5,2,3,4,4,5,1,1,1,2,1,1,2,5,2,4,6,7,7,1,1,A7,NA,NA,7A,NA,1/26/2004,1/14/2016,11.97534247
4472,A0713,7,A,7A,Hindu,Friends,Friend1,1,1,M,13,6,5,5,6,6,5,6,6,6,6,5,4,2,NA,1,2,1,2,2,2,1,4,3,1,2,1,1,2,4,1,1,1,1,1,1,1,1,1,5,4,M,Hindu,2,3,2,1,3,1,NA,1,NA,2,1,4,4,4,2,2,2,2,2,1,2,4,3,6,4,6,5,1,1,A7,Z08B10,8B,7A,3/22/2004,3/22/2004,1/14/2016,11.82191781
4479,A0714,7,A,7A,other,Friends,Friend1,1,9,M,14,2,7,4,7,7,6,7,7,4,7,2,1,7,Sindhi,1,1,1,2,2,1,1,4,4,2,5,2,3,2,4,4,4,1,1,1,2,3,1,1,5,2,M,Hindu,3,5,4,1,4,5,3,2,5,2,3,4,4,5,1,1,1,2,1,1,2,5,2,4,6,7,7,1,0,A7,Z08B11,8B,7A,2/11/2004,2/11/2004,1/14/2016,11.93150685
4486,A0715,7,A,7A,Jain,Friends,Friend1,1,3,M,15,7,7,4,7,7,6,7,6,6,7,5,7,3,NA,1,2,1,2,1,2,1,1,3,NA,5,NA,3,2,4,4,4,1,1,1,1,1,1,1,5,4,M,NA,NA,NA,NA,NA,NA,NA,NA,NA,NA,NA,NA,NA,NA,NA,NA,NA,NA,NA,NA,NA,NA,NA,NA,NA,NA,NA,NA,1,NA,A7,Z08A14,8A,7A,4/6/2004,4/6/2004,1/14/2016,11.78082192
4493,A0717,7,A,7A,Muslim,Friends,Friend1,1,22,M,17,4,4,4,4,4,4,4,4,4,4,4,4,7,Alavi Vohro,1,5,3,4,2,2,1,1,3,1,1,1,2,2,4,2,2,1,1,1,1,1,1,1,5,2,M,Muslim,1,3,4,2,2,1,3,1,1,1,1,4,3,4,3,2,1,1,2,1,2,4,3,3,2,3,6,1,1,A7,Z08B13,8B,7A,9/30/2003,9/30/2003,1/14/2016,12.29863014
4496,A0718,7,A,7A,Muslim,Friends,Friend1,1,2,M,18,4,7,3,4,4,4,4,4,6,7,3,4,8,NA,1,2,1,1,1,2,2,4,3,1,1,1,2,2,4,4,4,1,1,1,1,1,1,1,5,3,M,Hindu,4,1,4,1,3,1,1,2,5,3,3,3,3,3,1,1,1,1,1,1,2,4,3,7,4,7,7,1,0,A7,Z08B14,8B,7A,6/9/2004,6/9/2004,1/14/2016,11.60547945
4503,A0719,7,A,7A,Hindu,Friends,Friend1,1,11,M,19,1,6,2,7,6,3,7,7,6,7,4,4,1,NA,1,3,1,1,1,4,1,4,1,2,4,1,1,2,3,3,1,2,1,1,2,1,1,1,5,3,M,NA,NA,NA,NA,NA,NA,NA,NA,NA,NA,NA,NA,NA,NA,NA,NA,NA,NA,NA,NA,NA,NA,NA,NA,NA,NA,NA,NA,1,NA,A7,Z08B15,8B,7A,5/1/2010,9/4/2003,1/14/2016,NA
4510,A0720,7,A,7A,Hindu,Friends,Friend1,1,2,M,20,6,7,4,7,7,7,7,7,7,6,6,6,3,NA,2,1,1,1,1,2,1,1,3,1,3,2,1,3,4,3,3,2,1,1,2,1,1,1,5,3,M,Hindu,4,1,4,1,3,1,1,2,5,3,3,3,3,3,1,1,1,1,1,1,2,4,3,7,4,7,7,1,1,A7,Z08B16,8B,7A,1/29/2003,1/29/2003,1/14/2016,12.96712329
4517,A0722,7,A,7A,Muslim,Friends,Friend1,1,1,M,22,5,3,2,6,3,6,7,7,5,5,6,5,7,Alavi Vohra,1,1,3,4,2,2,1,1,3,1,1,1,2,1,4,3,4,3,2,1,1,2,1,2,4,3,M,Hindu,2,3,2,1,3,1,NA,1,NA,2,1,4,4,4,2,2,2,2,2,1,2,4,3,6,4,6,5,1,0,A7,Z08B18,8B,7A,9/7/2003,9/7/2003,1/14/2016,12.36164384
4524,A0724,7,A,7A,Hindu,Friends,Friend1,1,14,M,24,5,7,1,5,7,4,4,7,4,7,6,1,2,NA,1,5,4,4,2,5,1,1,1,2,5,2,1,2,5,7,7,2,2,1,2,1,1,2,5,5,M,other,1,1,2,2,1,1,4,2,5,2,2,4,4,4,1,1,1,2,3,1,1,5,2,7,4,7,6,1,0,A7,Z08B20,8B,7A,10/11/2003,10/11/2003,1/14/2016,12.26849315
4529,A0726,7,A,7A,Hindu,Friends,Friend1,1,11,M,26,4,7,6,6,7,6,7,5,6,6,7,6,1,Rujpusohit,1,2,2,2,1,2,1,4,3,1,3,1,1,2,4,3,3,1,1,1,1,1,1,1,4,3,M,NA,NA,NA,NA,NA,NA,NA,NA,NA,NA,NA,NA,NA,NA,NA,NA,NA,NA,NA,NA,NA,NA,NA,NA,NA,NA,NA,NA,1,NA,A7,Z08B22,8B,7A,10/7/2002,10/7/2002,1/14/2016,13.27945205
4536,A0727,7,A,7A,Muslim,Friends,Friend1,1,14,M,27,3,7,4,3,5,7,4,7,4,4,4,6,8,NA,1,1,5,3,1,2,2,2,4,2,1,2,2,2,4,4,4,1,1,1,1,1,2,1,5,1,M,other,1,1,2,2,1,1,4,2,5,2,2,4,4,4,1,1,1,2,3,1,1,5,2,7,4,7,6,1,0,A7,Z08C31,8C,7A,1/30/2004,1/30/2004,1/14/2016,11.96438356
4543,A0728,7,A,7A,Hindu,Friends,Friend1,1,9,M,28,4,6,4,6,7,6,7,7,6,6,6,6,8,NA,1,1,1,2,1,2,1,1,3,2,5,2,1,2,4,4,3,1,1,1,2,1,1,2,4,3,M,Hindu,3,5,4,1,4,5,3,2,5,2,3,4,4,5,1,1,1,2,1,1,2,5,2,4,6,7,7,1,1,A7,Z08B24,8B,7A,10/25/2003,10/25/2003,1/14/2016,12.23013699
4550,A0729,7,A,7A,Hindu,Friends,Friend1,1,1,M,29,1,4,4,7,7,7,4,6,4,5,4,4,3,NA,1,3,1,2,1,3,1,1,3,1,4,2,1,3,1,1,1,2,2,2,1,1,1,1,5,3,M,Hindu,2,3,2,1,3,1,NA,1,NA,2,1,4,4,4,2,2,2,2,2,1,2,4,3,6,4,6,5,1,1,A7,Z08B25,8B,7A,12/29/2003,12/29/2003,1/14/2016,12.05205479
4555,A0730,7,A,7A,Jain,Friends,Friend1,1,14,M,30,3,4,4,4,4,3,5,4,4,4,4,4,3,NA,1,4,5,4,2,4,2,1,1,1,3,1,3,3,3,2,2,2,1,1,2,1,1,1,5,4,M,other,1,1,2,2,1,1,4,2,5,2,2,4,4,4,1,1,1,2,3,1,1,5,2,7,4,7,6,1,0,A7,Z08B26,8B,7A,3/11/2003,NA,1/14/2016,12.85479452
4560,A0731,7,A,7A,Hindu,Friends,Friend1,1,2,M,31,2,6,4,5,6,5,7,6,7,5,4,4,1,1,1,3,1,2,1,3,1,2,3,2,4,2,1,3,4,3,1,2,1,1,1,1,1,1,5,2,M,Hindu,4,1,4,1,3,1,1,2,5,3,3,3,3,3,1,1,1,1,1,1,2,4,3,7,4,7,7,1,1,A7,Z08B27,8B,7A,4/19/2004,4/19/2004,1/14/2016,11.74520548
4567,A0732,7,A,7A,Hindu,Friends,Friend1,1,1,M,32,6,4,4,6,7,4,4,6,4,6,4,4,3,NA,1,2,2,3,1,2,1,1,2,2,3,1,1,2,4,4,4,1,1,1,1,1,1,1,5,5,M,Hindu,2,3,2,1,3,1,NA,1,NA,2,1,4,4,4,2,2,2,2,2,1,2,4,3,6,4,6,5,1,1,A7,Z08B28,8B,7A,2/6/2004,2/6/2004,1/14/2016,11.94520548
4574,A0733,7,A,7A,Muslim,Friends,Friend1,1,14,M,33,3,7,4,6,5,7,7,7,6,5,4,4,7,Vohsra,1,2,1,1,1,2,1,1,1,2,1,3,2,2,4,2,2,2,1,1,2,1,1,2,4,2,M,other,1,1,2,2,1,1,4,2,5,2,2,4,4,4,1,1,1,2,3,1,1,5,2,7,4,7,6,1,0,A7,Z08B29,8B,7A,7/2/2004,6/2/2004,1/14/2016,11.54246575
4581,A0734,7,A,7A,Muslim,Friends,Friend1,1,17,M,34,6,7,4,6,4,6,7,6,6,6,7,6,NA,Siya,1,1,2,3,1,1,2,1,4,2,1,2,2,2,3,1,2,3,2,1,1,1,1,1,5,2,M,Muslim,5,3,4,2,2,1,3,1,1,1,2,4,2,2,1,1,1,1,1,1,1,5,2,4,4,4,4,1,1,A7,Z08B30,8B,7A,9/1/2003,9/1/2003,1/14/2016,12.37808219
4584,A0735,7,A,7A,Muslim,Friends,Friend1,1,1,M,35,4,4,3,7,5,7,7,6,6,5,6,4,8,NA,1,1,1,1,1,1,1,2,3,1,1,1,2,2,4,1,5,3,1,1,2,1,1,1,5,3,M,Hindu,2,3,2,1,3,1,NA,1,NA,2,1,4,4,4,2,2,2,2,2,1,2,4,3,6,4,6,5,1,0,A7,Z08B31,8B,7A,6/18/2003,6/18/2003,1/14/2016,12.58356164
4591,A0736,7,A,7A,Muslim,Friends,Friend1,1,22,M,36,5,6,2,6,5,6,2,6,2,2,1,4,7,Vohra,1,1,1,2,4,1,1,1,4,5,5,5,2,3,4,1,1,1,1,1,1,1,3,3,3,NA,M,Muslim,1,3,4,2,2,1,3,1,1,1,1,4,3,4,3,2,1,1,2,1,2,4,3,3,2,3,6,1,1,A7,Z08B32,8B,7A,6/17/2003,NA,1/14/2016,12.58630137
4592,A0737,7,A,7A,Hindu,Friends,Friend1,1,1,M,37,1,7,1,6,6,6,5,6,4,4,5,5,8,NA,1,3,2,2,1,3,1,4,4,1,2,2,1,3,4,4,4,1,2,2,1,3,1,1,5,5,M,Hindu,2,3,2,1,3,1,NA,1,NA,2,1,4,4,4,2,2,2,2,2,1,2,4,3,6,4,6,5,1,1,A7,Z08B33,8B,7A,7/20/2004,7/20/2004,1/14/2016,11.49315068
4599,A0738,7,A,7A,Muslim,Friends,Friend1,1,5,M,38,6,7,3,6,6,7,7,7,6,6,6,5,7,Sunni,1,1,1,1,1,1,3,1,3,1,1,1,2,1,3,4,7,3,1,1,5,1,1,1,5,1,M,Muslim,2,3,2,2,2,2,1,1,1,1,2,6,4,4,1,1,1,1,1,1,1,5,5,6,6,6,6,1,1,A7,Z08B34,8B,7A,12/6/2003,12/6/2003,1/14/2016,12.11506849
4604,A0739,7,A,7A,Hindu,Friends,Friend1,1,44,F,39,4,5,6,6,6,6,6,7,6,7,6,5,1,NA,2,2,2,3,2,2,1,4,3,1,3,3,1,2,4,3,3,2,1,1,2,1,1,1,5,3,F,Muslim,2,1,4,2,1,1,3,2,1,5,2,4,2,3,1,1,1,2,1,1,1,5,3,4,7,6,7,1,0,A7,Z08B35,8B,7A,6/1/2015,1/6/2004,1/14/2016,NA
4611,A0741,7,A,7A,Muslim,Friends,Friend1,1,42,F,41,5,4,6,5,4,6,6,7,4,4,5,5,7,Sunni,2,2,1,2,1,2,2,2,3,1,1,5,2,2,4,1,2,2,2,4,2,1,1,2,4,4,F,Muslim,2,1,2,2,1,1,3,1,1,1,3,7,2,2,3,1,1,2,1,1,1,5,4,1,7,6,6,1,1,A7,Z08B37,8B,7A,5/6/2004,5/6/2004,1/14/2016,11.69863014
4618,A0742,7,A,7A,Muslim,Friends,Friend1,1,50,F,42,6,1,7,6,6,6,6,7,6,5,6,6,7,Sunni,2,2,1,2,2,1,1,2,3,1,1,1,2,3,7,2,2,3,1,1,2,1,1,1,5,4,F,Muslim,1,1,2,2,1,1,3,1,1,1,2,4,4,4,2,1,1,2,1,1,1,5,4,3,7,6,7,1,1,A7,Z08B38,8B,7A,10/17/2003,10/17/2003,1/14/2016,12.25205479
4621,A0743,7,A,7A,Muslim,Friends,Friend1,1,41,F,43,4,2,5,6,6,6,5,6,5,5,6,6,7,Tai,2,2,2,3,1,3,1,2,2,1,3,2,2,2,4,4,4,3,1,1,1,1,2,2,5,3,F,Muslim,2,1,2,1,2,2,3,1,1,5,2,4,1,2,2,2,4,2,1,1,2,4,4,4,6,4,6,1,1,A7,Z08B39,8B,7A,11/18/2003,11/18/2003,1/14/2016,12.16438356
4625,A0744,7,A,7A,Muslim,Friends,Friend1,1,45,F,44,3,4,7,5,6,7,6,6,6,6,4,4,7,Sunni,2,2,1,4,2,1,1,2,3,2,1,5,2,2,4,2,3,1,1,1,2,1,1,1,5,3,F,Hindu,2,1,1,1,2,1,3,1,5,2,2,4,3,3,1,1,1,2,1,1,2,2,3,6,7,7,6,1,0,A7,Z08B40,8B,7A,9/8/2003,9/8/2003,1/14/2016,12.35890411
4632,A0745,7,A,7A,Hindu,Friends,Friend1,1,48,F,45,6,6,7,7,7,6,7,6,7,7,6,5,8,NA,2,2,1,1,1,2,1,2,3,1,5,2,1,2,4,3,3,1,1,1,2,1,1,2,2,3,F,Hindu,2,5,3,1,1,1,4,1,2,3,2,4,2,1,2,1,1,3,5,1,1,5,2,4,4,7,1,1,1,A7,Z08B41,8B,7A,4/1/2003,4/1/2003,1/14/2016,12.79726027
4639,A0746,7,A,7A,Hindu,Friends,Friend1,1,39,F,46,4,1,7,6,7,6,7,7,5,6,4,5,7,Lingayat,2,2,1,1,2,1,1,4,3,1,4,1,1,2,4,3,2,3,2,1,2,2,1,3,1,3,F,Hindu,2,2,3,2,2,1,3,1,3,3,2,4,3,3,2,1,1,2,1,1,1,5,3,5,6,6,6,1,1,A7,Z08B42,8B,7A,6/3/2004,6/3/2004,1/14/2016,11.62191781
4646,A0747,7,A,7A,Hindu,Friends,Friend1,1,39,F,47,1,1,7,7,7,1,4,4,4,5,6,4,1,NA,2,2,1,4,1,3,1,4,3,1,4,3,1,2,7,5,4,1,2,1,4,1,1,3,5,2,F,Hindu,2,2,3,2,2,1,3,1,3,3,2,4,3,3,2,1,1,2,1,1,1,5,3,5,6,6,6,1,1,A7,Z08B43,8B,7A,3/13/2004,3/13/2004,1/14/2016,11.84657534
4653,A0748,7,A,7A,Hindu,Friends,Friend1,1,23,F,48,1,4,4,7,7,1,7,7,3,7,4,6,3,NA,2,2,5,3,1,1,1,1,4,1,2,3,1,2,4,2,1,2,1,1,3,5,1,1,5,2,M,NA,NA,NA,NA,NA,NA,NA,NA,NA,NA,NA,NA,NA,NA,NA,NA,NA,NA,NA,NA,NA,NA,NA,NA,NA,NA,NA,NA,0,NA,A7,Z08B44,8B,7A,3/16/2004,3/16/2004,1/14/2016,11.83835616
4659,A0750,7,A,7A,Muslim,Friends,Friend1,1,40,F,50,5,3,7,6,6,7,7,7,6,6,7,5,7,Alavi-Vohra,2,1,1,2,2,1,1,1,3,1,1,1,2,2,4,4,4,2,1,1,2,1,1,1,5,4,F,NA,NA,NA,NA,NA,NA,NA,NA,NA,NA,NA,NA,NA,NA,NA,NA,NA,NA,NA,NA,NA,NA,NA,NA,NA,NA,NA,NA,1,NA,A7,Z08B46,8B,7A,7/4/2003,7/4/2003,1/14/2016,12.53972603
4666,A0751,7,A,7A,Muslim,Friends,Friend1,1,41,F,51,6,2,7,6,6,7,6,7,6,7,6,4,NA,patni Sunni,2,2,1,1,2,1,1,2,4,1,1,5,2,2,4,4,4,1,1,1,1,1,1,1,5,3,F,Muslim,2,1,2,1,2,2,3,1,1,5,2,4,1,2,2,2,4,2,1,1,2,4,4,4,6,4,6,1,1,A7,Z08B47,8B,7A,2/9/2004,2/9/2004,1/14/2016,11.9369863
4673,A0752,7,A,7A,Hindu,Friends,Friend1,1,34,F,52,4,6,6,6,7,7,7,6,7,6,6,5,1,NA,2,2,1,3,1,2,1,2,3,1,4,2,1,3,1,4,4,1,1,1,4,4,1,1,2,3,M,Muslim,1,2,3,1,1,2,4,2,1,2,2,3,1,2,3,2,1,1,1,1,1,5,2,7,4,4,6,0,0,A7,Z08B48,8B,7A,12/4/2002,12/4/2002,1/14/2016,13.12054795
4680,A0753,7,A,7A,Muslim,Friends,Friend1,1,39,F,53,4,1,7,4,3,7,7,4,4,4,6,4,NA,Mahedaviya or Mehdvi,2,1,3,1,1,1,2,2,3,1,1,1,2,1,4,2,2,4,1,1,1,1,1,1,5,2,F,Hindu,2,2,3,2,2,1,3,1,3,3,2,4,3,3,2,1,1,2,1,1,1,5,3,5,6,6,6,1,0,A7,Z08B49,8B,7A,11/1/2003,11/1/2003,1/14/2016,12.2109589
4687,A0754,7,A,7A,Hindu,Friends,Friend1,1,31,F,54,3,5,6,7,6,6,6,7,6,6,5,5,8,NA,2,4,1,2,1,3,1,1,4,2,5,3,1,2,3,2,2,2,1,1,1,1,1,1,4,3,M,Hindu,3,1,2,1,3,1,3,2,4,2,3,4,3,1,2,1,1,1,1,1,1,5,2,6,4,6,5,0,1,A7,Z08B50,8B,7A,9/22/2003,9/22/2003,1/14/2016,12.32054795
4694,A0755,7,A,7A,Muslim,Friends,Friend1,1,23,F,55,6,4,6,6,4,6,4,4,6,4,4,6,8,NA,2,1,1,2,2,1,1,2,3,1,1,2,2,2,5,4,4,1,1,1,1,1,1,3,3,2,M,NA,NA,NA,NA,NA,NA,NA,NA,NA,NA,NA,NA,NA,NA,NA,NA,NA,NA,NA,NA,NA,NA,NA,NA,NA,NA,NA,NA,0,NA,A7,Z08B51,8B,7A,7/9/2003,7/9/2003,1/14/2016,12.5260274
4701,A0756,7,A,7A,Muslim,Friends,Friend1,1,39,F,56,6,4,6,7,5,7,7,7,6,6,5,4,8,NA,2,1,1,2,1,1,1,2,3,1,1,1,2,2,4,1,1,3,1,1,2,1,1,1,5,5,F,Hindu,2,2,3,2,2,1,3,1,3,3,2,4,3,3,2,1,1,2,1,1,1,5,3,5,6,6,6,1,0,A7,Z08B52,8B,7A,2/22/2004,2/22/2004,1/14/2016,11.90136986
4708,A0757,7,A,7A,Hindu,Friends,Friend1,1,39,F,57,6,5,7,6,7,6,7,7,6,7,7,4,1,NA,2,1,1,1,1,1,1,2,1,1,1,1,1,1,6,6,6,1,1,1,1,1,1,1,5,2,F,Hindu,2,2,3,2,2,1,3,1,3,3,2,4,3,3,2,1,1,2,1,1,1,5,3,5,6,6,6,1,1,A7,Z08C52,8C,7A,6/11/2003,6/11/2003,1/14/2016,12.60273973
4715,A0758,7,A,7A,Hindu,Friends,Friend1,1,52,F,58,6,5,6,6,7,6,6,7,6,6,6,6,2,NA,2,4,2,2,1,5,1,1,4,1,2,1,1,2,4,4,4,2,1,1,1,1,1,1,5,5,F,Hindu,2,1,3,1,2,1,3,1,4,2,3,1,4,4,1,1,1,4,4,1,1,2,3,6,6,7,7,1,1,A7,Z08B53,8B,7A,7/3/2003,7/3/2003,1/14/2016,12.54246575
4721,A0759,7,A,7A,Muslim,Friends,Friend1,1,44,F,59,5,2,7,7,3,7,7,7,5,6,4,5,7,Sunni,2,1,1,2,2,1,1,2,3,1,1,5,2,1,4,3,5,1,1,1,2,1,1,1,2,4,F,Muslim,2,1,4,2,1,1,3,2,1,5,2,4,2,3,1,1,1,2,1,1,1,5,3,4,7,6,7,1,1,A7,Z08B54,8B,7A,10/13/2003,10/13/2003,1/14/2016,12.2630137
4728,A0760,7,A,7A,Hindu,Friends,Friend1,1,45,F,60,6,6,6,7,7,7,6,6,6,6,7,6,3,NA,2,2,1,2,2,2,1,2,4,1,4,4,1,2,4,1,1,1,1,1,1,1,1,1,5,5,F,Hindu,2,1,1,1,2,1,3,1,5,2,2,4,3,3,1,1,1,2,1,1,2,2,3,6,7,7,6,1,1,A7,Z08B55,8B,7A,8/9/2003,8/9/2003,1/14/2016,12.44109589
4735,A0761,7,A,7A,Hindu,Friends,Friend1,1,50,F,61,5,4,4,6,7,6,7,6,6,4,4,5,8,NA,2,2,1,3,2,2,2,1,2,3,5,3,1,2,4,4,3,1,1,1,2,1,1,2,5,3,F,Muslim,1,1,2,2,1,1,3,1,1,1,2,4,4,4,2,1,1,2,1,1,1,5,4,3,7,6,7,1,0,A7,Z08B57,8B,7A,8/16/2003,8/16/2003,1/14/2016,12.42191781
4742,A0762,7,A,7A,Hindu,Friends,Friend1,1,45,F,62,4,4,7,5,6,4,6,6,4,4,1,4,8,NA,2,2,1,3,1,2,1,1,3,1,4,3,1,2,1,2,1,3,1,3,5,2,5,1,5,3,F,Hindu,2,1,1,1,2,1,3,1,5,2,2,4,3,3,1,1,1,2,1,1,2,2,3,6,7,7,6,1,1,A7,Z08B58,8B,7A,4/17/2004,4/17/2004,1/14/2016,11.75068493
4753,A0763,7,A,7A,Hindu,Friends,Friend1,1,48,F,63,4,1,7,7,6,6,6,5,6,5,2,2,3,NA,2,4,2,2,1,4,1,4,3,2,5,3,1,3,NA,3,4,3,1,1,3,1,NA,1,5,NA,F,Hindu,2,5,3,1,1,1,4,1,2,3,2,4,2,1,2,1,1,3,5,1,1,5,2,4,4,7,1,1,1,A7,Z08B59,8B,7A,11/6/2003,11/6/2003,1/14/2016,12.19726027
4760,A0764,7,A,7A,Muslim,Friends,Friend1,1,42,F,64,4,2,7,6,6,7,7,6,6,5,5,5,7,Vohta,2,2,1,2,1,2,1,1,4,1,1,2,2,2,4,2,2,3,1,1,3,1,1,1,5,2,F,Muslim,2,1,2,2,1,1,3,1,1,1,3,7,2,2,3,1,1,2,1,1,1,5,4,1,7,6,6,1,1,A7,Z08B60,8B,7A,12/9/2003,11/9/2003,1/14/2016,12.10684932
4763,A0765,7,A,7A,Muslim,Friends,Friend1,1,17,F,65,4,4,4,6,6,6,4,7,4,4,4,4,7,Vohta (alvi),2,1,1,2,1,1,1,1,4,1,1,3,2,2,4,3,3,1,1,1,1,1,1,1,5,2,M,Muslim,5,3,4,2,2,1,3,1,1,1,2,4,2,2,1,1,1,1,1,1,1,5,2,4,4,4,4,0,1,A7,Z08B64,8B,7A,1/5/2004,1/5/2004,1/14/2016,12.03287671
4769,B0701,7,B,7B,Muslim,Friends,Friend1,1,2,M,1,6,6,3,6,6,7,7,6,7,6,5,5,7,Mansuri,1,3,3,4,2,2,2,2,3,1,1,1,2,2,7,7,7,1,1,1,2,1,2,2,3,3,M,Hindu,1,2,2,1,1,1,3,1,2,2,2,4,3,3,1,1,2,2,3,1,2,4,3,7,6,7,6,1,0,B7,Z08C01,8C,7B,5/11/2004,5/11/2004,1/14/2016,11.68493151
4774,B0702,7,B,7B,Hindu,Friends,Friend1,1,3,M,2,3,7,6,7,7,6,7,6,6,5,4,5,2,NA,1,1,2,2,1,1,1,1,3,1,2,2,1,2,4,3,3,1,1,2,2,3,1,2,4,3,M,Hindu,4,1,1,2,3,1,4,1,4,1,1,4,4,3,1,1,1,2,1,1,1,5,3,7,4,7,4,1,1,B7,Z08C02,8C,7B,5/14/2003,5/14/2003,1/14/2016,12.67945205
4781,B0703,7,B,7B,Hindu,Friends,Friend1,1,2,M,3,6,7,4,2,7,4,6,6,5,4,7,2,3,NA,1,4,1,1,2,3,1,2,4,1,4,1,1,1,4,4,3,1,1,1,2,1,1,1,5,3,M,Hindu,1,2,2,1,1,1,3,1,2,2,2,4,3,3,1,1,2,2,3,1,2,4,3,7,6,7,6,1,1,B7,Z08C04,8C,7B,7/10/2003,7/10/2003,1/14/2016,12.52328767
4787,B0704,7,B,7B,Muslim,Friends,Friend1,1,1,M,4,2,6,3,2,6,7,7,6,NA,6,6,3,7,Sunni,1,1,1,2,2,1,1,2,3,1,1,2,2,1,4,5,5,3,1,3,3,1,1,1,3,2,M,Muslim,3,3,4,2,2,2,3,1,1,1,2,7,7,7,1,1,1,2,1,2,2,3,3,6,3,6,7,1,1,B7,Z08C05,8C,7B,1/22/2004,1/22/2004,1/14/2016,11.98630137
4794,B0705,7,B,7B,Muslim,Friends,Friend1,1,1,M,5,4,7,1,6,2,7,7,7,4,1,4,1,7,Saiyyad,1,1,1,2,1,2,1,1,NA,1,1,NA,2,1,3,1,7,2,1,2,3,1,1,1,5,1,M,Muslim,3,3,4,2,2,2,3,1,1,1,2,7,7,7,1,1,1,2,1,2,2,3,3,6,3,6,7,1,1,B7,Z08C06,8C,7B,9/25/2003,9/25/2003,1/14/2016,12.31232877
4801,B0706,7,B,7B,Muslim,Friends,Friend1,1,1,M,6,2,6,2,7,6,7,7,6,NA,6,6,3,7,Jamati,1,1,1,3,2,NA,1,2,4,1,1,2,2,1,4,5,5,2,1,1,2,1,1,1,3,2,M,Muslim,3,3,4,2,2,2,3,1,1,1,2,7,7,7,1,1,1,2,1,2,2,3,3,6,3,6,7,1,1,B7,Z08C07,8C,7B,10/4/2003,10/4/2003,1/14/2016,12.28767123
4808,B0707,7,B,7B,Hindu,Friends,Friend1,1,10,M,7,5,7,5,5,7,2,7,7,3,1,NA,5,1,NA,1,2,1,2,1,2,1,2,4,1,1,3,1,1,7,7,7,1,2,1,3,1,1,1,5,3,M,Hindu,1,1,2,1,1,2,3,1,3,2,1,4,5,5,2,1,1,3,1,1,1,4,3,6,6,7,4,1,1,B7,Z08C08,8C,7B,9/19/2003,9/19/2003,1/14/2016,12.32876712
4813,B0708,7,B,7B,Muslim,Friends,Friend1,1,11,M,8,4,4,4,5,4,7,4,6,4,3,4,4,7,Arab,1,4,1,2,2,1,1,2,4,1,1,1,2,1,2,2,3,2,1,1,3,1,1,1,3,2,M,Muslim,1,2,3,1,1,1,3,2,1,1,2,7,4,7,1,1,3,2,2,2,1,3,4,7,5,6,7,1,1,B7,Z08C09,8C,7B,12/28/2002,12/28/2002,1/14/2016,13.05479452
4817,B0709,7,B,7B,Hindu,Friends,Friend1,1,2,M,9,3,6,6,4,7,4,6,5,4,4,5,4,8,NA,1,1,1,2,3,2,2,4,4,1,3,3,1,2,4,NA,2,1,1,3,2,2,2,1,3,3,M,Hindu,1,2,2,1,1,1,3,1,2,2,2,4,3,3,1,1,2,2,3,1,2,4,3,7,6,7,6,1,1,B7,Z08C10,8C,7B,6/2/2004,6/2/2004,1/14/2016,11.62465753
4824,B0710,7,B,7B,Hindu,Friends,Friend1,1,19,M,10,4,6,6,5,7,4,7,4,5,4,5,5,1,NA,1,1,1,2,1,1,2,1,3,1,3,2,1,1,4,5,5,2,1,1,3,1,1,1,4,3,M,Hindu,1,1,1,1,1,1,4,1,5,3,3,4,4,4,1,1,1,1,1,1,1,5,5,7,7,7,6,1,1,B7,Z08C11,8C,7B,11/16/2003,11/16/2003,1/14/2016,12.16986301
4830,B0711,7,B,7B,Muslim,Friends,Friend1,1,4,M,11,1,7,5,7,6,7,5,3,4,5,NA,3,7,Jamati,1,1,2,3,1,1,1,2,3,2,1,1,2,2,7,4,7,1,1,3,2,2,2,1,3,4,M,Muslim,1,1,2,2,1,1,3,1,1,2,1,4,5,5,3,1,3,3,1,1,1,3,2,6,3,6,7,1,1,B7,Z08C12,8C,7B,10/23/2003,10/23/2003,1/14/2016,12.23561644
4837,B0712,7,B,7B,Hindu,Friends,Friend1,1,2,M,12,4,6,4,6,7,6,7,7,6,7,6,6,2,NA,1,1,1,1,2,1,1,1,3,1,3,3,1,2,4,4,4,2,1,1,1,1,2,1,5,2,M,Hindu,1,2,2,1,1,1,3,1,2,2,2,4,3,3,1,1,2,2,3,1,2,4,3,7,6,7,6,1,1,B7,Z08C13,8C,7B,4/25/2004,4/25/2004,1/14/2016,11.72876712
4843,B0713,7,B,7B,Muslim,Friends,Friend1,1,4,M,13,2,6,4,6,5,6,7,6,6,6,6,5,7,Sunni,1,1,1,1,1,1,1,2,4,1,2,1,2,2,4,4,4,1,1,1,2,1,1,1,4,4,M,Muslim,1,1,2,2,1,1,3,1,1,2,1,4,5,5,3,1,3,3,1,1,1,3,2,6,3,6,7,1,1,B7,Z08C14,8C,7B,11/11/2003,11/11/2003,1/14/2016,12.18356164
4850,B0714,7,B,7B,Hindu,Friends,Friend1,1,6,M,14,4,6,4,4,7,4,6,6,5,6,5,5,8,NA,1,1,1,1,1,2,1,1,3,1,1,2,1,2,4,4,4,2,2,1,1,2,2,2,3,3,M,Muslim,1,1,3,2,NA,1,4,1,1,2,1,4,5,5,2,1,1,2,1,1,1,3,2,6,2,6,7,1,0,B7,Z08C15,8C,7B,7/27/2003,7/27/2003,1/14/2016,12.47671233
4857,B0715,7,B,7B,Hindu,Friends,Friend1,1,2,M,15,4,7,5,6,7,4,7,3,6,4,3,6,8,NA,1,2,1,1,1,2,1,1,4,1,3,2,1,2,4,2,3,2,2,1,3,2,1,1,3,3,M,Hindu,1,2,2,1,1,1,3,1,2,2,2,4,3,3,1,1,2,2,3,1,2,4,3,7,6,7,6,1,1,B7,Z08C16,8C,7B,5/1/2015,8/9/2003,1/14/2016,NA
4863,B0716,7,B,7B,Hindu,Friends,Friend1,1,2,M,16,3,7,4,6,7,5,7,6,6,6,7,3,1,NA,1,1,1,1,1,1,1,4,3,1,4,2,1,2,4,4,3,2,1,1,3,1,2,1,5,4,M,Hindu,1,2,2,1,1,1,3,1,2,2,2,4,3,3,1,1,2,2,3,1,2,4,3,7,6,7,6,1,1,B7,Z08C17,8C,7B,8/28/2003,8/28/2003,1/14/2016,12.3890411
4870,B0717,7,B,7B,Hindu,Friends,Friend1,1,3,M,17,5,7,4,7,7,6,7,7,6,6,3,7,4,NA,1,1,1,1,1,1,1,1,1,1,4,2,1,1,4,3,1,5,5,5,5,5,1,1,5,2,M,Hindu,4,1,1,2,3,1,4,1,4,1,1,4,4,3,1,1,1,2,1,1,1,5,3,7,4,7,4,1,1,B7,Z08C18,8C,7B,5/2/2004,5/2/2004,1/14/2016,11.70958904
4877,B0718,7,B,7B,Hindu,Friends,Friend1,1,1,M,18,4,4,4,6,6,6,6,6,6,5,6,6,2,NA,1,2,2,2,2,2,1,1,4,1,5,2,1,2,4,4,4,2,1,1,1,1,1,2,3,2,M,Muslim,3,3,4,2,2,2,3,1,1,1,2,7,7,7,1,1,1,2,1,2,2,3,3,6,3,6,7,1,0,B7,Z08C19,8C,7B,2/19/2004,2/19/2004,1/14/2016,11.90958904
4885,B0719,7,B,7B,Hindu,Friends,Friend1,1,10,M,19,7,7,7,7,7,6,7,7,7,7,7,7,2,NA,1,1,1,1,1,1,1,1,4,1,5,3,1,3,4,4,4,1,1,1,1,1,1,1,5,5,M,Hindu,1,1,2,1,1,2,3,1,3,2,1,4,5,5,2,1,1,3,1,1,1,4,3,6,6,7,4,1,1,B7,NA,NA,7B,NA,12/2/2003,1/14/2016,12.1260274
4892,B0720,7,B,7B,Hindu,Friends,Friend1,1,10,M,20,1,7,7,5,6,5,6,5,5,1,7,4,8,NA,1,2,1,1,1,2,1,1,4,1,4,2,1,1,4,4,4,2,1,2,1,1,1,2,5,5,M,Hindu,1,1,2,1,1,2,3,1,3,2,1,4,5,5,2,1,1,3,1,1,1,4,3,6,6,7,4,1,1,B7,Z08C20,8C,7B,12/25/2003,12/25/2003,1/14/2016,12.0630137
4898,B0721,7,B,7B,Hindu,Friends,Friend1,1,17,M,21,5,7,6,7,7,5,7,7,6,6,6,6,8,NA,1,1,1,NA,1,1,1,1,3,1,2,2,1,1,4,4,4,1,1,2,2,2,1,2,5,3,M,Hindu,1,1,1,1,1,1,1,1,4,2,1,4,3,1,5,5,5,5,5,1,1,5,2,7,4,7,6,1,1,B7,Z08C21,8C,7B,12/30/2002,12/30/2002,1/14/2016,13.04931507
4905,B0722,7,B,7B,Muslim,Friends,Friend1,1,8,M,22,3,7,4,7,5,7,7,7,6,5,5,4,7,Sunni,1,1,4,1,2,1,2,1,3,1,1,1,2,2,4,4,4,3,2,2,2,1,3,1,2,2,M,Muslim,4,1,2,2,1,1,4,1,1,1,1,2,2,3,2,1,1,3,1,1,1,3,2,4,4,4,7,1,1,B7,Z08C22,8C,7B,5/23/2003,3/25/2003,1/14/2016,12.65479452
4908,B0723,7,B,7B,Hindu,Friends,Friend1,1,2,M,23,1,6,NA,7,6,2,6,6,2,6,6,6,8,NA,1,1,1,1,1,1,1,2,3,1,5,2,1,1,4,3,1,1,1,1,5,1,1,1,5,5,M,Hindu,1,2,2,1,1,1,3,1,2,2,2,4,3,3,1,1,2,2,3,1,2,4,3,7,6,7,6,1,1,B7,Z08C25,8C,7B,6/28/2003,6/28/2003,1/14/2016,12.55616438
4915,B0724,7,B,7B,Hindu,Friends,Friend1,1,10,M,24,4,4,4,4,4,4,4,4,4,4,4,4,4,NA,1,1,1,5,1,1,1,1,4,2,5,2,1,4,4,4,4,1,1,1,1,1,1,1,1,1,M,Hindu,1,1,2,1,1,2,3,1,3,2,1,4,5,5,2,1,1,3,1,1,1,4,3,6,6,7,4,1,1,B7,Z08C26,8C,7B,10/12/2003,10/12/2003,1/14/2016,12.26575342
4922,B0725,7,B,7B,Hindu,Friends,Friend1,1,2,M,25,5,6,4,6,7,5,6,7,6,7,6,5,1,NA,1,1,2,1,1,2,1,1,1,1,1,1,1,1,5,6,6,2,2,1,2,1,2,1,3,3,M,Hindu,1,2,2,1,1,1,3,1,2,2,2,4,3,3,1,1,2,2,3,1,2,4,3,7,6,7,6,1,1,B7,Z08C27,8C,7B,3/8/2003,3/8/2003,1/14/2016,12.8630137
4929,B0727,7,B,7B,Hindu,Friends,Friend1,1,3,M,27,2,7,4,7,6,5,6,5,3,4,3,4,2,NA,1,1,1,2,2,2,1,1,3,2,3,2,1,2,4,4,3,2,1,1,2,1,1,1,4,2,M,Hindu,4,1,1,2,3,1,4,1,4,1,1,4,4,3,1,1,1,2,1,1,1,5,3,7,4,7,4,1,1,B7,Z08C29,8C,7B,8/4/2003,4/8/2003,1/14/2016,12.45479452
4933,B0728,7,B,7B,Hindu,Friends,Friend1,1,2,M,28,4,7,1,6,7,1,7,7,4,5,6,5,8,NA,1,1,1,1,2,1,1,1,1,1,5,2,1,2,6,4,4,2,1,1,2,1,1,1,5,3,M,Hindu,1,2,2,1,1,1,3,1,2,2,2,4,3,3,1,1,2,2,3,1,2,4,3,7,6,7,6,1,1,B7,Z08C30,8C,7B,11/16/2003,11/16/2003,1/14/2016,12.16986301
4940,B0729,7,B,7B,Muslim,Friends,Friend1,1,4,M,29,4,7,1,4,4,7,7,4,4,4,5,4,7,Saiyed,1,1,1,2,1,1,3,2,3,1,1,1,2,1,4,5,5,2,1,1,3,1,1,1,5,3,M,Muslim,1,1,2,2,1,1,3,1,1,2,1,4,5,5,3,1,3,3,1,1,1,3,2,6,3,6,7,1,1,B7,Z08B23,8B,7B,9/22/2003,9/22/2003,1/14/2016,12.32054795
4947,B0730,7,B,7B,Jain,Friends,Friend1,1,17,M,30,4,7,4,7,7,7,7,7,7,6,7,7,6,NA,1,1,1,1,1,1,1,1,3,1,1,2,3,1,4,4,4,1,1,1,1,1,1,3,5,3,M,Hindu,1,1,1,1,1,1,1,1,4,2,1,4,3,1,5,5,5,5,5,1,1,5,2,7,4,7,6,1,0,B7,Z08C32,8C,7B,11/3/2003,11/3/2003,1/14/2016,12.20547945
4954,B0731,7,B,7B,Muslim,Friends,Friend1,1,5,M,31,6,6,1,1,6,7,6,6,5,4,7,5,7,Sunni,1,2,1,1,1,1,2,2,4,1,1,2,2,1,4,3,6,2,1,1,5,1,5,1,5,5,M,Muslim,1,1,2,1,2,1,NA,1,1,NA,1,3,1,7,2,1,2,3,1,1,1,5,1,7,1,2,7,1,1,B7,Z08C33,8C,7B,3/30/2003,3/30/2003,1/14/2016,12.80273973
4961,B0732,7,B,7B,Muslim,Friends,Friend1,1,22,M,32,6,6,5,7,6,6,6,6,6,6,7,5,7,Sunni,1,1,1,1,1,1,1,2,1,1,1,2,2,2,4,2,4,1,1,3,1,1,1,1,4,1,M,Muslim,1,4,1,2,1,2,3,1,1,1,2,4,4,4,3,2,2,2,1,3,1,2,2,7,4,5,7,1,1,B7,Z08C34,8C,7B,4/18/2003,4/18/2003,1/14/2016,12.75068493
4968,B0733,7,B,7B,Muslim,Friends,Friend1,1,11,M,33,3,7,7,7,4,7,6,5,5,4,5,5,7,Jamati,1,1,2,1,1,1,1,2,3,1,1,1,2,1,4,3,3,2,2,2,2,2,1,1,5,3,M,Muslim,1,2,3,1,1,1,3,2,1,1,2,7,4,7,1,1,3,2,2,2,1,3,4,7,5,6,7,1,1,B7,Z08C35,8C,7B,7/1/2004,7/1/2004,1/14/2016,11.54520548
4974,B0734,7,B,7B,Muslim,Friends,Friend1,1,6,M,34,7,7,4,7,6,7,4,7,3,6,5,NA,7,Sunni,1,3,2,1,1,1,1,2,4,1,1,1,2,1,4,1,6,2,5,4,3,1,5,4,2,3,M,Muslim,1,1,3,2,NA,1,4,1,1,2,1,4,5,5,2,1,1,2,1,1,1,3,2,6,2,6,7,1,1,B7,Z08C36,8C,7B,8/31/2003,NA,1/14/2016,12.38082192
4979,B0735,7,B,7B,Muslim,Friends,Friend1,1,31,M,35,2,1,2,1,3,7,2,6,2,1,2,2,7,Sunni,1,NA,2,1,1,1,1,2,4,1,1,1,2,1,4,1,4,2,2,2,2,2,5,4,5,2,M,Muslim,2,1,1,1,1,2,4,1,1,2,1,4,3,6,2,1,1,5,1,5,1,5,5,6,1,6,7,1,1,B7,Z08C37,8C,7B,8/16/2003,8/16/2003,1/14/2016,12.42191781
4983,B0736,7,B,7B,Muslim,Friends,Friend1,1,1,M,36,4,4,4,4,4,7,5,4,5,4,3,3,7,Muslim Tai,1,2,1,2,1,2,2,2,3,1,1,1,2,2,4,4,4,3,1,1,3,2,1,1,3,3,M,Muslim,3,3,4,2,2,2,3,1,1,1,2,7,7,7,1,1,1,2,1,2,2,3,3,6,3,6,7,1,1,B7,Z08C38,8C,7B,12/23/2003,12/23/2003,1/14/2016,12.06849315
4989,B0738,7,B,7B,Hindu,Friends,Friend1,1,2,M,38,5,6,5,4,6,6,6,6,6,6,6,6,2,NA,1,2,2,1,1,2,1,1,1,2,2,5,1,2,5,5,5,1,1,1,1,1,5,1,3,3,M,Hindu,1,2,2,1,1,1,3,1,2,2,2,4,3,3,1,1,2,2,3,1,2,4,3,7,6,7,6,1,1,B7,Z08C40,8C,7B,5/1/2015,6/6/2003,1/14/2016,NA
4996,B0741,7,B,7B,Christian,Friends,Friend1,1,42,F,41,5,4,7,6,6,6,6,6,6,6,6,6,8,NA,2,2,1,2,1,1,1,2,4,3,5,3,NA,1,4,4,4,2,2,2,2,2,2,2,5,2,F,Hindu,1,3,2,1,2,2,3,1,2,1,2,4,4,4,2,1,1,5,2,1,2,5,3,5,6,6,5,1,0,B7,Z08C43,8C,7B,8/19/2004,NA,1/14/2016,11.4109589
4999,B0742,7,B,7B,Hindu,Friends,Friend1,1,43,F,42,5,5,6,5,6,5,6,6,5,5,3,3,6,NA,2,1,3,2,1,2,2,1,3,1,2,1,1,2,4,4,4,2,1,1,5,2,1,2,5,3,F,Hindu,2,1,1,1,2,1,3,1,3,1,1,3,3,3,2,2,2,2,1,2,1,3,3,3,7,7,3,1,1,B7,Z08C44,8C,7B,9/26/2003,9/29/2003,1/14/2016,12.30958904
5005,B0743,7,B,7B,Hindu,Friends,Friend1,1,41,F,43,2,3,7,6,7,3,6,6,5,6,4,6,1,NA,2,2,1,1,1,2,1,1,3,1,3,1,1,1,3,3,3,2,2,2,2,1,2,1,3,3,F,Christian,2,1,2,1,1,1,4,3,5,3,1,4,4,4,2,2,2,2,2,2,2,5,2,4,7,6,6,1,0,B7,Z08C45,8C,7B,10/20/2002,10/20/2002,1/14/2016,13.24383562
5009,B0744,7,B,7B,Hindu,Friends,Friend1,1,42,F,44,2,6,7,7,7,1,7,7,1,6,5,3,8,NA,2,1,1,1,2,2,1,4,4,1,4,3,1,2,4,2,2,1,5,2,1,2,1,1,5,5,F,Hindu,1,3,2,1,2,2,3,1,2,1,2,4,4,4,2,1,1,5,2,1,2,5,3,5,6,6,5,1,1,B7,Z08C46,8C,7B,9/25/2003,NA,1/14/2016,12.31232877
5016,B0745,7,B,7B,other,Friends,Friend1,1,44,F,45,7,5,7,7,7,6,6,5,6,5,5,5,6,NA,2,2,1,2,1,2,1,1,3,2,4,2,3,2,4,3,3,1,1,1,2,1,1,2,3,2,F,Hindu,1,1,1,2,2,1,4,1,4,3,2,4,2,2,1,5,2,1,2,1,1,5,5,6,7,7,1,1,0,B7,Z08C47,8C,7B,5/21/2004,5/21/2004,1/14/2016,11.65753425
5019,B0747,7,B,7B,Muslim,Friends,Friend1,1,44,F,47,6,6,6,6,3,7,7,4,5,4,4,7,7,Jamati,2,1,1,1,2,1,1,2,4,1,1,5,2,1,3,2,3,2,2,2,2,2,1,1,5,3,F,Hindu,1,1,1,2,2,1,4,1,4,3,2,4,2,2,1,5,2,1,2,1,1,5,5,6,7,7,1,1,0,B7,Z08C49,8C,7B,9/13/2003,9/13/2003,1/14/2016,12.34520548
5026,B0748,7,B,7B,Hindu,Friends,Friend1,1,42,F,48,5,6,7,7,7,5,6,6,6,5,6,6,2,NA,2,1,1,1,1,1,1,1,3,1,1,1,1,2,4,5,4,1,1,1,1,1,1,1,4,4,F,Hindu,1,3,2,1,2,2,3,1,2,1,2,4,4,4,2,1,1,5,2,1,2,5,3,5,6,6,5,1,1,B7,Z08C50,8C,7B,10/14/2003,10/14/2003,1/14/2016,12.26027397
5033,B0749,7,B,7B,Muslim,Friends,Friend1,1,43,F,49,2,4,6,7,6,7,6,6,4,4,1,4,7,Submani,2,2,2,1,1,1,1,2,1,1,1,2,2,1,4,1,1,2,1,2,1,3,1,1,5,2,F,Hindu,2,1,1,1,2,1,3,1,3,1,1,3,3,3,2,2,2,2,1,2,1,3,3,3,7,7,3,1,0,B7,Z08C51,8C,7B,6/7/2003,6/7/2003,1/14/2016,12.61369863
5040,B0750,7,B,7B,Hindu,Friends,Friend1,1,44,F,50,4,3,6,6,6,3,6,6,5,4,4,4,2,NA,2,2,1,1,1,2,1,1,1,1,3,2,1,2,4,2,2,3,2,2,1,2,1,1,5,3,F,Hindu,1,1,1,2,2,1,4,1,4,3,2,4,2,2,1,5,2,1,2,1,1,5,5,6,7,7,1,1,1,B7,Z08C53,8C,7B,4/5/2004,4/5/2004,1/14/2016,11.78356164
5047,B0751,7,B,7B,Muslim,Friends,Friend1,1,43,F,51,2,1,6,6,2,6,7,6,2,2,2,7,7,Sunni,2,1,1,1,2,2,1,2,4,1,1,5,2,1,4,2,3,2,1,1,2,1,NA,1,NA,2,F,Hindu,2,1,1,1,2,1,3,1,3,1,1,3,3,3,2,2,2,2,1,2,1,3,3,3,7,7,3,1,0,B7,NA,NA,7B,NA,10/22/2003,1/14/2016,12.23835616
5050,B0752,7,B,7B,Hindu,Friends,Friend1,1,43,F,52,1,1,6,6,7,1,7,6,2,6,4,5,6,NA,2,2,2,1,1,2,1,1,3,1,4,2,1,1,4,4,4,2,3,2,1,3,1,1,4,2,F,Hindu,2,1,1,1,2,1,3,1,3,1,1,3,3,3,2,2,2,2,1,2,1,3,3,3,7,7,3,1,1,B7,Z08B56,8B,7B,9/14/2003,9/14/2003,1/14/2016,12.34246575
5055,B0753,7,B,7B,Muslim,Friends,Friend1,1,45,F,53,4,3,6,7,5,6,5,6,4,4,4,NA,7,Sunni,2,2,3,4,1,2,1,2,3,2,1,3,2,2,4,5,5,2,1,1,2,2,1,1,5,3,F,other,2,1,2,1,2,1,3,2,4,2,2,4,3,3,1,1,1,2,1,1,2,3,2,5,7,7,6,1,0,B7,Z08C54,8C,7B,9/10/2002,9/10/2002,1/14/2016,13.35342466
5062,B0754,7,B,7B,Muslim,Friends,Friend1,1,47,F,54,6,5,7,6,6,6,6,6,6,6,7,5,7,Sunni,2,1,1,1,2,1,2,2,4,1,5,2,2,2,4,3,5,2,1,1,1,1,1,1,NA,NA,F,Muslim,1,1,1,2,1,1,4,1,1,5,1,3,2,3,2,2,2,2,2,1,1,5,3,6,6,3,7,1,1,B7,Z08C55,8C,7B,12/31/2003,12/31/2003,1/14/2016,12.04657534
5065,B0755,7,B,7B,Hindu,Friends,Friend1,1,42,F,55,2,1,7,6,7,7,3,5,NA,6,NA,7,8,NA,2,1,2,3,1,2,1,4,4,1,2,2,1,2,4,3,4,4,1,1,1,4,NA,2,3,1,F,Hindu,1,3,2,1,2,2,3,1,2,1,2,4,4,4,2,1,1,5,2,1,2,5,3,5,6,6,5,1,1,B7,NA,NA,7B,NA,2/11/2004,1/14/2016,11.93150685
5068,B0756,7,B,7B,Hindu,Friends,Friend1,1,42,F,56,1,5,7,7,7,6,7,6,6,6,1,7,1,NA,2,1,1,1,1,1,1,4,3,1,4,1,1,1,4,4,4,1,1,1,1,3,1,1,5,3,F,Hindu,1,3,2,1,2,2,3,1,2,1,2,4,4,4,2,1,1,5,2,1,2,5,3,5,6,6,5,1,1,B7,Z08C56,8C,7B,5/29/2003,5/29/2003,1/14/2016,12.63835616
5075,B0757,7,B,7B,Hindu,Friends,Friend1,1,23,F,57,4,7,7,6,7,6,6,6,6,5,6,6,2,NA,2,1,2,2,2,1,1,2,3,1,2,3,1,2,2,1,1,1,1,1,2,1,1,2,3,2,M,Hindu,1,1,1,1,1,1,3,1,5,2,1,4,3,1,1,1,1,5,1,1,1,5,5,6,NA,6,2,0,1,B7,Z08C57,8C,7B,1/29/2004,1/29/2004,1/14/2016,11.96712329
5082,B0758,7,B,7B,Jain,Friends,Friend1,1,43,F,58,1,1,7,7,7,1,7,6,4,7,1,7,8,NA,2,1,1,1,1,1,1,1,1,1,4,3,3,1,4,4,3,1,1,1,1,1,1,1,5,5,F,Hindu,2,1,1,1,2,1,3,1,3,1,1,3,3,3,2,2,2,2,1,2,1,3,3,3,7,7,3,1,0,B7,Z08C58,8C,7B,1/29/2004,1/29/2004,1/14/2016,11.96712329
5089,B0759,7,B,7B,Muslim,Friends,Friend1,1,46,F,59,4,4,7,7,4,7,7,4,6,4,6,6,7,Sunni,2,1,1,1,1,1,1,2,4,1,1,1,2,2,3,4,4,1,1,1,1,1,1,2,1,5,F,NA,NA,NA,NA,NA,NA,NA,NA,NA,NA,NA,NA,NA,NA,NA,NA,NA,NA,NA,NA,NA,NA,NA,NA,NA,NA,NA,NA,1,NA,B7,Z08C59,8C,7B,5/15/2004,5/15/2004,1/14/2016,11.6739726
5094,B0760,7,B,7B,Muslim,Friends,Friend1,1,49,F,60,4,1,7,6,5,7,6,6,5,5,4,4,7,Sunni,2,1,1,2,1,1,1,2,2,1,1,3,2,2,4,3,2,4,2,2,2,4,1,3,4,3,F,Muslim,2,2,1,1,1,1,1,1,1,2,1,4,1,1,2,1,2,1,3,1,1,5,2,4,6,6,7,1,1,B7,Z08C60,8C,7B,12/20/2003,12/20/2003,1/14/2016,12.07671233
5101,B0761,7,B,7B,Hindu,Friends,Friend1,1,25,F,61,4,6,6,5,6,6,6,6,6,6,6,6,8,NA,2,3,1,2,1,2,1,2,4,2,5,3,1,2,4,4,4,1,1,1,1,2,1,2,3,2,M,Hindu,1,2,1,1,2,1,1,1,1,1,1,5,6,6,2,2,1,2,1,2,1,3,3,6,4,7,5,0,1,B7,Z08C61,8C,7B,12/28/2003,NA,1/14/2016,12.05479452
5108,B0762,7,B,7B,Jain,Friends,Friend1,1,44,F,62,1,4,7,7,7,2,7,7,6,6,1,7,6,NA,2,2,2,2,1,1,1,2,3,1,3,1,3,1,3,2,1,NA,1,2,1,3,1,1,5,3,F,Hindu,1,1,1,2,2,1,4,1,4,3,2,4,2,2,1,5,2,1,2,1,1,5,5,6,7,7,1,1,0,B7,Z08C62,8C,7B,3/17/2004,6/18/2003,1/14/2016,11.83561644
5112,B0763,7,B,7B,Muslim,Friends,Friend1,1,47,F,63,3,1,7,5,6,7,6,6,6,4,6,1,8,NA,2,1,1,1,1,1,1,2,4,1,1,1,2,1,2,2,4,2,1,1,2,1,1,1,3,3,F,Muslim,1,1,1,2,1,1,4,1,1,5,1,3,2,3,2,2,2,2,2,1,1,5,3,6,6,3,7,1,1,B7,Z08C63,8C,7B,6/18/2003,6/18/2003,1/14/2016,12.58356164
5118,B0764,7,B,7B,Muslim,Friends,Friend1,1,47,F,64,2,1,6,3,5,7,3,6,5,7,3,5,8,NA,2,1,2,3,1,2,1,2,3,1,1,1,2,2,4,4,4,3,1,1,1,2,2,2,3,1,F,Muslim,1,1,1,2,1,1,4,1,1,5,1,3,2,3,2,2,2,2,2,1,1,5,3,6,6,3,7,1,1,B7,Z08B62,8B,7B,6/18/2003,6/18/2003,1/14/2016,12.58356164
5121,B0765,7,B,7B,Hindu,Friends,Friend1,1,42,F,65,3,1,7,7,7,5,7,7,6,5,5,5,2,NA,2,1,1,1,1,1,1,1,1,1,1,1,1,1,4,4,2,2,1,1,1,1,1,1,3,3,F,Hindu,1,3,2,1,2,2,3,1,2,1,2,4,4,4,2,1,1,5,2,1,2,5,3,5,6,6,5,1,1,B7,Z08C64,8C,7B,9/18/2003,9/18/2006,1/14/2016,12.33150685
5128,C0701,7,C,7C,Muslim,Friends,Friend1,1,6,M,1,6,6,7,6,6,6,6,6,6,6,6,6,7,Vohra,1,1,1,1,1,1,1,1,4,1,1,2,2,1,4,3,4,1,1,1,1,1,1,1,5,2,M,Muslim,1,1,1,1,1,1,4,4,2,2,1,4,4,4,1,1,1,1,1,1,1,3,5,6,1,1,7,1,1,C7,Z08A01,8A,7C,6/18/2003,6/18/2003,1/14/2016,12.58356164
5132,C0702,7,C,7C,Hindu,Friends,Friend1,1,5,M,2,7,7,7,6,7,6,7,4,6,6,4,5,1,NA,1,1,1,3,3,2,1,1,4,1,5,1,1,3,4,4,4,1,1,1,3,1,1,1,5,1,M,Hindu,2,1,1,1,1,2,3,1,5,2,2,4,4,4,1,1,1,2,1,2,1,4,2,4,4,7,4,1,1,C7,Z08A02,8A,7C,9/26/2003,9/26/2003,1/14/2016,12.30958904
5139,C0703,7,C,7C,Hindu,Friends,Friend1,1,5,M,3,4,7,6,4,7,5,7,7,6,6,5,4,8,NA,1,1,1,1,1,1,1,4,4,1,2,2,1,1,4,4,4,1,1,1,1,1,1,1,5,5,M,Hindu,2,1,1,1,1,2,3,1,5,2,2,4,4,4,1,1,1,2,1,2,1,4,2,4,4,7,4,1,1,C7,Z08A03,8A,7C,6/2/2003,6/2/2003,1/14/2016,12.62739726
5146,C0704,7,C,7C,Hindu,Friends,Friend1,1,3,M,4,NA,7,6,NA,6,NA,NA,7,NA,6,4,NA,8,NA,1,2,1,1,1,2,1,1,3,2,5,2,1,1,3,2,2,1,1,1,1,1,1,2,5,1,M,Hindu,1,1,1,1,1,1,4,1,2,2,1,4,4,4,1,1,1,1,1,1,1,5,5,7,6,7,5,1,1,C7,NA,NA,7C,NA,6/26/2003,1/14/2016,12.56164384
5152,C0705,7,C,7C,Hindu,Friends,Friend1,1,3,M,5,4,4,4,4,7,4,4,4,4,4,4,4,8,NA,1,2,1,1,1,1,2,1,3,1,5,2,1,2,4,4,4,1,1,1,2,1,2,1,4,2,M,Hindu,1,1,1,1,1,1,4,1,2,2,1,4,4,4,1,1,1,1,1,1,1,5,5,7,6,7,5,1,1,C7,Z08A06,8A,7C,4/16/2004,4/16/2004,1/14/2016,11.75342466
5157,C0706,7,C,7C,Muslim,Friends,Friend1,1,1,M,6,1,6,1,6,1,7,6,1,1,1,6,6,7,Muslim,1,1,1,1,1,1,1,1,4,4,2,2,2,1,4,4,4,1,1,1,1,1,1,1,3,5,M,Muslim,1,1,1,1,1,1,4,1,1,2,1,4,3,4,1,1,1,1,1,1,1,5,2,6,7,6,6,1,1,C7,Z07A03,7A,7C,8/23/2003,8/23/2003,1/14/2016,12.40273973
5162,C0707,7,C,7C,Muslim,Friends,Friend1,1,10,M,7,6,7,1,4,6,7,7,7,6,5,1,5,7,Tai,1,1,1,1,2,1,1,2,3,1,1,1,2,1,4,3,4,1,1,1,1,2,1,1,5,1,M,Muslim,1,1,1,2,1,2,2,2,1,1,1,3,3,4,5,2,2,2,3,2,3,2,4,7,2,5,7,1,1,C7,Z08A07,8A,7C,8/2/2003,8/2/2003,1/14/2016,12.46027397
5169,C0708,7,C,7C,Muslim,Friends,Friend1,1,1,M,8,4,6,4,7,6,5,7,6,5,4,7,6,NA,Vohra,1,2,2,1,1,1,1,1,2,1,3,1,2,1,4,3,4,2,1,2,1,3,1,1,3,3,M,Muslim,1,1,1,1,1,1,4,1,1,2,1,4,3,4,1,1,1,1,1,1,1,5,2,6,7,6,6,1,1,C7,Z08A08,8A,7C,10/9/2003,NA,1/14/2016,12.2739726
5175,C0709,7,C,7C,Muslim,Friends,Friend1,1,10,M,9,5,7,6,6,6,7,6,6,6,5,7,4,7,Jamati,1,1,1,1,1,1,1,2,4,1,1,1,2,1,4,4,7,1,1,1,1,1,2,1,3,2,M,Muslim,1,1,1,2,1,2,2,2,1,1,1,3,3,4,5,2,2,2,3,2,3,2,4,7,2,5,7,1,1,C7,NA,NA,7C,NA,NA,1/14/2016,NA
5182,C0710,7,C,7C,Muslim,Friends,Friend1,1,3,M,10,5,7,2,7,5,7,7,7,NA,5,5,6,7,Muslim (Sunni),1,1,1,1,2,1,2,2,2,2,1,1,2,1,3,3,4,5,2,2,2,3,2,3,2,4,M,Hindu,1,1,1,1,1,1,4,1,2,2,1,4,4,4,1,1,1,1,1,1,1,5,5,7,6,7,5,1,0,C7,Z08A10,8A,7C,5/6/2003,5/6/2003,1/14/2016,12.70136986
5188,C0711,7,C,7C,other,Friends,Friend1,1,12,M,11,1,7,7,7,7,3,7,7,5,6,5,3,7,Sindhi,1,3,2,2,2,2,1,4,3,1,4,4,3,1,4,3,6,3,1,2,3,1,1,1,3,5,M,Hindu,1,1,5,1,1,1,4,1,2,1,2,4,4,4,1,1,1,1,1,1,1,5,3,4,4,7,7,1,0,C7,Z08A11,8A,7C,11/22/2003,11/22/2003,1/14/2016,12.15342466
5195,C0712,7,C,7C,Hindu,Friends,Friend1,1,8,M,12,7,4,4,7,7,7,7,7,7,7,7,7,2,NA,1,1,1,5,1,1,1,2,4,1,2,1,1,2,4,4,4,1,1,1,1,1,1,1,5,3,M,Muslim,2,2,1,1,1,1,2,1,3,1,1,4,3,4,2,1,2,1,3,1,1,3,3,6,4,6,5,1,0,C7,Z08A12,8A,7C,2/4/2003,2/4/2003,1/14/2016,12.95068493
5200,C0713,7,C,7C,Hindu,Friends,Friend1,1,20,M,13,4,7,1,6,7,4,7,7,5,7,4,4,8,NA,1,1,1,1,1,1,1,2,4,1,4,2,1,1,NA,2,4,3,3,2,2,2,1,1,5,1,M,Hindu,1,2,3,2,2,1,3,1,2,2,2,4,3,3,1,1,1,2,1,1,1,3,2,6,6,6,5,1,1,C7,Z08A13,8A,7C,3/5/2004,3/5/2004,1/14/2016,11.86849315
5205,C0714,7,C,7C,Muslim,Friends,Friend1,1,2,M,14,2,7,7,6,5,7,NA,4,6,NA,2,4,7,Suthi,1,1,1,1,1,1,1,1,4,1,1,2,2,1,4,4,4,1,1,1,1,1,1,1,1,3,M,Hindu,1,1,3,3,2,1,4,1,5,1,3,4,4,4,1,1,1,3,1,1,1,5,1,7,7,7,6,1,0,C7,Z08A15,8A,7C,4/19/2003,4/19/2003,1/14/2016,12.74794521
5212,C0715,7,C,7C,Hindu,Friends,Friend1,1,20,M,15,5,7,4,5,6,6,7,6,7,5,5,5,8,NA,1,3,2,1,1,2,2,2,3,1,3,4,1,2,3,3,3,2,1,1,2,2,1,2,2,3,M,Hindu,1,2,3,2,2,1,3,1,2,2,2,4,3,3,1,1,1,2,1,1,1,3,2,6,6,6,5,1,1,C7,Z08A16,8A,7C,6/1/2004,NA,1/14/2016,11.62739726
5215,C0716,7,C,7C,Muslim,Friends,Friend1,1,9,M,16,2,7,4,7,5,7,7,7,4,4,7,4,7,Jamati,1,1,1,1,1,1,1,4,4,1,1,1,2,1,4,4,4,2,2,2,2,1,1,2,5,3,M,Muslim,1,1,1,1,1,1,4,1,1,1,1,4,4,7,1,1,1,1,1,2,1,3,2,7,6,6,7,1,1,C7,Z08A17,8A,7C,12/20/2003,12/20/2003,1/14/2016,12.07671233
5222,C0717,7,C,7C,Muslim,Friends,Friend1,1,4,M,17,1,6,6,7,5,6,6,1,5,1,3,3,7,Sunni,1,1,1,1,1,1,1,2,1,1,3,1,2,2,3,2,3,2,2,1,2,5,3,2,1,4,M,Hindu,2,1,1,1,2,1,3,2,5,2,1,3,2,2,1,1,1,1,1,1,2,5,1,7,6,6,NA,1,0,C7,Z08A18,8A,7C,5/31/2003,5/31/2003,1/14/2016,12.63287671
5230,C0718,7,C,7C,Hindu,Friends,Friend1,1,5,M,18,1,7,6,7,7,1,7,2,7,7,6,6,8,NA,1,1,1,1,3,1,1,2,1,5,5,1,1,1,4,4,1,1,1,1,3,1,5,1,5,5,M,Hindu,2,1,1,1,1,2,3,1,5,2,2,4,4,4,1,1,1,2,1,2,1,4,2,4,4,7,4,1,1,C7,Z08A19,8A,7C,7/28/2004,7/28/2004,1/14/2016,11.47123288
5237,C0719,7,C,7C,Hindu,Friends,Friend1,1,3,M,19,4,7,7,1,7,5,7,7,7,6,4,4,8,NA,1,1,1,1,1,1,1,1,4,1,4,4,1,1,4,2,1,1,1,1,1,1,1,1,5,5,M,Hindu,1,1,1,1,1,1,4,1,2,2,1,4,4,4,1,1,1,1,1,1,1,5,5,7,6,7,5,1,1,C7,Z08A20,8A,7C,6/14/2004,6/15/2004,1/14/2016,11.59178082
5244,C0720,7,C,7C,Hindu,Friends,Friend1,1,2,M,20,5,6,6,7,6,5,7,6,6,6,7,4,8,NA,1,1,2,3,2,2,1,1,3,1,2,2,1,2,4,3,3,1,1,1,2,1,1,1,3,2,M,Hindu,1,1,3,3,2,1,4,1,5,1,3,4,4,4,1,1,1,3,1,1,1,5,1,7,7,7,6,1,1,C7,Z08A21,8A,7C,4/20/2004,4/20/2004,1/14/2016,11.74246575
5251,C0721,7,C,7C,Hindu,Friends,Friend1,1,2,M,21,2,5,3,6,NA,2,6,6,6,2,NA,NA,1,NA,1,3,1,2,1,3,1,1,2,1,2,3,1,2,4,4,4,5,1,1,1,5,1,1,3,5,M,Hindu,1,1,3,3,2,1,4,1,5,1,3,4,4,4,1,1,1,3,1,1,1,5,1,7,7,7,6,1,1,C7,Z08A22,8A,7C,10/6/2002,10/6/2002,1/14/2016,13.28219178
5258,C0722,7,C,7C,Hindu,Friends,Friend1,1,2,M,22,5,7,7,7,7,5,7,7,5,5,7,1,6,NA,1,1,2,1,1,1,1,1,4,1,1,1,1,1,4,7,7,2,1,1,1,1,1,1,5,5,M,Hindu,1,1,3,3,2,1,4,1,5,1,3,4,4,4,1,1,1,3,1,1,1,5,1,7,7,7,6,1,1,C7,Z08A23,8A,7C,11/8/2003,11/8/2003,1/14/2016,12.19178082
5265,C0723,7,C,7C,Muslim,Friends,Friend1,1,9,M,23,2,7,4,7,5,7,7,7,4,4,7,7,7,Jamati,1,1,1,1,1,1,1,2,4,1,1,1,2,1,4,4,4,2,2,2,2,1,1,2,3,5,M,Muslim,1,1,1,1,1,1,4,1,1,1,1,4,4,7,1,1,1,1,1,2,1,3,2,7,6,6,7,1,1,C7,Z08A24,8A,7C,2/11/2004,2/11/2004,1/14/2016,11.93150685
5272,C0724,7,C,7C,Hindu,Friends,Friend1,1,2,M,24,4,7,3,6,7,NA,7,7,2,3,5,2,7,Patel,1,1,1,1,2,1,1,1,3,1,2,1,1,1,6,7,7,4,5,4,3,2,1,1,5,3,M,Hindu,1,1,3,3,2,1,4,1,5,1,3,4,4,4,1,1,1,3,1,1,1,5,1,7,7,7,6,1,1,C7,Z08A25,8A,7C,8/27/2004,8/27/2004,1/14/2016,11.3890411
5279,C0725,7,C,7C,Muslim,Friends,Friend1,1,7,M,25,1,7,1,6,5,7,7,2,7,5,5,6,7,Sunni,1,1,1,3,NA,1,2,2,4,1,1,2,2,1,4,2,2,3,2,2,2,2,2,2,3,5,M,Muslim,1,1,1,2,1,1,3,1,1,1,1,4,3,4,1,1,1,1,2,1,1,5,1,7,1,6,7,1,1,C7,Z08A26,8A,7C,11/10/2003,11/10/2003,1/14/2016,12.18630137
5286,C0726,7,C,7C,Hindu,Friends,Friend1,1,3,M,26,3,6,4,6,7,4,7,6,7,6,5,3,8,NA,1,1,1,1,1,1,2,1,3,1,5,2,1,2,4,4,4,1,1,1,2,1,1,1,5,2,M,Hindu,1,1,1,1,1,1,4,1,2,2,1,4,4,4,1,1,1,1,1,1,1,5,5,7,6,7,5,1,1,C7,Z08A27,8A,7C,1/19/2004,1/19/2004,1/14/2016,11.99452055
5293,C0727,7,C,7C,Muslim,Friends,Friend1,1,5,M,27,6,6,6,6,6,6,6,6,6,6,6,6,7,Sunni,1,1,1,1,1,1,1,2,1,1,1,2,2,1,4,3,3,1,1,1,1,1,1,1,5,3,M,Hindu,2,1,1,1,1,2,3,1,5,2,2,4,4,4,1,1,1,2,1,2,1,4,2,4,4,7,4,1,0,C7,Z08A28,8A,7C,4/18/2004,4/18/2004,1/14/2016,11.74794521
5300,C0728,7,C,7C,Muslim,Friends,Friend1,1,4,M,28,4,7,1,7,4,7,7,7,5,7,7,1,7,Jamati,1,1,1,1,1,1,1,4,2,1,1,1,2,1,4,4,7,5,NA,1,1,1,1,1,1,1,M,Hindu,2,1,1,1,2,1,3,2,5,2,1,3,2,2,1,1,1,1,1,1,2,5,1,7,6,6,NA,1,0,C7,Z08A29,8A,7C,8/28/2004,8/28/2004,1/14/2016,11.38630137
5307,C0729,7,C,7C,Hindu,Friends,Friend1,1,3,M,29,4,7,1,6,7,2,7,7,6,6,4,4,8,NA,1,1,1,1,2,1,2,4,4,1,5,2,1,1,4,4,2,3,3,2,1,2,1,1,5,1,M,Hindu,1,1,1,1,1,1,4,1,2,2,1,4,4,4,1,1,1,1,1,1,1,5,5,7,6,7,5,1,1,C7,Z08A30,8A,7C,2/9/2004,2/9/2004,1/14/2016,11.9369863
5314,C0730,7,C,7C,Muslim,Friends,Friend1,1,9,M,30,5,6,2,6,5,6,6,7,4,5,6,7,7,Muslim (Sunni),1,1,1,1,2,1,3,2,2,2,1,1,2,1,3,3,4,5,4,2,2,3,2,3,1,5,M,Muslim,1,1,1,1,1,1,4,1,1,1,1,4,4,7,1,1,1,1,1,2,1,3,2,7,6,6,7,1,1,C7,NA,NA,7C,NA,9/1/2003,1/14/2016,12.37808219
5321,C0731,7,C,7C,Hindu,Friends,Friend1,1,2,M,31,2,7,6,3,7,5,7,7,5,6,6,5,NA,NA,1,1,1,2,3,2,1,1,2,1,1,4,1,1,4,5,4,1,1,2,3,1,2,1,5,1,M,Hindu,1,1,3,3,2,1,4,1,5,1,3,4,4,4,1,1,1,3,1,1,1,5,1,7,7,7,6,1,1,C7,Z08A31,8A,7C,9/27/2003,9/27/2003,1/14/2016,12.30684932
5328,C0732,7,C,7C,Hindu,Friends,Friend1,1,2,M,32,2,6,4,7,6,6,6,6,6,6,6,6,7,Chamar,1,1,4,1,1,1,1,1,3,1,2,1,1,1,4,3,3,2,2,2,2,2,3,3,3,5,M,Hindu,1,1,3,3,2,1,4,1,5,1,3,4,4,4,1,1,1,3,1,1,1,5,1,7,7,7,6,1,1,C7,Z08A32,8A,7C,5/14/2004,5/11/2004,1/14/2016,11.67671233
5332,C0733,7,C,7C,Muslim,Friends,Friend1,1,9,M,33,2,7,6,7,6,7,6,6,6,5,6,4,7,Jamati,1,1,2,1,1,1,1,2,NA,1,1,NA,2,1,4,3,3,2,1,1,2,1,1,2,3,4,M,Muslim,1,1,1,1,1,1,4,1,1,1,1,4,4,7,1,1,1,1,1,2,1,3,2,7,6,6,7,1,1,C7,Z08A33,8A,7C,3/30/2003,3/30/2003,1/14/2016,12.80273973
5339,C0734,7,C,7C,Muslim,Friends,Friend1,1,7,M,34,6,7,7,1,4,7,7,6,6,1,6,1,7,Sunni,1,1,1,1,1,1,1,2,3,1,1,2,2,1,4,1,7,1,1,2,3,1,1,1,2,5,M,Muslim,1,1,1,2,1,1,3,1,1,1,1,4,3,4,1,1,1,1,2,1,1,5,1,7,1,6,7,1,1,C7,Z08A34,8A,7C,12/27/2003,12/27/2003,1/14/2016,12.05753425
5345,C0735,7,C,7C,Muslim,Friends,Friend1,1,8,M,35,1,7,4,6,6,7,7,4,6,4,6,4,7,Muslim (Shia),1,1,1,1,1,1,1,2,3,1,1,1,2,1,4,3,3,2,1,1,1,2,1,1,5,3,M,Muslim,2,2,1,1,1,1,2,1,3,1,1,4,3,4,2,1,2,1,3,1,1,3,3,6,4,6,5,1,1,C7,Z08A35,8A,7C,6/25/2003,6/25/2003,1/14/2016,12.56438356
5352,C0736,7,C,7C,other,Friends,Friend1,1,1,M,36,4,6,3,6,4,4,6,6,5,5,4,5,7,Vohara,1,1,1,2,2,1,2,1,3,1,1,2,3,2,3,2,2,2,1,2,2,1,1,1,4,2,M,Muslim,1,1,1,1,1,1,4,1,1,2,1,4,3,4,1,1,1,1,1,1,1,5,2,6,7,6,6,1,0,C7,Z08A36,8A,7C,9/9/2003,9/8/2003,1/14/2016,12.35616438
5358,C0737,7,C,7C,Hindu,Friends,Friend1,1,3,M,37,1,7,5,7,7,1,NA,2,7,7,6,7,8,NA,1,1,1,1,2,1,1,1,1,5,5,1,1,1,4,4,1,1,1,1,3,1,5,1,5,5,M,Hindu,1,1,1,1,1,1,4,1,2,2,1,4,4,4,1,1,1,1,1,1,1,5,5,7,6,7,5,1,1,C7,NA,NA,7C,NA,11/27/2003,1/14/2016,12.13972603
5365,C0738,7,C,7C,Hindu,Friends,Friend1,1,2,M,38,3,4,4,5,7,6,6,4,4,4,4,4,3,NA,1,1,1,1,1,1,1,1,4,1,4,3,1,2,2,2,2,2,1,1,1,1,1,1,5,3,M,Hindu,1,1,3,3,2,1,4,1,5,1,3,4,4,4,1,1,1,3,1,1,1,5,1,7,7,7,6,1,1,C7,Z08A37,8A,7C,6/28/2004,6/28/2004,1/14/2016,11.55342466
5372,C0739,7,C,7C,Muslim,Friends,Friend1,1,9,M,39,5,4,4,4,3,7,1,4,3,4,7,3,7,Tabliki Jammat,1,1,1,3,3,1,2,4,3,1,1,1,2,1,4,1,4,2,2,2,3,1,2,2,2,4,M,Muslim,1,1,1,1,1,1,4,1,1,1,1,4,4,7,1,1,1,1,1,2,1,3,2,7,6,6,7,1,1,C7,NA,NA,7C,NA,NA,1/14/2016,NA
5379,C0740,7,C,7C,Muslim,Friends,Friend1,1,7,M,40,5,7,1,7,1,7,7,7,7,6,3,6,7,Sunni,1,1,1,1,1,1,1,2,3,1,1,1,2,1,4,1,7,1,1,1,1,1,1,1,5,1,M,Muslim,1,1,1,2,1,1,3,1,1,1,1,4,3,4,1,1,1,1,2,1,1,5,1,7,1,6,7,1,1,C7,Z08A39,8A,7C,3/4/2004,3/4/2004,1/14/2016,11.87123288
5386,C0741,7,C,7C,Muslim,Friends,Friend1,1,16,M,41,3,6,6,1,2,5,7,1,4,3,3,4,7,Suni,1,1,2,1,1,1,1,2,1,1,3,NA,2,1,2,1,2,2,4,2,2,5,3,2,1,4,M,Muslim,1,1,1,1,1,1,4,1,1,1,1,4,4,4,2,2,2,2,1,1,2,5,3,7,4,5,7,1,1,C7,Z08A40,8A,7C,10/2/2003,NA,1/14/2016,12.29315068
5393,C0742,7,C,7C,Hindu,Friends,Friend1,1,2,M,42,1,7,6,7,7,6,7,7,7,7,6,6,2,NA,1,1,1,1,1,1,1,4,3,1,5,4,1,1,3,3,3,1,1,1,3,1,1,2,5,5,M,Hindu,1,1,3,3,2,1,4,1,5,1,3,4,4,4,1,1,1,3,1,1,1,5,1,7,7,7,6,1,1,C7,Z08A41,8A,7C,7/12/2002,NA,1/14/2016,13.51780822
5400,C0743,7,C,7C,Hindu,Friends,Friend1,1,2,M,43,6,7,4,6,7,5,6,7,6,6,4,4,2,NA,1,1,1,1,1,1,1,2,4,1,3,2,1,1,4,4,4,1,1,1,1,1,1,1,3,3,M,Hindu,1,1,3,3,2,1,4,1,5,1,3,4,4,4,1,1,1,3,1,1,1,5,1,7,7,7,6,1,1,C7,Z08A42,8A,7C,5/9/2004,5/9/2004,1/14/2016,11.69041096
5407,C0744,7,C,7C,Hindu,Friends,Friend1,1,3,M,44,1,7,4,7,7,6,7,7,6,7,5,5,8,NA,1,1,1,1,1,1,1,1,3,1,2,1,1,1,4,4,3,1,1,1,1,2,1,1,5,3,M,Hindu,1,1,1,1,1,1,4,1,2,2,1,4,4,4,1,1,1,1,1,1,1,5,5,7,6,7,5,1,1,C7,Z08A43,8A,7C,1/16/2003,NA,1/14/2016,13.00273973
5414,C0745,7,C,7C,Muslim,Friends,Friend1,1,1,M,45,1,4,4,7,4,3,7,6,4,4,7,1,7,Vohra,1,1,1,1,1,1,1,1,3,1,1,2,2,1,4,1,2,1,1,1,2,1,1,1,3,5,M,Muslim,1,1,1,1,1,1,4,1,1,2,1,4,3,4,1,1,1,1,1,1,1,5,2,6,7,6,6,1,1,C7,Z08A44,8A,7C,12/7/2003,12/7/2003,1/14/2016,12.11232877
5420,C0746,7,C,7C,Hindu,Friends,Friend1,1,2,M,46,6,6,6,6,6,6,6,6,6,6,6,6,7,Vaduyanshi,1,1,1,1,1,2,1,2,1,1,2,2,1,1,5,3,3,1,1,1,1,1,1,1,5,NA,M,Hindu,1,1,3,3,2,1,4,1,5,1,3,4,4,4,1,1,1,3,1,1,1,5,1,7,7,7,6,1,1,C7,Z08A45,8A,7C,7/11/2004,7/11/2004,1/14/2016,11.51780822
5428,C0747,7,C,7C,Christian,Friends,Friend1,1,48,F,47,3,6,7,7,5,5,7,7,6,7,7,6,8,NA,2,1,NA,2,1,1,1,2,3,2,3,2,3,1,4,4,4,1,1,1,1,1,1,1,5,3,F,Muslim,2,2,1,1,1,1,3,2,2,2,1,4,4,4,1,1,1,1,1,1,1,2,3,6,6,4,7,1,0,C7,Z08A46,8A,7C,8/19/2004,8/19/2004,1/14/2016,11.4109589
5435,C0748,7,C,7C,Muslim,Friends,Friend1,1,22,F,48,6,6,6,6,4,7,6,7,6,7,5,5,8,NA,2,2,2,1,1,1,1,2,3,2,2,2,2,1,4,4,4,1,1,1,1,1,1,1,2,3,M,Hindu,1,2,1,1,1,1,4,1,1,1,1,4,7,7,2,1,1,1,1,1,1,5,5,7,7,7,5,0,0,C7,Z08A47,8A,7C,7/25/2003,7/25/2003,1/14/2016,12.48219178
5442,C0749,7,C,7C,Hindu,Friends,Friend1,1,51,F,49,2,1,7,6,7,6,7,6,6,6,3,5,3,NA,2,3,2,2,1,2,1,1,1,1,4,2,1,1,4,2,2,2,1,1,2,1,1,1,3,3,F,Muslim,1,1,1,2,1,1,3,1,1,1,1,4,2,6,1,1,1,2,1,1,4,5,3,6,7,6,7,1,0,C7,Z08A48,8A,7C,8/10/2004,8/10/2004,1/14/2016,11.43561644
5446,C0750,7,C,7C,Muslim,Friends,Friend1,1,16,F,50,2,6,7,6,5,7,7,2,5,5,6,1,7,Sunni,2,1,1,1,1,1,1,2,3,1,1,1,2,1,4,5,5,2,1,1,2,1,1,2,4,5,M,Muslim,1,1,1,1,1,1,4,1,1,1,1,4,4,4,2,2,2,2,1,1,2,5,3,7,4,5,7,0,1,C7,Z08A49,8A,7C,11/6/2003,11/6/2003,1/14/2016,12.19726027
5453,C0751,7,C,7C,Muslim,Friends,Friend1,1,48,F,51,2,6,7,6,6,7,6,7,6,6,6,6,7,Sunni,2,1,1,1,2,1,1,2,3,1,1,1,2,1,4,2,6,1,1,1,2,1,1,4,5,3,F,Muslim,2,2,1,1,1,1,3,2,2,2,1,4,4,4,1,1,1,1,1,1,1,2,3,6,6,4,7,1,1,C7,Z08A50,8A,7C,12/16/2003,12/16/2003,1/14/2016,12.08767123
5460,C0752,7,C,7C,Hindu,Friends,Friend1,1,32,F,52,7,7,7,7,7,7,7,7,7,7,7,7,2,NA,2,2,2,1,1,2,1,1,3,1,2,3,1,2,4,4,4,1,1,1,1,1,1,1,5,5,M,Hindu,1,4,1,1,1,1,3,1,2,1,1,4,3,3,2,2,2,2,2,3,3,3,5,6,4,6,6,0,1,C7,Z08A51,8A,7C,1/14/2004,1/14/2004,1/14/2016,12.00821918
5467,C0753,7,C,7C,Muslim,Friends,Friend1,1,16,F,53,1,7,7,7,4,7,7,4,4,4,4,4,7,Sunni + Jamati,2,1,1,1,1,1,1,1,1,1,1,1,2,1,4,5,7,1,1,1,1,1,1,1,1,4,M,Muslim,1,1,1,1,1,1,4,1,1,1,1,4,4,4,2,2,2,2,1,1,2,5,3,7,4,5,7,0,1,C7,Z08A52,8A,7C,7/18/2003,7/18/2016,1/14/2016,12.50136986
5474,C0754,7,C,7C,Muslim,Friends,Friend1,1,25,F,54,4,6,6,4,4,7,5,6,4,4,4,4,7,Sunni,2,1,1,2,1,1,1,2,2,1,1,1,2,1,4,3,3,1,1,1,1,1,1,1,5,3,M,Muslim,1,1,3,NA,1,2,4,1,1,2,1,4,2,2,3,2,2,2,2,2,2,3,5,7,1,5,7,0,1,C7,Z08A53,8A,7C,10/9/2003,NA,1/14/2016,12.2739726
5481,C0755,7,C,7C,Hindu,Friends,Friend1,1,2,F,55,1,1,7,6,7,4,4,7,6,4,5,6,2,NA,2,3,4,1,1,2,1,4,3,1,1,1,1,2,4,3,3,3,5,3,1,1,3,3,5,3,M,Hindu,1,1,3,3,2,1,4,1,5,1,3,4,4,4,1,1,1,3,1,1,1,5,1,7,7,7,6,0,1,C7,Z08A54,8A,7C,10/30/2003,9/30/2003,1/14/2016,12.21643836
5488,C0756,7,C,7C,Muslim,Friends,Friend1,1,16,F,56,1,2,7,7,1,7,7,5,2,5,7,3,7,saiyed,2,1,1,1,2,1,1,2,3,1,1,2,2,1,5,1,6,5,1,1,5,5,2,5,5,3,M,Muslim,1,1,1,1,1,1,4,1,1,1,1,4,4,4,2,2,2,2,1,1,2,5,3,7,4,5,7,0,1,C7,Z08A55,8A,7C,1/29/2004,1/29/2004,1/14/2016,11.96712329
5495,C0757,7,C,7C,Muslim,Friends,Friend1,1,49,F,57,5,2,7,5,5,7,4,4,4,4,4,4,7,Sunni,2,1,1,2,2,1,2,2,4,1,1,2,2,1,4,3,2,1,1,1,1,1,2,1,5,3,F,Hindu,3,2,2,1,2,1,1,1,4,2,1,4,2,2,2,1,1,2,1,1,1,3,3,1,7,7,6,1,0,C7,Z08A56,8A,7C,11/15/2003,11/15/2003,1/14/2016,12.17260274
5502,C0758,7,C,7C,Hindu,Friends,Friend1,1,47,F,58,2,1,7,5,7,5,7,5,1,2,6,5,6,NA,2,1,2,1,1,1,1,4,4,1,1,5,1,1,4,4,3,2,3,2,3,2,2,1,1,5,F,Christian,1,NA,2,1,1,1,3,2,3,2,1,4,4,4,1,1,1,1,1,1,1,5,3,6,7,5,5,1,0,C7,Z08A57,8A,7C,4/5/2004,4/5/2004,1/14/2016,11.78356164
5509,C0759,7,C,7C,Muslim,Friends,Friend1,1,48,F,59,4,4,4,4,4,7,6,6,4,4,4,4,8,NA,2,1,1,2,1,1,1,2,3,1,1,1,2,1,4,3,3,2,1,1,1,1,1,1,5,3,F,Muslim,2,2,1,1,1,1,3,2,2,2,1,4,4,4,1,1,1,1,1,1,1,2,3,6,6,4,7,1,1,C7,Z08A58,8A,7C,5/23/2003,5/23/2003,1/14/2016,12.65479452
5513,C0761,7,C,7C,Muslim,Friends,Friend1,1,16,F,61,2,5,7,6,5,7,7,7,5,6,4,3,7,Patni Sunni,2,1,2,2,1,1,1,1,4,2,1,5,2,1,4,4,4,3,3,3,1,1,1,1,5,5,M,Muslim,1,1,1,1,1,1,4,1,1,1,1,4,4,4,2,2,2,2,1,1,2,5,3,7,4,5,7,0,1,C7,Z08B61,8B,7C,5/24/2004,NA,1/14/2016,11.64931507
5518,C0762,7,C,7C,Hindu,Friends,Friend1,1,52,F,62,4,4,7,6,6,6,6,6,5,4,4,5,8,NA,2,1,1,1,1,1,1,4,4,1,2,3,1,2,4,3,3,1,1,1,1,1,1,1,5,3,F,Hindu,2,2,1,1,2,1,3,1,2,3,2,4,4,4,1,1,1,1,1,1,1,5,5,7,7,7,7,1,1,C7,Z08A60,8A,7C,3/30/2004,3/30/2004,1/14/2016,11.8
5525,C0763,7,C,7C,Muslim,Friends,Friend1,1,54,F,63,2,2,5,7,4,7,6,7,6,6,6,5,7,Vohra,2,2,1,1,1,1,1,1,3,1,1,2,2,1,4,2,3,3,2,2,2,2,1,1,5,3,F,Muslim,1,1,2,1,1,1,2,1,1,1,1,4,3,3,1,1,1,1,1,1,1,5,3,6,6,4,7,1,1,C7,Z08A62,8A,7C,8/3/2003,8/3/2003,1/14/2016,12.45753425
5532,C0764,7,C,7C,Hindu,Friends,Friend1,1,47,F,64,4,4,7,7,7,7,7,7,7,7,7,5,8,NA,2,3,1,1,1,1,1,1,3,1,4,1,1,2,4,3,3,1,1,1,1,1,1,1,5,5,F,Christian,1,NA,2,1,1,1,3,2,3,2,1,4,4,4,1,1,1,1,1,1,1,5,3,6,7,5,5,1,0,C7,Z08A63,8A,7C,4/26/2003,4/26/2003,1/14/2016,12.72876712
5538,A0801,8,A,8A,Hindu,Friends,Friend1,1,4,M,1,3,5,7,4,4,6,4,5,6,5,3,4,1,NA,1,2,1,3,2,3,2,4,3,2,5,3,1,3,3,2,2,1,1,1,2,2,3,1,5,2,M,Hindu,1,1,2,1,2,1,3,2,3,2,1,4,3,3,1,1,1,2,1,3,1,5,4,7,6,7,5,1,1,A8,NA,NA,8A,NA,12/17/2002,1/14/2016,13.08493151
5545,A0802,8,A,8A,Muslim,Friends,Friend1,1,3,M,2,4,7,7,7,7,7,4,7,6,7,7,6,7,Alvi Vohra,1,4,1,2,1,2,1,1,1,1,1,1,2,2,4,2,2,1,1,1,1,1,4,1,5,3,M,Muslim,1,1,1,1,1,1,3,1,1,1,1,4,4,4,2,1,1,2,1,1,1,5,5,7,5,6,6,1,1,A8,Z09B01,9B,8A,6/27/2003,6/27/2003,1/14/2016,12.55890411
5552,A0803,8,A,8A,Muslim,Friends,Friend1,1,10,M,3,4,7,5,6,6,6,6,6,6,6,6,6,6,NA,1,1,1,1,1,1,1,1,3,1,1,1,2,1,4,4,4,2,1,1,2,1,1,1,5,5,M,Jain,4,4,3,1,1,1,4,1,1,4,2,5,7,6,1,1,1,2,1,5,1,5,2,5,7,5,6,1,0,A8,Z09B02,9B,8A,8/23/2002,8/23/2002,1/14/2016,13.40273973
5559,A0804,8,A,8A,Hindu,Friends,Friend1,1,1,M,4,3,7,6,5,7,5,6,7,6,6,4,6,8,NA,1,1,1,2,1,2,1,1,3,2,3,2,1,1,4,3,3,1,1,1,2,1,3,1,5,4,M,Hindu,2,1,3,2,3,2,3,2,5,3,3,3,2,2,1,1,1,2,2,3,1,5,2,5,7,4,6,1,1,A8,Z09B03,9B,8A,11/17/2002,11/17/2002,1/14/2016,13.16712329
5566,A0806,8,A,8A,Hindu,Friends,Friend1,1,1,M,6,5,6,5,4,6,5,6,6,7,7,5,3,2,NA,1,4,2,4,2,2,1,1,3,1,5,2,1,1,NA,4,4,2,1,1,1,1,3,1,5,2,M,Hindu,2,1,3,2,3,2,3,2,5,3,3,3,2,2,1,1,1,2,2,3,1,5,2,5,7,4,6,1,1,A8,Z09B05,9B,8A,12/28/2002,12/28/2002,1/14/2016,13.05479452
5573,A0807,8,A,8A,Hindu,Friends,Friend1,1,3,M,7,4,7,7,5,6,6,6,6,6,6,5,4,2,NA,1,5,1,2,1,4,1,4,1,1,3,2,1,1,3,2,2,1,1,1,2,1,2,1,5,2,M,Muslim,1,1,1,1,1,1,3,1,1,1,1,4,4,4,2,1,1,2,1,1,1,5,5,7,5,6,6,1,0,A8,Z09B06,9B,8A,12/17/2002,12/17/2002,1/14/2016,13.08493151
5580,A0808,8,A,8A,Muslim,Friends,Friend1,1,12,M,8,4,6,4,4,6,7,6,6,6,7,5,5,8,NA,1,2,1,3,1,2,2,2,1,1,1,2,2,2,4,3,3,2,1,1,2,1,2,2,5,3,M,other,1,1,2,1,1,1,3,1,1,2,2,4,3,4,2,2,1,3,2,2,2,5,3,7,4,5,6,1,0,A8,Z09B07,9B,8A,7/16/2003,7/16/2003,1/14/2016,12.50684932
5584,A0809,8,A,8A,Hindu,Friends,Friend1,1,1,M,9,3,6,6,7,7,7,7,7,5,6,4,4,2,NA,1,1,1,1,1,1,1,1,4,1,3,2,1,1,4,4,4,3,1,1,2,1,1,1,5,2,M,Hindu,2,1,3,2,3,2,3,2,5,3,3,3,2,2,1,1,1,2,2,3,1,5,2,5,7,4,6,1,1,A8,Z09B08,9B,8A,10/15/2002,10/15/2002,1/14/2016,13.25753425
5591,A0810,8,A,8A,Jain,Friends,Friend1,1,3,M,10,4,5,7,5,5,6,5,7,4,6,6,5,1,NA,1,4,4,3,1,1,1,1,4,1,1,4,3,2,5,7,6,1,1,1,2,1,5,1,5,2,M,Muslim,1,1,1,1,1,1,3,1,1,1,1,4,4,4,2,1,1,2,1,1,1,5,5,7,5,6,6,1,0,A8,Z09B09,9B,8A,9/17/2002,9/17/2002,1/14/2016,13.33424658
5598,A0811,8,A,8A,Hindu,Friends,Friend1,1,1,M,11,4,6,4,7,7,5,7,6,5,6,3,4,3,NA,1,1,1,3,1,1,1,2,3,1,4,2,1,3,6,4,4,3,1,2,2,3,1,2,5,2,M,Hindu,2,1,3,2,3,2,3,2,5,3,3,3,2,2,1,1,1,2,2,3,1,5,2,5,7,4,6,1,1,A8,Z09B10,9B,8A,8/22/2002,NA,1/14/2016,13.40547945
5605,A0812,8,A,8A,other,Friends,Friend1,1,2,M,12,3,7,4,5,5,6,7,6,4,4,4,4,8,NA,1,1,1,2,1,1,1,1,3,1,1,2,2,2,4,3,4,2,2,1,3,2,2,2,5,3,M,Muslim,4,1,2,1,2,1,1,1,1,1,2,4,2,2,1,1,1,1,1,4,1,5,3,7,7,7,7,1,0,A8,Z09B11,9B,8A,11/2/2002,NA,1/14/2016,13.20821918
5611,A0813,8,A,8A,Hindu,Friends,Friend1,1,1,M,13,2,7,1,4,7,5,7,7,6,5,3,2,1,NA,1,1,1,2,1,2,1,4,3,1,1,2,1,1,4,4,4,1,1,1,2,2,1,1,4,2,M,Hindu,2,1,3,2,3,2,3,2,5,3,3,3,2,2,1,1,1,2,2,3,1,5,2,5,7,4,6,1,1,A8,Z09B12,9B,8A,9/7/2002,NA,1/14/2016,13.36164384
5618,A0814,8,A,8A,Hindu,Friends,Friend1,1,21,M,14,5,6,6,6,6,4,7,5,6,6,5,4,8,General,1,1,1,1,1,3,1,4,3,1,5,2,1,2,3,1,1,3,1,2,4,1,2,1,5,4,M,Hindu,2,2,3,4,3,1,3,2,5,3,3,4,2,2,1,1,1,3,1,1,1,5,3,7,7,6,6,1,1,A8,Z09B13,9B,8A,3/16/2003,3/16/2003,1/14/2016,12.84109589
5623,A0815,8,A,8A,Hindu,Friends,Friend1,1,14,M,15,1,7,4,5,7,6,7,7,6,7,6,7,7,NA,1,3,1,2,1,3,1,4,3,1,4,2,1,1,4,4,4,2,1,1,3,1,2,1,5,4,M,Hindu,1,1,1,1,3,1,3,1,5,2,2,3,1,1,3,1,2,4,1,2,1,5,4,6,6,6,4,1,1,A8,Z09B14,9B,8A,8/10/2003,8/10/2003,1/14/2016,12.43835616
5630,A0816,8,A,8A,Muslim,Friends,Friend1,1,21,M,16,3,7,6,5,4,7,7,6,5,6,6,5,NA,Sulaimani,1,1,2,1,2,1,1,4,3,1,1,1,2,1,4,6,7,1,1,2,2,2,1,1,5,2,M,Hindu,2,2,3,4,3,1,3,2,5,3,3,4,2,2,1,1,1,3,1,1,1,5,3,7,7,6,6,1,0,A8,Z09B15,9B,8A,3/14/2002,3/14/2002,1/14/2016,13.84657534
5636,A0818,8,A,8A,Hindu,Friends,Friend1,1,3,M,18,4,7,5,7,6,6,6,6,6,7,7,5,NA,Kathywadi,1,1,1,2,2,1,1,1,4,1,4,3,1,2,4,1,1,2,2,2,3,2,1,1,5,2,M,Muslim,1,1,1,1,1,1,3,1,1,1,1,4,4,4,2,1,1,2,1,1,1,5,5,7,5,6,6,1,0,A8,Z09B18,9B,8A,11/8/2002,11/8/2002,1/14/2016,13.19178082
5643,A0819,8,A,8A,Muslim,Friends,Friend1,1,2,M,19,4,7,1,6,6,7,7,6,6,5,7,4,8,NA,1,2,2,2,1,1,1,2,1,1,1,1,2,2,4,3,7,5,2,2,2,1,1,1,5,2,M,Muslim,4,1,2,1,2,1,1,1,1,1,2,4,2,2,1,1,1,1,1,4,1,5,3,7,7,7,7,1,1,A8,Z09B19,9B,8A,10/7/2002,10/7/2002,1/14/2016,13.27945205
5650,A0820,8,A,8A,Jain,Friends,Friend1,1,1,M,20,5,7,4,7,7,6,7,7,6,7,6,5,8,NA,1,2,2,1,1,1,1,1,4,1,1,1,3,1,4,4,4,2,1,1,2,1,2,1,5,2,M,Hindu,2,1,3,2,3,2,3,2,5,3,3,3,2,2,1,1,1,2,2,3,1,5,2,5,7,4,6,1,0,A8,Z09B21,9B,8A,12/7/2002,12/7/2002,1/14/2016,13.11232877
5657,A0821,8,A,8A,Hindu,Friends,Friend1,1,14,M,21,6,7,7,6,6,6,6,4,6,5,4,7,7,NA,1,2,2,3,4,3,1,1,3,2,5,3,1,3,4,2,2,1,1,1,3,1,1,1,5,3,M,Hindu,1,1,1,1,3,1,3,1,5,2,2,3,1,1,3,1,2,4,1,2,1,5,4,6,6,6,4,1,1,A8,Z09B22,9B,8A,7/31/2002,7/31/2002,1/14/2016,13.46575342
5663,A0822,8,A,8A,Hindu,Friends,Friend1,1,14,M,22,3,7,7,7,7,6,7,7,5,6,5,5,7,NA,1,2,1,3,2,1,2,1,1,1,1,3,1,2,3,3,3,2,2,1,1,3,1,1,5,3,M,Hindu,1,1,1,1,3,1,3,1,5,2,2,3,1,1,3,1,2,4,1,2,1,5,4,6,6,6,4,1,1,A8,Z09B24,9B,8A,1/17/2003,1/13/2003,1/14/2016,13
5670,A0824,8,A,8A,Hindu,Friends,Friend1,1,1,M,24,1,7,2,7,7,5,7,6,6,5,7,4,6,NA,1,3,2,1,1,2,1,1,4,1,2,1,1,2,4,2,1,2,1,2,3,1,3,1,3,1,M,Hindu,2,1,3,2,3,2,3,2,5,3,3,3,2,2,1,1,1,2,2,3,1,5,2,5,7,4,6,1,1,A8,Z09A22,9A,8A,8/3/2002,8/3/2002,1/14/2016,13.45753425
5677,A0825,8,A,8A,Hindu,Friends,Friend1,1,14,M,25,5,6,6,5,6,6,6,7,6,6,5,6,8,ST,1,3,2,3,3,2,1,1,3,2,5,2,1,2,4,3,3,1,1,1,3,2,1,1,5,3,M,Hindu,1,1,1,1,3,1,3,1,5,2,2,3,1,1,3,1,2,4,1,2,1,5,4,6,6,6,4,1,1,A8,Z09B26,9B,8A,1/27/2002,1/27/2002,1/14/2016,13.97260274
5683,A0826,8,A,8A,Hindu,Friends,Friend1,1,4,M,26,5,6,5,3,4,4,6,5,6,6,4,6,8,NA,1,5,2,4,1,3,1,1,3,3,5,3,1,3,5,3,3,2,1,1,2,1,2,1,5,5,M,Hindu,1,1,2,1,2,1,3,2,3,2,1,4,3,3,1,1,1,2,1,3,1,5,4,7,6,7,5,1,1,A8,Z09B27,9B,8A,11/27/2002,11/27/2002,1/14/2016,13.13972603
5690,A0827,8,A,8A,Muslim,Friends,Friend1,1,8,M,27,6,5,5,4,4,7,7,5,6,6,7,5,7,Mehadaviyah,1,1,2,3,1,1,1,2,3,1,2,2,2,1,4,3,7,2,1,1,2,1,1,1,5,2,M,Muslim,2,1,3,1,2,2,1,1,1,2,2,4,3,3,2,1,1,2,1,2,2,5,3,6,4,6,7,1,1,A8,Z09B28,9B,8A,8/21/2002,8/21/2002,1/14/2016,13.40821918
5697,A0828,8,A,8A,Hindu,Friends,Friend1,1,3,M,28,5,7,3,7,7,6,7,7,6,6,4,5,2,NA,1,1,2,2,2,1,1,1,4,1,5,3,1,1,4,3,2,1,2,1,1,2,2,1,5,5,M,Muslim,1,1,1,1,1,1,3,1,1,1,1,4,4,4,2,1,1,2,1,1,1,5,5,7,5,6,6,1,0,A8,Z09B29,9B,8A,6/7/2003,6/7/2003,1/14/2016,12.61369863
5704,A0829,8,A,8A,Hindu,Friends,Friend1,1,6,M,29,2,4,5,4,6,5,7,6,4,6,5,2,2,NA,1,2,3,2,1,2,1,4,4,2,5,3,1,2,4,3,3,1,1,1,3,1,1,2,3,4,M,Hindu,4,2,4,2,2,1,3,1,5,2,1,NA,4,4,2,1,1,1,1,3,1,5,2,6,5,6,5,1,1,A8,Z09B30,9B,8A,5/26/2002,5/26/2002,1/14/2016,13.64657534
5711,A0830,8,A,8A,Hindu,Friends,Friend1,1,16,M,30,6,5,4,6,7,6,6,5,5,5,4,4,3,NA,1,5,5,5,1,1,1,2,1,1,5,3,1,2,4,3,2,3,1,1,2,1,1,1,5,3,M,Muslim,1,2,1,2,1,1,3,1,1,1,1,4,6,7,1,1,2,2,2,1,1,5,2,7,6,4,7,1,0,A8,NA,NA,8A,NA,3/5/2003,1/14/2016,12.87123288
5716,A0831,8,A,8A,Hindu,Friends,Friend1,1,14,M,31,6,6,6,6,7,4,6,7,6,6,4,5,3,NA,1,1,1,1,1,1,1,1,3,2,4,3,1,2,4,4,3,2,2,1,1,1,1,1,5,5,M,Hindu,1,1,1,1,3,1,3,1,5,2,2,3,1,1,3,1,2,4,1,2,1,5,4,6,6,6,4,1,1,A8,Z09B32,9B,8A,11/10/2002,11/10/2002,1/14/2016,13.18630137
5719,A0832,8,A,8A,Hindu,Friends,Friend1,1,3,M,32,4,7,4,7,7,7,7,7,6,5,7,6,3,NA,1,1,1,1,1,1,2,2,4,1,4,3,1,1,5,5,5,2,1,1,4,1,1,1,5,4,M,Muslim,1,1,1,1,1,1,3,1,1,1,1,4,4,4,2,1,1,2,1,1,1,5,5,7,5,6,6,1,0,A8,Z09B33,9B,8A,4/16/2003,4/16/2003,1/14/2016,12.75616438
5724,A0834,8,A,8A,Muslim,Friends,Friend1,1,2,M,34,4,7,1,4,5,7,7,6,6,5,4,NA,8,NA,1,1,1,2,1,1,1,2,1,1,1,1,2,1,4,3,4,2,1,1,3,1,1,1,5,3,M,Muslim,4,1,2,1,2,1,1,1,1,1,2,4,2,2,1,1,1,1,1,4,1,5,3,7,7,7,7,1,1,A8,Z09B35,9B,8A,3/7/2003,3/7/2003,1/14/2016,12.86575342
5731,A0835,8,A,8A,Hindu,Friends,Friend1,1,6,M,35,2,7,1,3,7,5,6,6,5,4,6,3,2,NA,1,1,1,1,2,1,1,2,3,1,2,1,1,1,4,4,4,5,1,1,2,2,2,1,4,4,M,Hindu,4,2,4,2,2,1,3,1,5,2,1,NA,4,4,2,1,1,1,1,3,1,5,2,6,5,6,5,1,1,A8,Z09B36,9B,8A,10/12/2002,10/12/2002,1/14/2016,13.26575342
5737,A0836,8,A,8A,Hindu,Friends,Friend1,1,2,M,36,2,7,2,6,7,NA,7,7,4,6,1,5,2,NA,1,1,1,1,1,1,1,4,2,1,4,1,1,1,6,4,2,3,1,1,1,1,1,1,5,3,M,Muslim,4,1,2,1,2,1,1,1,1,1,2,4,2,2,1,1,1,1,1,4,1,5,3,7,7,7,7,1,0,A8,Z09B37,9B,8A,5/7/2003,NA,1/14/2016,12.69863014
5744,A0837,8,A,8A,Hindu,Friends,Friend1,1,7,M,37,4,6,6,7,6,6,6,7,6,5,4,4,8,NA,1,2,1,2,1,2,1,2,4,2,5,3,1,3,4,3,3,1,1,1,2,1,2,1,5,3,M,Hindu,5,1,2,1,4,1,1,1,3,2,1,3,2,2,1,1,1,2,1,2,1,5,2,7,7,6,6,1,1,A8,Z09B38,9B,8A,9/26/2002,9/26/2002,1/14/2016,13.30958904
5750,A0838,8,A,8A,Hindu,Friends,Friend1,1,14,M,38,4,4,4,3,5,4,6,4,4,4,4,4,8,SEBC,1,2,3,2,1,3,1,1,3,1,2,3,1,2,4,3,2,1,1,1,4,1,1,1,5,3,M,Hindu,1,1,1,1,3,1,3,1,5,2,2,3,1,1,3,1,2,4,1,2,1,5,4,6,6,6,4,1,1,A8,Z09B39,9B,8A,10/31/2001,10/31/2001,1/14/2016,14.21369863
5755,A0839,8,A,8A,Hindu,Friends,Friend1,1,1,M,39,4,5,4,3,6,6,4,6,5,6,3,1,1,NA,1,2,1,3,1,2,1,4,4,1,5,2,1,2,4,3,3,1,1,1,3,2,1,1,1,2,M,Hindu,2,1,3,2,3,2,3,2,5,3,3,3,2,2,1,1,1,2,2,3,1,5,2,5,7,4,6,1,1,A8,Z09B40,9B,8A,4/27/2003,4/27/2003,1/14/2016,12.7260274
5761,A0840,8,A,8A,Muslim,Friends,Friend1,1,3,M,40,3,7,4,7,5,7,7,7,7,7,5,4,NA,Sunni,1,1,3,1,1,1,2,1,3,1,1,1,2,1,4,3,3,2,1,1,2,1,1,1,5,2,M,Muslim,1,1,1,1,1,1,3,1,1,1,1,4,4,4,2,1,1,2,1,1,1,5,5,7,5,6,6,1,1,A8,Z09B41,9B,8A,9/12/2002,9/12/2002,1/14/2016,13.34794521
5768,A0841,8,A,8A,Hindu,Friends,Friend1,1,1,M,41,4,6,6,4,6,6,6,6,6,6,4,4,2,NA,1,2,2,1,1,2,1,1,4,1,5,3,1,1,4,4,3,2,1,1,4,1,5,1,5,3,M,Hindu,2,1,3,2,3,2,3,2,5,3,3,3,2,2,1,1,1,2,2,3,1,5,2,5,7,4,6,1,1,A8,Z09B42,9B,8A,6/12/2003,6/12/2003,1/14/2016,12.6
5775,A0842,8,A,8A,Hindu,Friends,Friend1,1,43,F,42,6,6,6,6,6,6,6,6,6,6,3,3,8,NA,1,3,2,3,3,2,1,NA,2,1,NA,NA,1,3,4,4,4,1,1,1,2,1,2,2,4,3,F,Muslim,2,1,2,2,2,1,3,1,1,5,2,4,3,3,2,2,1,2,1,3,1,5,4,4,6,6,6,1,0,A8,NA,NA,8A,NA,11/18/2002,1/14/2016,13.16438356
5782,A0843,8,A,8A,Muslim,Friends,Friend1,1,42,F,43,6,4,6,6,6,6,6,6,6,6,5,4,8,NA,2,2,1,2,2,2,1,2,3,1,1,5,2,2,4,3,3,2,2,1,2,1,3,1,5,4,F,Hindu,3,2,3,3,2,1,2,1,NA,NA,3,4,4,4,1,1,1,2,1,2,2,4,3,6,6,6,6,1,0,A8,NA,NA,8A,NA,NA,1/14/2016,NA
5786,A0844,8,A,8A,Hindu,Friends,Friend1,1,46,F,44,5,5,6,6,6,6,6,6,6,6,5,5,2,Marwadi,2,1,1,2,1,1,1,4,4,2,5,3,1,2,4,1,1,1,1,1,3,1,1,1,5,1,F,Muslim,2,2,2,1,2,1,4,3,1,3,2,4,4,4,2,1,1,1,1,1,2,5,5,1,7,4,4,1,0,A8,Z09B46,9B,8A,5/24/2002,5/24/2002,1/14/2016,13.65205479
5793,A0845,8,A,8A,Muslim,Friends,Friend1,1,42,F,45,4,2,7,7,6,7,7,7,6,6,5,6,8,NA,2,1,1,1,1,1,1,1,3,1,1,1,2,1,4,4,4,4,2,3,2,1,4,1,5,3,F,Hindu,3,2,3,3,2,1,2,1,NA,NA,3,4,4,4,1,1,1,2,1,2,2,4,3,6,6,6,6,1,0,A8,Z09B47,9B,8A,7/31/2003,7/31/2003,1/14/2016,12.46575342
5800,A0846,8,A,8A,Muslim,Friends,Friend1,1,48,F,46,4,1,7,4,4,4,4,4,4,4,6,3,5,NA,2,2,2,2,1,2,1,2,4,3,1,3,2,2,4,4,4,2,1,1,1,1,1,2,5,5,F,NA,NA,NA,NA,NA,NA,NA,NA,NA,NA,NA,NA,NA,NA,NA,NA,NA,NA,NA,NA,NA,NA,NA,NA,NA,NA,NA,NA,1,NA,A8,Z09B48,9B,8A,2/14/2003,2/14/2003,1/14/2016,12.92328767
5804,A0847,8,A,8A,Hindu,Friends,Friend1,1,43,F,47,4,4,5,4,6,6,7,6,6,6,4,5,2,NA,2,3,4,5,1,3,1,4,1,1,5,3,1,2,4,2,2,2,1,1,1,1,3,2,5,4,F,Muslim,2,1,2,2,2,1,3,1,1,5,2,4,3,3,2,2,1,2,1,3,1,5,4,4,6,6,6,1,0,A8,Z09B49,9B,8A,5/5/2003,5/5/2003,1/14/2016,12.70410959
5808,A0849,8,A,8A,Hindu,Friends,Friend1,1,42,F,49,4,4,6,4,6,4,6,6,4,4,5,4,8,NA,2,3,2,3,1,3,2,1,3,1,4,2,1,2,4,3,3,1,1,1,2,1,1,2,5,2,F,Hindu,3,2,3,3,2,1,2,1,NA,NA,3,4,4,4,1,1,1,2,1,2,2,4,3,6,6,6,6,1,1,A8,Z09B53,9B,8A,3/7/2002,3/7/2002,1/14/2016,13.86575342
5813,A0850,8,A,8A,Hindu,Friends,Friend1,1,42,F,50,5,4,7,6,7,6,7,7,6,7,6,5,8,NA,2,2,5,4,1,1,1,1,2,1,4,2,1,2,4,3,3,3,1,1,2,1,5,1,5,2,F,Hindu,3,2,3,3,2,1,2,1,NA,NA,3,4,4,4,1,1,1,2,1,2,2,4,3,6,6,6,6,1,1,A8,Z09B54,9B,8A,4/23/2002,4/23/2002,1/14/2016,13.7369863
5821,A0851,8,A,8A,Muslim,Friends,Friend1,1,42,F,51,6,6,7,7,7,6,7,7,7,7,7,5,NA,Muslim-Jamati,2,1,1,1,1,1,1,3,2,1,1,1,2,1,7,6,6,1,1,1,3,1,1,1,5,3,F,Hindu,3,2,3,3,2,1,2,1,NA,NA,3,4,4,4,1,1,1,2,1,2,2,4,3,6,6,6,6,1,0,A8,Z09B55,9B,8A,12/19/2002,12/19/2002,1/14/2016,13.07945205
5828,A0852,8,A,8A,Hindu,Friends,Friend1,1,42,F,52,NA,2,7,3,6,5,4,6,3,5,4,4,2,NA,2,3,2,3,1,2,1,1,3,1,5,2,1,2,4,1,1,4,1,1,2,1,5,1,5,4,F,Hindu,3,2,3,3,2,1,2,1,NA,NA,3,4,4,4,1,1,1,2,1,2,2,4,3,6,6,6,6,1,1,A8,Z09B57,9B,8A,10/6/2002,10/6/2002,1/14/2016,13.28219178
5833,A0853,8,A,8A,Jain,Friends,Friend1,1,42,F,53,4,5,7,5,7,6,7,7,6,6,4,5,2,NA,2,2,1,1,2,2,1,1,2,1,3,2,3,2,4,3,3,4,2,1,2,2,2,2,4,2,F,Hindu,3,2,3,3,2,1,2,1,NA,NA,3,4,4,4,1,1,1,2,1,2,2,4,3,6,6,6,6,1,0,A8,Z09B58,9B,8A,7/24/2003,7/24/2003,1/14/2016,12.48493151
5839,A0854,8,A,8A,Muslim,Friends,Friend1,1,44,F,54,5,4,4,5,6,6,6,6,6,6,5,5,8,Muslim,2,2,1,2,2,2,2,2,2,2,2,5,2,2,3,3,7,2,2,2,2,2,2,2,4,2,F,Hindu,1,1,2,1,1,1,4,2,5,3,2,4,1,1,1,1,1,3,1,1,1,5,1,5,6,6,6,1,0,A8,Z09B59,9B,8A,3/24/2002,3/24/2002,1/14/2016,13.81917808
5846,A0855,8,A,8A,Hindu,Friends,Friend1,1,1,F,55,4,7,7,7,7,6,7,7,7,7,4,4,1,NA,2,1,1,1,1,1,1,2,3,1,4,1,1,2,4,6,6,1,1,1,1,1,4,1,5,2,M,Hindu,2,1,3,2,3,2,3,2,5,3,3,3,2,2,1,1,1,2,2,3,1,5,2,5,7,4,6,0,1,A8,Z09B62,9B,8A,8/20/2002,8/20/2002,1/14/2016,13.4109589
5853,A0857,8,A,8A,Hindu,Friends,Friend1,1,44,F,57,4,4,5,6,6,4,6,6,4,5,4,5,1,NA,2,4,2,3,2,2,1,1,3,1,5,3,1,2,3,2,2,1,1,1,2,1,3,1,5,3,F,Hindu,1,1,2,1,1,1,4,2,5,3,2,4,1,1,1,1,1,3,1,1,1,5,1,5,6,6,6,1,1,A8,Z09B64,9B,8A,9/11/2002,9/11/2002,1/14/2016,13.35068493
5857,A0859,8,A,8A,Hindu,Friends,Friend1,1,47,F,59,5,6,6,5,6,6,7,7,6,6,6,6,8,NA,2,1,1,1,2,1,1,1,1,1,5,2,1,2,4,3,3,1,1,2,3,2,2,2,3,3,F,Hindu,3,4,5,1,3,1,1,1,5,3,2,4,2,2,2,1,1,1,1,3,2,5,4,4,5,6,6,1,1,A8,Z09B66,9B,8A,6/15/2003,6/15/2003,1/14/2016,12.59178082
5862,A0860,8,A,8A,Muslim,Friends,Friend1,1,44,F,60,6,4,6,6,7,7,7,7,7,7,7,4,NA,Alavi Vhora,2,1,1,1,1,1,1,1,3,1,1,2,2,2,4,4,4,1,1,1,3,1,4,2,4,4,F,Hindu,1,1,2,1,1,1,4,2,5,3,2,4,1,1,1,1,1,3,1,1,1,5,1,5,6,6,6,1,0,A8,Z09A70,9A,8A,6/1/2015,11/21/2002,1/14/2016,NA
5869,B0802,8,B,8B,Muslim,Friends,Friend1,1,4,M,2,1,7,1,7,6,7,7,7,5,7,6,6,7,NA,1,1,1,1,1,1,1,1,1,1,1,1,2,1,4,1,4,5,1,1,1,1,2,1,3,3,M,Hindu,1,1,1,1,1,1,2,1,2,1,1,4,4,4,1,1,1,1,1,1,1,5,5,7,4,7,6,1,0,B8,Z09C02,9C,8B,9/28/2002,NA,1/14/2016,13.30410959
5875,B0804,8,B,8B,Hindu,Friends,Friend1,1,1,M,4,1,7,4,6,7,6,7,7,6,1,1,5,8,NA,1,1,1,1,1,1,1,1,2,1,2,1,1,1,4,4,4,1,1,1,1,1,1,1,5,5,M,NA,NA,NA,NA,NA,NA,NA,NA,NA,NA,NA,NA,NA,NA,NA,NA,NA,NA,NA,NA,NA,NA,NA,NA,NA,NA,NA,NA,1,NA,B8,Z09C03,9C,8B,9/14/2002,9/14/2002,1/14/2016,13.34246575
5882,B0805,8,B,8B,Muslim,Friends,Friend1,1,1,M,5,4,7,4,5,4,7,5,5,4,4,4,4,6,NA,1,2,1,1,1,1,1,1,4,1,1,1,2,1,4,3,7,2,1,1,3,1,2,1,5,4,M,NA,NA,NA,NA,NA,NA,NA,NA,NA,NA,NA,NA,NA,NA,NA,NA,NA,NA,NA,NA,NA,NA,NA,NA,NA,NA,NA,NA,1,NA,B8,NA,NA,8B,NA,11/10/2002,1/14/2016,13.18630137
5889,B0806,8,B,8B,Hindu,Friends,Friend1,1,4,M,6,4,6,6,7,4,4,6,5,6,5,4,5,8,NA,1,5,4,4,2,5,1,4,2,1,1,2,1,3,4,4,4,1,1,1,1,1,1,1,5,4,M,Hindu,1,1,1,1,1,1,2,1,2,1,1,4,4,4,1,1,1,1,1,1,1,5,5,7,4,7,6,1,1,B8,Z09C04,9C,8B,8/17/2002,8/17/2002,1/14/2016,13.41917808
5896,B0808,8,B,8B,Muslim,Friends,Friend1,1,12,M,8,5,7,4,6,3,7,7,6,5,3,4,5,NA,NONE,1,1,2,2,2,1,1,2,4,1,1,1,2,2,3,2,3,3,1,1,2,2,1,1,2,2,M,NA,NA,NA,NA,NA,NA,NA,NA,NA,NA,NA,NA,NA,NA,NA,NA,NA,NA,NA,NA,NA,NA,NA,NA,NA,NA,NA,NA,1,NA,B8,Z09C06,9C,8B,10/23/2002,10/23/2002,1/14/2016,13.23561644
5903,B0809,8,B,8B,Hindu,Friends,Friend1,1,7,M,9,2,6,5,7,6,3,3,7,5,5,6,2,6,NA,1,2,4,3,1,3,2,1,4,1,3,2,1,2,4,6,7,2,1,2,2,2,2,1,4,4,M,NA,NA,NA,NA,NA,NA,NA,NA,NA,NA,NA,NA,NA,NA,NA,NA,NA,NA,NA,NA,NA,NA,NA,NA,NA,NA,NA,NA,1,NA,B8,Z09C07,9C,8B,6/2/2003,6/2/2003,1/14/2016,12.62739726
5908,B0810,8,B,8B,Muslim,Friends,Friend1,1,1,M,10,3,7,5,6,3,7,7,7,3,7,3,7,8,NA,1,1,2,2,1,1,1,2,2,1,1,2,2,1,4,6,7,2,1,1,1,1,1,1,5,2,M,NA,NA,NA,NA,NA,NA,NA,NA,NA,NA,NA,NA,NA,NA,NA,NA,NA,NA,NA,NA,NA,NA,NA,NA,NA,NA,NA,NA,1,NA,B8,Z09C08,9C,8B,4/5/2003,4/5/2003,1/14/2016,12.78630137
5915,B0813,8,B,8B,Hindu,Friends,Friend1,1,2,M,13,2,6,5,7,7,5,7,7,4,6,2,6,7,NA,1,1,1,1,1,1,1,1,1,5,1,1,1,1,7,3,3,1,1,2,1,1,1,1,5,2,M,Muslim,1,1,1,1,1,1,1,1,1,1,1,4,1,4,5,1,1,1,1,2,1,3,3,7,1,6,7,1,0,B8,Z09C11,9C,8B,1/1/2003,1/1/2003,1/14/2016,13.04383562
5922,B0815,8,B,8B,Hindu,Friends,Friend1,1,21,M,15,6,7,5,7,7,7,7,7,6,5,6,6,2,NA,1,3,5,3,1,1,1,4,5,1,2,4,1,3,7,2,2,1,1,1,2,1,1,1,5,1,M,Hindu,2,2,2,1,1,1,3,1,2,2,1,5,6,5,1,1,1,4,1,1,1,5,5,7,4,7,7,1,1,B8,Z09C13,9C,8B,6/16/2002,NA,1/14/2016,13.5890411
5929,B0816,8,B,8B,Hindu,Friends,Friend1,1,6,M,16,5,6,1,7,6,3,6,2,4,5,5,3,7,MARRATHA,1,4,1,2,1,3,1,4,3,1,5,2,1,2,4,4,4,1,1,3,2,5,1,3,5,5,M,Hindu,5,4,4,2,5,1,2,1,1,2,3,4,4,4,1,1,1,1,1,1,1,5,4,6,6,4,4,1,1,B8,Z09C14,9C,8B,9/11/2002,11/11/2002,1/14/2016,13.35068493
5936,B0817,8,B,8B,Muslim,Friends,Friend1,1,23,M,17,3,6,4,4,6,6,6,7,6,7,4,4,7,NA,1,3,3,3,1,3,1,2,4,3,1,3,2,3,1,1,1,3,1,1,3,1,1,1,3,2,M,NA,NA,NA,NA,NA,NA,NA,NA,NA,NA,NA,NA,NA,NA,NA,NA,NA,NA,NA,NA,NA,NA,NA,NA,NA,NA,NA,NA,1,NA,B8,Z09C15,9C,8B,7/11/2002,7/11/2002,1/14/2016,13.52054795
5942,B0819,8,B,8B,Muslim,Friends,Friend1,1,12,M,19,7,7,1,6,6,7,7,7,6,7,6,2,6,NA,1,3,1,2,1,1,1,2,1,1,1,1,2,1,4,3,6,1,1,1,1,1,1,1,4,1,M,NA,NA,NA,NA,NA,NA,NA,NA,NA,NA,NA,NA,NA,NA,NA,NA,NA,NA,NA,NA,NA,NA,NA,NA,NA,NA,NA,NA,1,NA,B8,Z09C17,9C,8B,2/10/2002,2/10/2002,1/14/2016,13.93424658
5949,B0820,8,B,8B,Hindu,Friends,Friend1,1,6,M,20,2,NA,4,NA,7,6,1,NA,NA,NA,5,3,NA,NA,1,2,2,3,3,1,1,1,2,1,3,1,1,1,4,4,4,2,1,1,3,1,2,1,5,3,M,Hindu,5,4,4,2,5,1,2,1,1,2,3,4,4,4,1,1,1,1,1,1,1,5,4,6,6,4,4,1,1,B8,Z09C18,9C,8B,7/11/2003,NA,1/14/2016,12.52054795
5956,B0821,8,B,8B,Hindu,Friends,Friend1,1,15,M,21,1,7,4,7,7,7,5,7,6,5,4,5,NA,NA,1,2,2,2,1,1,1,1,3,1,2,2,1,1,5,6,5,1,1,1,4,1,1,1,5,5,M,Hindu,3,5,3,1,1,1,5,1,2,4,3,7,2,2,1,1,1,2,1,1,1,5,1,7,5,7,7,1,1,B8,Z09C19,9C,8B,5/27/2002,NA,1/14/2016,13.64383562
5961,B0822,8,B,8B,Hindu,Friends,Friend1,1,4,M,22,4,5,7,6,7,2,7,5,5,6,4,4,NA,MARATHE,1,1,2,1,2,2,1,4,4,1,3,4,1,1,4,4,4,1,1,2,3,3,1,3,1,3,M,Hindu,1,1,1,1,1,1,2,1,2,1,1,4,4,4,1,1,1,1,1,1,1,5,5,7,4,7,6,1,1,B8,Z09C20,9C,8B,4/19/2003,4/19/2003,1/14/2016,12.74794521
5968,B0826,8,B,8B,Hindu,Friends,Friend1,1,6,M,26,4,6,4,5,6,3,4,4,3,4,4,4,3,NA,1,4,1,3,2,4,1,4,3,2,5,3,1,3,4,3,3,2,2,2,1,2,2,2,4,4,M,Hindu,5,4,4,2,5,1,2,1,1,2,3,4,4,4,1,1,1,1,1,1,1,5,4,6,6,4,4,1,1,B8,Z09B20,9B,8B,9/28/2002,9/28/2002,1/14/2016,13.30410959
5973,B0828,8,B,8B,Muslim,Friends,Friend1,1,5,M,28,6,6,4,6,5,7,7,6,6,5,6,6,7,NA,1,1,1,1,1,1,1,2,4,1,1,1,2,1,3,3,3,3,1,1,1,1,4,2,4,1,M,Muslim,2,1,1,1,1,1,4,1,1,1,1,4,3,7,2,1,1,3,1,2,1,5,4,7,4,4,7,1,1,B8,Z09C25,9C,8B,6/25/2002,6/25/2002,1/14/2016,13.56438356
5980,B0829,8,B,8B,Hindu,Friends,Friend1,1,9,M,29,5,6,6,6,7,5,7,7,6,6,5,5,8,NA,1,1,2,1,1,1,1,1,1,1,1,1,1,1,4,4,3,1,1,1,1,1,1,1,2,1,M,Hindu,2,4,3,1,3,2,4,1,3,2,2,4,6,7,2,1,2,2,2,2,1,4,4,6,5,6,3,1,1,B8,Z09C26,9C,8B,10/28/2002,10/28/2002,1/14/2016,13.22191781
5985,B0832,8,B,8B,Muslim,Friends,Friend1,1,8,M,32,4,7,4,7,4,7,7,7,4,3,3,3,NA,NONE,1,1,3,1,2,1,1,2,4,1,1,1,2,2,4,1,4,1,1,1,3,1,1,1,1,5,M,Muslim,1,2,2,2,1,1,4,1,1,1,2,3,2,3,3,1,1,2,2,1,1,2,2,7,4,3,7,1,1,B8,Z09C29,9C,8B,2/9/2003,2/9/2003,1/14/2016,12.9369863
5992,B0833,8,B,8B,Hindu,Friends,Friend1,1,1,M,33,1,7,4,7,7,7,7,6,7,2,3,4,8,NA,1,2,2,2,1,1,1,1,3,1,2,2,1,1,6,6,6,1,1,1,3,1,1,1,5,5,M,NA,NA,NA,NA,NA,NA,NA,NA,NA,NA,NA,NA,NA,NA,NA,NA,NA,NA,NA,NA,NA,NA,NA,NA,NA,NA,NA,NA,1,NA,B8,Z09C30,9C,8B,2/22/2002,NA,1/14/2016,13.90136986
6000,B0834,8,B,8B,Muslim,Friends,Friend1,1,1,M,34,5,7,1,5,5,7,7,7,5,5,5,3,8,NA,1,1,1,1,1,1,1,1,1,1,1,1,2,1,4,4,4,3,3,3,3,3,2,1,2,3,M,NA,NA,NA,NA,NA,NA,NA,NA,NA,NA,NA,NA,NA,NA,NA,NA,NA,NA,NA,NA,NA,NA,NA,NA,NA,NA,NA,NA,1,NA,B8,Z09C31,9C,8B,11/11/2000,11/11/2000,1/14/2016,15.18356164
6007,B0835,8,B,8B,Hindu,Friends,Friend1,1,4,M,35,1,6,5,6,6,5,7,6,5,5,3,7,NA,NA,1,1,2,1,1,2,1,2,3,1,1,2,1,1,4,4,4,3,2,1,2,2,1,1,5,2,M,Hindu,1,1,1,1,1,1,2,1,2,1,1,4,4,4,1,1,1,1,1,1,1,5,5,7,4,7,6,1,1,B8,Z09C32,9C,8B,2/9/2002,2/9/2002,1/14/2016,13.9369863
6014,B0838,8,B,8B,Muslim,Friends,Friend1,1,12,M,38,5,7,1,6,5,7,5,4,5,5,5,3,8,NA,1,1,1,1,2,1,2,2,1,2,1,1,2,1,6,6,5,1,1,1,2,1,1,1,5,3,M,NA,NA,NA,NA,NA,NA,NA,NA,NA,NA,NA,NA,NA,NA,NA,NA,NA,NA,NA,NA,NA,NA,NA,NA,NA,NA,NA,NA,1,NA,B8,Z09C35,9C,8B,2/17/2002,NA,1/14/2016,13.91506849
6021,B0842,8,B,8B,Muslim,Friends,Friend1,1,2,M,42,6,6,7,1,1,7,7,6,1,6,NA,5,7,NA,1,1,2,3,1,1,1,2,1,1,1,1,2,1,3,4,5,1,1,1,1,1,5,1,2,1,M,Muslim,1,1,1,1,1,1,1,1,1,1,1,4,1,4,5,1,1,1,1,2,1,3,3,7,1,6,7,1,1,B8,Z09C39,9C,8B,12/14/2002,NA,1/14/2016,13.09315068
6028,B0844,8,B,8B,Hindu,Friends,Friend1,1,29,M,44,2,7,7,5,7,7,7,7,7,7,6,4,8,NA,1,2,4,1,1,3,1,4,4,1,4,2,1,2,6,4,7,1,1,1,1,1,4,1,5,3,M,Hindu,1,2,1,1,1,1,1,1,1,1,1,4,4,3,1,1,1,1,1,1,1,2,1,6,6,7,5,1,1,B8,Z09C41,9C,8B,5/21/2003,NA,1/14/2016,12.66027397
6032,B0845,8,B,8B,Hindu,Friends,Friend1,1,1,M,45,7,7,1,1,6,6,6,1,4,7,7,7,1,GUJARATI,1,1,1,2,3,2,1,1,1,1,1,1,1,2,3,1,1,1,1,1,1,1,3,1,5,5,M,NA,NA,NA,NA,NA,NA,NA,NA,NA,NA,NA,NA,NA,NA,NA,NA,NA,NA,NA,NA,NA,NA,NA,NA,NA,NA,NA,NA,1,NA,B8,Z09C42,9C,8B,6/10/2003,5/10/2003,1/14/2016,12.60547945
6039,B0849,8,B,8B,Hindu,Friends,Friend1,1,1,M,49,1,6,6,7,7,6,7,5,5,7,4,7,2,NA,1,2,1,2,1,1,1,2,4,1,3,2,1,1,4,4,4,1,1,1,3,1,1,1,5,4,M,NA,NA,NA,NA,NA,NA,NA,NA,NA,NA,NA,NA,NA,NA,NA,NA,NA,NA,NA,NA,NA,NA,NA,NA,NA,NA,NA,NA,1,NA,B8,Z09C46,9C,8B,3/26/2003,3/26/2003,1/14/2016,12.81369863
6046,B0850,8,B,8B,Muslim,Friends,Friend1,1,51,F,50,4,3,6,4,4,7,6,6,6,5,6,3,8,MUSLIM,2,1,2,2,2,1,1,2,4,1,2,1,2,1,4,4,4,1,1,1,1,1,1,2,5,3,F,Muslim,5,1,3,1,5,1,3,5,5,5,4,2,1,1,1,1,1,1,1,1,1,5,5,6,5,7,4,1,1,B8,Z09C47,9C,8B,8/30/2003,8/30/2003,1/14/2016,12.38356164
6052,B0851,8,B,8B,Muslim,Friends,Friend1,1,57,F,51,1,6,5,5,7,4,4,5,4,6,1,7,NA,SULOMANI VAHRA,2,5,1,3,1,5,1,2,3,5,5,5,2,4,2,1,1,1,1,1,1,1,1,1,5,5,F,NA,NA,NA,NA,NA,NA,NA,NA,NA,NA,NA,NA,NA,NA,NA,NA,NA,NA,NA,NA,NA,NA,NA,NA,NA,NA,NA,NA,1,NA,B8,Z09C48,9C,8B,6/7/2003,6/7/2003,1/14/2016,12.61369863
6059,B0853,8,B,8B,Hindu,Friends,Friend1,1,50,F,53,1,4,7,4,7,6,7,6,6,6,4,4,2,NA,2,4,3,2,3,3,1,4,3,5,5,4,1,2,4,4,4,3,2,1,3,2,2,2,3,5,F,Muslim,1,2,2,2,1,1,4,1,2,1,1,4,4,4,1,1,1,1,1,1,2,5,3,3,6,4,7,1,0,B8,Z09C50,9C,8B,3/1/2003,3/1/2003,1/14/2016,12.88219178
6066,B0854,8,B,8B,Muslim,Friends,Friend1,1,50,F,54,2,1,7,7,4,7,4,6,3,5,4,4,NA,MUSLIM,2,1,1,2,1,3,1,2,3,1,1,2,2,1,4,4,4,1,2,1,1,1,5,1,5,3,F,Muslim,1,2,2,2,1,1,4,1,2,1,1,4,4,4,1,1,1,1,1,1,2,5,3,3,6,4,7,1,1,B8,Z09C51,9C,8B,7/23/2002,7/23/2002,1/14/2016,13.48767123
6073,B0858,8,B,8B,Hindu,Friends,Friend1,1,50,F,58,1,2,7,7,6,1,6,7,2,2,7,6,8,NA,2,2,2,1,1,3,2,4,4,1,3,2,1,1,5,4,2,1,1,2,3,2,1,1,3,2,F,Muslim,1,2,2,2,1,1,4,1,2,1,1,4,4,4,1,1,1,1,1,1,2,5,3,3,6,4,7,1,0,B8,Z09C55,9C,8B,1/2/2002,NA,1/14/2016,14.04109589
6080,B0861,8,B,8B,Hindu,Friends,Friend1,1,50,F,61,2,2,6,6,6,3,6,6,6,2,6,6,8,NA,2,1,1,1,1,1,1,1,4,1,1,1,1,1,6,6,6,1,1,1,1,1,5,1,5,5,F,Muslim,1,2,2,2,1,1,4,1,2,1,1,4,4,4,1,1,1,1,1,1,2,5,3,3,6,4,7,1,0,B8,Z09C58,9C,8B,5/24/2002,5/24/2002,1/14/2016,13.65205479
6083,B0862,8,B,8B,Hindu,Friends,Friend1,1,56,F,62,2,1,6,3,7,5,7,7,3,5,4,5,1,NA,2,3,2,2,1,1,1,1,3,1,5,1,1,1,7,4,4,1,1,2,3,1,2,3,3,1,F,NA,NA,NA,NA,NA,NA,NA,NA,NA,NA,NA,NA,NA,NA,NA,NA,NA,NA,NA,NA,NA,NA,NA,NA,NA,NA,NA,NA,1,NA,B8,Z09C59,9C,8B,1/7/2003,NA,1/14/2016,13.02739726
6090,B0864,8,B,8B,Muslim,Friends,Friend1,1,50,F,64,6,2,7,6,5,7,7,7,5,5,5,6,6,NA,2,2,1,2,2,1,1,2,3,1,1,2,2,2,4,2,7,3,1,2,2,2,2,1,NA,NA,F,Muslim,1,2,2,2,1,1,4,1,2,1,1,4,4,4,1,1,1,1,1,1,2,5,3,3,6,4,7,1,1,B8,Z09C61,9C,8B,6/15/2002,6/15/2002,1/14/2016,13.59178082
6097,B0865,8,B,8B,Muslim,Friends,Friend1,1,1,F,65,6,7,7,7,6,7,7,7,5,6,7,7,6,NA,2,1,1,1,1,1,1,2,4,1,1,1,2,1,4,7,7,1,1,1,2,1,1,1,5,2,M,NA,NA,NA,NA,NA,NA,NA,NA,NA,NA,NA,NA,NA,NA,NA,NA,NA,NA,NA,NA,NA,NA,NA,NA,NA,NA,NA,NA,0,NA,B8,Z09C62,9C,8B,4/2/2003,4/2/2003,1/14/2016,12.79452055
6104,B0866,8,B,8B,Hindu,Friends,Friend1,1,52,F,66,7,7,7,7,7,4,7,6,6,6,3,4,8,NA,2,1,1,1,2,1,1,1,4,1,4,2,1,1,4,7,3,1,1,1,1,1,1,1,4,2,F,NA,NA,NA,NA,NA,NA,NA,NA,NA,NA,NA,NA,NA,NA,NA,NA,NA,NA,NA,NA,NA,NA,NA,NA,NA,NA,NA,NA,1,NA,B8,Z09C63,9C,8B,5/22/2003,5/22/2003,1/14/2016,12.65753425
6111,B0868,8,B,8B,Hindu,Friends,Friend1,1,53,F,68,5,1,7,6,7,4,7,6,6,2,5,5,NA,KOKANI (MARATHI),2,1,2,1,1,3,1,4,4,1,5,2,1,1,3,2,1,1,1,1,3,2,1,1,3,5,F,Hindu,4,3,2,3,3,1,3,5,5,4,2,4,4,4,3,2,1,3,2,2,2,3,5,4,7,7,6,1,1,B8,Z09C64,9C,8B,10/28/2002,10/28/2002,1/14/2016,13.22191781
6118,B0869,8,B,8B,Muslim,Friends,Friend1,1,51,F,69,4,4,7,4,7,7,6,7,6,7,5,4,8,NA,2,4,1,2,1,3,1,4,4,1,3,3,2,2,7,4,4,1,1,1,1,1,3,1,5,5,F,Muslim,5,1,3,1,5,1,3,5,5,5,4,2,1,1,1,1,1,1,1,1,1,5,5,6,5,7,4,1,1,B8,Z09C65,9C,8B,8/9/2002,7/9/2002,1/14/2016,13.44109589
6125,B0870,8,B,8B,Hindu,Friends,Friend1,1,51,F,70,6,4,6,7,7,7,7,7,7,7,6,5,7,NA,2,2,1,2,1,1,1,1,3,1,4,2,1,2,4,4,4,1,1,1,1,1,3,1,5,3,F,Muslim,5,1,3,1,5,1,3,5,5,5,4,2,1,1,1,1,1,1,1,1,1,5,5,6,5,7,4,1,0,B8,Z09C66,9C,8B,4/4/2003,4/4/2003,1/14/2016,12.7890411
6132,B0872,8,B,8B,Muslim,Friends,Friend1,1,51,F,72,3,4,7,7,4,6,7,7,4,6,5,4,6,NA,2,1,1,1,1,1,1,2,4,1,1,2,2,1,4,1,7,1,1,1,3,1,1,1,5,2,F,Muslim,5,1,3,1,5,1,3,5,5,5,4,2,1,1,1,1,1,1,1,1,1,5,5,6,5,7,4,1,1,B8,Z09C68,9C,8B,1/10/2003,1/10/2003,1/14/2016,13.01917808
6139,B0873,8,B,8B,Muslim,Friends,Friend1,1,51,F,73,1,4,6,7,6,6,6,6,6,6,5,5,8,NA,2,1,1,2,1,1,1,2,3,1,1,2,2,1,5,5,5,1,1,1,3,1,5,1,5,2,F,Muslim,5,1,3,1,5,1,3,5,5,5,4,2,1,1,1,1,1,1,1,1,1,5,5,6,5,7,4,1,1,B8,Z09B60,9B,8B,3/6/2003,3/6/2003,1/14/2016,12.86849315
6146,C0801,8,C,8C,Muslim,Friends,Friend1,1,2,M,1,6,7,7,6,4,7,4,6,4,6,6,5,8,NA,1,1,2,1,1,2,1,2,4,1,1,1,2,1,5,4,4,1,1,1,1,2,3,1,5,4,M,NA,NA,NA,NA,NA,NA,NA,NA,NA,NA,NA,NA,NA,NA,NA,NA,NA,NA,NA,NA,NA,NA,NA,NA,NA,NA,NA,NA,1,NA,C8,Z09A01,9A,8C,11/15/2002,11/14/2002,1/14/2016,13.17260274
6153,C0804,8,C,8C,Muslim,Friends,Friend1,1,1,M,4,4,6,5,7,7,7,7,7,5,7,7,6,NA,Muslim Vohra,1,1,1,1,1,3,1,1,2,1,1,2,2,1,4,2,2,1,1,2,2,1,2,1,4,3,M,Muslim,1,2,1,1,2,1,4,1,1,1,1,5,4,4,1,1,1,1,2,3,1,5,4,7,7,4,7,1,1,C8,Z09A04,9A,8C,4/16/2002,4/16/2002,1/14/2016,13.75616438
6160,C0805,8,C,8C,Hindu,Friends,Friend1,1,1,M,5,4,7,6,6,7,7,7,7,6,7,6,5,8,NA,1,1,1,2,2,3,1,1,3,3,4,2,1,2,4,1,1,1,1,1,1,1,2,1,5,3,M,Muslim,1,2,1,1,2,1,4,1,1,1,1,5,4,4,1,1,1,1,2,3,1,5,4,7,7,4,7,1,0,C8,Z09A05,9A,8C,4/3/2003,NA,1/14/2016,12.79178082
6167,C0806,8,C,8C,Hindu,Friends,Friend1,1,3,M,6,2,6,5,6,7,4,7,6,4,5,6,5,1,Brahmin,1,1,1,1,1,2,1,2,4,1,3,2,1,1,7,7,6,3,2,1,2,1,1,1,5,3,M,NA,NA,NA,NA,NA,NA,NA,NA,NA,NA,NA,NA,NA,NA,NA,NA,NA,NA,NA,NA,NA,NA,NA,NA,NA,NA,NA,NA,1,NA,C8,Z09A06,9A,8C,12/18/2002,12/18/2002,1/14/2016,13.08219178
6174,C0807,8,C,8C,Hindu,Friends,Friend1,1,4,M,7,6,7,6,7,7,5,6,7,5,5,5,6,2,Kshatirya,1,2,3,2,1,2,1,1,4,1,1,3,1,1,3,2,2,1,1,1,1,1,2,1,5,3,M,Muslim,1,1,1,1,3,1,2,1,1,2,1,4,2,2,1,1,2,2,1,2,1,4,3,6,5,7,7,1,0,C8,Z09A07,9A,8C,6/1/2001,NA,1/14/2016,14.63013699
6182,C0808,8,C,8C,Hindu,Friends,Friend1,1,16,M,8,5,7,6,6,6,6,5,6,6,4,6,3,2,Kshatriya,1,4,1,3,1,1,1,NA,3,1,5,2,1,3,4,4,2,1,1,1,1,1,2,1,3,1,M,NA,NA,NA,NA,NA,NA,NA,NA,NA,NA,NA,NA,NA,NA,NA,NA,NA,NA,NA,NA,NA,NA,NA,NA,NA,NA,NA,NA,1,NA,C8,Z09A08,9A,8C,7/5/2003,7/5/2003,1/14/2016,12.5369863
6189,C0809,8,C,8C,Hindu,Friends,Friend1,1,11,M,9,2,7,1,6,7,4,6,7,5,6,1,5,1,Brahmin,1,2,1,2,1,2,1,NA,3,2,4,1,1,2,4,4,4,2,1,1,3,1,1,1,4,3,M,Hindu,3,1,2,2,2,1,2,1,3,2,2,4,3,3,1,1,1,1,1,2,1,4,3,6,5,6,6,1,1,C8,Z09A09,9A,8C,2/3/2003,NA,1/14/2016,12.95342466
6196,C0811,8,C,8C,Hindu,Friends,Friend1,1,4,M,11,5,6,5,6,6,6,6,5,5,6,7,5,2,Vaishya,1,3,1,2,2,2,1,1,2,1,3,2,1,2,4,3,3,1,1,1,1,1,2,1,4,3,M,Muslim,1,1,1,1,3,1,2,1,1,2,1,4,2,2,1,1,2,2,1,2,1,4,3,6,5,7,7,1,0,C8,Z09B17,9B,8C,8/11/2002,NA,1/14/2016,13.43561644
6203,C0812,8,C,8C,Muslim,Friends,Friend1,1,3,M,12,4,7,4,5,4,7,7,7,4,4,4,4,7,Muslim,1,2,1,2,1,1,1,2,4,1,1,1,2,1,4,4,4,5,5,4,3,4,4,5,5,4,M,NA,NA,NA,NA,NA,NA,NA,NA,NA,NA,NA,NA,NA,NA,NA,NA,NA,NA,NA,NA,NA,NA,NA,NA,NA,NA,NA,NA,1,NA,C8,Z09A11,9A,8C,1/10/2002,12/10/2000,1/14/2016,14.01917808
6210,C0813,8,C,8C,Muslim,Friends,Friend1,1,1,M,13,4,NA,5,7,4,7,7,7,6,5,6,4,7,Muslim,1,1,1,2,2,1,1,2,4,1,1,1,2,1,4,4,4,5,5,4,3,5,4,5,4,4,M,Muslim,1,2,1,1,2,1,4,1,1,1,1,5,4,4,1,1,1,1,2,3,1,5,4,7,7,4,7,1,1,C8,Z09A12,9A,8C,2/13/2003,2/13/2003,1/14/2016,12.9260274
6217,C0814,8,C,8C,Muslim,Friends,Friend1,1,1,M,14,6,7,2,7,5,7,7,7,6,5,5,4,7,Muslim,1,1,1,1,2,1,1,2,4,2,1,1,2,1,4,1,7,5,1,1,1,1,1,1,5,3,M,Muslim,1,2,1,1,2,1,4,1,1,1,1,5,4,4,1,1,1,1,2,3,1,5,4,7,7,4,7,1,1,C8,NA,NA,8C,NA,7/23/2002,1/14/2016,13.48767123
6224,C0818,8,C,8C,Muslim,Friends,Friend1,1,2,M,18,4,6,5,3,3,7,7,3,5,4,6,4,6,NA,1,1,2,3,3,1,2,2,4,1,1,1,2,1,4,4,6,3,1,1,2,1,2,1,4,3,M,NA,NA,NA,NA,NA,NA,NA,NA,NA,NA,NA,NA,NA,NA,NA,NA,NA,NA,NA,NA,NA,NA,NA,NA,NA,NA,NA,NA,1,NA,C8,Z09A16,9A,8C,1/17/2003,1/17/2003,1/14/2016,13
6231,C0821,8,C,8C,Hindu,Friends,Friend1,1,8,M,21,7,7,6,7,7,6,7,7,6,7,7,6,8,don't know,1,1,1,1,1,1,1,1,4,2,1,1,1,1,4,4,4,5,1,1,4,1,1,1,4,2,M,Hindu,4,1,3,1,1,1,3,1,5,2,3,4,4,2,1,1,1,1,1,2,1,3,1,7,6,6,6,1,1,C8,Z09A18,9A,8C,7/11/2002,7/11/2002,1/14/2016,13.52054795
6238,C0822,8,C,8C,Hindu,Friends,Friend1,1,15,M,22,4,4,4,6,4,4,5,4,5,4,4,3,7,Genral,1,2,1,3,1,3,1,1,3,1,4,2,1,2,7,4,4,1,1,1,1,1,1,1,5,3,M,NA,NA,NA,NA,NA,NA,NA,NA,NA,NA,NA,NA,NA,NA,NA,NA,NA,NA,NA,NA,NA,NA,NA,NA,NA,NA,NA,NA,1,NA,C8,Z09A19,9A,8C,6/11/2002,6/11/2002,1/14/2016,13.60273973
6245,C0827,8,C,8C,Muslim,Friends,Friend1,1,4,M,27,6,7,6,7,6,7,7,7,6,6,5,6,NA,Vohra,1,1,1,2,1,1,1,1,4,1,1,1,2,1,4,3,6,1,1,1,2,1,3,1,5,3,M,Muslim,1,1,1,1,3,1,2,1,1,2,1,4,2,2,1,1,2,2,1,2,1,4,3,6,5,7,7,1,1,C8,Z09A25,9A,8C,5/27/2002,NA,1/14/2016,13.64383562
6252,C0828,8,C,8C,Muslim,Friends,Friend1,1,4,M,28,5,7,6,6,7,7,7,5,6,5,NA,5,8,don't know,1,2,1,2,2,1,1,2,1,1,2,1,2,3,4,4,4,1,1,2,2,1,2,2,2,3,M,Muslim,1,1,1,1,3,1,2,1,1,2,1,4,2,2,1,1,2,2,1,2,1,4,3,6,5,7,7,1,1,C8,NA,NA,8C,NA,7/30/2003,1/14/2016,12.46849315
6259,C0829,8,C,8C,Hindu,Friends,Friend1,1,9,M,29,1,7,6,7,7,5,7,6,5,5,4,3,8,NA,1,1,1,2,2,1,1,1,4,1,3,2,1,1,7,5,6,1,1,2,1,2,2,1,1,4,M,Hindu,2,1,2,1,2,1,3,2,4,1,2,4,4,4,2,1,1,3,1,1,1,4,3,7,1,7,4,1,1,C8,Z09A26,9A,8C,12/4/2002,NA,1/14/2016,13.12054795
6266,C0831,8,C,8C,Muslim,Friends,Friend1,1,2,M,31,4,6,4,5,1,7,7,4,3,4,6,4,6,NA,1,1,2,1,2,1,2,2,4,2,2,2,2,1,4,1,6,3,1,1,2,1,1,1,5,2,M,NA,NA,NA,NA,NA,NA,NA,NA,NA,NA,NA,NA,NA,NA,NA,NA,NA,NA,NA,NA,NA,NA,NA,NA,NA,NA,NA,NA,1,NA,C8,Z09A28,9A,8C,3/13/2003,NA,1/14/2016,12.84931507
6273,C0832,8,C,8C,Muslim,Friends,Friend1,1,1,M,32,4,7,6,1,6,6,2,2,2,3,5,4,7,Muslim,1,2,1,2,2,1,1,2,4,1,1,1,2,1,4,6,6,4,1,1,1,1,1,1,4,1,M,Muslim,1,2,1,1,2,1,4,1,1,1,1,5,4,4,1,1,1,1,2,3,1,5,4,7,7,4,7,1,1,C8,Z09A29,9A,8C,2/5/2001,1/5/2001,1/14/2016,14.94794521
6280,C0834,8,C,8C,Muslim,Friends,Friend1,1,2,M,34,1,6,4,7,1,7,7,4,3,4,2,3,6,NA,1,2,2,1,1,1,2,2,4,2,1,1,2,1,4,1,4,3,1,1,2,2,1,2,1,2,M,NA,NA,NA,NA,NA,NA,NA,NA,NA,NA,NA,NA,NA,NA,NA,NA,NA,NA,NA,NA,NA,NA,NA,NA,NA,NA,NA,NA,1,NA,C8,Z09A31,9A,8C,5/28/2002,NA,1/14/2016,13.64109589
6287,C0836,8,C,8C,Hindu,Friends,Friend1,1,4,M,36,3,7,3,4,6,6,6,7,5,6,5,5,8,NA,1,3,1,1,1,2,1,2,4,1,4,3,1,2,6,4,4,2,1,1,3,1,2,1,5,5,M,Muslim,1,1,1,1,3,1,2,1,1,2,1,4,2,2,1,1,2,2,1,2,1,4,3,6,5,7,7,1,0,C8,NA,NA,8C,NA,NA,1/14/2016,NA
6294,C0838,8,C,8C,Hindu,Friends,Friend1,1,8,M,38,6,6,6,7,6,6,6,6,6,7,6,4,4,Shudra,1,4,2,3,1,4,1,NA,3,2,5,3,1,3,4,4,4,1,1,1,1,1,2,1,3,1,M,Hindu,4,1,3,1,1,1,3,1,5,2,3,4,4,2,1,1,1,1,1,2,1,3,1,7,6,6,6,1,1,C8,Z09A35,9A,8C,7/8/2003,NA,1/14/2016,12.52876712
6301,C0839,8,C,8C,Hindu,Friends,Friend1,1,3,M,39,6,7,6,7,7,7,6,5,7,6,6,5,4,Shudra,1,1,1,1,1,2,1,1,3,1,1,2,1,3,4,6,7,1,1,1,1,1,2,1,2,3,M,NA,NA,NA,NA,NA,NA,NA,NA,NA,NA,NA,NA,NA,NA,NA,NA,NA,NA,NA,NA,NA,NA,NA,NA,NA,NA,NA,NA,1,NA,C8,Z09A36,9A,8C,5/30/2002,5/29/2002,1/14/2016,13.63561644
6309,C0840,8,C,8C,Hindu,Friends,Friend1,1,4,M,40,3,7,6,6,7,7,7,6,6,6,6,5,8,don't know,1,1,1,2,1,1,1,1,3,1,3,2,1,3,4,6,4,1,1,1,1,1,2,1,4,3,M,Muslim,1,1,1,1,3,1,2,1,1,2,1,4,2,2,1,1,2,2,1,2,1,4,3,6,5,7,7,1,0,C8,Z09A37,9A,8C,11/26/2002,NA,1/14/2016,13.14246575
6316,C0841,8,C,8C,Hindu,Friends,Friend1,1,19,F,41,4,6,7,6,7,5,7,7,6,7,6,6,1,Brahmin,2,1,1,1,2,1,2,2,3,1,5,2,1,1,3,3,2,1,1,1,1,1,2,2,4,3,M,NA,NA,NA,NA,NA,NA,NA,NA,NA,NA,NA,NA,NA,NA,NA,NA,NA,NA,NA,NA,NA,NA,NA,NA,NA,NA,NA,NA,0,NA,C8,Z09A38,9A,8C,10/20/2001,10/20/2001,1/14/2016,14.24383562
6323,C0842,8,C,8C,other,Friends,Friend1,1,43,F,42,1,4,7,3,5,4,6,7,2,4,4,3,NA,Bohra,2,1,1,3,2,2,1,1,1,3,3,3,NA,1,4,1,2,1,1,2,1,3,2,1,5,1,F,Muslim,1,2,1,1,1,1,3,1,2,5,1,4,3,3,2,1,1,3,1,1,1,5,3,6,7,6,7,1,0,C8,Z09A39,9A,8C,4/23/2002,4/23/2002,1/14/2016,13.7369863
6330,C0843,8,C,8C,Muslim,Friends,Friend1,1,42,F,43,4,6,7,6,6,7,7,7,6,6,6,5,NA,Mehedviya/Sunni,2,1,2,1,1,1,1,2,3,1,2,5,2,1,4,3,3,2,1,1,3,1,1,1,5,3,F,other,1,1,3,2,2,1,1,3,3,3,1,4,1,2,1,1,2,1,3,2,1,5,1,4,7,5,4,1,0,C8,Z09A40,9A,8C,9/10/2002,NA,1/14/2016,13.35342466
6337,C0844,8,C,8C,Hindu,Friends,Friend1,1,7,F,44,4,4,7,6,6,6,7,7,6,6,4,5,8,NA,2,1,3,2,1,1,1,1,4,1,5,2,1,1,4,2,2,2,1,1,3,1,1,2,5,3,M,Hindu,2,3,2,1,2,1,4,1,1,3,1,3,2,2,1,1,1,1,1,2,1,5,3,7,6,7,5,0,1,C8,Z09A41,9A,8C,11/2/2002,11/2/2002,1/14/2016,13.20821918
6344,C0845,8,C,8C,Hindu,Friends,Friend1,1,43,F,45,4,4,7,5,7,6,7,7,4,4,6,6,8,NA,2,4,1,2,3,2,1,1,4,1,5,2,1,1,4,4,4,1,1,1,3,1,2,1,3,3,F,Muslim,1,2,1,1,1,1,3,1,2,5,1,4,3,3,2,1,1,3,1,1,1,5,3,6,7,6,7,1,0,C8,Z09A42,9A,8C,11/2/2002,11/2/2002,1/14/2016,13.20821918
6351,C0847,8,C,8C,Hindu,Friends,Friend1,1,41,F,47,6,1,7,7,7,6,7,6,6,6,7,7,1,brahmin,2,1,4,3,1,2,1,2,3,1,4,2,1,1,4,4,4,1,2,1,1,1,2,1,5,3,F,Hindu,1,1,1,2,1,2,3,1,5,2,1,3,3,2,1,1,1,1,1,2,2,4,3,6,7,7,5,1,1,C8,Z09A44,9A,8C,12/13/2002,NA,1/14/2016,13.09589041
6358,C0850,8,C,8C,Muslim,Friends,Friend1,1,41,F,50,6,6,6,4,6,7,6,7,7,7,6,4,8,NA,2,1,1,2,1,1,1,1,4,1,1,3,2,2,4,3,4,1,1,1,1,1,2,1,3,2,F,Hindu,1,1,1,2,1,2,3,1,5,2,1,3,3,2,1,1,1,1,1,2,2,4,3,6,7,7,5,1,0,C8,Z09A47,9A,8C,4/26/2003,4/26/2003,1/14/2016,12.72876712
6365,C0851,8,C,8C,Muslim,Friends,Friend1,1,54,F,51,4,1,6,5,5,6,7,7,6,6,6,4,6,NA,2,2,1,2,3,1,2,2,4,1,1,5,2,1,4,4,4,5,1,1,3,1,2,1,5,2,F,Hindu,1,1,1,1,1,1,4,1,1,1,2,4,4,4,2,1,1,3,1,3,4,5,2,5,7,2,7,1,0,C8,Z09A48,9A,8C,7/27/2002,NA,1/14/2016,13.47671233
6371,C0852,8,C,8C,Muslim,Friends,Friend1,1,43,F,52,4,5,7,5,4,7,7,6,6,6,7,5,8,NA,2,2,1,2,1,1,1,2,3,1,1,5,2,1,5,4,4,2,1,1,3,1,1,1,4,4,F,Muslim,1,2,1,1,1,1,3,1,2,5,1,4,3,3,2,1,1,3,1,1,1,5,3,6,7,6,7,1,1,C8,Z09A49,9A,8C,4/10/2003,4/10/2003,1/14/2016,12.77260274
6378,C0854,8,C,8C,Hindu,Friends,Friend1,1,43,F,54,4,5,7,6,2,7,7,7,5,6,4,4,8,NA,2,1,1,1,1,1,1,2,4,1,1,1,2,2,4,4,4,2,1,1,3,1,3,4,5,2,F,Muslim,1,2,1,1,1,1,3,1,2,5,1,4,3,3,2,1,1,3,1,1,1,5,3,6,7,6,7,1,0,C8,Z09A51,9A,8C,1/31/2003,1/31/2003,1/14/2016,12.96164384
6385,C0855,8,C,8C,Muslim,Friends,Friend1,1,48,F,55,4,6,7,5,4,7,7,7,4,5,4,4,8,NA,2,2,1,2,1,1,1,NA,4,1,1,1,2,1,4,4,4,5,4,5,3,5,3,4,5,2,F,NA,NA,NA,NA,NA,NA,NA,NA,NA,NA,NA,NA,NA,NA,NA,NA,NA,NA,NA,NA,NA,NA,NA,NA,NA,NA,NA,NA,1,NA,C8,Z09A52,9A,8C,8/29/2002,8/29/2002,1/14/2016,13.38630137
6392,C0857,8,C,8C,Hindu,Friends,Friend1,1,46,F,57,4,1,7,7,7,5,7,7,6,7,4,7,2,NA,2,2,1,1,1,1,2,1,2,2,5,2,1,2,4,4,4,5,1,1,3,1,1,1,5,5,F,NA,NA,NA,NA,NA,NA,NA,NA,NA,NA,NA,NA,NA,NA,NA,NA,NA,NA,NA,NA,NA,NA,NA,NA,NA,NA,NA,NA,1,NA,C8,Z09B51,9B,8C,11/26/2002,11/26/2002,1/14/2016,13.14246575
6399,C0858,8,C,8C,Hindu,Friends,Friend1,1,51,F,58,5,6,7,6,7,7,6,7,7,7,6,5,2,Luhar,2,1,1,2,1,1,1,1,3,1,2,1,1,1,6,4,4,2,1,1,2,1,2,1,5,5,F,Muslim,2,1,2,3,1,2,4,1,1,5,1,4,4,4,5,1,1,3,1,2,1,5,2,1,6,5,6,1,0,C8,Z09A54,9A,8C,1/5/2003,1/5/2003,1/14/2016,13.03287671
6406,C0859,8,C,8C,Hindu,Friends,Friend1,1,51,F,59,6,5,7,6,6,6,6,7,6,5,5,6,8,NA,2,2,2,1,1,2,1,1,2,1,5,2,1,1,4,3,3,3,1,1,1,1,1,1,1,2,F,Muslim,2,1,2,3,1,2,4,1,1,5,1,4,4,4,5,1,1,3,1,2,1,5,2,1,6,5,6,1,0,C8,Z09A55,9A,8C,10/28/2002,10/28/2002,1/14/2016,13.22191781
6413,C0861,8,C,8C,Hindu,Friends,Friend1,1,42,F,61,6,2,7,7,6,6,5,5,6,6,5,5,8,NA,2,2,2,1,1,3,1,1,2,1,5,3,1,2,6,3,3,2,2,1,1,1,1,1,1,1,F,other,1,1,3,2,2,1,1,3,3,3,1,4,1,2,1,1,2,1,3,2,1,5,1,4,7,5,4,1,0,C8,Z09A56,9A,8C,7/4/2003,7/4/2003,1/14/2016,12.53972603
6420,C0862,8,C,8C,Muslim,Friends,Friend1,1,48,F,62,6,3,6,6,4,7,6,6,6,4,6,5,6,Muslim (Suni),2,2,4,3,1,2,2,2,4,1,1,5,2,2,4,2,2,5,3,3,3,5,2,1,5,1,F,NA,NA,NA,NA,NA,NA,NA,NA,NA,NA,NA,NA,NA,NA,NA,NA,NA,NA,NA,NA,NA,NA,NA,NA,NA,NA,NA,NA,1,NA,C8,Z09A57,9A,8C,10/27/2002,10/27/2002,1/14/2016,13.22465753
6427,C0863,8,C,8C,Hindu,Friends,Friend1,1,45,F,63,6,6,6,6,7,7,6,7,6,7,6,6,2,Kshatriya,2,1,1,2,1,1,1,NA,4,1,4,2,1,2,4,4,4,1,1,1,1,1,2,1,4,2,F,Hindu,4,1,2,3,2,1,4,1,5,2,1,4,4,4,1,1,1,3,1,2,1,3,3,4,7,7,6,1,1,C8,Z09A58,9A,8C,7/9/2002,7/9/2002,1/14/2016,13.5260274
6434,C0864,8,C,8C,Hindu,Friends,Friend1,1,41,F,64,6,2,7,6,7,5,7,6,6,6,3,2,1,NA,2,1,2,1,3,1,1,1,4,1,4,3,1,2,4,4,4,1,1,1,1,1,2,2,3,3,F,Hindu,1,1,1,2,1,2,3,1,5,2,1,3,3,2,1,1,1,1,1,2,2,4,3,6,7,7,5,1,1,C8,Z09A59,9A,8C,1/11/2003,1/11/2003,1/14/2016,13.01643836
6441,C0865,8,C,8C,Hindu,Friends,Friend1,1,41,F,65,3,4,6,6,7,6,7,5,6,6,6,4,1,Brahmin,2,1,1,1,1,1,1,1,3,1,2,1,1,1,4,4,4,2,1,1,1,1,1,1,2,3,F,Hindu,1,1,1,2,1,2,3,1,5,2,1,3,3,2,1,1,1,1,1,2,2,4,3,6,7,7,5,1,1,C8,Z09A60,9A,8C,9/12/2002,9/12/2002,1/14/2016,13.34794521
6448,C0867,8,C,8C,Hindu,Friends,Friend1,1,11,F,67,4,6,7,5,7,5,7,5,6,4,7,7,1,Brahmin,2,1,2,1,1,1,1,1,3,1,3,1,1,1,4,4,3,1,1,1,1,1,1,1,2,3,M,Hindu,3,1,2,2,2,1,2,1,3,2,2,4,3,3,1,1,1,1,1,2,1,4,3,6,5,6,6,0,1,C8,Z09A62,9A,8C,4/29/2002,4/29/2002,1/14/2016,13.72054795
6455,C0869,8,C,8C,Hindu,Friends,Friend1,1,5,F,69,5,6,7,6,7,5,7,6,6,6,4,4,1,brahmin,2,1,1,2,2,1,2,1,3,1,4,3,1,1,4,3,3,1,1,1,1,1,2,1,5,3,M,Hindu,1,1,2,2,3,1,3,3,4,2,2,4,1,1,1,1,1,1,1,2,1,5,3,7,6,7,7,0,1,C8,Z09A64,9A,8C,10/5/2002,10/5/2002,1/14/2016,13.28493151
6462,C0870,8,C,8C,Hindu,Friends,Friend1,1,41,F,70,6,6,7,6,7,4,7,7,6,6,7,5,7,Jain-Swetembar,2,1,2,1,1,1,1,1,4,1,3,1,1,1,4,4,4,2,3,3,1,2,1,1,5,3,F,Hindu,1,1,1,2,1,2,3,1,5,2,1,3,3,2,1,1,1,1,1,2,2,4,3,6,7,7,5,1,1,C8,Z09A65,9A,8C,9/29/2002,NA,1/14/2016,13.30136986
6469,C0872,8,C,8C,Muslim,Friends,Friend1,1,42,F,72,5,4,7,4,6,7,7,6,5,4,4,3,NA,Muslim,2,2,1,2,1,2,1,2,3,1,2,2,2,1,4,4,4,2,1,1,2,2,1,1,3,3,F,other,1,1,3,2,2,1,1,3,3,3,1,4,1,2,1,1,2,1,3,2,1,5,1,4,7,5,4,1,0,C8,Z09A66,9A,8C,7/18/2002,7/18/2002,1/14/2016,13.50136986
6476,CO817,8,C,8C,Muslim,Friends,Friend1,1,4,M,17,6,7,1,6,3,7,7,5,5,2,6,7,7,Muslims,1,1,2,3,1,2,1,1,4,3,1,1,2,1,4,3,7,3,2,1,2,1,2,3,4,1,M,Muslim,1,1,1,1,3,1,2,1,1,2,1,4,2,2,1,1,2,2,1,2,1,4,3,6,5,7,7,1,1,C8,NA,NA,NA,NA,NA,1/14/2016,NA
6483,CO820,8,C,8C,Hindu,Friends,Friend1,1,5,M,20,4,6,4,6,7,7,7,7,7,1,2,2,3,Vaishya,1,4,1,1,2,4,1,1,3,4,5,4,1,3,4,4,4,1,1,1,3,1,5,3,4,5,M,Hindu,1,1,2,2,3,1,3,3,4,2,2,4,1,1,1,1,1,1,1,2,1,5,3,7,6,7,7,1,1,C8,NA,NA,NA,NA,NA,1/14/2016,NA
6487,A0901,9,A,9A,Hindu,Friends,Friend1,1,2,M,1,4,7,6,3,6,6,5,5,5,6,5,5,3,NA,1,4,1,2,1,3,2,2,3,1,5,1,1,2,4,3,2,2,1,1,1,2,1,1,4,2,M,Hindu,1,1,1,1,1,1,3,1,3,3,2,3,2,2,1,1,1,5,1,1,1,3,1,7,1,7,6,1,1,A9,Z10B01,10B,9A,10/20/2001,10/20/2002,1/14/2016,14.24383562
6494,A0902,9,A,9A,Hindu,Friends,Friend1,1,1,M,2,5,7,1,6,7,6,7,6,5,5,6,6,6,NA,1,1,1,1,1,1,1,1,3,1,3,3,1,2,3,2,2,1,1,1,5,1,1,1,3,1,M,Hindu,4,1,2,1,3,2,3,1,5,1,2,4,3,2,2,1,1,1,2,1,1,4,2,7,6,6,6,1,1,A9,Z10B02,10B,9A,6/26/2001,6/26/2001,1/14/2016,14.56164384
6501,A0903,9,A,9A,Muslim,Friends,Friend1,1,4,M,3,6,5,4,7,4,7,6,5,5,4,5,3,7,Aalvibohra,1,1,1,NA,1,1,1,1,3,1,1,3,2,1,4,3,3,3,1,1,2,2,2,1,2,2,M,Hindu,2,1,2,1,2,1,4,1,4,2,1,4,2,2,1,1,1,2,1,1,1,5,5,7,7,7,6,1,0,A9,Z10B03,10B,9A,2/15/2002,2/15/2002,1/14/2016,13.92054795
6508,A0904,9,A,9A,Hindu,Friends,Friend1,1,6,M,4,3,7,7,7,7,6,7,7,6,6,4,6,7,NA,1,2,1,2,1,2,1,1,4,1,4,2,1,1,4,2,2,1,1,1,2,1,1,1,5,5,M,Hindu,1,1,2,1,1,2,3,1,2,1,1,6,4,4,2,1,1,3,1,2,1,5,2,5,4,4,4,1,1,A9,Z10B04,10B,9A,2/25/2002,2/25/2002,1/14/2016,13.89315068
6515,A0905,9,A,9A,Muslim,Friends,Friend1,1,2,M,5,4,6,4,6,6,6,6,6,5,6,4,3,7,Bohra,1,2,1,1,2,2,2,2,3,1,1,2,2,2,4,3,3,2,1,1,1,1,1,1,4,2,M,Hindu,1,1,1,1,1,1,3,1,3,3,2,3,2,2,1,1,1,5,1,1,1,3,1,7,1,7,6,1,0,A9,Z10B06,10B,9A,6/25/2001,NA,1/14/2016,14.56438356
6520,A0906,9,A,9A,Hindu,Friends,Friend1,1,1,M,6,4,5,4,4,4,4,4,5,4,4,4,3,3,NA,1,1,1,2,1,1,2,4,3,1,2,1,1,1,6,4,4,2,1,1,3,1,2,1,5,2,M,Hindu,4,1,2,1,3,2,3,1,5,1,2,4,3,2,2,1,1,1,2,1,1,4,2,7,6,6,6,1,1,A9,Z10B07,10B,9A,6/19/2001,6/19/2001,1/14/2016,14.58082192
6527,A0908,9,A,9A,Hindu,Friends,Friend1,1,7,M,8,4,5,4,4,6,6,4,3,5,5,4,4,1,NA,1,1,1,1,1,1,1,4,3,3,3,2,1,3,4,4,4,1,1,1,1,1,1,1,5,3,M,NA,NA,NA,NA,NA,NA,NA,NA,NA,NA,NA,NA,NA,NA,NA,NA,NA,NA,NA,NA,NA,NA,NA,NA,NA,NA,NA,NA,1,NA,A9,Z10B09,10B,9A,5/19/2001,NA,1/14/2016,14.66575342
6533,A0909,9,A,9A,Muslim,Friends,Friend1,1,3,M,9,5,6,6,6,6,6,7,7,6,6,7,6,7,Alavi Vohra,1,1,1,1,1,1,1,1,3,1,1,1,2,1,4,4,4,1,1,1,1,1,1,1,4,2,M,Muslim,1,1,NA,1,1,1,3,1,1,3,1,4,3,3,3,1,1,2,2,2,1,2,2,5,4,4,7,1,1,A9,Z10B10,10B,9A,6/9/2001,6/9/2001,1/14/2016,14.60821918
6540,A0910,9,A,9A,Hindu,Friends,Friend1,1,8,M,10,4,7,4,6,7,4,6,6,6,6,3,6,1,NA,1,1,2,2,2,2,1,4,3,1,5,2,1,1,4,6,1,2,1,1,1,1,5,1,4,3,M,Hindu,1,1,1,1,1,1,3,3,3,2,3,4,4,4,1,1,1,1,1,1,1,5,3,5,4,6,6,1,1,A9,Z10B11,10B,9A,1/11/2002,1/11/2002,1/14/2016,14.01643836
6543,A0911,9,A,9A,Muslim,Friends,Friend1,1,6,M,11,4,6,3,6,6,5,6,7,5,6,4,4,6,NA,1,1,1,1,2,3,1,1,3,1,1,1,2,2,4,2,2,1,1,1,3,1,1,3,4,2,M,Hindu,1,1,2,1,1,2,3,1,2,1,1,6,4,4,2,1,1,3,1,2,1,5,2,5,4,4,4,1,0,A9,Z10B12,10B,9A,10/25/2001,10/25/2001,1/14/2016,14.23013699
6550,A0912,9,A,9A,other,Friends,Friend1,1,4,M,12,4,7,5,7,6,6,4,6,4,5,6,4,8,DON'T KNOW,1,4,4,3,1,3,2,1,2,1,1,2,3,1,4,4,4,2,1,2,3,2,1,1,2,3,M,Hindu,2,1,2,1,2,1,4,1,4,2,1,4,2,2,1,1,1,2,1,1,1,5,5,7,7,7,6,1,0,A9,Z10B14,10B,9A,11/28/2001,NA,1/14/2016,14.1369863
6557,A0913,9,A,9A,Muslim,Friends,Friend1,1,3,M,13,6,4,4,6,4,4,6,6,6,6,6,4,6,NA,1,1,1,1,1,1,1,1,3,1,1,2,2,1,4,4,4,2,1,1,3,1,1,1,5,3,M,Muslim,1,1,NA,1,1,1,3,1,1,3,1,4,3,3,3,1,1,2,2,2,1,2,2,5,4,4,7,1,1,A9,Z10B15,10B,9A,4/23/2002,4/23/2002,1/14/2016,13.7369863
6564,A0914,9,A,9A,Muslim,Friends,Friend1,1,6,M,14,3,6,6,5,4,6,6,5,5,5,6,4,7,NA,1,1,2,2,2,1,1,1,3,1,1,1,2,1,4,4,4,1,1,1,2,1,1,1,4,2,M,Hindu,1,1,2,1,1,2,3,1,2,1,1,6,4,4,2,1,1,3,1,2,1,5,2,5,4,4,4,1,0,A9,NA,NA,9A,NA,NA,1/14/2016,NA
6571,A0915,9,A,9A,Muslim,Friends,Friend1,1,3,M,15,5,6,6,6,6,7,6,6,5,6,5,5,7,Sunni,1,1,1,2,1,1,1,2,4,1,1,1,2,1,4,4,4,2,1,1,1,1,1,1,4,2,M,Muslim,1,1,NA,1,1,1,3,1,1,3,1,4,3,3,3,1,1,2,2,2,1,2,2,5,4,4,7,1,1,A9,Z10B17,10B,9A,4/15/2001,4/15/2001,1/14/2016,14.75890411
6578,A0916,9,A,9A,Hindu,Friends,Friend1,1,8,M,16,4,5,4,5,6,6,6,5,5,4,4,5,8,NA,1,2,1,2,1,2,1,2,3,1,5,1,1,2,4,4,4,2,1,1,4,1,2,1,5,3,M,Hindu,1,1,1,1,1,1,3,3,3,2,3,4,4,4,1,1,1,1,1,1,1,5,3,5,4,6,6,1,1,A9,Z10B18,10B,9A,4/2/2002,4/2/2002,1/14/2016,13.79452055
6585,A0917,9,A,9A,Muslim,Friends,Friend1,1,3,M,17,4,7,7,6,6,7,7,7,5,6,6,6,7,NA,1,1,1,1,2,2,1,2,4,1,1,1,2,1,4,1,7,1,1,1,2,1,1,1,5,5,M,Muslim,1,1,NA,1,1,1,3,1,1,3,1,4,3,3,3,1,1,2,2,2,1,2,2,5,4,4,7,1,1,A9,Z10A11,10A,9A,2/4/2002,NA,1/14/2016,13.95068493
6592,A0918,9,A,9A,Hindu,Friends,Friend1,1,1,M,18,4,6,6,6,6,6,4,5,4,4,4,4,2,NA,1,5,3,2,2,4,1,4,4,1,5,2,1,2,4,2,2,2,1,1,1,1,2,1,5,4,M,Hindu,4,1,2,1,3,2,3,1,5,1,2,4,3,2,2,1,1,1,2,1,1,4,2,7,6,6,6,1,1,A9,Z10B20,10B,9A,3/29/2001,3/29/2001,1/14/2016,14.80547945
6599,A0919,9,A,9A,Muslim,Friends,Friend1,1,5,M,19,4,6,2,3,5,7,6,5,4,5,6,6,6,Alvi vohra,1,3,1,2,2,1,2,1,3,1,1,1,2,1,3,2,2,2,2,2,4,2,2,1,4,3,M,Muslim,2,1,1,2,2,2,3,1,1,2,2,4,3,3,2,1,1,1,1,1,1,4,2,6,4,6,6,1,1,A9,Z10B21,10B,9A,10/1/2001,NA,1/14/2016,14.29589041
6606,A0920,9,A,9A,Hindu,Friends,Friend1,1,4,M,20,4,6,6,6,6,5,6,6,5,4,6,5,2,NA,1,1,1,2,2,1,2,1,3,1,2,1,1,1,3,4,4,1,1,1,2,2,1,1,4,2,M,Hindu,2,1,2,1,2,1,4,1,4,2,1,4,2,2,1,1,1,2,1,1,1,5,5,7,7,7,6,1,1,A9,Z10B22,10B,9A,4/16/2002,4/16/2002,1/14/2016,13.75616438
6613,A0921,9,A,9A,Hindu,Friends,Friend1,1,4,M,21,4,6,6,3,7,4,6,5,4,4,4,4,1,NA,1,1,1,1,1,2,1,2,3,1,4,2,1,2,3,2,2,2,1,1,2,1,2,2,2,1,M,Hindu,2,1,2,1,2,1,4,1,4,2,1,4,2,2,1,1,1,2,1,1,1,5,5,7,7,7,6,1,1,A9,Z10B24,10B,9A,8/18/2001,8/18/2001,1/14/2016,14.41643836
6620,A0922,9,A,9A,Hindu,Friends,Friend1,1,4,M,22,7,7,4,7,7,7,7,6,5,6,6,6,1,NA,1,4,4,4,1,4,1,2,4,1,5,2,1,2,4,4,4,2,1,1,1,1,1,1,5,5,M,Hindu,2,1,2,1,2,1,4,1,4,2,1,4,2,2,1,1,1,2,1,1,1,5,5,7,7,7,6,1,1,A9,Z10B25,10B,9A,8/31/2000,8/31/2000,1/14/2016,15.38082192
6627,A0923,9,A,9A,Hindu,Friends,Friend1,1,1,M,23,7,7,7,7,7,7,7,7,7,7,7,3,1,NA,1,1,1,1,1,1,1,4,1,1,5,3,1,1,4,4,4,1,1,1,1,1,1,1,5,3,M,Hindu,4,1,2,1,3,2,3,1,5,1,2,4,3,2,2,1,1,1,2,1,1,4,2,7,6,6,6,1,1,A9,Z10B26,10B,9A,9/24/2001,9/24/2001,1/14/2016,14.31506849
6634,A0924,9,A,9A,Hindu,Friends,Friend1,1,1,M,24,6,6,5,5,7,6,7,7,6,7,6,5,NA,SCEB,1,1,1,1,1,1,2,1,3,2,3,3,1,2,4,3,3,1,1,1,2,2,2,3,4,3,M,Hindu,4,1,2,1,3,2,3,1,5,1,2,4,3,2,2,1,1,1,2,1,1,4,2,7,6,6,6,1,1,A9,Z10C24,10C,9A,7/30/2001,7/30/2001,1/14/2016,14.46849315
6641,A0925,9,A,9A,Hindu,Friends,Friend1,1,4,M,25,6,5,5,6,6,5,4,5,4,5,6,4,8,NA,1,3,2,2,2,2,1,1,4,1,5,3,1,2,5,4,4,2,1,1,2,1,1,2,4,2,M,Hindu,2,1,2,1,2,1,4,1,4,2,1,4,2,2,1,1,1,2,1,1,1,5,5,7,7,7,6,1,1,A9,Z10B27,10B,9A,10/31/2001,10/31/2001,1/14/2016,14.21369863
6648,A0926,9,A,9A,Hindu,Friends,Friend1,1,7,M,26,6,6,6,7,7,6,7,7,6,5,6,6,8,NA,1,1,1,1,1,1,1,1,3,1,5,3,1,2,4,3,3,1,1,1,1,1,3,1,5,4,M,NA,NA,NA,NA,NA,NA,NA,NA,NA,NA,NA,NA,NA,NA,NA,NA,NA,NA,NA,NA,NA,NA,NA,NA,NA,NA,NA,NA,1,NA,A9,Z10B28,10B,9A,8/17/2001,8/17/2001,1/14/2016,14.41917808
6655,A0927,9,A,9A,Hindu,Friends,Friend1,1,8,M,27,7,6,4,7,7,6,6,6,6,6,6,5,1,NA,1,3,1,1,2,3,1,1,2,1,2,2,1,2,4,4,4,2,1,1,3,1,1,1,5,2,M,Hindu,1,1,1,1,1,1,3,3,3,2,3,4,4,4,1,1,1,1,1,1,1,5,3,5,4,6,6,1,1,A9,Z10B29,10B,9A,6/23/2001,6/23/2001,1/14/2016,14.56986301
6662,A0928,9,A,9A,Hindu,Friends,Friend1,1,1,M,28,4,4,4,4,4,4,4,4,4,4,4,4,NA,NA,1,3,1,2,1,3,1,1,4,2,5,3,1,2,7,7,7,2,1,1,2,1,1,1,2,2,M,Hindu,4,1,2,1,3,2,3,1,5,1,2,4,3,2,2,1,1,1,2,1,1,4,2,7,6,6,6,1,1,A9,Z10B30,10B,9A,8/16/2001,8/16/2001,1/14/2016,14.42191781
6685,A0929,9,A,9A,Muslim,Friends,Friend1,1,1,M,29,3,7,7,5,6,6,7,6,6,4,5,4,7,Shiya,1,4,2,3,3,2,1,2,3,1,1,2,2,2,3,2,2,1,1,1,2,2,1,2,4,2,M,Hindu,4,1,2,1,3,2,3,1,5,1,2,4,3,2,2,1,1,1,2,1,1,4,2,7,6,6,6,1,0,A9,Z10B31,10B,9A,5/17/2002,5/17/2002,1/14/2016,13.67123288
6692,A0930,9,A,9A,Jain,Friends,Friend1,1,1,M,30,4,6,5,4,6,5,7,7,4,5,6,6,1,NA,1,5,2,2,3,1,2,1,3,1,3,1,3,1,4,3,3,1,1,1,3,1,2,1,4,2,M,Hindu,4,1,2,1,3,2,3,1,5,1,2,4,3,2,2,1,1,1,2,1,1,4,2,7,6,6,6,1,0,A9,Z10B32,10B,9A,9/13/2001,9/13/2001,1/14/2016,14.34520548
6699,A0932,9,A,9A,Hindu,Friends,Friend1,1,2,M,32,4,7,5,6,6,6,6,7,5,7,5,5,8,NA,1,2,2,3,1,2,1,1,3,2,4,2,1,2,6,4,4,2,1,1,4,1,1,1,5,3,M,Hindu,1,1,1,1,1,1,3,1,3,3,2,3,2,2,1,1,1,5,1,1,1,3,1,7,1,7,6,1,1,A9,Z10B34,10B,9A,5/21/2001,5/21/2001,1/14/2016,14.66027397
6705,A0933,9,A,9A,Hindu,Friends,Friend1,1,7,M,33,5,5,1,4,7,4,6,5,5,6,5,2,2,NA,1,2,1,2,1,1,2,1,4,1,5,2,1,2,1,3,1,3,3,2,2,2,2,1,5,2,M,NA,NA,NA,NA,NA,NA,NA,NA,NA,NA,NA,NA,NA,NA,NA,NA,NA,NA,NA,NA,NA,NA,NA,NA,NA,NA,NA,NA,1,NA,A9,Z10A44,10A,9A,4/23/2002,4/23/2002,1/14/2016,13.7369863
6712,A0934,9,A,9A,Muslim,Friends,Friend1,1,3,M,34,6,6,6,6,6,6,6,6,6,6,6,5,7,Alavi Vohra,1,1,2,2,1,1,1,1,3,1,1,1,2,1,4,4,4,1,1,1,1,1,1,1,5,2,M,Muslim,1,1,NA,1,1,1,3,1,1,3,1,4,3,3,3,1,1,2,2,2,1,2,2,5,4,4,7,1,1,A9,Z10B36,10B,9A,5/13/2002,5/13/2002,1/14/2016,13.68219178
6719,A0935,9,A,9A,Muslim,Friends,Friend1,1,38,F,35,3,4,5,3,5,6,5,6,4,4,4,1,7,Qureshi,2,2,1,2,4,1,3,2,4,3,4,5,2,3,3,2,2,1,1,2,3,1,1,2,5,2,F,Muslim,3,3,3,1,3,1,4,1,1,5,2,4,4,4,3,1,1,2,1,1,1,5,2,5,6,6,6,1,1,A9,Z10A48,10A,9A,6/26/2001,NA,1/14/2016,14.56164384
6723,A0936,9,A,9A,Muslim,Friends,Friend1,1,19,F,36,4,3,5,4,5,6,3,4,4,6,5,4,7,Sunnie (Muslim),2,3,1,3,4,1,2,2,1,1,2,5,2,2,4,7,7,1,1,2,2,3,3,1,1,1,M,Muslim,3,1,2,2,1,2,3,1,1,1,1,3,2,2,2,2,2,4,2,2,1,4,3,6,2,5,7,0,1,A9,Z10B37,10B,9A,10/1/2000,10/1/2000,1/14/2016,15.29589041
6730,A0937,9,A,9A,Hindu,Friends,Friend1,1,43,F,37,4,6,6,6,6,6,6,6,6,6,4,4,1,NA,2,4,3,4,1,4,1,2,3,1,5,2,1,3,4,2,2,2,1,1,2,1,1,1,2,2,F,Muslim,3,2,2,2,1,1,4,1,2,5,2,5,4,5,1,1,1,1,1,1,2,3,3,4,6,5,7,1,0,A9,Z10B38,10B,9A,4/8/2002,4/8/2002,1/14/2016,13.77808219
6735,A0938,9,A,9A,Muslim,Friends,Friend1,1,35,F,38,5,5,6,6,6,6,6,6,6,6,6,4,8,NA,2,3,3,3,1,3,1,4,4,1,1,5,2,2,4,4,4,3,1,1,2,1,1,1,5,2,F,Muslim,2,1,2,4,1,3,4,3,4,5,3,3,2,2,1,1,2,3,1,1,2,5,2,4,5,5,6,1,1,A9,Z10B39,10B,9A,12/10/2001,12/10/2001,1/14/2016,14.10410959
6742,A0939,9,A,9A,Muslim,Friends,Friend1,1,1,F,39,4,6,7,5,6,7,7,6,6,7,6,3,NA,SUNNI MUSLIM,2,1,1,1,1,1,1,2,3,1,1,5,2,1,5,4,4,1,1,1,2,1,2,3,2,1,M,Hindu,4,1,2,1,3,2,3,1,5,1,2,4,3,2,2,1,1,1,2,1,1,4,2,7,6,6,6,0,0,A9,Z10C44,10C,9A,3/27/2001,NA,1/14/2016,14.8109589
6749,A0940,9,A,9A,Hindu,Friends,Friend1,1,41,F,40,6,5,7,6,7,6,6,6,6,7,6,4,8,NA,2,4,2,2,1,4,1,1,1,1,4,3,1,2,4,2,2,1,1,1,3,1,1,1,1,1,F,Hindu,3,2,2,1,2,1,4,1,5,3,3,3,2,2,1,1,1,1,1,2,2,4,3,4,4,6,6,1,1,A9,Z10B40,10B,9A,9/10/2001,9/10/2001,1/14/2016,14.35342466
6756,A0941,9,A,9A,Hindu,Friends,Friend1,1,30,F,41,6,4,4,6,6,6,6,6,6,6,4,4,3,NA,2,3,2,2,1,2,1,1,4,1,5,3,1,3,3,2,2,1,1,1,1,1,2,2,4,3,M,Jain,5,2,2,3,1,2,3,1,3,1,1,4,3,3,1,1,1,3,1,2,1,4,2,6,5,6,5,0,0,A9,Z10B41,10B,9A,7/25/2001,7/25/2001,1/14/2016,14.48219178
6761,A0942,9,A,9A,Muslim,Friends,Friend1,1,8,F,42,6,6,7,7,6,7,6,6,6,6,7,5,7,Muslim-Tai,2,1,1,2,1,1,1,2,4,3,1,5,2,1,4,4,4,1,1,1,1,1,2,1,3,1,M,Hindu,1,1,1,1,1,1,3,3,3,2,3,4,4,4,1,1,1,1,1,1,1,5,3,5,4,6,6,0,0,A9,Z10B42,10B,9A,12/23/2001,NA,1/14/2016,14.06849315
6768,A0943,9,A,9A,Muslim,Friends,Friend1,1,47,F,43,6,4,6,6,5,7,6,7,6,6,6,6,8,NA,2,3,2,2,2,1,1,2,4,1,2,5,2,2,5,4,5,1,1,1,1,1,1,2,3,3,F,Hindu,3,1,2,1,1,1,3,1,3,2,2,5,4,4,1,1,1,2,1,1,1,5,4,5,6,7,7,1,0,A9,NA,NA,9A,NA,7/22/2001,1/14/2016,14.49041096
6774,A0944,9,A,9A,Hindu,Friends,Friend1,1,21,F,44,7,3,5,4,7,7,6,5,7,7,NA,4,2,Hindu- Maratha (kshatriya),2,5,2,4,1,3,1,4,4,1,5,2,1,2,5,4,4,3,1,1,5,1,1,2,3,2,M,Hindu,1,1,1,1,2,1,3,1,4,2,2,3,2,2,2,1,1,2,1,2,2,2,1,6,6,7,4,0,1,A9,Z10B44,10B,9A,3/28/2001,3/28/2001,1/14/2016,14.80821918
6781,A0945,9,A,9A,Hindu,Friends,Friend1,1,36,F,45,3,4,7,5,6,4,4,7,4,4,4,4,2,Jaiswal-Kalal,2,5,2,5,1,3,1,2,3,1,4,3,1,1,4,2,2,2,1,1,4,1,1,1,4,3,F,Muslim,3,1,3,4,1,2,1,1,2,5,2,4,7,7,1,1,2,2,3,3,1,1,1,3,5,5,6,1,0,A9,NA,NA,9A,NA,1/3/2002,1/14/2016,14.03835616
6788,A0946,9,A,9A,Hindu,Friends,Friend1,1,4,F,46,4,3,4,6,4,4,6,4,3,5,5,2,2,NA,2,2,2,3,1,2,1,1,3,1,2,2,1,2,4,3,3,2,1,2,3,2,2,3,4,3,M,Hindu,2,1,2,1,2,1,4,1,4,2,1,4,2,2,1,1,1,2,1,1,1,5,5,7,7,7,6,0,1,A9,Z10B46,10B,9A,10/17/2000,10/17/2000,1/14/2016,15.25205479
6795,A0947,9,A,9A,Hindu,Friends,Friend1,1,38,F,47,6,5,6,6,7,7,6,6,6,7,6,6,3,NA,2,3,1,2,1,1,1,1,3,1,3,2,1,2,5,4,4,1,1,1,2,1,1,1,5,4,F,Muslim,3,3,3,1,3,1,4,1,1,5,2,4,4,4,3,1,1,2,1,1,1,5,2,5,6,6,6,1,0,A9,Z10B47,10B,9A,12/9/2001,9/12/2001,1/14/2016,14.10684932
6802,A0948,9,A,9A,Muslim,Friends,Friend1,1,35,F,48,4,4,6,6,6,6,6,4,6,4,4,4,NA,Mehdavi,2,2,2,2,1,1,1,2,3,1,1,2,2,2,4,6,6,2,1,1,3,1,2,3,4,3,F,Muslim,2,1,2,4,1,3,4,3,4,5,3,3,2,2,1,1,2,3,1,1,2,5,2,4,5,5,6,1,1,A9,Z10B48,10B,9A,3/18/2002,3/18/2002,1/14/2016,13.83561644
6809,A0949,9,A,9A,Hindu,Friends,Friend1,1,4,F,49,4,5,5,6,5,4,5,5,4,4,5,4,8,NA,2,3,3,3,1,2,2,4,3,2,2,3,1,2,3,2,2,1,1,1,3,2,1,2,5,3,M,Hindu,2,1,2,1,2,1,4,1,4,2,1,4,2,2,1,1,1,2,1,1,1,5,5,7,7,7,6,0,1,A9,Z10B49,10B,9A,7/6/2001,7/6/2001,1/14/2016,14.53424658
6816,A0950,9,A,9A,Muslim,Friends,Friend1,1,43,F,50,3,2,6,5,4,4,4,4,4,4,4,2,NA,Alvi vohra,2,2,4,3,1,2,1,1,3,1,1,2,2,2,4,4,4,3,1,1,2,1,2,1,5,4,F,Muslim,3,2,2,2,1,1,4,1,2,5,2,5,4,5,1,1,1,1,1,1,2,3,3,4,6,5,7,1,1,A9,Z10B50,10B,9A,9/25/2001,9/25/2001,1/14/2016,14.31232877
6823,A0951,9,A,9A,Hindu,Friends,Friend1,1,44,F,51,4,3,4,4,6,6,4,4,6,6,4,2,2,NA,2,2,4,3,5,3,2,4,3,1,1,2,1,2,4,4,4,1,1,1,3,1,3,3,4,3,F,Hindu,5,2,4,1,3,1,4,1,5,2,2,5,4,4,3,1,1,5,1,1,2,3,2,3,5,7,7,1,1,A9,Z10B51,10B,9A,7/30/2001,7/30/2001,1/14/2016,14.46849315
6830,A0952,9,A,9A,Hindu,Friends,Friend1,1,40,F,52,7,6,7,7,7,6,6,7,6,6,4,4,1,NA,2,1,1,2,1,2,1,2,4,1,4,5,1,1,4,4,4,1,1,1,3,1,1,1,5,1,F,Hindu,4,2,2,1,4,1,1,1,4,3,2,4,2,2,1,1,1,3,1,1,1,1,1,5,7,7,6,1,1,A9,NA,NA,9A,NA,1/14/2001,1/14/2016,15.00821918
6837,A0953,9,A,9A,Hindu,Friends,Friend1,1,25,F,53,4,5,7,4,7,4,4,4,5,4,4,2,8,NA,2,1,1,1,2,1,2,4,4,1,4,2,1,2,7,7,7,1,1,1,2,1,1,1,2,1,M,Hindu,3,2,2,2,2,1,4,1,5,3,2,5,4,4,2,1,1,2,1,1,2,4,2,5,5,6,5,0,1,A9,NA,NA,9A,NA,8/6/2001,1/14/2016,14.44931507
6844,A0954,9,A,9A,Muslim,Friends,Friend1,1,34,F,54,6,5,7,6,6,6,6,6,6,6,5,4,7,Alavivohra,2,2,1,3,2,1,1,1,3,1,2,2,2,2,4,4,4,2,1,1,4,1,1,1,3,2,M,Muslim,1,2,2,1,1,1,3,1,1,1,1,4,4,4,1,1,1,1,1,1,1,5,2,6,6,6,6,0,1,A9,Z10B53,10B,9A,7/27/2001,7/27/2001,1/14/2016,14.47671233
6850,A0955,9,A,9A,Hindu,Friends,Friend1,1,1,F,55,4,1,1,4,7,6,1,1,1,7,7,4,NA,NA,2,2,1,5,1,2,2,1,4,5,5,4,1,4,4,4,4,1,1,2,1,1,1,1,1,3,M,Hindu,4,1,2,1,3,2,3,1,5,1,2,4,3,2,2,1,1,1,2,1,1,4,2,7,6,6,6,0,1,A9,Z10C55,10C,9A,2/19/2002,2/19/2002,1/14/2016,13.90958904
6857,A0956,9,A,9A,Hindu,Friends,Friend1,1,1,F,56,4,6,6,2,6,5,5,4,5,4,4,4,1,NA,2,3,3,3,1,4,2,4,3,4,5,4,1,2,4,4,4,1,1,1,3,1,1,4,4,3,M,Hindu,4,1,2,1,3,2,3,1,5,1,2,4,3,2,2,1,1,1,2,1,1,4,2,7,6,6,6,0,1,A9,Z10B54,10B,9A,10/2/2001,10/2/2001,1/14/2016,14.29315068
6864,A0957,9,A,9A,Muslim,Friends,Friend1,1,1,F,57,5,4,6,5,6,6,6,4,6,4,6,4,NA,PATNISUNNI,2,3,2,3,1,2,1,2,3,1,1,5,2,3,4,3,3,2,1,2,2,1,1,1,5,3,M,Hindu,4,1,2,1,3,2,3,1,5,1,2,4,3,2,2,1,1,1,2,1,1,4,2,7,6,6,6,0,0,A9,Z10B56,10B,9A,1/18/2002,1/18/2002,1/14/2016,13.99726027
6871,A0958,9,A,9A,Hindu,Friends,Friend1,1,33,F,58,5,6,7,6,6,6,6,6,6,7,6,5,2,NA,2,2,2,2,1,1,1,4,3,1,4,1,1,3,4,4,4,1,1,1,2,1,2,1,5,4,M,Hindu,2,1,2,1,1,2,4,1,5,2,2,1,3,1,3,3,2,2,2,2,1,5,2,5,1,7,4,0,1,A9,Z10B58,10B,9A,12/27/2001,12/27/2001,1/14/2016,14.05753425
6878,A0959,9,A,9A,Muslim,Friends,Friend1,1,1,F,59,4,7,7,7,5,5,6,6,6,7,6,6,7,Alvi bohra,2,2,1,2,1,1,1,1,4,1,4,3,2,2,7,5,5,1,1,1,2,1,1,2,5,3,M,Hindu,4,1,2,1,3,2,3,1,5,1,2,4,3,2,2,1,1,1,2,1,1,4,2,7,6,6,6,0,0,A9,Z10B59,10B,9A,10/20/2001,10/20/2001,1/14/2016,14.24383562
6885,A0960,9,A,9A,Hindu,Friends,Friend1,1,37,F,60,4,NA,NA,6,7,6,5,5,4,5,4,4,2,Hindu- Maratha,2,1,2,3,1,2,1,4,3,1,5,2,1,2,4,2,2,1,1,1,2,1,1,1,4,3,F,Hindu,4,3,4,1,4,1,3,1,5,2,3,4,2,2,2,1,1,2,1,1,1,2,2,6,6,6,6,1,1,A9,Z10B60,10B,9A,6/28/2001,6/28/2001,1/14/2016,14.55616438
6892,A0961,9,A,9A,Muslim,Friends,Friend1,1,43,F,61,6,6,7,6,7,7,7,7,7,7,7,6,7,Alvivohra,2,2,1,2,1,2,1,1,4,2,2,3,2,2,6,2,2,1,1,1,1,1,2,2,3,3,F,Muslim,3,2,2,2,1,1,4,1,2,5,2,5,4,5,1,1,1,1,1,1,2,3,3,4,6,5,7,1,1,A9,Z10B61,10B,9A,7/12/2001,7/12/2001,1/14/2016,14.51780822
6899,A0962,9,A,9A,Hindu,Friends,Friend1,1,25,F,62,4,7,1,6,7,2,6,6,4,7,5,4,1,NA,2,1,1,1,1,1,1,2,4,2,5,4,1,1,4,4,4,1,1,3,4,1,1,2,1,1,M,Hindu,3,2,2,2,2,1,4,1,5,3,2,5,4,4,2,1,1,2,1,1,2,4,2,5,5,6,5,0,1,A9,Z10B62,10B,9A,7/27/2000,6/27/2000,1/14/2016,15.47671233
6905,A0963,9,A,9A,Hindu,Friends,Friend1,1,4,F,63,3,7,1,3,5,5,6,6,6,6,6,2,7,punjabi,2,5,5,4,1,3,1,2,3,1,4,3,1,2,4,4,4,1,1,1,4,1,2,3,1,1,M,Hindu,2,1,2,1,2,1,4,1,4,2,1,4,2,2,1,1,1,2,1,1,1,5,5,7,7,7,6,0,1,A9,NA,NA,9A,NA,5/5/2001,1/14/2016,14.70410959
6912,A0964,9,A,9A,Muslim,Friends,Friend1,1,15,F,64,4,6,7,5,6,7,7,6,6,7,6,4,7,SUNNI MUSLIM,2,1,1,1,1,1,1,1,3,1,1,5,2,1,4,4,4,1,1,1,2,1,1,1,5,3,M,Muslim,1,1,2,1,1,1,4,1,1,1,1,4,4,4,2,1,1,1,1,1,1,4,2,6,6,6,7,0,1,A9,Z10B64,10B,9A,6/15/2001,6/15/2001,1/14/2016,14.59178082
6919,B0901,9,B,9B,Hindu,Friends,Friend1,1,15,M,1,4,7,6,4,7,3,7,6,2,3,6,5,8,NA,1,2,1,3,1,1,2,2,1,2,5,2,1,2,5,4,4,1,1,1,2,1,1,2,2,2,M,Hindu,1,1,1,1,1,1,2,1,2,2,2,4,4,3,1,1,1,3,1,1,1,5,2,7,7,7,1,1,1,B9,NA,NA,9B,NA,9/26/2001,1/14/2016,14.30958904
6922,B0902,9,B,9B,Muslim,Friends,Friend1,1,11,M,2,7,7,7,1,7,7,6,7,4,1,7,7,NA,MUSLIM,1,1,1,1,2,1,3,2,4,1,1,1,2,1,4,4,4,1,1,1,3,3,2,1,5,1,M,Muslim,1,1,2,2,1,3,4,1,1,1,1,4,2,4,1,3,1,3,1,2,1,5,1,6,6,NA,7,1,1,B9,Z10C01,10C,9B,4/27/2001,NA,1/14/2016,14.7260274
6929,B0903,9,B,9B,Hindu,Friends,Friend1,1,1,M,3,4,7,7,4,7,6,7,7,7,7,7,4,1,NA,1,2,1,2,3,1,1,1,4,2,2,3,1,2,5,7,4,1,1,1,3,1,1,1,5,3,M,Hindu,2,1,3,1,1,2,1,2,5,2,2,5,4,4,1,1,1,2,1,1,2,2,2,7,6,7,3,1,1,B9,Z10C02,10C,9B,11/22/2001,11/22/2001,1/14/2016,14.15342466
6937,B0904,9,B,9B,Hindu,Friends,Friend1,1,6,M,4,4,7,5,2,7,6,7,2,6,3,4,6,7,Patidan,1,1,1,1,1,2,1,1,4,2,5,4,1,2,4,4,4,2,1,1,1,3,1,1,1,1,M,Hindu,1,1,1,2,2,1,4,1,3,2,1,4,4,4,1,1,1,2,1,2,1,5,2,7,7,7,7,1,1,B9,Z10C03,10C,9B,6/9/2001,6/9/2001,1/14/2016,14.60821918
6942,B0906,9,B,9B,Hindu,Friends,Friend1,1,7,M,6,7,7,7,6,7,7,7,6,7,6,5,5,8,NA,1,1,1,1,2,2,1,4,4,1,3,2,1,1,4,4,4,1,1,1,2,1,2,1,5,2,M,Hindu,1,1,1,3,1,1,3,2,5,1,1,4,7,5,2,1,1,3,1,1,1,5,3,6,6,7,6,1,1,B9,Z10C05,10C,9B,11/18/2001,NA,1/14/2016,14.16438356
6949,B0907,9,B,9B,Hindu,Friends,Friend1,1,6,M,7,4,6,6,4,7,6,4,6,4,5,5,5,1,NA,1,1,1,1,3,1,1,1,3,2,5,1,1,1,4,7,5,2,1,1,3,1,1,1,5,3,M,Hindu,1,1,1,2,2,1,4,1,3,2,1,4,4,4,1,1,1,2,1,2,1,5,2,7,7,7,7,1,1,B9,Z10C06,10C,9B,2/3/2000,2/3/2002,1/14/2016,15.95616438
6956,B0908,9,B,9B,Hindu,Friends,Friend1,1,3,M,8,6,6,6,2,6,6,6,6,1,6,6,4,2,NA,1,3,2,2,4,3,2,4,4,1,4,1,1,2,4,4,4,1,1,1,1,1,4,1,5,4,M,Hindu,2,1,2,3,1,1,4,2,2,3,2,5,7,4,1,1,1,3,1,1,1,5,3,7,7,7,6,1,1,B9,Z10C07,10C,9B,11/26/2001,NA,1/14/2016,14.14246575
6963,B0909,9,B,9B,other,Friends,Friend1,1,7,M,9,4,3,7,6,7,3,NA,7,5,6,3,4,2,NA,1,5,1,2,3,1,3,2,1,1,5,3,3,4,4,7,4,1,1,1,5,5,1,1,3,2,M,Hindu,1,1,1,3,1,1,3,2,5,1,1,4,7,5,2,1,1,3,1,1,1,5,3,6,6,7,6,1,0,B9,Z10C08,10C,9B,3/25/2002,3/25/2001,1/14/2016,13.81643836
6968,B0910,9,B,9B,Hindu,Friends,Friend1,1,12,M,10,4,6,7,4,7,5,6,7,6,6,5,4,6,NA,1,3,1,1,4,2,1,4,3,1,4,2,1,2,6,4,3,1,1,2,2,1,1,1,5,2,M,Hindu,4,4,3,5,4,3,3,1,5,3,2,4,4,4,1,1,1,4,1,1,1,5,2,6,7,6,6,1,1,B9,Z10C09,10C,9B,4/20/2001,NA,1/14/2016,14.74520548
6975,B0911,9,B,9B,Muslim,Friends,Friend1,1,2,M,11,3,6,6,4,NA,7,7,NA,6,7,7,6,NA,MUSLIM,1,1,1,2,2,1,3,1,4,1,1,1,2,1,4,2,4,1,3,1,3,1,2,1,5,1,M,Muslim,1,1,1,2,1,3,4,1,1,1,1,4,4,4,1,1,1,3,3,2,1,5,1,7,7,7,7,1,1,B9,Z10C10,10C,9B,7/2/2001,NA,1/14/2016,14.54520548
6982,B0912,9,B,9B,Hindu,Friends,Friend1,1,10,M,12,4,6,7,6,6,6,6,7,6,6,6,4,2,NA,1,4,4,3,5,4,3,1,3,1,5,3,1,2,4,4,4,1,1,1,4,1,1,1,5,2,M,Hindu,3,1,1,4,2,1,3,1,4,2,2,6,4,3,1,1,2,2,1,1,1,5,2,6,7,7,5,1,1,B9,Z10C11,10C,9B,9/6/2001,9/6/2001,1/14/2016,14.36438356
6989,B0913,9,B,9B,Muslim,Friends,Friend1,1,11,M,13,7,7,6,7,5,7,7,7,6,7,7,6,7,MUSLIM,1,1,1,1,1,1,2,2,3,1,1,2,2,1,4,4,4,1,1,1,3,1,1,1,3,2,M,Muslim,1,1,2,2,1,3,4,1,1,1,1,4,2,4,1,3,1,3,1,2,1,5,1,6,6,NA,7,1,1,B9,Z10C12,10C,9B,3/3/2001,NA,1/14/2016,14.87671233
6996,B0914,9,B,9B,Muslim,Friends,Friend1,1,2,M,14,3,6,6,4,NA,7,7,NA,6,7,7,6,NA,MUSLIM,1,1,1,2,NA,1,3,1,4,1,1,1,2,1,4,2,4,1,3,1,3,1,2,1,5,1,M,Muslim,1,1,1,2,1,3,4,1,1,1,1,4,4,4,1,1,1,3,3,2,1,5,1,7,7,7,7,1,1,B9,Z10C13,10C,9B,3/21/2001,NA,1/14/2016,14.82739726
7003,B0915,9,B,9B,Hindu,Friends,Friend1,1,1,M,15,4,7,7,4,7,1,5,4,4,4,4,4,8,NA,1,1,1,1,1,1,1,1,2,1,2,2,1,2,4,4,3,1,1,1,3,1,1,1,5,2,M,Hindu,2,1,3,1,1,2,1,2,5,2,2,5,4,4,1,1,1,2,1,1,2,2,2,7,6,7,3,1,1,B9,Z10B13,10B,9B,12/6/2001,NA,1/14/2016,14.11506849
7010,B0916,9,B,9B,Hindu,Friends,Friend1,1,6,M,16,2,6,6,6,7,4,6,2,5,5,5,3,1,NA,1,2,2,2,1,1,1,1,4,1,2,1,1,1,4,4,4,1,1,1,2,1,1,1,5,4,M,Hindu,1,1,1,2,2,1,4,1,3,2,1,4,4,4,1,1,1,2,1,2,1,5,2,7,7,7,7,1,1,B9,Z10C14,10C,9B,7/26/2002,NA,1/14/2016,13.47945205
7017,B0917,9,B,9B,Muslim,Friends,Friend1,1,2,M,17,4,5,3,4,4,6,7,6,4,4,4,3,7,NA,1,2,4,1,1,1,2,2,4,2,1,2,2,2,4,3,4,1,1,1,2,2,3,2,5,2,M,Muslim,1,1,1,2,1,3,4,1,1,1,1,4,4,4,1,1,1,3,3,2,1,5,1,7,7,7,7,1,1,B9,Z10C15,10C,9B,8/5/2001,8/5/2001,1/14/2016,14.45205479
7024,B0918,9,B,9B,Muslim,Friends,Friend1,1,5,M,18,4,4,4,2,4,1,1,4,4,4,1,2,7,MUSLIM,1,1,3,3,3,1,3,1,4,1,1,1,2,1,4,4,4,1,2,1,3,2,5,1,5,3,M,NA,NA,NA,NA,NA,NA,NA,NA,NA,NA,NA,NA,NA,NA,NA,NA,NA,NA,NA,NA,NA,NA,NA,NA,NA,NA,NA,NA,1,NA,B9,Z10C16,10C,9B,9/25/2000,NA,1/14/2016,15.31232877
7026,B0919,9,B,9B,Muslim,Friends,Friend1,1,14,M,19,6,3,3,6,6,6,7,4,5,3,4,4,7,MUSLIM,1,NA,3,4,3,2,2,4,2,1,1,3,2,2,4,2,4,1,3,5,3,1,1,3,4,5,M,Muslim,1,1,2,NA,1,3,4,1,1,1,1,4,2,4,1,3,1,3,1,2,1,5,1,6,6,NA,7,1,1,B9,Z10C17,10C,9B,1/21/2001,NA,1/14/2016,14.9890411
7033,B0920,9,B,9B,Muslim,Friends,Friend1,1,9,M,20,3,7,6,6,6,7,7,4,6,4,6,3,7,ISLAM,1,1,1,3,1,1,1,1,1,1,1,1,2,1,4,4,4,1,1,1,1,1,1,1,5,5,M,other,5,1,2,3,1,3,1,1,5,3,4,4,7,4,1,1,1,5,5,1,1,3,2,3,7,7,3,1,0,B9,Z10C18,10C,9B,11/3/2001,NA,1/14/2016,14.20547945
7040,B0921,9,B,9B,Hindu,Friends,Friend1,1,3,M,21,6,7,7,6,7,6,5,5,5,6,6,5,6,NA,1,3,1,2,1,1,1,1,4,1,5,3,1,2,4,6,5,1,1,1,3,1,1,1,5,2,M,Hindu,2,1,2,3,1,1,4,2,2,3,2,5,7,4,1,1,1,3,1,1,1,5,3,7,7,7,6,1,1,B9,Z10C19,10C,9B,2/25/2002,2/25/2002,1/14/2016,13.89315068
7047,B0922,9,B,9B,Muslim,Friends,Friend1,1,10,M,22,2,7,7,6,2,7,6,6,6,NA,5,6,NA,MERCHANT,1,5,5,5,5,1,1,2,3,5,2,3,2,3,7,7,7,5,2,1,3,1,5,1,5,4,M,Hindu,3,1,1,4,2,1,3,1,4,2,2,6,4,3,1,1,2,2,1,1,1,5,2,6,7,7,5,1,0,B9,Z10C20,10C,9B,1/17/2002,NA,1/14/2016,14
7052,B0923,9,B,9B,Muslim,Friends,Friend1,1,10,M,23,2,6,5,5,6,6,7,4,4,3,4,4,7,UHORA,1,4,2,3,3,2,1,1,2,2,1,2,NA,2,3,2,2,1,1,1,3,1,1,1,4,3,M,Hindu,3,1,1,4,2,1,3,1,4,2,2,6,4,3,1,1,2,2,1,1,1,5,2,6,7,7,5,1,0,B9,Z10C21,10C,9B,2/23/2002,2/23/2002,1/14/2016,13.89863014
7059,B0924,9,B,9B,Hindu,Friends,Friend1,1,7,M,24,5,6,6,6,6,2,7,6,6,6,5,5,7,NA,1,4,1,1,2,3,2,1,1,1,2,2,1,1,4,4,3,1,1,1,1,1,1,1,4,2,M,Hindu,1,1,1,3,1,1,3,2,5,1,1,4,7,5,2,1,1,3,1,1,1,5,3,6,6,7,6,1,1,B9,Z10C22,10C,9B,3/15/2002,NA,1/14/2016,13.84383562
7063,B0925,9,B,9B,Hindu,Friends,Friend1,1,5,M,25,5,7,2,7,7,1,7,7,6,5,5,7,1,NA,1,1,1,1,1,1,1,1,3,1,5,1,1,1,4,7,5,2,1,1,3,1,1,1,5,3,M,NA,NA,NA,NA,NA,NA,NA,NA,NA,NA,NA,NA,NA,NA,NA,NA,NA,NA,NA,NA,NA,NA,NA,NA,NA,NA,NA,NA,1,NA,B9,Z10C23,10C,9B,3/5/2002,3/5/2002,1/14/2016,13.87123288
7070,B0926,9,B,9B,Hindu,Friends,Friend1,1,3,M,26,4,7,1,6,7,4,7,6,6,5,7,7,1,NA,1,1,1,1,1,1,1,1,3,1,2,1,1,1,4,4,4,NA,1,1,2,1,2,1,5,5,M,Hindu,2,1,2,3,1,1,4,2,2,3,2,5,7,4,1,1,1,3,1,1,1,5,3,7,7,7,6,1,1,B9,Z10B23,10B,9B,10/26/2001,10/26/2001,1/14/2016,14.22739726
7077,B0927,9,B,9B,Muslim,Friends,Friend1,1,8,M,27,7,7,5,1,5,7,6,6,4,5,4,4,8,NA,1,1,2,2,5,1,5,2,3,1,1,1,2,2,4,2,2,1,1,1,5,1,1,1,5,2,M,Hindu,3,2,2,4,3,2,4,1,4,1,2,4,4,4,1,1,1,1,1,4,1,5,4,6,6,6,6,1,0,B9,Z10C25,10C,9B,1/12/2002,1/12/2001,1/14/2016,14.01369863
7084,B0928,9,B,9B,Hindu,Friends,Friend1,1,3,M,28,6,7,6,6,7,6,6,6,6,6,6,6,NA,PATEL,1,2,1,1,1,1,1,1,1,1,2,1,1,3,5,4,4,2,1,1,3,1,1,1,5,3,M,Hindu,2,1,2,3,1,1,4,2,2,3,2,5,7,4,1,1,1,3,1,1,1,5,3,7,7,7,6,1,1,B9,NA,NA,9B,NA,5/18/2001,1/14/2016,14.66849315
7090,B0929,9,B,9B,Muslim,Friends,Friend1,1,9,M,29,4,6,6,4,6,7,6,4,6,4,5,3,7,ISLAM,1,1,1,3,1,1,1,1,1,1,1,1,2,1,4,4,4,1,1,1,1,1,1,1,5,5,M,other,5,1,2,3,1,3,1,1,5,3,4,4,7,4,1,1,1,5,5,1,1,3,2,3,7,7,3,1,0,B9,Z10C26,10C,9B,10/5/2000,NA,1/14/2016,15.28493151
7095,B0930,9,B,9B,Muslim,Friends,Friend1,1,1,M,30,4,4,4,3,4,5,6,5,4,4,4,4,7,SUNNI,1,1,1,2,2,1,2,2,3,1,1,2,2,2,4,4,4,2,2,1,3,1,2,1,3,3,M,Hindu,2,1,3,1,1,2,1,2,5,2,2,5,4,4,1,1,1,2,1,1,2,2,2,7,6,7,3,1,0,B9,Z10C27,10C,9B,10/12/2001,NA,1/14/2016,14.26575342
7102,B0931,9,B,9B,Hindu,Friends,Friend1,1,6,M,31,5,6,6,3,6,2,5,4,4,4,7,3,7,NA,1,4,1,1,2,2,1,1,3,1,2,2,1,2,4,5,3,1,1,2,1,1,1,1,5,2,M,Hindu,1,1,1,2,2,1,4,1,3,2,1,4,4,4,1,1,1,2,1,2,1,5,2,7,7,7,7,1,1,B9,Z10C28,10C,9B,7/12/2001,NA,1/14/2016,14.51780822
7109,B0932,9,B,9B,Hindu,Friends,Friend1,1,9,M,32,7,6,7,1,6,6,6,7,5,5,6,4,1,NA,1,2,3,2,3,3,2,1,3,1,1,2,1,2,4,3,3,1,1,1,5,1,1,1,5,2,M,other,5,1,2,3,1,3,1,1,5,3,4,4,7,4,1,1,1,5,5,1,1,3,2,3,7,7,3,1,0,B9,Z10C29,10C,9B,1/15/2001,NA,1/14/2016,15.00547945
7118,B0933,9,B,9B,Hindu,Friends,Friend1,1,1,M,33,7,6,6,7,6,6,6,6,6,7,6,4,2,NA,1,2,2,2,1,2,1,2,3,2,5,2,1,3,4,4,4,2,1,1,4,1,3,1,3,2,M,Hindu,2,1,3,1,1,2,1,2,5,2,2,5,4,4,1,1,1,2,1,1,2,2,2,7,6,7,3,1,1,B9,Z10C31,10C,9B,1/19/2001,1/19/2001,1/14/2016,14.99452055
7125,B0934,9,B,9B,Muslim,Friends,Friend1,1,2,M,34,4,4,4,3,4,5,6,5,4,4,4,4,7,SUNNI,1,1,1,2,3,1,2,2,3,1,1,2,2,2,4,4,4,4,1,1,3,1,2,2,5,4,M,Muslim,1,1,1,2,1,3,4,1,1,1,1,4,4,4,1,1,1,3,3,2,1,5,1,7,7,7,7,1,1,B9,Z10C32,10C,9B,10/22/2001,NA,1/14/2016,14.23835616
7131,B0935,9,B,9B,Muslim,Friends,Friend1,1,2,M,35,4,6,6,7,6,7,7,7,6,5,7,5,7,MUSLIM,1,1,1,1,1,1,1,2,3,1,1,1,2,1,4,4,5,1,1,1,1,1,1,1,1,1,M,Muslim,1,1,1,2,1,3,4,1,1,1,1,4,4,4,1,1,1,3,3,2,1,5,1,7,7,7,7,1,1,B9,Z10C33,10C,9B,11/17/2001,11/17/2001,1/14/2016,14.16712329
7138,B0936,9,B,9B,Muslim,Friends,Friend1,1,2,M,36,5,7,4,4,3,7,7,4,4,3,4,4,7,MUSLIM,1,2,2,3,3,1,3,2,3,1,1,2,2,1,3,3,4,1,1,1,3,1,1,2,3,3,M,Muslim,1,1,1,2,1,3,4,1,1,1,1,4,4,4,1,1,1,3,3,2,1,5,1,7,7,7,7,1,1,B9,Z10C34,10C,9B,5/25/2001,NA,1/14/2016,14.64931507
7144,B0937,9,B,9B,Hindu,Friends,Friend1,1,5,M,37,2,6,5,6,6,6,6,6,6,6,6,5,1,NA,1,2,1,2,1,2,1,1,4,1,5,1,1,1,4,4,4,1,1,1,1,1,1,1,3,2,M,NA,NA,NA,NA,NA,NA,NA,NA,NA,NA,NA,NA,NA,NA,NA,NA,NA,NA,NA,NA,NA,NA,NA,NA,NA,NA,NA,NA,1,NA,B9,Z10C35,10C,9B,5/27/2001,5/27/2001,1/14/2016,14.64383562
7151,B0938,9,B,9B,Hindu,Friends,Friend1,1,1,M,38,5,7,7,6,7,5,7,6,6,6,6,6,1,NA,1,1,1,1,1,1,1,4,2,1,2,2,1,2,4,4,4,1,1,1,3,1,1,1,5,2,M,Hindu,2,1,3,1,1,2,1,2,5,2,2,5,4,4,1,1,1,2,1,1,2,2,2,7,6,7,3,1,1,B9,Z10C36,10C,9B,12/11/2001,12/11/2001,1/14/2016,14.10136986
7158,B0939,9,B,9B,Hindu,Friends,Friend1,1,3,M,39,NA,NA,NA,NA,NA,NA,NA,NA,NA,7,NA,NA,NA,NA,1,NA,NA,NA,NA,NA,NA,1,NA,1,NA,2,1,2,4,5,4,1,1,1,2,1,1,1,2,2,M,Hindu,2,1,2,3,1,1,4,2,2,3,2,5,7,4,1,1,1,3,1,1,1,5,3,7,7,7,6,1,1,B9,Z10C37,10C,9B,9/12/2001,9/12/2001,1/14/2016,14.34794521
7165,B0940,9,B,9B,other,Friends,Friend1,1,2,M,40,4,NA,1,6,NA,7,NA,5,5,4,NA,7,6,NA,1,1,1,1,1,1,1,1,3,1,1,3,NA,NA,4,4,4,3,5,5,2,1,3,4,2,1,M,Muslim,1,1,1,2,1,3,4,1,1,1,1,4,4,4,1,1,1,3,3,2,1,5,1,7,7,7,7,1,0,B9,Z10C38,10C,9B,9/18/2001,NA,1/14/2016,14.33150685
7172,B0942,9,B,9B,Muslim,Friends,Friend1,1,2,M,42,4,7,7,5,6,7,7,7,7,6,7,4,7,Jamati,1,1,1,3,1,1,1,2,4,1,1,1,2,2,4,4,4,1,1,1,1,2,1,1,5,3,M,Muslim,1,1,1,2,1,3,4,1,1,1,1,4,4,4,1,1,1,3,3,2,1,5,1,7,7,7,7,1,1,B9,Z10C40,10C,9B,6/10/2002,NA,1/14/2016,13.60547945
7177,B0943,9,B,9B,Hindu,Friends,Friend1,1,1,M,43,4,7,7,4,1,6,5,5,4,4,4,2,2,NA,1,2,1,2,2,2,1,2,1,2,5,2,1,2,4,4,4,1,1,1,2,1,1,1,5,2,M,Hindu,2,1,3,1,1,2,1,2,5,2,2,5,4,4,1,1,1,2,1,1,2,2,2,7,6,7,3,1,1,B9,Z10B35,10B,9B,3/10/2001,10/3/2001,1/14/2016,14.85753425
7184,B0944,9,B,9B,Hindu,Friends,Friend1,1,10,M,44,5,6,7,7,7,7,6,6,5,5,6,1,1,NA,1,NA,2,NA,1,NA,1,4,3,1,4,2,1,3,4,4,4,1,1,1,3,2,2,1,5,3,M,Hindu,3,1,1,4,2,1,3,1,4,2,2,6,4,3,1,1,2,2,1,1,1,5,2,6,7,7,5,1,1,B9,Z10C41,10C,9B,2/10/2002,NA,1/14/2016,13.93424658
7191,B0945,9,B,9B,Hindu,Friends,Friend1,1,49,F,45,6,6,7,6,7,6,7,7,7,7,6,6,7,SINDHI,2,1,1,1,2,1,1,4,4,1,5,3,1,2,4,4,4,1,1,1,1,1,1,1,2,3,F,Hindu,1,1,1,1,1,1,4,1,1,2,1,4,4,4,1,1,1,1,1,1,1,5,3,6,6,7,6,1,1,B9,Z10C42,10C,9B,7/7/2002,7/7/2002,1/14/2016,13.53150685
7198,B0946,9,B,9B,Muslim,Friends,Friend1,1,47,F,46,4,2,6,2,3,6,6,6,6,2,6,4,7,Sunni,2,1,1,2,3,1,1,2,4,1,1,2,2,3,2,3,3,3,1,2,2,1,2,3,5,3,F,Muslim,1,1,1,2,1,2,4,1,1,1,2,4,3,3,3,1,1,1,1,1,1,5,3,1,6,4,7,1,1,B9,Z10C43,10C,9B,12/21/2001,NA,1/14/2016,14.0739726
7205,B0947,9,B,9B,Muslim,Friends,Friend1,1,46,F,47,4,1,6,4,4,7,1,5,3,4,6,1,7,Alavi Vohra,2,1,1,1,2,1,2,1,4,1,1,1,2,2,4,3,3,3,1,1,1,1,1,1,5,3,F,Muslim,1,1,2,3,1,1,4,1,1,2,3,2,3,3,3,1,2,2,1,2,3,5,3,2,6,3,6,1,1,B9,Z10C45,10C,9B,4/30/2002,NA,1/14/2016,13.71780822
7210,B0948,9,B,9B,Muslim,Friends,Friend1,1,45,F,48,5,5,6,5,6,6,6,6,5,6,6,5,7,MUSLIM,2,1,1,2,5,2,1,1,4,1,1,2,2,1,4,4,4,1,1,1,3,1,2,1,3,1,F,Hindu,1,1,1,2,1,1,4,1,5,3,2,4,4,4,1,1,1,1,1,1,1,2,3,6,7,7,6,1,0,B9,Z10C46,10C,9B,11/15/2001,11/15/2001,1/14/2016,14.17260274
7217,B0949,9,B,9B,Hindu,Friends,Friend1,1,45,F,49,4,6,6,6,7,6,6,1,6,4,6,6,2,NA,2,1,1,1,1,1,1,1,4,1,1,2,1,1,4,4,4,1,1,1,1,1,1,1,5,3,F,Hindu,1,1,1,2,1,1,4,1,5,3,2,4,4,4,1,1,1,1,1,1,1,2,3,6,7,7,6,1,1,B9,Z10C47,10C,9B,10/7/2001,NA,1/14/2016,14.27945205
7222,B0950,9,B,9B,Muslim,Friends,Friend1,1,46,F,50,6,4,7,2,6,7,7,3,5,2,5,4,7,Sulemani,2,1,2,3,2,1,2,4,4,1,1,2,2,2,4,3,3,1,1,1,2,1,2,1,5,2,F,Muslim,1,1,2,3,1,1,4,1,1,2,3,2,3,3,3,1,2,2,1,2,3,5,3,2,6,3,6,1,1,B9,Z10C48,10C,9B,9/10/2001,NA,1/14/2016,14.35342466
7228,B0951,9,B,9B,Muslim,Friends,Friend1,1,46,F,51,6,5,7,6,6,6,6,6,6,6,6,6,6,Sunni,2,1,1,2,1,1,1,2,3,1,2,2,2,2,4,4,4,1,1,1,1,1,1,1,5,2,F,Muslim,1,1,2,3,1,1,4,1,1,2,3,2,3,3,3,1,2,2,1,2,3,5,3,2,6,3,6,1,1,B9,Z10C49,10C,9B,6/3/2001,NA,1/14/2016,14.62465753
7235,B0952,9,B,9B,Muslim,Friends,Friend1,1,3,F,52,3,6,6,4,6,7,7,6,5,5,4,4,7,VOHRA-SULEMANI,2,1,1,2,1,1,2,NA,3,1,1,2,2,2,4,4,4,1,1,1,2,1,1,1,4,2,M,Hindu,2,1,2,3,1,1,4,2,2,3,2,5,7,4,1,1,1,3,1,1,1,5,3,7,7,7,6,0,0,B9,Z10C50,10C,9B,2/1/2002,2/1/2002,1/14/2016,13.95890411
7242,B0953,9,B,9B,Hindu,Friends,Friend1,1,45,F,53,7,5,6,7,7,5,7,7,7,7,7,7,7,KHARVA,2,1,2,1,1,4,1,1,3,1,3,2,1,1,4,7,5,1,1,1,3,1,2,1,2,1,F,Hindu,1,1,1,2,1,1,4,1,5,3,2,4,4,4,1,1,1,1,1,1,1,2,3,6,7,7,6,1,1,B9,Z10C51,10C,9B,1/17/2002,1/17/2002,1/14/2016,14
7249,B0954,9,B,9B,Hindu,Friends,Friend1,1,45,F,54,NA,4,6,6,7,6,6,4,3,5,5,3,8,NA,2,1,2,2,1,2,1,2,4,1,5,5,1,1,4,4,4,1,1,1,NA,1,1,2,5,3,F,Hindu,1,1,1,2,1,1,4,1,5,3,2,4,4,4,1,1,1,1,1,1,1,2,3,6,7,7,6,1,1,B9,Z10C52,10C,9B,12/16/2001,NA,1/14/2016,14.08767123
7256,B0955,9,B,9B,Muslim,Friends,Friend1,1,54,F,55,6,5,5,6,5,7,7,6,7,6,7,4,7,Sunni,2,1,1,2,1,1,2,2,4,1,1,2,2,1,3,4,4,2,1,1,1,2,1,1,3,4,F,Hindu,1,2,2,1,2,1,4,1,5,5,1,4,4,4,1,1,1,NA,1,1,2,5,3,4,6,7,6,1,0,B9,Z10C53,10C,9B,1/29/2002,NA,1/14/2016,13.96712329
7262,B0956,9,B,9B,Hindu,Friends,Friend1,1,45,F,56,4,7,7,4,7,4,7,7,5,6,5,5,8,NA,2,1,1,2,2,1,1,1,4,1,5,4,1,3,4,4,1,1,1,1,4,1,3,1,1,1,F,Hindu,1,1,1,2,1,1,4,1,5,3,2,4,4,4,1,1,1,1,1,1,1,2,3,6,7,7,6,1,1,B9,Z10C56,10C,9B,10/11/1999,NA,1/14/2016,16.27123288
7269,B0957,9,B,9B,Muslim,Friends,Friend1,1,46,F,57,4,3,6,5,3,7,7,6,5,3,5,NA,7,Tablik,2,1,2,2,1,1,2,2,4,1,1,1,2,1,6,5,7,3,2,2,4,3,1,1,3,3,F,Muslim,1,1,2,3,1,1,4,1,1,2,3,2,3,3,3,1,2,2,1,2,3,5,3,2,6,3,6,1,1,B9,Z10C57,10C,9B,2/4/2002,NA,1/14/2016,13.95068493
7276,B0958,9,B,9B,Hindu,Friends,Friend1,1,3,F,58,4,6,7,5,7,6,6,6,6,6,5,5,7,HINDU-GUJARATI,2,4,2,3,1,3,2,1,4,5,5,5,1,4,7,4,4,1,1,1,2,1,1,1,5,2,M,Hindu,2,1,2,3,1,1,4,2,2,3,2,5,7,4,1,1,1,3,1,1,1,5,3,7,7,7,6,0,1,B9,Z10C58,10C,9B,3/6/2001,NA,1/14/2016,14.86849315
7283,B0959,9,B,9B,Muslim,Friends,Friend1,1,44,F,59,6,4,6,6,6,7,6,6,6,6,6,6,8,NA,2,1,1,1,1,1,1,4,1,1,1,1,2,1,4,3,3,1,1,1,2,1,2,1,3,2,M,Hindu,NA,2,NA,1,NA,1,3,1,4,2,3,4,4,4,1,1,1,3,2,2,1,5,3,6,7,7,7,0,0,B9,Z10C59,10C,9B,5/22/2002,5/22/2002,1/14/2016,13.65753425
7287,B0960,9,B,9B,Muslim,Friends,Friend1,1,3,F,60,5,6,6,5,6,7,7,7,6,7,7,NA,7,NA,2,1,1,1,1,1,1,2,4,2,2,5,2,1,4,4,5,1,1,1,1,1,1,1,5,3,M,Hindu,2,1,2,3,1,1,4,2,2,3,2,5,7,4,1,1,1,3,1,1,1,5,3,7,7,7,6,0,0,B9,Z10C60,10C,9B,12/12/2000,NA,1/14/2016,15.09863014
7293,B0961,9,B,9B,Hindu,Friends,Friend1,1,47,F,61,6,5,7,6,6,6,6,6,6,6,5,6,8,NA,2,2,2,2,1,2,1,1,3,1,2,2,1,2,4,4,4,1,1,1,3,1,1,1,5,5,F,Muslim,1,1,1,2,1,2,4,1,1,1,2,4,3,3,3,1,1,1,1,1,1,5,3,1,6,4,7,1,0,B9,Z10B55,10B,9B,4/22/2002,4/22/2002,1/14/2016,13.73972603
7296,B0962,9,B,9B,Hindu,Friends,Friend1,1,3,F,62,5,6,6,5,7,6,7,7,6,6,NA,7,7,NA,2,1,1,1,1,1,1,1,3,2,5,3,1,1,4,5,4,1,1,1,1,1,1,1,5,3,M,Hindu,2,1,2,3,1,1,4,2,2,3,2,5,7,4,1,1,1,3,1,1,1,5,3,7,7,7,6,0,1,B9,Z10C61,10C,9B,1/20/2002,NA,1/14/2016,13.99178082
7302,B0963,9,B,9B,Muslim,Friends,Friend1,1,48,F,63,6,4,6,6,5,6,7,7,6,6,7,5,7,ISLAM,2,1,1,1,2,1,1,1,1,1,1,1,2,1,4,3,3,1,1,1,2,1,2,1,3,2,F,Muslim,1,1,2,5,2,1,4,1,1,2,1,4,4,4,1,1,1,3,1,2,1,3,1,5,6,6,6,1,1,B9,Z10C62,10C,9B,8/24/2001,8/4/2001,1/14/2016,14.4
7308,B0964,9,B,9B,Muslim,Friends,Friend1,1,47,F,64,6,7,7,5,4,7,7,6,6,3,4,4,7,ALAVI VOHRA,2,1,1,1,1,1,1,1,2,1,1,1,2,1,4,4,4,1,1,1,1,1,1,1,4,3,F,Muslim,1,1,1,2,1,2,4,1,1,1,2,4,3,3,3,1,1,1,1,1,1,5,3,1,6,4,7,1,1,B9,Z10C63,10C,9B,6/4/2002,NA,1/14/2016,13.62191781
7315,B0965,9,B,9B,Muslim,Friends,Friend1,1,11,F,65,7,6,6,6,5,7,7,7,7,7,7,6,7,MUSLIM SAIYED,2,1,1,2,1,1,2,2,3,1,1,2,2,1,4,4,4,1,1,1,3,1,1,1,3,2,M,Muslim,1,1,2,2,1,3,4,1,1,1,1,4,2,4,1,3,1,3,1,2,1,5,1,6,6,NA,7,0,1,B9,Z10C64,10C,9B,2/16/2002,NA,1/14/2016,13.91780822
7322,B0966,9,B,9B,Hindu,Friends,Friend1,1,45,F,66,6,6,7,6,6,6,6,6,6,6,6,6,8,NA,2,2,2,2,2,2,1,1,3,2,4,2,1,2,4,4,4,1,1,1,2,1,2,2,5,3,F,Hindu,1,1,1,2,1,1,4,1,5,3,2,4,4,4,1,1,1,1,1,1,1,2,3,6,7,7,6,1,1,B9,Z10C65,10C,9B,4/24/2002,4/24/2002,1/14/2016,13.73424658
7327,B0967,9,B,9B,Muslim,Friends,Friend1,1,2,F,67,3,6,6,6,NA,NA,7,7,NA,7,7,NA,7,SUNNU MUSLIM,2,1,1,2,1,1,1,2,3,1,1,2,2,1,4,4,4,1,1,1,3,1,1,1,3,2,M,Muslim,1,1,1,2,1,3,4,1,1,1,1,4,4,4,1,1,1,3,3,2,1,5,1,7,7,7,7,0,1,B9,Z10C66,10C,9B,7/1/2002,NA,1/14/2016,13.54794521
7334,B0968,9,B,9B,Muslim,Friends,Friend1,1,46,F,68,2,6,7,6,6,7,6,6,6,6,6,5,7,SUNNI,2,1,1,1,1,2,1,2,4,1,1,5,2,1,5,4,6,1,1,1,3,2,2,1,4,2,F,Muslim,1,1,2,3,1,1,4,1,1,2,3,2,3,3,3,1,2,2,1,2,3,5,3,2,6,3,6,1,1,B9,Z10C67,10C,9B,8/13/2001,NA,1/14/2016,14.43013699
7341,C0901,9,C,9C,Muslim,Friends,Friend1,1,12,M,1,5,7,7,7,5,7,7,6,6,7,7,6,NA,VOHRA,1,1,1,2,1,1,1,1,4,1,1,1,2,1,4,5,4,1,1,1,1,1,1,1,5,2,M,NA,NA,NA,NA,NA,NA,NA,NA,NA,NA,NA,NA,NA,NA,NA,NA,NA,NA,NA,NA,NA,NA,NA,NA,NA,NA,NA,NA,1,NA,C9,Z10A01,10A,9C,12/20/2001,NA,1/14/2016,14.07671233
7348,C0902,9,C,9C,Hindu,Friends,Friend1,1,24,M,2,6,6,6,6,6,6,6,5,6,6,6,6,2,NA,1,2,1,3,3,2,1,2,3,1,3,2,1,2,4,5,5,1,1,1,1,1,1,1,4,4,M,Muslim,2,1,2,1,1,1,1,1,2,1,2,3,2,2,1,1,1,1,1,1,1,5,2,6,7,6,7,1,0,C9,Z10B05,10B,9C,3/12/2002,NA,1/14/2016,13.85205479
7353,C0903,9,C,9C,Muslim,Friends,Friend1,1,2,M,3,6,7,4,7,6,7,7,6,7,7,6,5,8,NA,1,1,1,2,1,2,1,NA,3,1,1,1,2,1,4,4,7,1,1,1,2,1,4,1,3,2,M,Hindu,2,1,3,3,2,1,3,1,3,2,2,4,5,5,1,1,1,1,1,1,1,4,4,6,6,6,6,1,0,C9,Z10A02,10A,9C,4/24/2002,NA,1/14/2016,13.73424658
7360,C0904,9,C,9C,Hindu,Friends,Friend1,1,9,M,4,4,7,7,4,7,4,5,6,5,5,4,4,2,NA,1,1,1,2,2,1,1,4,4,1,5,3,1,2,3,2,2,1,1,2,1,1,1,1,5,4,M,Hindu,3,2,1,1,2,1,3,2,4,3,2,4,4,4,2,1,1,2,1,1,3,4,2,7,4,7,5,1,1,C9,Z10A03,10A,9C,10/25/2000,NA,1/14/2016,15.23013699
7369,C0905,9,C,9C,Hindu,Friends,Friend1,1,1,M,5,5,7,5,NA,7,5,5,3,NA,7,7,7,8,HINDU,1,2,3,1,3,1,1,4,4,1,1,2,1,1,4,4,2,4,1,1,1,1,1,1,2,2,M,Muslim,1,1,2,1,1,1,4,1,1,1,1,4,5,4,1,1,1,1,1,1,1,5,2,7,7,5,7,1,0,C9,Z10A04,10A,9C,8/7/2001,NA,1/14/2016,14.44657534
7376,C0906,9,C,9C,Hindu,Friends,Friend1,1,1,M,6,6,4,4,6,7,6,6,6,4,6,6,5,1,NA,1,2,1,2,1,2,1,2,3,1,2,2,1,1,4,3,3,1,1,1,2,1,NA,1,5,NA,M,Muslim,1,1,2,1,1,1,4,1,1,1,1,4,5,4,1,1,1,1,1,1,1,5,2,7,7,5,7,1,0,C9,Z10A05,10A,9C,10/30/2001,NA,1/14/2016,14.21643836
7383,C0907,9,C,9C,other,Friends,Friend1,1,14,M,7,7,7,7,6,7,7,7,7,6,6,7,7,NA,SIKH,2,1,1,1,1,1,1,NA,4,1,1,1,NA,4,4,4,4,1,1,1,1,1,1,1,1,5,M,Hindu,2,1,1,2,2,1,3,1,5,3,2,4,2,2,1,1,3,1,1,1,1,5,3,6,6,6,6,1,0,C9,Z10A06,10A,9C,7/5/2001,NA,1/14/2016,14.5369863
7390,C0908,9,C,9C,Hindu,Friends,Friend1,1,2,M,8,4,6,6,4,6,6,4,7,4,4,4,4,8,NA,1,2,1,1,1,2,1,2,3,1,5,2,1,1,4,5,3,1,1,1,2,3,2,1,4,5,M,Hindu,2,1,3,3,2,1,3,1,3,2,2,4,5,5,1,1,1,1,1,1,1,4,4,6,6,6,6,1,1,C9,Z10A07,10A,9C,7/22/2000,NA,1/14/2016,15.49041096
7398,C0909,9,C,9C,Hindu,Friends,Friend1,1,10,M,9,4,7,4,4,7,5,7,6,5,6,4,4,2,NA,1,3,2,1,1,2,1,4,3,2,4,3,1,2,4,4,4,2,1,1,2,1,1,3,4,2,M,Hindu,2,1,1,2,3,2,3,1,5,2,2,4,3,3,1,2,1,2,1,4,2,3,1,7,7,7,4,1,1,C9,Z10A08,10A,9C,6/19/2001,NA,1/14/2016,14.58082192
7403,C0910,9,C,9C,Hindu,Friends,Friend1,1,9,M,10,4,7,7,2,7,4,7,3,6,6,6,4,8,NA,1,2,1,1,2,3,2,1,3,1,5,2,1,2,4,3,3,1,2,1,2,1,4,2,3,1,M,Hindu,3,2,1,1,2,1,3,2,4,3,2,4,4,4,2,1,1,2,1,1,3,4,2,7,4,7,5,1,1,C9,Z10A09,10A,9C,6/16/2002,NA,1/14/2016,13.5890411
7410,C0911,9,C,9C,Muslim,Friends,Friend1,1,3,M,11,6,6,6,6,6,7,6,6,6,6,7,6,8,NA,1,1,1,2,1,1,1,2,3,1,1,2,2,1,6,6,5,2,1,3,3,1,5,1,3,3,M,Muslim,1,1,2,1,2,1,3,1,1,1,1,4,4,7,1,1,1,2,1,4,1,3,2,7,4,6,7,1,1,C9,Z10A10,10A,9C,2/12/2002,NA,1/14/2016,13.92876712
7417,C0913,9,C,9C,Muslim,Friends,Friend1,1,3,M,13,5,7,6,5,5,6,6,7,6,6,6,6,NA,TAI(MUSLIM),1,1,1,2,3,1,2,2,4,1,1,2,2,1,4,2,7,1,1,1,2,1,1,1,5,2,M,Muslim,1,1,2,1,2,1,3,1,1,1,1,4,4,7,1,1,1,2,1,4,1,3,2,7,4,6,7,1,1,C9,Z10A12,10A,9C,10/24/2001,NA,1/14/2016,14.23287671
7424,C0914,9,C,9C,Hindu,Friends,Friend1,1,9,M,14,2,6,6,5,6,6,6,5,6,6,6,4,2,NA,1,2,1,1,2,2,1,1,3,1,5,3,1,2,4,2,2,1,1,3,1,1,1,1,5,3,M,Hindu,3,2,1,1,2,1,3,2,4,3,2,4,4,4,2,1,1,2,1,1,3,4,2,7,4,7,5,1,1,C9,Z10A13,10A,9C,10/16/2001,NA,1/14/2016,14.25479452
7431,C0915,9,C,9C,Hindu,Friends,Friend1,1,4,M,15,6,6,6,5,6,6,4,5,4,6,6,5,8,NA,1,1,1,1,1,1,1,1,3,3,4,3,1,2,4,4,4,1,1,1,1,1,1,1,5,2,M,Hindu,1,1,2,2,1,1,4,1,5,3,2,3,2,2,1,1,2,1,1,1,1,5,4,7,7,7,4,1,1,C9,Z10A14,10A,9C,3/18/2002,NA,1/14/2016,13.83561644
7438,C0916,9,C,9C,Muslim,Friends,Friend1,1,11,M,16,3,NA,1,4,5,7,4,4,4,4,7,1,8,NA,2,1,NA,1,1,1,2,2,1,1,1,1,2,1,4,4,4,1,1,1,1,1,5,1,3,4,M,Muslim,1,1,2,1,1,1,3,1,1,2,1,6,6,5,2,1,3,3,1,5,1,3,3,6,6,6,7,1,1,C9,Z10A15,10A,9C,10/7/2001,NA,1/14/2016,14.27945205
7445,C0917,9,C,9C,Hindu,Friends,Friend1,1,2,M,17,5,7,7,7,7,5,7,6,6,7,4,4,8,NA,1,1,1,2,1,1,1,2,4,1,3,2,1,2,4,3,3,1,1,1,1,1,2,2,2,2,M,Hindu,2,1,3,3,2,1,3,1,3,2,2,4,5,5,1,1,1,1,1,1,1,4,4,6,6,6,6,1,1,C9,NA,NA,9C,NA,NA,1/14/2016,NA
7453,C0918,9,C,9C,Muslim,Friends,Friend1,1,16,M,18,6,7,7,1,6,7,7,5,6,5,7,5,8,MUSLIMS,1,1,1,1,1,1,1,NA,4,1,1,1,2,1,4,2,5,1,1,2,1,1,1,1,5,3,M,Muslim,1,NA,1,1,1,2,1,1,1,1,1,4,4,4,1,1,1,1,1,5,1,3,4,NA,1,5,7,1,1,C9,Z10A17,10A,9C,5/15/2002,NA,1/14/2016,13.67671233
7460,C0920,9,C,9C,Hindu,Friends,Friend1,1,3,M,20,4,4,5,4,6,6,5,5,6,5,4,4,8,NA,1,3,4,2,3,3,3,1,3,2,5,3,1,2,4,4,4,1,1,1,2,2,3,1,2,2,M,Muslim,1,1,2,1,2,1,3,1,1,1,1,4,4,7,1,1,1,2,1,4,1,3,2,7,4,6,7,1,0,C9,Z10A19,10A,9C,9/20/2001,NA,1/14/2016,14.3260274
7467,C0921,9,C,9C,Hindu,Friends,Friend1,1,4,M,21,2,7,7,3,7,6,7,7,6,7,7,3,2,NA,1,1,1,1,1,1,1,NA,4,1,5,3,1,1,4,4,4,1,1,1,1,1,1,1,5,3,M,Hindu,1,1,2,2,1,1,4,1,5,3,2,3,2,2,1,1,2,1,1,1,1,5,4,7,7,7,4,1,1,C9,Z10A20,10A,9C,10/3/2001,NA,1/14/2016,14.29041096
7474,C0922,9,C,9C,Hindu,Friends,Friend1,1,9,M,22,3,6,4,7,6,5,5,6,7,6,4,4,8,NA,1,4,2,3,1,2,1,1,2,1,4,3,1,2,4,3,3,1,1,1,1,1,2,1,5,3,M,Hindu,3,2,1,1,2,1,3,2,4,3,2,4,4,4,2,1,1,2,1,1,3,4,2,7,4,7,5,1,1,C9,Z10A21,10A,9C,10/18/2001,NA,1/14/2016,14.24931507
7481,C0923,9,C,9C,Hindu,Friends,Friend1,1,2,M,23,1,7,7,7,7,7,6,7,6,5,7,1,7,NA,1,1,1,1,1,1,1,2,3,1,4,2,1,2,4,4,4,1,1,1,5,1,5,1,5,5,M,Hindu,2,1,3,3,2,1,3,1,3,2,2,4,5,5,1,1,1,1,1,1,1,4,4,6,6,6,6,1,1,C9,Z10A22,10A,9C,6/25/2001,NA,1/14/2016,14.56438356
7488,C0924,9,C,9C,Muslim,Friends,Friend1,1,2,M,24,4,6,7,7,6,7,7,6,7,6,4,4,7,Vohra Patel,1,2,1,2,1,1,1,1,1,1,2,1,2,2,3,2,2,1,1,1,1,1,1,1,5,2,M,Hindu,2,1,3,3,2,1,3,1,3,2,2,4,5,5,1,1,1,1,1,1,1,4,4,6,6,6,6,1,0,C9,Z10A23,10A,9C,3/13/2001,NA,1/14/2016,14.84931507
7493,C0925,9,C,9C,Hindu,Friends,Friend1,1,9,M,25,5,7,7,6,7,4,7,7,6,5,7,6,8,NA,1,5,2,3,1,4,1,3,3,1,4,2,1,3,4,3,5,2,1,1,1,1,1,1,3,2,M,Hindu,3,2,1,1,2,1,3,2,4,3,2,4,4,4,2,1,1,2,1,1,3,4,2,7,4,7,5,1,1,C9,Z10A24,10A,9C,10/5/2001,NA,1/14/2016,14.28493151
7500,C0928,9,C,9C,Hindu,Friends,Friend1,1,2,M,28,4,7,4,7,7,7,6,6,6,6,5,4,8,NA,2,3,2,1,4,3,1,2,1,5,5,3,1,2,4,2,2,2,1,1,3,1,1,1,5,3,M,Hindu,2,1,3,3,2,1,3,1,3,2,2,4,5,5,1,1,1,1,1,1,1,4,4,6,6,6,6,1,1,C9,Z10A27,10A,9C,3/23/2002,NA,1/14/2016,13.82191781
7507,C0929,9,C,9C,Muslim,Friends,Friend1,1,13,M,29,5,7,5,5,4,7,7,5,6,5,7,1,8,NA,1,1,1,2,1,1,1,2,2,2,1,2,2,2,6,2,7,4,3,2,3,3,3,3,3,3,M,Muslim,1,1,2,3,1,2,4,1,1,2,1,4,2,7,1,1,1,2,1,1,1,5,2,7,6,5,6,1,1,C9,Z10A28,10A,9C,5/14/2001,NA,1/14/2016,14.67945205
7513,C0930,9,C,9C,Hindu,Friends,Friend1,1,6,M,30,3,7,5,6,7,5,5,5,5,5,6,2,2,GUJARATI,1,3,1,1,2,2,1,2,3,1,4,1,1,2,4,5,7,1,1,1,2,1,1,1,1,2,M,Hindu,2,1,2,1,2,1,3,1,2,2,1,4,3,3,1,1,1,2,1,NA,1,5,NA,4,4,7,6,1,1,C9,Z10A29,10A,9C,10/25/2001,NA,1/14/2016,14.23013699
7520,C0931,9,C,9C,Muslim,Friends,Friend1,1,13,M,31,5,6,6,6,6,7,6,6,6,6,6,6,8,NA,1,1,1,1,2,1,1,2,3,1,1,3,2,1,4,4,7,1,1,1,3,1,5,3,3,3,M,Muslim,1,1,2,3,1,2,4,1,1,2,1,4,2,7,1,1,1,2,1,1,1,5,2,7,6,5,6,1,1,C9,Z10A30,10A,9C,10/29/2001,NA,1/14/2016,14.21917808
7527,C0932,9,C,9C,Muslim,Friends,Friend1,1,11,M,32,NA,NA,5,6,4,7,NA,NA,1,NA,NA,2,NA,DON'T KNOW,1,1,3,3,1,1,2,2,1,2,1,2,2,1,4,4,7,1,1,1,2,1,3,1,4,1,M,Muslim,1,1,2,1,1,1,3,1,1,2,1,6,6,5,2,1,3,3,1,5,1,3,3,6,6,6,7,1,1,C9,Z10A31,10A,9C,6/23/2001,NA,1/14/2016,14.56986301
7534,C0933,9,C,9C,Hindu,Friends,Friend1,1,2,M,33,4,7,7,6,7,7,6,6,6,6,6,6,6,MARWADI,1,3,1,2,1,4,2,NA,1,2,5,2,1,2,6,7,7,1,1,1,2,1,2,1,1,2,M,Hindu,2,1,3,3,2,1,3,1,3,2,2,4,5,5,1,1,1,1,1,1,1,4,4,6,6,6,6,1,1,C9,Z10A32,10A,9C,3/10/2002,NA,1/14/2016,13.85753425
7541,C0934,9,C,9C,Muslim,Friends,Friend1,1,1,M,34,4,4,4,4,4,4,4,6,4,4,4,4,7,Sunni,1,1,1,4,1,1,1,2,4,2,5,3,2,1,4,4,4,3,1,1,1,1,1,1,3,4,M,Muslim,1,1,2,1,1,1,4,1,1,1,1,4,5,4,1,1,1,1,1,1,1,5,2,7,7,5,7,1,1,C9,Z10A33,10A,9C,5/24/2002,NA,1/14/2016,13.65205479
7548,C0935,9,C,9C,Muslim,Friends,Friend1,1,13,M,35,5,7,7,5,5,7,7,7,6,7,5,5,8,NA,1,1,1,2,2,1,2,2,4,1,1,2,2,1,6,5,6,1,1,1,1,1,1,2,5,3,M,Muslim,1,1,2,3,1,2,4,1,1,2,1,4,2,7,1,1,1,2,1,1,1,5,2,7,6,5,6,1,1,C9,Z10A34,10A,9C,11/18/2001,NA,1/14/2016,14.16438356
7556,C0936,9,C,9C,Muslim,Friends,Friend1,1,1,M,36,1,7,3,2,5,7,7,3,3,7,4,6,8,MUSLIM,1,2,1,2,3,1,1,2,2,1,1,1,2,1,4,3,3,2,1,2,1,1,1,1,2,2,M,Muslim,1,1,2,1,1,1,4,1,1,1,1,4,5,4,1,1,1,1,1,1,1,5,2,7,7,5,7,1,1,C9,Z10A35,10A,9C,11/23/2001,NA,1/14/2016,14.15068493
7563,C0937,9,C,9C,Hindu,Friends,Friend1,1,3,M,37,6,6,6,6,6,6,6,6,6,6,6,5,8,NA,1,1,1,1,2,1,1,2,4,3,5,3,1,3,4,3,3,2,1,1,1,1,1,1,5,3,M,Muslim,1,1,2,1,2,1,3,1,1,1,1,4,4,7,1,1,1,2,1,4,1,3,2,7,4,6,7,1,0,C9,Z10A36,10A,9C,10/17/2001,NA,1/14/2016,14.25205479
7570,C0938,9,C,9C,Hindu,Friends,Friend1,1,2,M,38,4,6,5,7,7,6,6,6,5,5,5,6,8,NA,1,2,1,3,1,1,2,4,3,1,3,2,1,2,4,2,2,1,1,3,3,2,2,1,5,1,M,Hindu,2,1,3,3,2,1,3,1,3,2,2,4,5,5,1,1,1,1,1,1,1,4,4,6,6,6,6,1,1,C9,Z10A37,10A,9C,3/21/2002,NA,1/14/2016,13.82739726
7577,C0939,9,C,9C,Muslim,Friends,Friend1,1,4,M,39,4,7,2,5,2,7,7,7,4,5,1,4,7,Sunni,1,1,2,3,1,3,1,2,4,1,1,2,2,3,4,7,6,3,1,1,1,3,1,1,3,5,M,Hindu,1,1,2,2,1,1,4,1,5,3,2,3,2,2,1,1,2,1,1,1,1,5,4,7,7,7,4,1,0,C9,Z10A38,10A,9C,10/2/1999,NA,1/14/2016,16.29589041
7583,C0940,9,C,9C,Muslim,Friends,Friend1,1,3,M,40,5,4,3,5,6,6,6,6,6,6,5,4,8,NA,1,3,2,3,4,2,1,2,3,1,1,1,2,2,4,2,2,2,1,1,3,1,2,2,2,1,M,Muslim,1,1,2,1,2,1,3,1,1,1,1,4,4,7,1,1,1,2,1,4,1,3,2,7,4,6,7,1,1,C9,Z10A39,10A,9C,7/5/2002,NA,1/14/2016,13.5369863
7590,C0941,9,C,9C,Hindu,Friends,Friend1,1,7,M,41,3,7,7,1,7,6,7,5,5,5,3,5,8,NA,1,2,1,2,1,2,1,2,3,1,5,2,1,2,4,4,3,1,2,1,1,1,1,1,5,3,M,other,1,1,1,1,1,1,4,1,1,1,4,4,4,4,1,1,1,1,1,1,1,1,5,7,7,7,7,1,0,C9,NA,NA,9C,NA,NA,1/14/2016,NA
7597,C0942,9,C,9C,Hindu,Friends,Friend1,1,2,M,42,3,6,4,7,4,4,4,5,4,6,6,3,8,NA,1,3,2,2,1,5,1,1,4,3,5,4,1,4,4,3,3,2,1,1,2,1,3,3,4,3,M,Hindu,2,1,3,3,2,1,3,1,3,2,2,4,5,5,1,1,1,1,1,1,1,4,4,6,6,6,6,1,1,C9,Z10A41,10A,9C,4/29/2002,NA,1/14/2016,13.72054795
7602,C0943,9,C,9C,Muslim,Friends,Friend1,1,1,M,43,4,4,4,4,4,7,4,5,4,4,6,4,7,Vohra,1,2,2,3,3,1,1,1,3,2,1,2,2,1,4,4,4,2,1,2,2,3,2,4,5,3,M,Muslim,1,1,2,1,1,1,4,1,1,1,1,4,5,4,1,1,1,1,1,1,1,5,2,7,7,5,7,1,1,C9,Z10A42,10A,9C,10/25/2001,NA,1/14/2016,14.23013699
7609,C0944,9,C,9C,Hindu,Friends,Friend1,1,2,M,44,6,7,6,7,7,5,7,6,6,5,5,6,8,GUJARAT,1,1,1,3,1,2,1,1,4,1,1,1,1,1,4,4,4,1,1,1,1,1,3,1,5,2,M,Hindu,2,1,3,3,2,1,3,1,3,2,2,4,5,5,1,1,1,1,1,1,1,4,4,6,6,6,6,1,1,C9,Z10A43,10A,9C,9/12/2001,NA,1/14/2016,14.34794521
7616,C0945,9,C,9C,Hindu,Friends,Friend1,1,4,M,45,4,7,4,7,7,6,7,6,5,6,4,4,2,NA,1,1,1,2,1,1,1,1,3,1,1,1,1,1,4,4,4,1,1,1,1,1,1,1,3,2,M,Hindu,1,1,2,2,1,1,4,1,5,3,2,3,2,2,1,1,2,1,1,1,1,5,4,7,7,7,4,1,1,C9,Z10A45,10A,9C,12/12/2000,NA,1/14/2016,15.09863014
7623,C0946,9,C,9C,Muslim,Friends,Friend1,1,22,F,46,5,5,7,3,6,7,6,7,6,6,6,3,NA,MUSLIM,2,2,2,2,1,1,1,1,3,1,1,2,2,1,4,4,4,3,1,1,2,2,2,1,3,2,M,Hindu,4,2,3,1,2,1,2,1,4,3,2,4,3,3,1,1,1,1,1,2,1,5,3,6,4,6,5,0,0,C9,Z10A46,10A,9C,11/18/2001,NA,1/14/2016,14.16438356
7630,C0947,9,C,9C,Muslim,Friends,Friend1,1,48,F,47,7,6,7,7,7,7,7,7,7,7,6,5,7,TAI,2,1,1,1,1,1,1,2,1,1,1,2,2,1,6,5,5,1,1,1,1,1,2,2,5,3,F,Hindu,2,2,3,1,2,1,4,2,4,3,3,4,4,3,1,1,1,3,2,4,3,1,1,5,6,7,5,1,0,C9,Z10A47,10A,9C,10/12/2001,NA,1/14/2016,14.26575342
7637,C0948,9,C,9C,Hindu,Friends,Friend1,1,47,F,48,6,5,6,7,7,5,6,6,6,5,5,1,8,NA,2,2,2,3,1,2,1,1,4,2,4,3,1,3,4,4,3,1,1,1,3,2,4,3,1,1,F,Muslim,1,1,1,1,1,1,1,1,1,2,1,6,5,5,1,1,1,1,1,2,2,5,3,6,7,7,7,1,0,C9,Z10A49,10A,9C,1/3/2002,NA,1/14/2016,14.03835616
7644,C0949,9,C,9C,Hindu,Friends,Friend1,1,6,F,49,6,4,4,7,7,7,7,7,7,7,7,7,1,NA,2,2,2,2,1,2,1,2,4,2,5,2,1,1,NA,5,5,1,1,1,1,1,1,1,3,2,M,Hindu,2,1,2,1,2,1,3,1,2,2,1,4,3,3,1,1,1,2,1,NA,1,5,NA,4,4,7,6,0,1,C9,Z10A50,10A,9C,6/5/2002,NA,1/14/2016,13.61917808
7651,C0950,9,C,9C,Hindu,Friends,Friend1,1,47,F,50,6,7,7,6,7,7,7,7,7,7,7,6,NA,MARATHA,2,1,1,1,1,1,1,4,4,1,1,1,1,1,4,4,4,1,1,1,1,1,2,1,5,2,F,Muslim,1,1,1,1,1,1,1,1,1,2,1,6,5,5,1,1,1,1,1,2,2,5,3,6,7,7,7,1,0,C9,Z10A51,10A,9C,3/4/2001,NA,1/14/2016,14.8739726
7658,C0952,9,C,9C,Hindu,Friends,Friend1,1,41,F,52,3,6,7,3,7,5,7,6,5,5,6,4,7,NA,2,1,3,2,1,2,1,1,3,1,3,2,1,1,4,4,4,1,1,1,2,2,2,1,2,2,M,Hindu,2,1,2,1,2,1,3,1,5,2,2,4,4,3,1,2,1,1,1,1,1,5,3,7,7,7,6,0,1,C9,Z10A53,10A,9C,3/7/2002,NA,1/14/2016,13.86575342
7665,C0953,9,C,9C,Muslim,Friends,Friend1,1,46,F,53,2,6,7,6,5,7,6,7,6,5,6,5,8,NA,2,1,2,2,1,1,1,1,4,1,1,1,2,1,4,3,4,1,1,2,2,1,3,3,2,2,F,Muslim,2,2,2,1,1,1,3,1,1,2,1,4,4,4,3,1,1,2,2,2,1,3,2,5,7,6,7,1,1,C9,Z10A54,10A,9C,4/12/2002,NA,1/14/2016,13.76712329
7672,C0954,9,C,9C,Hindu,Friends,Friend1,1,55,F,54,4,6,7,7,7,6,7,7,6,6,5,5,8,NA,2,1,1,1,1,1,1,4,4,1,5,3,1,1,4,3,3,1,1,1,1,1,1,1,3,3,F,NA,NA,NA,NA,NA,NA,NA,NA,NA,NA,NA,NA,NA,NA,NA,NA,NA,NA,NA,NA,NA,NA,NA,NA,NA,NA,NA,NA,1,NA,C9,Z10A55,10A,9C,11/21/2001,NA,1/14/2016,14.15616438
7677,C0956,9,C,9C,Hindu,Friends,Friend1,1,54,F,56,1,5,6,3,7,5,7,6,5,6,2,4,8,NA,2,1,1,1,1,1,1,1,4,1,5,2,1,2,4,4,4,1,1,1,1,1,2,1,3,3,F,Hindu,1,1,1,1,1,1,4,1,5,3,1,4,3,3,1,1,1,1,1,1,1,3,3,6,7,7,6,1,1,C9,Z10A57,10A,9C,2/3/2002,NA,1/14/2016,13.95342466
7679,C0957,9,C,9C,Hindu,Friends,Friend1,1,47,F,57,5,6,7,7,7,6,4,6,5,5,7,5,8,NA,2,1,1,2,1,1,1,1,3,2,2,3,1,1,4,4,4,1,2,2,2,1,1,1,1,2,F,Muslim,1,1,1,1,1,1,1,1,1,2,1,6,5,5,1,1,1,1,1,2,2,5,3,6,7,7,7,1,0,C9,Z10A58,10A,9C,4/11/2001,NA,1/14/2016,14.76986301
7686,C0958,9,C,9C,Hindu,Friends,Friend1,1,47,F,58,5,3,6,6,7,4,6,4,4,5,5,6,8,NA,2,2,1,2,1,2,1,1,4,1,3,2,1,2,4,3,3,1,1,3,2,1,3,1,3,3,F,Muslim,1,1,1,1,1,1,1,1,1,2,1,6,5,5,1,1,1,1,1,2,2,5,3,6,7,7,7,1,0,C9,NA,NA,9C,NA,NA,1/14/2016,NA
7693,C0961,9,C,9C,Muslim,Friends,Friend1,1,46,F,61,5,6,6,5,6,7,6,5,6,4,4,3,8,NA,2,1,1,2,2,1,1,2,4,1,1,2,2,1,4,4,1,1,1,1,3,3,2,1,2,4,F,Muslim,2,2,2,1,1,1,3,1,1,2,1,4,4,4,3,1,1,2,2,2,1,3,2,5,7,6,7,1,1,C9,Z10A61,10A,9C,5/9/2001,NA,1/14/2016,14.69315068
7700,C0962,9,C,9C,Muslim,Friends,Friend1,1,47,F,62,4,6,7,5,6,7,6,5,6,5,6,4,8,NA,2,1,1,2,1,2,1,2,3,1,1,5,2,1,6,NA,7,1,1,1,2,1,3,2,4,3,F,Muslim,1,1,1,1,1,1,1,1,1,2,1,6,5,5,1,1,1,1,1,2,2,5,3,6,7,7,7,1,1,C9,Z10A62,10A,9C,5/23/2002,NA,1/14/2016,13.65479452
7707,C0963,9,C,9C,Muslim,Friends,Friend1,1,47,F,63,4,2,7,3,4,7,6,4,3,3,4,5,8,NA,2,2,1,3,1,1,1,2,4,1,1,5,2,1,4,1,2,2,1,3,3,1,3,3,4,2,F,Muslim,1,1,1,1,1,1,1,1,1,2,1,6,5,5,1,1,1,1,1,2,2,5,3,6,7,7,7,1,1,C9,Z10B57,10B,9C,8/3/2001,NA,1/14/2016,14.45753425
7714,C0964,9,C,9C,Muslim,Friends,Friend1,1,32,F,64,5,6,7,5,6,7,7,6,6,7,5,4,7,Don't Know,2,1,1,1,1,1,1,2,1,1,1,5,2,1,4,4,4,1,1,1,1,1,5,1,5,5,M,Muslim,1,3,3,1,1,2,1,2,1,2,1,4,4,7,1,1,1,2,1,3,1,4,1,NA,5,4,7,0,1,C9,NA,NA,9C,NA,NA,1/14/2016,NA
7721,C0965,9,C,9C,Muslim,Friends,Friend1,1,47,F,65,6,7,7,6,7,7,7,7,7,7,7,6,NA,MUSLIM,2,1,1,1,1,1,1,3,4,1,1,2,2,1,4,4,4,1,1,1,1,1,2,1,4,3,F,Muslim,1,1,1,1,1,1,1,1,1,2,1,6,5,5,1,1,1,1,1,2,2,5,3,6,7,7,7,1,1,C9,Z10A64,10A,9C,9/25/2001,NA,1/14/2016,14.31232877
7728,C0967,9,C,9C,Muslim,Friends,Friend1,1,18,F,67,6,6,6,4,6,6,6,4,6,6,6,4,8,NA,2,1,1,1,2,1,1,NA,4,1,1,1,2,1,6,6,6,3,1,1,1,1,1,1,5,3,M,Muslim,1,1,1,1,1,1,4,1,1,1,1,4,2,5,1,1,2,1,1,1,1,5,3,7,7,6,7,0,1,C9,NA,NA,9C,NA,NA,1/14/2016,NA
7735,A1002,10,A,10A,Hindu,Friends,Friend1,1,3,M,2,5,4,6,6,7,6,6,6,5,5,5,4,2,NA,1,1,2,2,1,3,2,1,3,1,4,2,1,2,4,3,3,2,1,1,2,1,2,1,5,2,M,other,1,3,1,1,1,2,3,1,1,3,2,4,2,2,5,1,1,2,4,2,3,1,1,5,4,5,3,1,0,A10,NA,NA,10A,NA,8/19/2000,1/14/2016,15.41369863
7742,A1003,10,A,10A,other,Friends,Friend1,1,6,M,3,5,5,4,6,5,3,5,5,5,4,6,4,6,NA,1,1,3,1,1,1,2,4,3,1,1,3,3,2,4,2,2,5,1,1,2,4,2,3,1,1,M,Muslim,2,1,2,2,1,2,3,2,2,2,2,4,4,4,3,1,1,1,1,1,1,4,2,7,6,6,7,1,0,A10,NA,NA,10A,NA,7/3/2000,1/14/2016,15.54246575
7749,A1004,10,A,10A,Muslim,Friends,Friend1,1,2,M,4,6,7,5,6,6,6,7,7,6,5,6,5,8,NA,1,1,1,2,1,1,1,1,3,1,1,2,2,2,3,2,2,1,1,1,1,1,1,1,5,3,M,Hindu,1,2,2,1,3,2,3,1,4,2,2,4,3,3,2,1,1,2,1,2,1,5,2,4,6,7,6,1,0,A10,NA,NA,10A,NA,5/7/2001,1/14/2016,14.69863014
7756,A1006,10,A,10A,Muslim,Friends,Friend1,1,3,M,6,4,7,6,4,6,7,6,7,5,5,6,4,7,ALAVI VOHRA,1,2,1,2,2,1,2,1,3,2,2,2,2,2,4,4,4,3,1,1,1,1,1,1,4,2,M,other,1,3,1,1,1,2,3,1,1,3,2,4,2,2,5,1,1,2,4,2,3,1,1,5,4,5,3,1,0,A10,NA,NA,10A,NA,5/28/2001,1/14/2016,14.64109589
7763,A1008,10,A,10A,Hindu,Friends,Friend1,1,9,M,8,6,6,5,6,7,6,6,7,6,6,5,6,8,NA,1,2,1,2,1,1,1,2,1,2,4,2,1,2,4,5,5,1,1,1,2,1,1,1,5,2,M,NA,NA,NA,NA,NA,NA,NA,NA,NA,NA,NA,NA,NA,NA,NA,NA,NA,NA,NA,NA,NA,NA,NA,NA,NA,NA,NA,NA,1,NA,A10,NA,NA,10A,NA,1/16/2001,1/14/2016,15.00273973
7770,A1010,10,A,10A,Muslim,Friends,Friend1,1,2,M,10,4,6,6,4,7,6,6,4,6,6,6,5,8,NA,1,1,1,2,2,1,1,2,3,1,2,2,2,2,3,2,2,1,1,3,1,1,1,1,5,2,M,Hindu,1,2,2,1,3,2,3,1,4,2,2,4,3,3,2,1,1,2,1,2,1,5,2,4,6,7,6,1,0,A10,NA,NA,10A,NA,9/13/2000,1/14/2016,15.34520548
7777,A1011,10,A,10A,Hindu,Friends,Friend1,1,8,M,11,6,6,6,6,6,6,5,5,5,4,4,5,8,NA,1,3,1,3,3,1,2,1,3,1,3,1,1,2,3,4,4,1,1,1,2,1,2,1,4,3,M,Hindu,2,1,2,1,1,1,1,2,4,2,2,4,5,5,1,1,1,2,1,1,1,5,2,6,5,7,6,1,1,A10,NA,NA,10A,NA,7/9/2000,1/14/2016,15.5260274
7784,A1013,10,A,10A,Hindu,Friends,Friend1,1,2,M,13,4,6,5,5,4,4,4,6,4,5,5,5,8,NA,1,4,4,2,1,3,1,2,4,1,5,4,1,2,3,3,3,3,3,2,3,2,2,1,2,3,M,Hindu,1,2,2,1,3,2,3,1,4,2,2,4,3,3,2,1,1,2,1,2,1,5,2,4,6,7,6,1,1,A10,NA,NA,10A,NA,9/7/2000,1/14/2016,15.36164384
7791,A1014,10,A,10A,Muslim,Friends,Friend1,1,3,M,14,4,6,4,6,6,6,6,6,6,6,6,6,8,NA,1,1,1,2,1,1,1,2,2,2,1,2,2,2,4,4,4,2,1,1,1,1,2,1,5,5,M,other,1,3,1,1,1,2,3,1,1,3,2,4,2,2,5,1,1,2,4,2,3,1,1,5,4,5,3,1,0,A10,NA,NA,10A,NA,4/28/2000,1/14/2016,15.72328767
7798,A1015,10,A,10A,Muslim,Friends,Friend1,1,3,M,15,4,4,5,5,4,4,5,6,4,6,5,5,NA,DAWOODI VOHRA,1,3,1,2,2,3,1,1,3,1,2,2,2,2,4,3,3,1,1,1,1,1,3,1,5,3,M,other,1,3,1,1,1,2,3,1,1,3,2,4,2,2,5,1,1,2,4,2,3,1,1,5,4,5,3,1,0,A10,NA,NA,10A,NA,11/9/2000,1/14/2016,15.1890411
7805,A1016,10,A,10A,Muslim,Friends,Friend1,1,3,M,16,3,4,4,4,5,6,4,6,4,5,4,3,7,ALAVI VOHRA,1,1,1,3,2,1,2,1,4,1,2,3,2,2,5,3,3,4,1,2,3,3,1,2,3,2,M,other,1,3,1,1,1,2,3,1,1,3,2,4,2,2,5,1,1,2,4,2,3,1,1,5,4,5,3,1,0,A10,NA,NA,10A,NA,9/10/2000,1/14/2016,15.35342466
7812,A1017,10,A,10A,Hindu,Friends,Friend1,1,5,M,17,5,7,7,6,7,6,7,7,7,6,6,6,2,NA,1,3,1,2,1,2,1,1,1,2,4,2,1,2,3,4,4,1,1,1,1,1,1,1,5,4,M,NA,NA,NA,NA,NA,NA,NA,NA,NA,NA,NA,NA,NA,NA,NA,NA,NA,NA,NA,NA,NA,NA,NA,NA,NA,NA,NA,NA,1,NA,A10,NA,NA,10A,NA,8/21/2000,1/14/2016,15.40821918
7819,A1018,10,A,10A,Hindu,Friends,Friend1,1,5,M,18,6,7,7,6,7,6,5,6,5,6,6,6,7,RAJPUT,1,2,2,2,1,2,1,1,2,1,2,1,1,2,4,5,5,1,1,1,1,1,1,1,5,2,M,NA,NA,NA,NA,NA,NA,NA,NA,NA,NA,NA,NA,NA,NA,NA,NA,NA,NA,NA,NA,NA,NA,NA,NA,NA,NA,NA,NA,1,NA,A10,NA,NA,10A,NA,5/23/2000,1/14/2016,15.65479452
7826,A1019,10,A,10A,Muslim,Friends,Friend1,1,3,M,19,6,6,4,6,6,7,6,6,6,6,6,6,8,NA,1,1,1,2,1,1,1,2,2,1,1,1,2,2,4,4,4,2,1,1,2,1,1,1,5,3,M,other,1,3,1,1,1,2,3,1,1,3,2,4,2,2,5,1,1,2,4,2,3,1,1,5,4,5,3,1,0,A10,NA,NA,10A,NA,1/9/2001,1/14/2016,15.02191781
7833,A1020,10,A,10A,Hindu,Friends,Friend1,1,8,M,20,4,4,4,4,4,4,4,4,4,4,4,4,7,VAISHNAV,1,3,2,3,1,3,2,1,3,2,4,2,1,2,4,3,3,1,1,1,2,1,1,1,5,4,M,Hindu,2,1,2,1,1,1,1,2,4,2,2,4,5,5,1,1,1,2,1,1,1,5,2,6,5,7,6,1,1,A10,NA,NA,10A,NA,1/27/2001,1/14/2016,14.97260274
7840,A1021,10,A,10A,Muslim,Friends,Friend1,1,3,M,21,4,6,6,6,4,7,7,6,4,6,4,5,7,ALAVI VOHRA,1,2,1,2,1,2,1,1,3,2,3,2,2,2,4,4,4,2,1,1,1,1,1,3,2,2,M,other,1,3,1,1,1,2,3,1,1,3,2,4,2,2,5,1,1,2,4,2,3,1,1,5,4,5,3,1,0,A10,NA,NA,10A,NA,3/30/2001,1/14/2016,14.80273973
7847,A1022,10,A,10A,Hindu,Friends,Friend1,1,27,F,22,6,6,7,7,6,6,6,7,6,6,5,7,7,RAJASTHANI,2,5,2,3,1,4,1,2,3,1,2,2,1,2,7,3,2,1,1,1,1,1,1,1,5,3,F,Muslim,3,1,1,1,2,1,4,1,1,3,2,4,4,4,1,1,1,2,1,1,2,5,3,6,6,6,7,1,0,A10,NA,NA,10A,NA,4/8/2000,1/14/2016,15.77808219
7854,A1023,10,A,10A,Muslim,Friends,Friend1,1,27,F,23,1,4,7,7,4,7,7,7,6,6,4,4,NA,ALAVI VOHRA,2,1,2,1,1,1,1,1,4,1,1,3,2,1,4,4,4,1,1,1,1,1,1,1,3,3,F,Muslim,3,1,1,1,2,1,4,1,1,3,2,4,4,4,1,1,1,2,1,1,2,5,3,6,6,6,7,1,1,A10,NA,NA,10A,NA,NA,1/14/2016,NA
7861,A1024,10,A,10A,Muslim,Friends,Friend1,1,25,F,24,4,5,7,5,6,6,7,6,6,7,6,4,7,DAWOODI VOHRA,2,1,1,1,1,1,1,1,3,1,2,3,2,1,4,3,3,1,1,1,2,1,2,1,2,1,F,Muslim,2,2,1,1,2,1,3,1,2,3,2,4,3,3,2,1,1,1,1,1,2,3,1,6,5,6,6,1,1,A10,NA,NA,10A,NA,8/9/2000,1/14/2016,15.44109589
7868,A1025,10,A,10A,Muslim,Friends,Friend1,1,22,F,25,4,6,5,6,6,6,6,6,6,5,6,4,7,DAWOODI VOHRA,2,2,2,1,1,2,1,1,3,1,2,3,2,2,4,3,3,2,1,1,1,1,1,2,3,1,F,Hindu,5,2,3,1,4,1,3,1,2,2,2,7,3,2,1,1,1,1,1,1,1,5,3,6,7,6,6,1,0,A10,NA,NA,10A,NA,12/16/2000,1/14/2016,15.08767123
7875,A1026,10,A,10A,Muslim,Friends,Friend1,1,27,F,26,3,3,6,5,5,7,6,6,5,6,4,4,8,ALVI VOHRA,2,2,1,2,2,1,2,1,3,1,1,2,2,1,4,3,3,2,1,1,2,1,1,2,3,2,F,Muslim,3,1,1,1,2,1,4,1,1,3,2,4,4,4,1,1,1,2,1,1,2,5,3,6,6,6,7,1,1,A10,NA,NA,10A,NA,8/23/2000,1/14/2016,15.40273973
7882,A1027,10,A,10A,Muslim,Friends,Friend1,1,23,F,27,4,6,6,7,6,7,7,6,7,7,6,6,8,NA,2,3,1,1,1,2,1,1,4,1,1,3,2,2,4,4,4,1,1,1,2,1,1,2,5,3,F,Muslim,1,2,1,1,1,1,4,1,1,3,1,4,4,4,1,1,1,1,1,1,1,3,3,4,7,4,7,1,1,A10,NA,NA,10A,NA,12/16/2000,1/14/2016,15.08767123
7889,A1028,10,A,10A,Muslim,Friends,Friend1,1,26,F,28,6,5,7,7,7,7,7,7,7,6,6,6,NA,AALVI BOHRA,2,1,1,1,1,1,2,1,3,1,1,3,2,2,4,3,3,2,2,1,1,2,1,2,5,3,F,Muslim,2,1,2,2,1,2,3,1,1,2,1,4,3,3,2,1,1,2,1,1,2,3,2,3,6,5,7,1,1,A10,NA,NA,10A,NA,7/17/2001,1/14/2016,14.50410959
7896,A1029,10,A,10A,Muslim,Friends,Friend1,1,23,F,29,4,6,6,4,5,7,6,6,5,4,6,4,NA,ALVI VOHRA,2,1,2,3,1,2,1,1,4,1,1,3,2,2,4,4,4,1,1,2,1,1,1,1,5,3,F,Muslim,1,2,1,1,1,1,4,1,1,3,1,4,4,4,1,1,1,1,1,1,1,3,3,4,7,4,7,1,1,A10,NA,NA,10A,NA,6/29/2001,1/14/2016,14.55342466
7903,A1031,10,A,10A,Muslim,Friends,Friend1,1,26,F,31,5,6,7,6,6,6,5,4,6,4,4,4,8,NA,2,2,2,4,1,1,2,2,4,1,1,5,2,2,5,4,4,1,1,1,1,1,2,1,5,3,F,Muslim,2,1,2,2,1,2,3,1,1,2,1,4,3,3,2,1,1,2,1,1,2,3,2,3,6,5,7,1,1,A10,NA,NA,10A,NA,4/25/2000,1/14/2016,15.73150685
7910,A1032,10,A,10A,Hindu,Friends,Friend1,1,22,F,32,5,5,6,5,6,6,6,7,6,6,6,5,1,NA,2,5,3,2,1,2,1,1,3,2,5,3,1,3,4,3,3,2,1,1,1,1,2,1,2,2,F,Hindu,5,2,3,1,4,1,3,1,2,2,2,7,3,2,1,1,1,1,1,1,1,5,3,6,7,6,6,1,1,A10,NA,NA,10A,NA,3/12/2001,1/14/2016,14.85205479
7918,A1033,10,A,10A,Muslim,Friends,Friend1,1,22,F,33,6,6,7,6,7,7,7,6,7,6,6,6,7,GHACHI,2,1,1,1,2,1,1,NA,1,1,1,1,2,2,4,4,4,1,1,1,1,1,3,2,4,5,F,Hindu,5,2,3,1,4,1,3,1,2,2,2,7,3,2,1,1,1,1,1,1,1,5,3,6,7,6,6,1,0,A10,NA,NA,10A,NA,7/2/2001,1/14/2016,14.54520548
7925,A1034,10,A,10A,Muslim,Friends,Friend1,1,29,F,34,7,5,6,7,4,7,7,6,6,6,5,3,7,MUSLIM/SULAIMANI,2,1,1,1,2,1,3,NA,3,1,3,2,2,2,2,2,3,3,1,1,2,1,2,1,4,3,F,Muslim,1,2,3,1,2,1,4,1,1,3,2,4,4,4,1,1,2,1,1,1,1,5,3,6,6,5,7,1,1,A10,NA,NA,10A,NA,1/18/2001,1/14/2016,14.99726027
7932,A1037,10,A,10A,Hindu,Friends,Friend1,1,7,F,37,4,6,6,6,6,6,6,6,6,7,5,5,7,HINDU (SONI),2,2,1,2,1,2,1,4,3,1,2,3,1,2,4,5,5,1,1,1,2,1,1,2,3,2,M,NA,NA,NA,NA,NA,NA,NA,NA,NA,NA,NA,NA,NA,NA,NA,NA,NA,NA,NA,NA,NA,NA,NA,NA,NA,NA,NA,NA,0,NA,A10,NA,NA,10A,NA,1/13/2001,1/14/2016,15.0109589
7939,A1038,10,A,10A,Hindu,Friends,Friend1,1,31,F,38,4,4,4,4,7,7,6,4,6,4,6,6,8,NA,2,1,1,1,1,1,1,4,2,1,4,3,1,3,3,3,3,2,1,1,2,1,1,2,2,3,F,Muslim,2,2,4,1,1,2,4,1,1,5,2,5,4,4,1,1,1,1,1,2,1,5,3,6,7,6,6,1,0,A10,NA,NA,10A,NA,4/4/2000,1/14/2016,15.7890411
7946,A1039,10,A,10A,Muslim,Friends,Friend1,1,24,F,39,4,4,4,4,4,6,6,6,6,6,4,4,6,NA,2,3,1,2,2,1,1,3,4,1,3,5,2,2,4,4,4,1,1,1,2,1,1,1,5,3,F,Muslim,1,1,1,1,1,1,3,1,2,3,1,4,3,3,1,1,1,2,1,2,1,2,1,5,7,6,6,1,1,A10,NA,NA,10A,NA,8/5/2000,1/14/2016,15.45205479
7953,A1042,10,A,10A,Hindu,Friends,Friend1,1,25,F,42,4,4,6,7,7,6,6,6,5,5,4,5,2,NA,2,3,2,3,1,2,1,1,2,1,4,3,1,2,4,3,2,2,1,2,2,2,1,1,4,1,F,Muslim,2,2,1,1,2,1,3,1,2,3,2,4,3,3,2,1,1,1,1,1,2,3,1,6,5,6,6,1,0,A10,NA,NA,10A,NA,8/14/2000,1/14/2016,15.42739726
7960,A1043,10,A,10A,Hindu,Friends,Friend1,1,27,F,43,5,5,7,6,6,6,6,7,6,6,6,6,1,NA,2,2,1,2,1,1,1,4,3,1,2,3,1,2,4,4,4,2,1,1,2,1,1,2,3,2,F,Muslim,3,1,1,1,2,1,4,1,1,3,2,4,4,4,1,1,1,2,1,1,2,5,3,6,6,6,7,1,0,A10,NA,NA,10A,NA,8/15/2000,1/14/2016,15.42465753
7967,A1044,10,A,10A,Hindu,Friends,Friend1,1,22,F,44,1,5,7,6,6,5,6,7,5,5,5,3,7,MAHARASHTRIAN,2,1,1,1,2,1,2,1,3,1,4,2,1,2,7,4,2,1,1,1,2,1,1,1,5,3,F,Hindu,5,2,3,1,4,1,3,1,2,2,2,7,3,2,1,1,1,1,1,1,1,5,3,6,7,6,6,1,1,A10,NA,NA,10A,NA,7/5/2000,1/14/2016,15.5369863
7974,A1045,10,A,10A,Muslim,Friends,Friend1,1,12,F,45,5,6,7,6,6,6,6,7,6,6,5,5,7,ALAVI VOHRA,2,1,1,1,1,1,2,1,3,1,2,3,2,2,4,3,3,1,1,1,2,1,1,2,5,3,M,NA,NA,NA,NA,NA,NA,NA,NA,NA,NA,NA,NA,NA,NA,NA,NA,NA,NA,NA,NA,NA,NA,NA,NA,NA,NA,NA,NA,0,NA,A10,NA,NA,10A,NA,1/28/2001,1/14/2016,14.96986301
7981,A1046,10,A,10A,Hindu,Friends,Friend1,1,22,F,46,6,6,7,6,7,6,7,6,6,6,7,6,NA,SINDHI,2,2,1,2,1,2,1,4,2,1,4,2,1,1,4,3,2,1,1,1,1,1,1,1,5,3,F,Hindu,5,2,3,1,4,1,3,1,2,2,2,7,3,2,1,1,1,1,1,1,1,5,3,6,7,6,6,1,1,A10,NA,NA,10A,NA,5/6/2000,1/14/2016,15.70136986
7988,A1047,10,A,10A,Muslim,Friends,Friend1,1,22,F,47,5,4,6,7,7,7,5,6,6,7,6,5,6,NA,2,2,3,4,1,1,1,2,4,4,4,NA,2,2,5,2,2,2,1,1,2,1,1,1,5,3,F,Hindu,5,2,3,1,4,1,3,1,2,2,2,7,3,2,1,1,1,1,1,1,1,5,3,6,7,6,6,1,0,A10,NA,NA,10A,NA,4/14/2000,1/14/2016,15.76164384
7995,A1048,10,A,10A,Hindu,Friends,Friend1,1,5,F,48,6,5,6,6,6,5,7,6,6,5,5,4,8,VAISHNAV,2,1,2,2,1,1,2,2,3,1,5,2,1,2,4,2,2,2,1,1,1,2,1,2,5,2,M,NA,NA,NA,NA,NA,NA,NA,NA,NA,NA,NA,NA,NA,NA,NA,NA,NA,NA,NA,NA,NA,NA,NA,NA,NA,NA,NA,NA,0,NA,A10,NA,NA,10A,NA,10/4/2000,1/14/2016,15.28767123
8002,A1049,10,A,10A,Muslim,Friends,Friend1,1,32,F,49,4,4,3,4,4,6,6,6,5,NA,4,4,NA,SUNNI MUSHIM,2,1,1,2,2,1,2,2,3,1,2,5,2,2,4,3,3,2,1,1,3,1,5,3,1,2,F,Hindu,5,3,2,1,2,1,3,2,5,3,3,4,3,3,2,1,1,1,1,2,1,2,2,5,6,6,6,1,0,A10,NA,NA,10A,NA,6/11/2000,1/14/2016,15.60273973
8006,A1050,10,A,10A,Hindu,Friends,Friend1,1,22,F,50,4,1,6,6,7,4,7,7,4,6,3,5,7,BHUMIHAR (BETWEEN BRAHMINS & KSHATRIYAS),2,1,2,1,1,1,1,4,3,1,1,1,1,1,6,4,4,5,1,1,2,4,2,2,1,1,F,Hindu,5,2,3,1,4,1,3,1,2,2,2,7,3,2,1,1,1,1,1,1,1,5,3,6,7,6,6,1,1,A10,NA,NA,10A,NA,1/23/2001,1/14/2016,14.98356164
8013,A1051,10,A,10A,Muslim,Friends,Friend1,1,17,F,51,4,4,4,6,5,6,4,6,5,5,3,4,8,ALAVI BOHRA,2,2,3,4,1,1,2,1,3,1,1,4,2,2,3,3,2,1,1,2,1,3,2,2,5,2,M,Hindu,3,1,2,1,2,1,1,2,4,2,2,3,4,4,1,1,1,1,1,1,1,5,4,7,7,7,6,0,0,A10,NA,NA,10A,NA,3/11/2001,1/14/2016,14.85479452
8020,A1053,10,A,10A,Muslim,Friends,Friend1,1,6,F,53,4,6,6,6,6,7,6,6,5,5,6,4,NA,"ALVI VOHRA, MUSLIM",2,1,1,2,1,1,2,1,3,1,1,2,2,2,4,4,4,2,1,1,2,1,1,2,4,3,M,Muslim,2,1,2,2,1,2,3,2,2,2,2,4,4,4,3,1,1,1,1,1,1,4,2,7,6,6,7,0,1,A10,NA,NA,10A,NA,6/27/2001,1/14/2016,14.55890411
8027,A1054,10,A,10A,Muslim,Friends,Friend1,1,25,F,54,4,4,5,3,4,6,5,4,5,4,4,3,NA,MEHDAYI MUSLIM,2,1,1,2,1,1,2,2,3,1,2,5,2,2,4,3,3,2,1,1,3,1,2,1,5,1,F,Muslim,2,2,1,1,2,1,3,1,2,3,2,4,3,3,2,1,1,1,1,1,2,3,1,6,5,6,6,1,1,A10,NA,NA,10A,NA,8/19/2000,1/14/2016,15.41369863
8034,A1055,10,A,10A,Muslim,Friends,Friend1,1,25,F,55,6,6,7,6,6,7,7,7,7,6,6,5,7,MEMON,2,2,1,2,1,2,2,4,2,1,2,2,2,2,4,4,4,2,1,1,2,2,1,2,5,2,F,Muslim,2,2,1,1,2,1,3,1,2,3,2,4,3,3,2,1,1,1,1,1,2,3,1,6,5,6,6,1,1,A10,NA,NA,10A,NA,5/20/2001,1/14/2016,14.6630137
8041,A1056,10,A,10A,Muslim,Friends,Friend1,1,6,F,56,4,5,6,5,6,7,6,5,5,5,6,4,NA,"ALVI VOHRA, MUSLIM.",2,1,1,2,2,1,2,1,3,1,2,3,2,2,4,4,4,2,1,1,2,1,1,1,4,3,M,Muslim,2,1,2,2,1,2,3,2,2,2,2,4,4,4,3,1,1,1,1,1,1,4,2,7,6,6,7,0,1,A10,NA,NA,10A,NA,11/28/2000,1/14/2016,15.1369863
8048,A1057,10,A,10A,Hindu,Friends,Friend1,1,28,F,57,5,6,7,7,7,7,7,7,7,6,6,6,NA,SINDHI,2,1,1,1,1,1,2,2,4,1,5,3,1,3,4,3,3,2,2,1,1,2,1,2,5,3,F,Muslim,1,1,1,1,1,2,3,1,1,3,2,4,3,3,2,2,1,1,2,1,2,5,3,5,7,7,7,1,0,A10,NA,NA,10A,NA,3/21/2001,1/14/2016,14.82739726
8055,A1058,10,A,10A,Hindu,Friends,Friend1,1,5,F,58,6,5,5,6,6,5,7,7,5,5,6,4,1,NA,2,1,1,1,2,1,1,4,2,1,5,1,1,2,4,4,3,2,2,2,3,2,2,1,3,2,M,NA,NA,NA,NA,NA,NA,NA,NA,NA,NA,NA,NA,NA,NA,NA,NA,NA,NA,NA,NA,NA,NA,NA,NA,NA,NA,NA,NA,0,NA,A10,NA,NA,10A,NA,3/23/2001,1/14/2016,14.82191781
